No,card,credit1,credit2,work,age,sex,90days,14days,CP
1,B,800000,800000,2,65,0,42428,27819,1
2,B,800000,800000,8,77,0,14931,65592,1
3,B,800000,300000,4,55,1,20000,12663,1
4,B,700000,700000,2,55,1,50734,16092,1
5,B,1000000,1000000,3,56,0,,180000,1
6,B,800000,800000,2,50,0,0,55208,1
7,B,700000,700000,2,52,1,,81675,1
8,B,800000,300000,4,57,1,13543,3969,1
9,R,800000,800000,2,51,1,1934,53460,1
10,B,1300000,1300000,2,49,1,97663,6304,1
11,B,800000,500000,4,78,1,5000,5157,1
12,B,1300000,800000,2,74,0,15153,9990,1
13,B,700000,700000,2,66,0,3107,3582,1
14,B,800000,800000,4,52,1,19646,26820,1
15,B,600000,300000,8,81,0,2114,399,1
16,B,800000,800000,8,80,0,3123,4131,1
17,B,700000,700000,8,80,1,28168,12427,1
18,B,1300000,1300000,2,56,0,0,7133,1
19,B,1500000,1500000,10,65,1,38372,836,1
20,B,700000,700000,1,53,1,0,10128,1
21,A,700000,700000,1,83,1,10991,1475,1
22,B,800000,500000,4,76,1,28853,2694,1
23,B,500000,500000,2,56,1,1081,8264,1
24,B,1300000,300000,4,67,1,366266,39798,1
25,B,500000,500000,4,62,1,19734,12540,1
26,B,800000,800000,4,78,1,7315,24535,1
27,B,700000,700000,3,47,1,21943,10136,1
28,B,1300000,1300000,3,67,0,0,2655,1
29,B,800000,800000,8,70,0,9000,6174,1
30,B,700000,700000,7,80,0,11037,24147,1
31,B,800000,800000,2,51,1,0,50004,1
32,B,800000,300000,4,68,1,39783,22838,1
33,B,700000,200000,7,49,1,130570,42174,1
34,B,900000,300000,7,53,1,354838,20295,1
35,R,1300000,1300000,2,57,1,314553,12942,1
36,B,800000,800000,2,53,1,11343,7344,1
37,B,800000,300000,8,80,1,1930,5392,1
38,R,600000,600000,5,48,0,,148005,1
39,B,500000,300000,7,55,1,15794,24741,1
40,B,1300000,1300000,4,49,1,86973,31997,1
41,B,1000000,500000,8,83,1,12893,37754,1
42,B,800000,300000,8,68,1,28952,12141,1
43,B,700000,500000,2,53,1,8440,4644,1
44,B,1200000,1200000,2,46,1,96003,79250,1
45,B,800000,300000,7,49,1,31238,2931,1
46,B,600000,300000,7,70,0,3557,10912,1
47,B,700000,300000,4,60,1,3797,16335,1
48,B,1300000,1300000,4,56,1,60302,5183,1
49,B,800000,800000,2,55,1,4902,6831,1
50,B,800000,800000,5,66,1,4400,17159,1
51,B,600000,300000,7,48,1,50000,14868,1
52,B,1000000,1000000,2,49,1,1786,22039,1
53,B,800000,800000,2,55,1,13262,48741,1
54,B,700000,700000,8,89,1,0,2933,1
55,B,800000,300000,8,75,1,3157,6688,1
56,B,600000,300000,4,59,1,8066,59886,1
57,B,800000,300000,7,52,1,0,157410,1
58,B,200000,200000,8,87,1,11821,17425,1
59,B,800000,500000,4,74,1,38955,42207,1
60,B,500000,300000,7,58,1,3658,8804,1
61,A,1100000,800000,2,63,1,276674,14110,1
62,B,800000,800000,2,48,1,8772,50607,1
63,A,800000,800000,4,64,1,63161,4494,1
64,B,800000,800000,4,71,1,0,7616,1
65,B,800000,300000,7,73,1,0,29295,1
66,A,1300000,1300000,4,51,1,6928,44150,1
67,B,800000,800000,3,67,1,44062,10505,1
68,B,1200000,1200000,2,53,1,204478,36720,1
69,B,500000,500000,2,52,1,6270,10980,1
70,B,800000,500000,4,72,1,200,105862,1
71,B,800000,300000,7,66,1,19240,13559,1
72,B,500000,500000,2,66,1,15675,111625,1
73,B,800000,800000,8,78,0,,15237,1
74,B,800000,500000,8,74,1,2310,14481,1
75,B,1200000,300000,7,53,1,148763,2394,1
76,B,800000,300000,4,52,1,30941,17266,1
77,B,1300000,800000,2,68,1,43668,20511,1
78,B,1000000,1000000,7,61,1,8981,26343,1
79,B,600000,600000,8,67,1,24175,5292,1
80,B,1000000,300000,7,61,1,101387,67084,1
81,B,800000,800000,2,49,1,0,17820,1
82,B,1100000,600000,2,65,1,36072,150480,1
83,A,1000000,300000,7,49,1,12632,11484,1
84,B,800000,800000,4,54,1,7649,34173,1
85,B,1000000,700000,7,51,1,19015,1062,1
86,B,800000,800000,2,49,0,6584,14988,1
87,B,800000,300000,8,66,1,,9000,1
88,R,1100000,1100000,2,49,1,312891,69498,1
89,B,800000,800000,5,54,1,39805,111078,1
90,B,1300000,1300000,2,51,1,4097,56678,1
91,B,800000,800000,12,53,1,289471,6569,1
92,B,800000,800000,2,49,0,52000,30027,1
93,B,1100000,300000,7,44,1,44052,10818,1
94,B,1200000,1200000,2,43,1,33479,72270,1
95,B,1000000,300000,7,52,1,373612,16720,1
96,B,1300000,1300000,4,67,1,40396,41643,1
97,B,1300000,300000,7,46,1,26101,77319,1
98,B,800000,800000,2,53,1,,138880,1
99,B,800000,200000,4,55,1,13562,10121,1
100,B,1000000,700000,8,84,1,37008,6324,1
101,A,800000,800000,2,58,1,20627,48398,1
102,B,1300000,1300000,12,72,1,3112,710,1
103,B,800000,300000,4,53,1,0,24453,1
104,B,800000,300000,5,53,1,26804,15108,1
105,B,1300000,1300000,2,51,1,23826,51768,1
106,B,800000,800000,5,76,1,11064,11877,1
107,B,800000,300000,7,70,1,17148,6570,1
108,B,800000,300000,4,48,1,289030,9599,1
109,B,1000000,1000000,5,51,1,44156,61058,1
110,B,700000,300000,7,44,1,10609,25230,1
111,B,1300000,1300000,2,45,1,0,105930,1
112,B,800000,800000,2,49,1,0,6975,1
113,B,700000,700000,2,51,1,0,18036,1
114,B,1000000,1000000,2,46,1,81797,44812,1
115,B,800000,300000,7,51,1,,40950,1
116,B,500000,300000,7,51,1,0,39240,1
117,B,600000,600000,2,48,1,0,16884,1
118,A,800000,800000,2,54,1,0,112132,1
119,B,1300000,700000,2,61,1,217757,91109,1
120,B,1200000,1200000,2,53,0,116751,43650,1
121,B,800000,300000,7,51,1,8800,30332,1
122,B,800000,300000,8,71,1,29059,641,1
123,B,500000,500000,8,81,1,20669,52504,1
124,B,800000,300000,7,52,1,805,10854,1
125,B,500000,500000,8,89,1,67737,17559,1
126,B,800000,300000,8,74,1,7106,875,1
127,B,600000,400000,8,68,0,96010,5452,1
128,B,1000000,1000000,3,53,0,5615,15687,1
129,B,800000,800000,2,54,0,61361,12845,1
130,B,700000,300000,7,45,1,31016,12814,1
131,B,1200000,1200000,4,46,1,11505,52645,1
132,B,800000,800000,2,62,1,10941,3555,1
133,B,800000,300000,2,57,1,4484,6041,1
134,B,500000,500000,8,87,1,0,95,1
135,B,800000,800000,4,56,1,108169,28351,1
136,B,1100000,300000,7,51,1,48318,1750,1
137,B,1200000,1200000,2,53,1,131255,180000,1
138,B,1300000,500000,4,69,1,72687,8892,1
139,B,800000,800000,2,55,1,32997,37912,1
140,B,800000,800000,4,68,1,187029,38070,1
141,B,700000,700000,8,74,0,8113,6345,1
142,B,1000000,300000,4,57,1,147820,49749,1
143,B,800000,800000,7,54,1,20113,2001,1
144,B,1300000,1300000,2,60,0,0,8910,1
145,B,800000,800000,2,57,0,5947,5940,1
146,B,700000,700000,2,42,1,15489,8910,1
147,B,800000,800000,2,40,1,93624,2857,1
148,B,800000,800000,2,55,1,17459,28116,1
149,B,1200000,500000,2,64,1,545270,57795,1
150,B,1300000,1300000,2,48,0,52791,2614,1
151,B,800000,300000,4,42,1,13568,41250,1
152,B,1200000,300000,7,50,1,80794,31376,1
153,B,800000,800000,3,44,1,1996,51480,1
154,B,700000,700000,2,54,1,3970,31779,1
155,B,800000,800000,2,59,0,6101,22464,1
156,B,700000,700000,2,63,0,301086,8432,1
157,B,1000000,1000000,7,52,1,7106,7812,1
158,A,700000,700000,2,49,0,48300,69633,1
159,B,800000,800000,4,52,1,152,32047,1
160,B,800000,800000,1,67,0,6723,18497,1
161,B,800000,800000,2,51,1,,22458,1
162,B,800000,800000,2,50,1,63642,5129,1
163,B,500000,500000,2,47,1,6347,10890,1
164,B,1100000,1100000,2,62,1,26125,28710,1
165,B,1300000,1300000,2,52,1,6717,5445,1
166,B,800000,800000,2,49,1,,132660,1
167,B,1200000,1200000,4,46,1,28643,4693,1
168,B,800000,300000,7,55,1,17328,14445,1
169,B,1000000,300000,7,50,1,29734,8802,1
170,B,800000,800000,2,53,1,0,13455,1
171,B,800000,800000,4,54,1,295362,87025,1
172,B,700000,300000,12,48,1,63133,180000,1
173,B,1200000,1200000,8,92,0,25053,3027,1
174,B,800000,800000,1,64,1,0,0,1
175,B,500000,300000,4,61,1,14269,2464,1
176,A,700000,700000,2,46,1,0,27324,1
177,B,800000,300000,4,74,1,0,70290,1
178,B,800000,300000,7,47,1,14416,21105,1
179,B,1300000,1300000,2,58,1,16617,7388,1
180,B,800000,800000,2,53,0,3392,15702,1
181,B,1000000,1000000,2,58,1,47710,16920,1
182,B,1300000,1300000,2,59,0,2460,3439,1
183,B,800000,800000,2,47,0,11185,166705,1
184,B,700000,700000,2,49,1,7866,10395,1
185,B,1200000,1200000,4,51,1,198208,26127,1
186,B,1200000,1200000,8,69,1,74467,5158,1
187,B,1300000,300000,7,57,1,63668,11209,1
188,B,1000000,1000000,4,49,1,26560,23445,1
189,B,1300000,300000,7,46,1,213539,48446,1
190,B,800000,800000,2,52,1,0,52619,1
191,B,1200000,1000000,7,48,1,116577,22540,1
192,B,800000,800000,2,49,1,25241,5628,1
193,B,1200000,300000,5,41,1,79888,84021,1
194,B,1300000,1300000,10,50,1,12559,66007,1
195,B,800000,700000,4,62,1,9000,23850,1
196,B,1200000,1200000,2,43,1,51549,78356,1
197,B,800000,800000,4,65,1,4044,20459,1
198,B,800000,300000,4,49,1,48599,18702,1
199,B,1300000,1300000,2,46,1,513470,24608,1
200,B,1300000,1300000,1,50,1,132080,63569,1
201,B,800000,800000,7,54,1,,8010,1
202,B,800000,800000,2,47,1,4788,6039,1
203,B,1300000,300000,7,61,1,106760,12564,1
204,B,800000,800000,5,90,0,25597,10144,1
205,B,600000,600000,8,90,0,9311,16524,1
206,B,600000,600000,8,88,0,60314,1188,1
207,B,1300000,300000,4,73,1,63805,1530,1
208,B,1300000,800000,4,73,1,39770,10980,1
209,R,600000,300000,7,45,1,13756,89114,1
210,B,800000,800000,8,74,1,8556,22332,1
211,B,800000,300000,2,62,0,,2100,1
212,A,200000,200000,8,78,1,12267,14863,1
213,B,800000,800000,8,75,0,15791,32355,1
214,B,1300000,1100000,8,67,0,171875,2304,1
215,B,800000,800000,2,48,0,0,54054,1
216,B,800000,800000,2,48,1,0,17820,1
217,B,800000,800000,2,50,0,0,28116,1
218,B,1200000,1200000,4,44,1,30322,30483,1
219,B,1000000,1000000,2,59,0,0,48600,1
220,B,700000,700000,8,77,1,105709,20665,1
221,A,800000,800000,8,74,0,0,70211,1
222,B,1300000,1300000,1,57,0,0,6802,1
223,B,1100000,300000,8,74,1,4655,7611,1
224,B,800000,800000,1,65,1,65356,180000,1
225,B,800000,800000,4,60,1,34168,21854,1
226,B,1300000,500000,5,76,1,15675,57217,1
227,B,1300000,1300000,2,74,0,60662,3715,1
228,B,1300000,1300000,2,66,0,49044,62865,1
229,B,1300000,1300000,5,65,1,25150,13232,1
230,A,1200000,1200000,2,40,1,126756,49644,1
231,B,800000,800000,2,61,1,278268,148590,1
232,B,800000,300000,7,50,1,15435,1485,1
233,B,1300000,1300000,1,52,1,85352,38452,1
234,B,1200000,1200000,1,83,1,75763,25830,1
235,B,800000,800000,1,56,1,,3420,1
236,A,800000,800000,10,46,0,40860,34947,1
237,B,1300000,1300000,2,66,0,9246,6858,1
238,B,1300000,500000,7,61,1,28534,15536,1
239,B,800000,800000,2,59,1,1254,2565,1
240,R,800000,800000,2,49,0,0,81603,1
241,B,1200000,1200000,2,56,1,529771,101988,1
242,B,800000,800000,5,72,0,43749,88273,1
243,B,800000,800000,2,68,0,1665,10545,1
244,B,800000,800000,13,54,0,26323,37947,1
245,R,800000,800000,2,62,0,131828,67320,1
246,B,800000,800000,1,62,0,0,23760,1
247,B,1000000,1000000,2,58,0,47544,40590,1
248,B,400000,300000,7,40,1,33500,12753,1
249,B,800000,800000,2,43,1,0,17496,1
250,B,800000,300000,7,52,1,31033,13455,1
251,B,1300000,1000000,2,59,1,0,102573,1
252,B,800000,300000,4,68,1,0,7184,1
253,R,1300000,1300000,2,44,1,203945,38720,1
254,B,800000,800000,2,41,1,8406,38739,1
255,B,1000000,1000000,3,52,1,16069,1516,1
256,A,1000000,300000,8,46,1,200846,33484,1
257,B,800000,300000,4,53,1,705000,32428,1
258,B,1300000,1300000,2,55,1,7005,61337,1
259,B,800000,300000,3,44,1,6766,11730,1
260,B,700000,300000,7,42,1,10931,8802,1
261,B,800000,800000,8,68,1,2889,2063,1
262,B,800000,300000,7,45,1,,26235,1
263,B,1100000,1100000,2,52,1,118453,143691,1
264,B,800000,800000,2,46,1,0,62460,1
265,B,800000,300000,7,48,1,0,18171,1
266,B,600000,500000,5,57,1,1972,26821,1
267,B,1200000,1200000,10,55,1,337919,900,1
268,B,700000,700000,2,60,1,101541,12360,1
269,B,1200000,1200000,8,85,0,3224,0,1
270,B,600000,300000,8,88,1,65663,4276,1
271,B,600000,600000,8,88,1,13053,4085,1
272,B,800000,800000,1,71,1,11336,894,1
273,B,1300000,1300000,3,52,1,20079,142560,1
274,B,800000,800000,4,64,1,47324,33841,1
275,B,800000,800000,3,61,1,45835,10069,1
276,B,800000,800000,2,65,0,6270,1440,1
277,B,800000,800000,7,66,1,0,8090,1
278,B,800000,500000,5,62,1,1140,12573,1
279,B,800000,800000,2,50,1,4598,99918,1
280,B,1500000,1500000,3,61,0,33684,7406,1
281,B,700000,300000,7,47,1,0,12375,1
282,B,800000,800000,2,49,1,7334,29624,1
283,B,800000,800000,4,60,1,20648,18402,1
284,B,800000,800000,2,42,1,0,36593,1
285,B,1200000,300000,4,60,1,37221,4282,1
286,B,800000,800000,2,61,1,10966,11115,1
287,B,800000,800000,5,72,1,0,17083,1
288,B,800000,300000,3,36,1,0,10692,1
289,B,1200000,1200000,2,48,1,0,28696,1
290,B,500000,300000,7,56,1,1921,8451,1
291,B,800000,800000,4,59,1,28666,10951,1
292,A,600000,300000,4,44,1,9700,53884,1
293,B,600000,600000,2,59,1,151648,4076,1
294,B,800000,800000,7,65,1,30840,11673,1
295,B,600000,600000,2,43,1,0,19890,1
296,B,800000,800000,2,56,1,68305,17325,1
297,B,1300000,1300000,2,48,1,59668,2957,1
298,B,800000,700000,4,56,1,43988,16462,1
299,B,800000,300000,7,54,1,19495,28413,1
300,B,800000,300000,7,61,1,111447,82260,1
301,B,800000,300000,7,68,1,0,9405,1
302,B,1100000,300000,7,53,1,3144,19398,1
303,B,800000,800000,7,68,1,12750,38205,1
304,B,1300000,1300000,3,44,1,0,11988,1
305,B,700000,700000,2,48,0,0,26028,1
306,A,400000,400000,5,64,1,768520,1094,1
307,B,1200000,1200000,2,54,1,0,13950,1
308,B,1000000,300000,7,48,1,65745,26091,1
309,B,700000,700000,2,42,1,39146,15920,1
310,B,200000,200000,5,40,1,40564,39475,1
311,B,300000,300000,13,52,1,979,3861,1
312,B,800000,800000,3,37,1,3283,63936,1
313,B,1300000,300000,7,37,1,30014,27891,1
314,B,800000,300000,7,69,1,43666,1507,1
315,B,600000,600000,5,52,0,5792,22770,1
316,B,800000,800000,3,40,1,53156,45585,1
317,B,700000,300000,7,60,1,0,41580,1
318,B,1200000,1200000,2,42,1,360887,83745,1
319,B,1300000,500000,2,49,1,0,30708,1
320,A,1300000,1100000,2,37,1,73022,28180,1
321,B,700000,300000,8,82,1,1914,11914,1
322,B,1100000,300000,4,78,1,9681,7515,1
323,B,600000,600000,2,38,0,56449,41651,1
324,B,1300000,300000,7,46,1,41505,10395,1
325,B,1300000,1300000,2,49,1,0,66330,1
326,R,1200000,1200000,4,47,1,49639,7254,1
327,B,100000,100000,3,49,1,14580,10782,1
328,B,1100000,1100000,4,41,1,9900,6822,1
329,B,600000,600000,2,41,1,0,27614,1
330,B,700000,700000,4,69,1,314,28167,1
331,B,800000,800000,2,42,1,15467,43650,1
332,B,800000,300000,7,43,1,58393,7406,1
333,B,800000,800000,7,74,1,16292,4500,1
334,B,800000,800000,8,70,0,34485,4707,1
335,B,800000,800000,2,45,1,35000,37242,1
336,B,1300000,1300000,2,55,1,55388,57772,1
337,B,1200000,1200000,4,49,1,141239,27418,1
338,B,500000,300000,7,44,1,,13950,1
339,B,700000,700000,2,51,0,,15930,1
340,B,1000000,1000000,3,71,0,10584,4368,1
341,B,800000,800000,2,53,1,100881,21820,1
342,B,800000,800000,2,66,1,5292,11178,1
343,B,800000,800000,8,83,1,12705,4545,1
344,B,600000,600000,8,74,1,,23525,1
345,B,600000,300000,8,86,1,15432,1884,1
346,A,800000,800000,4,85,1,,41954,1
347,B,700000,300000,7,77,1,11286,2890,1
348,B,800000,300000,4,72,1,2879,3555,1
349,B,500000,200000,7,56,1,0,9711,1
350,B,1300000,1300000,2,57,0,37807,58104,1
351,B,1000000,1000000,2,61,0,1129,9308,1
352,B,300000,300000,5,53,1,2859,36720,1
353,B,1200000,1200000,4,68,1,300086,34344,1
354,B,1000000,1000000,1,54,0,62757,85860,1
355,B,800000,800000,2,51,1,5529,122274,1
356,B,1300000,1300000,2,56,0,16146,1655,1
357,A,1200000,300000,8,71,1,153179,8332,1
358,B,800000,300000,7,55,1,59350,3384,1
359,B,1300000,1300000,5,49,0,360525,190000,1
360,B,800000,300000,4,72,1,49321,972,1
361,B,800000,800000,2,58,1,106176,4431,1
362,B,1300000,1300000,8,78,1,23708,9850,1
363,R,800000,800000,10,47,1,24872,34650,1
364,B,1200000,600000,7,58,1,0,24840,1
365,R,800000,800000,2,65,0,,39303,1
366,B,800000,800000,2,47,1,0,0,1
367,B,400000,400000,2,42,0,,54540,1
368,B,1300000,300000,7,57,1,919,12942,1
369,R,600000,600000,2,49,1,58000,11430,1
370,B,800000,800000,3,46,0,0,20626,1
371,B,500000,300000,4,44,1,749,95238,1
372,B,800000,800000,2,59,0,35168,2682,1
373,B,600000,600000,2,57,0,10097,38931,1
374,B,400000,400000,8,85,0,27540,22835,1
375,R,1300000,300000,4,60,1,106521,406,1
376,B,1300000,1300000,2,61,0,10614,751,1
377,B,800000,800000,8,82,1,0,13959,1
378,B,1100000,300000,4,47,1,0,20691,1
379,B,300000,300000,3,53,1,38624,35589,1
380,B,1500000,1500000,2,54,0,58650,39610,1
381,B,800000,800000,2,51,1,82090,13722,1
382,B,1100000,1100000,2,39,1,61494,21276,1
383,B,800000,800000,1,43,0,11913,81180,1
384,B,700000,700000,2,41,1,8465,43155,1
385,B,800000,800000,8,69,0,0,2583,1
386,B,1000000,1000000,1,80,0,17846,4419,1
387,B,800000,300000,7,56,1,836,37567,1
388,B,800000,800000,12,48,1,21717,4851,1
389,B,700000,700000,2,43,0,44701,111799,1
390,B,1300000,1300000,2,37,1,6411,10890,1
391,B,200000,200000,5,42,1,21337,26325,1
392,B,700000,700000,2,41,1,23671,47729,1
393,B,800000,500000,8,79,1,0,16767,1
394,B,800000,800000,4,43,1,32652,132795,1
395,B,1100000,1100000,4,46,1,14832,3443,1
396,B,800000,800000,5,68,1,7206,4629,1
397,B,700000,700000,2,51,1,25652,19476,1
398,B,800000,800000,2,40,0,,27315,1
399,B,800000,800000,2,60,0,21843,63918,1
400,B,1300000,300000,4,66,1,10346,8010,1
401,B,700000,700000,1,41,1,132070,53460,1
402,B,800000,300000,8,76,1,0,0,1
403,B,700000,700000,2,37,1,0,97332,1
404,B,400000,300000,2,46,1,55196,16101,1
405,B,800000,800000,3,63,1,14624,72179,1
406,A,800000,800000,4,66,1,53580,138600,1
407,B,800000,800000,2,57,1,392774,153252,1
408,B,700000,700000,7,68,1,186526,185022,1
409,B,700000,700000,7,68,1,,185022,1
410,B,700000,700000,2,44,1,0,26408,1
411,B,800000,800000,2,55,1,41561,17523,1
412,B,700000,700000,2,47,1,15951,11958,1
413,B,800000,800000,2,45,1,34627,51425,1
414,B,800000,800000,2,70,0,0,15332,1
415,B,800000,800000,2,43,1,25006,23717,1
416,B,800000,800000,5,63,0,0,20520,1
417,B,800000,800000,8,73,1,92488,3424,1
418,B,700000,300000,7,68,1,,10044,1
419,B,800000,800000,4,76,1,9281,2912,1
420,B,800000,800000,2,43,1,30754,0,1
421,B,1300000,1300000,2,51,0,62081,4482,1
422,B,800000,800000,2,56,0,13000,5398,1
423,A,1300000,1300000,8,84,1,9814,972,1
424,B,800000,800000,3,49,1,,882,1
425,B,500000,500000,2,49,1,0,34580,1
426,B,800000,800000,2,52,1,9601,5934,1
427,B,1300000,1300000,2,61,0,17808,5958,1
428,B,1000000,900000,12,62,1,177548,60870,1
429,B,1300000,1300000,5,64,1,586689,8415,1
430,B,800000,300000,4,69,1,47821,13662,1
431,A,700000,700000,2,40,0,35867,47520,1
432,B,800000,800000,3,42,0,4376,0,1
433,B,800000,800000,8,82,1,29030,6723,1
434,B,800000,800000,3,45,1,65305,26820,1
435,B,800000,300000,8,71,1,71203,56752,1
436,B,1300000,1100000,5,61,1,3556,10726,1
437,B,800000,800000,2,50,0,,24840,1
438,B,800000,800000,5,48,1,2954,45891,1
439,B,700000,700000,7,51,1,308,134991,1
440,B,700000,300000,7,51,1,23969,41388,1
441,B,600000,300000,7,47,1,0,35436,1
442,R,800000,800000,5,62,1,1653,9882,1
443,B,600000,600000,2,39,1,6354,46854,1
444,B,1200000,1200000,2,42,1,166660,24747,1
445,B,1200000,1200000,2,42,1,0,24747,1
446,B,800000,500000,2,37,1,0,25061,1
447,B,800000,800000,3,42,0,29083,36720,1
448,B,800000,800000,2,43,1,0,32490,1
449,A,800000,800000,2,41,1,23560,71973,1
450,B,800000,300000,4,56,1,0,18823,1
451,B,800000,800000,2,39,1,3117,1602,1
452,B,800000,300000,7,55,1,,10890,1
453,B,1000000,300000,2,42,1,26518,6534,1
454,B,800000,300000,2,39,1,0,2331,1
455,B,1800000,1800000,3,52,1,774267,180000,1
456,B,1300000,1300000,2,48,1,99940,22310,1
457,B,700000,300000,7,54,1,0,11549,1
458,B,800000,800000,2,38,1,0,6436,1
459,B,700000,700000,5,39,1,11039,41521,1
460,B,800000,300000,2,37,1,11542,76725,1
461,B,800000,800000,2,38,1,14099,7205,1
462,B,600000,300000,7,42,1,16508,30571,1
463,B,1000000,300000,7,54,1,24614,31646,1
464,B,1300000,1300000,2,47,1,191105,86031,1
465,B,800000,500000,1,55,1,3464,37717,1
466,B,1000000,1000000,2,40,1,45325,90279,1
467,B,1200000,1200000,2,58,1,53762,11564,1
468,B,1300000,1300000,2,64,0,102290,990,1
469,B,1300000,1300000,2,64,0,,990,1
470,B,900000,900000,2,57,1,20112,50100,1
471,B,800000,800000,2,50,1,32000,36504,1
472,A,300000,300000,13,71,1,30862,43918,1
473,B,1200000,1200000,7,76,1,27401,1690,1
474,B,800000,800000,2,51,1,5516,9029,1
475,B,1300000,300000,7,62,1,73052,4702,1
476,B,600000,600000,2,23,1,25910,15642,1
477,B,800000,800000,4,73,1,618,1872,1
478,B,1300000,1300000,2,48,1,207615,4836,1
479,B,600000,600000,2,53,1,12970,15486,1
480,B,800000,800000,2,51,1,11676,2923,1
481,B,800000,800000,2,31,1,27133,3842,1
482,B,1200000,1200000,2,51,1,21482,858,1
483,B,800000,800000,5,55,0,10022,2536,1
484,B,800000,200000,6,19,1,312803,9234,1
485,A,1100000,300000,6,24,1,,17829,1
486,B,600000,300000,7,56,1,37672,3703,1
487,B,1300000,1100000,8,75,0,303635,1449,1
488,B,800000,800000,4,59,1,4694,6861,1
489,B,600000,300000,7,37,1,29039,34128,1
490,A,700000,700000,2,43,1,30940,107089,1
491,B,800000,800000,2,38,1,0,180000,1
492,B,800000,800000,2,40,1,23000,41373,1
493,B,1000000,300000,7,49,1,419788,28265,1
494,B,800000,800000,5,67,1,40342,43088,1
495,B,1300000,1300000,2,39,1,189608,19647,1
496,B,1000000,1000000,2,64,0,0,73737,1
497,B,500000,500000,2,65,0,4180,21257,1
498,B,1300000,1300000,2,61,0,21276,38700,1
499,B,800000,800000,2,46,0,0,15711,1
500,B,800000,800000,2,62,1,38886,2682,1
501,B,800000,800000,4,70,1,0,0,1
502,B,1000000,1000000,3,46,1,14803,19224,1
503,B,1000000,1000000,2,49,0,,10980,1
504,B,700000,500000,8,80,1,447,11755,1
505,A,800000,800000,1,61,0,78375,180000,1
506,A,800000,800000,4,57,1,18406,66924,1
507,B,700000,700000,2,49,1,0,13356,1
508,R,1300000,1300000,5,69,0,261366,20393,1
509,B,1300000,1300000,2,52,1,3669,2884,1
510,B,800000,300000,4,67,1,21081,8990,1
511,B,600000,300000,7,53,1,36963,39555,1
512,B,1300000,1300000,4,48,1,177785,5363,1
513,B,1200000,1200000,2,75,1,2008,72198,1
514,B,700000,700000,8,85,1,11505,1206,1
515,B,700000,700000,8,72,1,0,3703,1
516,B,1200000,1200000,8,88,0,224912,16928,1
517,B,800000,800000,2,50,0,32739,23501,1
518,B,800000,800000,2,57,0,16720,23850,1
519,B,800000,300000,11,43,1,3990,45540,1
520,B,1300000,1300000,3,53,1,10034,1622,1
521,B,1300000,1300000,2,63,0,2784,43612,1
522,B,500000,500000,2,44,0,15109,64716,1
523,B,1300000,300000,7,61,1,13310,3069,1
524,B,500000,500000,12,52,1,5742,15850,1
525,B,800000,800000,2,36,1,23685,46203,1
526,B,700000,700000,2,64,0,0,3942,1
527,B,800000,800000,2,36,1,3172,83523,1
528,B,800000,800000,2,37,1,15588,32142,1
529,B,600000,600000,4,52,1,6270,25434,1
530,B,1000000,1000000,2,62,1,29355,8433,1
531,B,1300000,1300000,2,52,0,80647,29862,1
532,B,1300000,300000,7,51,1,84433,67301,1
533,B,800000,800000,2,44,1,0,15065,1
534,A,800000,800000,4,40,1,8902,4356,1
535,B,500000,500000,2,33,1,9880,7020,1
536,B,1200000,1200000,2,42,1,0,180000,1
537,B,1200000,1200000,2,42,1,253067,180000,1
538,B,500000,300000,7,42,1,12175,29014,1
539,B,700000,700000,2,59,1,11514,12696,1
540,B,800000,800000,2,36,1,25823,20925,1
541,B,1000000,300000,7,50,1,31688,97131,1
542,B,900000,300000,7,51,1,6312,25385,1
543,R,1200000,1200000,2,42,0,15784,3583,1
544,B,800000,800000,2,35,1,2766,28800,1
545,B,600000,300000,8,79,1,21444,11572,1
546,B,800000,800000,2,38,0,24757,107640,1
547,B,1200000,1200000,12,57,1,409663,8973,1
548,A,1000000,300000,7,48,1,33601,23388,1
549,B,500000,300000,1,45,1,1650,58068,1
550,B,800000,800000,2,38,1,0,25416,1
551,B,800000,800000,2,38,1,173556,61944,1
552,B,800000,800000,2,40,1,16739,27999,1
553,B,700000,700000,2,35,0,0,16920,1
554,B,800000,800000,2,36,1,3470,20880,1
555,B,800000,800000,2,35,1,82331,0,1
556,B,700000,300000,3,45,1,,12510,1
557,B,600000,600000,2,44,1,33702,123300,1
558,B,400000,400000,13,61,1,26118,180000,1
559,B,800000,300000,7,44,1,0,42597,1
560,B,1300000,1300000,2,50,1,59059,17997,1
561,B,700000,700000,2,37,1,45021,149922,1
562,B,700000,300000,5,67,1,859,36226,1
563,B,800000,300000,7,44,1,9823,9306,1
564,B,1200000,1200000,4,45,1,105857,47871,1
565,B,800000,800000,2,54,1,40306,69839,1
566,B,1300000,1300000,2,53,1,181666,88790,1
567,B,800000,300000,4,65,1,0,61335,1
568,B,800000,800000,8,73,1,20124,3826,1
569,B,700000,700000,5,48,1,33000,40581,1
570,B,700000,300000,7,69,1,5801,8166,1
571,B,800000,300000,7,48,1,52374,12078,1
572,B,1200000,1200000,2,44,0,96655,12960,1
573,B,200000,200000,4,76,1,29770,5801,1
574,B,1300000,300000,4,69,1,131316,13005,1
575,B,800000,300000,7,61,1,10973,41472,1
576,B,700000,700000,2,55,1,0,23039,1
577,B,800000,800000,5,68,0,2776,11547,1
578,B,1000000,1000000,2,37,0,38475,29574,1
579,B,1300000,300000,4,68,1,1613,37680,1
580,B,800000,800000,2,39,1,0,18108,1
581,B,600000,600000,2,35,1,770,26919,1
582,B,1200000,1200000,2,54,1,105314,513,1
583,B,1000000,1000000,8,66,0,0,19236,1
584,B,600000,300000,4,83,1,0,16236,1
585,A,800000,800000,4,79,1,0,20900,1
586,B,800000,800000,2,59,0,5909,14301,1
587,A,600000,600000,5,55,0,0,78903,1
588,B,800000,800000,2,53,0,139871,52461,1
589,B,800000,800000,2,44,1,50390,180000,1
590,B,700000,700000,2,44,1,5192,1313,1
591,A,1300000,1300000,2,41,1,80455,31616,1
592,B,1000000,1000000,2,60,0,1539,574,1
593,B,800000,800000,2,52,1,51011,43110,1
594,B,800000,800000,2,52,1,0,11767,1
595,B,800000,800000,2,71,0,0,5783,1
596,B,1000000,300000,7,45,1,149635,115425,1
597,B,800000,300000,4,45,1,10540,39661,1
598,B,700000,700000,1,52,0,0,176095,1
599,B,1200000,1200000,7,51,1,53979,15790,1
600,B,800000,800000,2,51,1,92373,28611,1
601,B,800000,800000,2,68,1,315766,39185,1
602,B,1000000,1000000,2,37,0,,180000,1
603,B,1200000,300000,7,54,1,39879,5941,1
604,B,1300000,1300000,3,62,0,170605,40050,1
605,B,700000,300000,7,62,1,16594,12861,1
606,B,1300000,1300000,2,49,1,55548,9000,1
607,B,800000,300000,3,62,1,,24796,1
608,B,800000,300000,2,64,1,5500,5317,1
609,B,1300000,1300000,2,47,0,17520,2434,1
610,B,800000,800000,2,65,1,8353,5346,1
611,B,1100000,500000,7,55,1,72473,74893,1
612,B,1200000,1200000,2,34,0,50231,5085,1
613,B,800000,800000,2,40,1,24049,6326,1
614,B,1000000,1000000,2,52,1,0,11970,1
615,B,1000000,1000000,2,48,0,0,25335,1
616,B,700000,700000,7,71,1,3000,13950,1
617,B,700000,700000,7,71,1,0,13950,1
618,B,800000,800000,2,40,1,31695,98863,1
619,B,800000,800000,2,39,1,14218,99,1
620,B,1300000,300000,7,49,1,37831,3240,1
621,B,800000,300000,4,47,1,,5598,1
622,B,800000,300000,7,55,1,6394,29790,1
623,B,1100000,1000000,7,46,1,9683,0,1
624,B,1100000,1100000,2,48,1,112359,163191,1
625,B,1300000,1300000,2,35,1,0,71891,1
626,B,700000,700000,2,43,1,11702,2106,1
627,B,800000,800000,2,59,1,184285,172260,1
628,B,700000,700000,5,36,1,42769,61979,1
629,B,1300000,1300000,2,37,0,195921,43911,1
630,B,800000,800000,2,44,0,,15237,1
631,B,800000,800000,2,44,1,42403,8676,1
632,B,700000,700000,2,39,1,,180000,1
633,B,1000000,1000000,2,63,1,462122,16706,1
634,B,1300000,1300000,2,56,1,3232,40996,1
635,B,1200000,1200000,2,46,0,,39600,1
636,B,800000,800000,2,50,0,,15363,1
637,B,1300000,1300000,2,57,0,39161,34090,1
638,B,700000,700000,2,50,1,3401,2871,1
639,B,600000,600000,4,53,1,0,11225,1
640,B,1100000,300000,7,39,1,85411,18990,1
641,B,1000000,1000000,2,39,0,161644,53460,1
642,A,800000,400000,7,67,1,0,8383,1
643,B,800000,800000,2,44,1,4653,37530,1
644,B,800000,300000,7,75,1,12606,1921,1
645,B,400000,400000,5,55,1,150100,122850,1
646,B,500000,500000,5,34,1,0,22152,1
647,A,1300000,300000,7,46,1,356323,53460,1
648,B,800000,800000,2,37,1,340566,92475,1
649,R,800000,800000,8,81,1,41449,61869,1
650,B,1200000,1200000,2,36,1,34351,75310,1
651,B,800000,800000,12,52,1,14422,2598,1
652,B,1300000,300000,7,60,1,20000,84285,1
653,B,800000,800000,2,45,1,0,69597,1
654,B,800000,300000,8,72,1,3601,24255,1
655,R,700000,700000,7,53,1,0,42269,1
656,B,1300000,1300000,10,50,0,234711,34310,1
657,B,700000,700000,2,40,1,0,38700,1
658,B,700000,300000,7,56,1,,31177,1
659,B,500000,500000,12,49,1,0,180000,1
660,B,800000,800000,5,52,0,180888,18922,1
661,B,700000,700000,2,40,1,14989,23175,1
662,B,500000,500000,1,43,1,42722,313269,1
663,B,700000,700000,2,53,0,71887,101678,1
664,B,800000,800000,2,57,0,2094,23760,1
665,B,600000,300000,8,80,1,0,9024,1
666,B,800000,800000,2,44,0,19896,46428,1
667,B,800000,300000,7,61,1,27497,6808,1
668,B,800000,800000,3,52,1,41389,55469,1
669,B,1200000,1200000,2,55,1,30906,46521,1
670,B,800000,800000,1,57,1,2376,14714,1
671,B,800000,800000,2,65,0,1288,15865,1
672,B,500000,300000,5,33,1,47690,14384,1
673,B,800000,800000,4,68,1,73956,28686,1
674,B,1100000,300000,4,58,1,244257,29892,1
675,B,800000,800000,2,61,0,836,8025,1
676,B,800000,300000,7,61,1,18000,3021,1
677,R,1300000,1300000,2,34,1,83224,5693,1
678,B,600000,300000,7,35,1,29500,89100,1
679,B,500000,500000,2,41,1,20603,164321,1
680,B,1200000,1200000,2,48,0,5963,6680,1
681,A,1000000,1000000,4,64,1,197794,4840,1
682,B,800000,800000,2,36,1,6971,52229,1
683,B,800000,800000,2,64,1,54561,5742,1
684,B,700000,300000,11,37,1,0,16506,1
685,B,800000,800000,2,38,1,68124,160742,1
686,B,600000,600000,2,57,1,150,110970,1
687,B,700000,700000,12,56,1,2820,32382,1
688,B,400000,400000,5,51,1,0,5947,1
689,B,800000,800000,2,46,1,0,23183,1
690,B,800000,800000,8,78,1,6328,12379,1
691,B,1200000,1200000,2,48,1,172081,17074,1
692,B,800000,800000,2,42,0,27240,16920,1
693,B,800000,800000,2,49,0,43516,3851,1
694,B,1300000,1300000,10,45,0,0,28141,1
695,B,800000,800000,2,28,1,0,65359,1
696,B,1000000,1000000,3,31,0,17253,9386,1
697,B,800000,800000,5,63,1,7315,6921,1
698,B,1100000,300000,7,49,1,294733,62168,1
699,B,800000,800000,2,51,1,82148,62645,1
700,B,700000,500000,2,48,1,3609,67557,1
701,B,1300000,1300000,2,35,1,41609,1625,1
702,B,700000,700000,5,48,1,29313,14355,1
703,B,1500000,1100000,3,68,0,0,19040,1
704,B,1100000,300000,8,72,1,19000,117955,1
705,B,800000,800000,2,57,1,53690,20511,1
706,B,1200000,300000,4,46,1,24762,19791,1
707,B,400000,400000,5,34,1,28256,31790,1
708,B,800000,800000,2,57,1,81795,21034,1
709,B,1200000,1200000,2,45,1,46010,13950,1
710,B,500000,300000,8,90,1,,4392,1
711,B,1300000,1300000,2,41,0,151987,27810,1
712,B,500000,500000,8,90,1,8473,884,1
713,B,1000000,1000000,2,42,1,348540,178695,1
714,B,800000,800000,3,41,1,0,25353,1
715,B,800000,800000,2,50,1,14244,25830,1
716,B,800000,800000,2,38,0,0,73944,1
717,B,800000,800000,3,37,0,9491,5832,1
718,B,1300000,1300000,2,34,1,10374,43020,1
719,B,800000,800000,2,48,1,12697,7020,1
720,B,700000,700000,2,29,1,16302,48542,1
721,B,1100000,1100000,2,42,0,56202,6178,1
722,B,1100000,1100000,2,26,1,29511,44640,1
723,B,1100000,1100000,2,42,1,182972,21780,1
724,R,800000,800000,4,39,1,64903,16137,1
725,A,800000,800000,3,40,0,11076,15625,1
726,B,1200000,1200000,1,29,1,81893,52927,1
727,B,1100000,300000,6,22,0,0,9446,1
728,B,800000,800000,5,71,0,10441,49392,1
729,B,600000,300000,4,65,1,2233,52938,1
730,B,800000,800000,5,34,1,7243,49615,1
731,B,1200000,300000,12,51,1,62629,181028,1
732,B,700000,700000,2,36,1,67431,66591,1
733,B,1300000,300000,2,35,1,8717,63694,1
734,B,800000,300000,4,83,1,4422,1050,1
735,B,800000,800000,2,31,0,9405,8644,1
736,B,800000,800000,2,33,1,0,23850,1
737,B,800000,800000,2,36,1,0,24570,1
738,B,800000,300000,7,47,1,8564,7500,1
739,B,800000,800000,2,43,1,3000,47160,1
740,B,500000,500000,2,42,1,,32490,1
741,B,1300000,300000,7,64,1,127185,10806,1
742,B,600000,600000,2,45,1,0,13950,1
743,B,800000,800000,2,49,1,0,9495,1
744,B,1300000,1300000,2,56,0,0,6237,1
745,B,1200000,1200000,2,42,0,148061,14850,1
746,B,600000,600000,2,49,0,10646,8151,1
747,B,1300000,1300000,5,66,0,5000,12364,1
748,A,1200000,800000,2,38,1,58491,35640,1
749,B,1100000,1100000,2,34,1,0,142101,1
750,B,700000,700000,2,31,1,66866,63841,1
751,B,800000,800000,2,36,1,15894,48140,1
752,B,1300000,1300000,4,43,1,1965,94865,1
753,B,600000,600000,2,34,1,0,124911,1
754,B,1000000,1000000,2,33,1,52551,18747,1
755,B,1300000,1300000,2,43,1,18759,18937,1
756,B,1100000,1100000,2,32,1,24906,2381,1
757,B,800000,800000,2,61,1,0,9608,1
758,B,800000,500000,3,57,1,41483,2871,1
759,B,600000,600000,3,31,1,9028,28206,1
760,B,600000,300000,4,44,1,18275,30591,1
761,B,500000,300000,5,37,1,25336,34146,1
762,B,800000,800000,2,59,1,20035,18435,1
763,B,700000,300000,4,63,1,17860,19800,1
764,B,800000,300000,4,43,1,0,58500,1
765,B,800000,800000,2,52,0,53416,7656,1
766,B,800000,800000,2,77,1,44251,39107,1
767,B,1200000,300000,4,50,1,159545,75330,1
768,B,700000,300000,4,47,1,23220,61232,1
769,B,800000,300000,7,54,1,7040,30246,1
770,B,800000,800000,2,61,0,,134640,1
771,B,700000,500000,7,52,1,0,13068,1
772,B,800000,300000,4,48,1,8831,23868,1
773,B,1300000,1300000,2,33,0,305362,15231,1
774,B,800000,800000,11,65,0,8522,27900,1
775,B,800000,800000,2,45,1,17959,8450,1
776,B,1300000,300000,4,81,1,158916,7614,1
777,B,200000,200000,2,35,0,33022,5070,1
778,B,800000,800000,1,42,1,,14940,1
779,B,800000,300000,4,68,1,14750,93528,1
780,B,700000,700000,2,40,0,50307,20880,1
781,B,700000,700000,4,42,1,4426,17773,1
782,B,700000,700000,4,63,1,5145,77486,1
783,B,200000,200000,2,33,1,12749,15138,1
784,B,1000000,500000,5,53,1,51381,15471,1
785,B,1300000,300000,8,68,1,125264,10365,1
786,B,800000,800000,3,52,0,9268,891,1
787,B,800000,800000,2,48,1,27725,14805,1
788,B,1200000,1200000,2,38,1,8142,84833,1
789,B,800000,800000,2,40,1,0,180000,1
790,B,800000,800000,2,40,1,59888,56478,1
791,A,800000,800000,2,33,1,92928,12321,1
792,B,500000,500000,2,37,1,30526,23399,1
793,B,400000,400000,5,35,1,18645,19237,1
794,B,1300000,1300000,2,42,1,0,83844,1
795,B,800000,300000,4,50,1,79664,5496,1
796,B,800000,800000,11,71,0,0,13163,1
797,B,1000000,1000000,2,56,1,14840,81360,1
798,B,800000,800000,2,63,1,0,15534,1
799,B,800000,500000,8,75,1,0,7182,1
800,B,1200000,1200000,2,58,0,0,29615,1
801,B,700000,700000,2,33,1,112946,25697,1
802,B,800000,500000,7,60,1,,3645,1
803,B,200000,200000,2,34,1,60208,39492,1
804,B,800000,800000,5,52,0,0,9864,1
805,B,700000,300000,8,68,1,45689,12618,1
806,B,400000,400000,2,43,1,,20880,1
807,B,1100000,900000,2,39,1,48905,12870,1
808,B,800000,800000,12,66,1,5077,8208,1
809,B,1300000,1300000,4,73,1,42861,20857,1
810,B,600000,600000,2,33,1,0,180000,1
811,B,800000,800000,8,71,0,17722,11386,1
812,B,700000,300000,8,74,1,0,49769,1
813,B,800000,800000,2,33,1,81412,11970,1
814,B,800000,300000,4,59,1,31461,12762,1
815,B,800000,800000,2,30,1,64656,24935,1
816,B,800000,800000,2,46,0,20303,3484,1
817,B,500000,500000,5,62,1,0,11817,1
818,B,800000,700000,2,57,1,9312,32859,1
819,B,800000,800000,7,47,1,76076,31050,1
820,B,700000,300000,7,59,1,,5373,1
821,B,800000,300000,7,48,1,11068,11663,1
822,A,700000,700000,2,29,1,,55935,1
823,B,800000,800000,2,31,1,0,34740,1
824,R,1000000,900000,2,42,1,16431,159865,1
825,B,800000,300000,4,56,1,86651,25443,1
826,B,800000,300000,7,48,1,0,85860,1
827,B,600000,300000,8,73,1,2984,27291,1
828,B,700000,700000,2,31,1,0,48080,1
829,B,700000,300000,11,33,1,5000,68399,1
830,A,1200000,1200000,2,51,1,5611,25641,1
831,B,1200000,1200000,2,30,0,132206,50382,1
832,B,200000,200000,8,81,1,29198,1386,1
833,B,1100000,1100000,2,45,1,62427,14445,1
834,B,800000,800000,2,56,0,5675,11641,1
835,B,800000,800000,2,38,1,6157,7182,1
836,B,700000,300000,4,46,1,0,13495,1
837,B,200000,200000,5,42,1,193267,70380,1
838,B,800000,300000,7,58,1,11155,9000,1
839,B,800000,800000,2,43,1,8512,4050,1
840,B,800000,800000,2,55,0,70051,7729,1
841,B,700000,700000,8,73,0,18298,1472,1
842,A,800000,300000,8,75,1,0,12078,1
843,B,600000,600000,2,44,1,30555,32137,1
844,A,800000,800000,2,40,1,0,58922,1
845,B,800000,800000,1,54,0,11210,4644,1
846,B,1200000,1200000,2,41,1,25742,8910,1
847,A,1000000,300000,4,52,1,106776,25731,1
848,B,800000,800000,3,31,1,0,91152,1
849,B,800000,300000,4,62,1,16280,19608,1
850,B,1000000,1000000,2,54,0,25658,3761,1
851,A,700000,700000,2,49,1,34398,11448,1
852,B,1100000,1100000,2,33,1,58333,44640,1
853,R,800000,800000,2,36,0,23904,38501,1
854,B,800000,800000,3,39,1,0,31320,1
855,B,600000,600000,2,31,0,35262,15323,1
856,A,250000,250000,2,31,1,276604,12335,1
857,B,800000,800000,2,42,0,0,154440,1
858,B,500000,500000,2,49,1,58770,67022,1
859,B,1300000,1300000,2,43,1,15740,9227,1
860,B,1200000,1200000,4,39,1,206589,180000,1
861,B,1200000,1200000,2,32,1,87420,25734,1
862,B,800000,800000,5,36,1,62332,1701,1
863,B,800000,800000,2,50,1,0,23355,1
864,B,500000,300000,8,80,1,6743,3933,1
865,B,800000,800000,3,52,1,0,114344,1
866,B,800000,800000,4,35,1,,29205,1
867,B,800000,800000,4,55,1,0,3814,1
868,B,800000,800000,2,49,1,135040,166938,1
869,B,800000,800000,2,33,1,45355,14687,1
870,B,1000000,1000000,2,33,1,10659,38561,1
871,B,1000000,1000000,2,31,1,28215,147435,1
872,B,200000,200000,2,31,1,0,32256,1
873,B,1200000,300000,2,34,1,300,23436,1
874,B,600000,600000,2,28,1,0,103347,1
875,B,700000,700000,2,57,1,26610,1254,1
876,B,200000,200000,5,40,1,44838,152310,1
877,A,700000,300000,4,44,1,1380,17820,1
878,B,1100000,500000,2,56,1,23444,28116,1
879,B,400000,400000,2,31,1,25392,12960,1
880,B,800000,800000,2,45,0,1590,36126,1
881,B,1000000,1000000,4,57,1,1007,17820,1
882,B,800000,300000,8,67,1,0,11457,1
883,B,800000,800000,3,43,0,4430,7251,1
884,R,1300000,300000,7,66,1,192069,26513,1
885,B,800000,300000,4,61,1,4055,15237,1
886,B,800000,800000,2,37,0,0,49131,1
887,B,800000,800000,8,72,1,,2696,1
888,B,500000,500000,2,34,0,0,77490,1
889,B,400000,400000,4,41,1,12000,9927,1
890,A,700000,700000,8,73,0,16825,17820,1
891,B,700000,500000,2,36,1,1350,13950,1
892,B,1300000,1300000,2,43,1,220885,31290,1
893,R,800000,800000,2,35,1,49147,25858,1
894,B,200000,200000,2,33,1,54290,54080,1
895,B,800000,800000,2,31,1,,71280,1
896,B,700000,700000,2,29,1,62947,34740,1
897,B,1300000,1300000,2,42,0,10389,9209,1
898,B,800000,800000,2,34,1,11104,1313,1
899,B,800000,300000,7,61,1,14470,37710,1
900,B,1300000,1300000,2,49,1,301901,55035,1
901,B,500000,300000,7,55,1,4703,4118,1
902,B,1300000,1300000,3,33,1,10241,26798,1
903,B,800000,800000,2,45,0,0,12816,1
904,B,500000,500000,2,29,1,585893,2925,1
905,B,800000,800000,2,29,1,17680,19558,1
906,B,500000,500000,2,47,1,7458,86049,1
907,B,800000,800000,12,54,1,0,14787,1
908,R,800000,800000,2,40,1,0,27720,1
909,B,800000,300000,7,47,1,427692,327,1
910,B,600000,600000,2,38,1,5494,21312,1
911,A,500000,500000,8,81,1,83844,36831,1
912,B,1300000,1300000,2,51,0,51000,27810,1
913,B,1000000,300000,7,31,1,39966,45366,1
914,B,700000,700000,2,34,1,20112,21078,1
915,B,1100000,300000,2,40,1,123724,5513,1
916,B,600000,600000,2,30,1,9453,7426,1
917,B,1000000,300000,7,46,1,40519,6579,1
918,B,800000,800000,2,39,0,0,35343,1
919,B,400000,400000,5,46,1,8235,471,1
920,B,1200000,1200000,2,34,0,267096,61470,1
921,B,800000,800000,2,66,1,0,44748,1
922,B,1000000,1000000,3,53,1,50072,14027,1
923,B,800000,800000,12,60,1,3162,52470,1
924,B,1300000,800000,7,30,1,196174,2093,1
925,B,800000,800000,3,33,1,0,11673,1
926,B,800000,300000,4,51,1,31419,15237,1
927,B,500000,500000,2,43,0,84382,27994,1
928,B,1200000,1200000,12,59,1,524,61965,1
929,B,1200000,1200000,12,59,1,503713,61965,1
930,B,600000,600000,2,41,1,3447,37392,1
931,B,1300000,1300000,2,59,1,106331,24790,1
932,B,500000,300000,4,51,1,0,5931,1
933,B,800000,800000,2,31,1,1000,19362,1
934,B,800000,800000,7,46,1,17909,30690,1
935,B,1300000,1300000,2,44,1,174390,78018,1
936,R,1000000,1000000,1,64,0,496810,15296,1
937,B,800000,800000,2,37,0,11468,20583,1
938,R,1000000,1000000,2,42,1,183553,16335,1
939,B,1300000,1300000,2,49,1,48881,8673,1
940,B,800000,800000,2,32,0,,11966,1
941,A,1300000,1300000,2,35,1,2544,5087,1
942,B,800000,800000,2,44,0,70917,130968,1
943,B,1000000,1000000,2,60,0,9501,5040,1
944,B,1300000,1300000,2,40,0,23268,5220,1
945,B,800000,800000,2,29,1,201054,5273,1
946,B,1300000,1300000,3,34,0,139080,47520,1
947,B,800000,800000,2,35,1,30000,18811,1
948,R,1100000,1100000,5,60,1,24397,47324,1
949,B,800000,300000,8,76,0,20361,24628,1
950,B,1300000,300000,12,59,1,0,10769,1
951,B,1300000,1100000,7,62,1,3261,25706,1
952,B,800000,800000,2,32,1,5900,5940,1
953,A,1300000,1300000,3,52,1,122996,18915,1
954,B,500000,0,4,53,1,0,180000,1
955,B,1200000,1200000,2,56,1,8348,20592,1
956,A,800000,800000,4,58,1,27762,35971,1
957,B,800000,500000,2,38,1,52946,87039,1
958,B,700000,700000,2,44,1,52080,57510,1
959,B,1000000,1000000,2,30,1,12299,12672,1
960,B,1100000,300000,7,42,1,296881,30780,1
961,B,800000,300000,7,53,1,0,70389,1
962,B,600000,300000,7,51,1,1254,31275,1
963,B,500000,500000,2,29,1,,36225,1
964,B,800000,800000,2,28,1,2451,41643,1
965,B,800000,800000,3,30,1,0,7524,1
966,B,1200000,1200000,4,43,1,72973,12957,1
967,B,1200000,1200000,2,52,0,67068,8957,1
968,B,800000,800000,5,48,1,13025,7492,1
969,B,1000000,800000,5,35,0,23950,29952,1
970,B,800000,800000,2,55,1,,44664,1
971,B,200000,200000,2,32,1,0,42268,1
972,B,800000,800000,2,54,1,23023,40509,1
973,B,600000,600000,13,32,1,35739,87932,1
974,B,800000,300000,7,59,1,0,2394,1
975,B,300000,300000,2,32,1,8170,25229,1
976,B,800000,800000,2,39,1,180,34061,1
977,B,800000,800000,2,35,1,1520,1782,1
978,B,1000000,1000000,2,42,1,73249,61363,1
979,B,600000,300000,7,45,1,16075,344,1
980,B,1300000,300000,7,62,1,0,26873,1
981,B,800000,800000,3,35,1,32319,12996,1
982,B,1300000,1300000,2,32,0,0,61470,1
983,B,1200000,1200000,2,46,0,39000,180000,1
984,B,600000,600000,2,32,1,28183,14544,1
985,A,1000000,500000,3,74,1,12876,8982,1
986,A,1100000,300000,7,52,1,21468,41791,1
987,B,800000,300000,4,70,1,3329,657,1
988,B,1300000,1300000,2,47,0,133766,9972,1
989,B,1300000,300000,7,49,1,53870,11030,1
990,R,1100000,1100000,1,48,0,5000,30690,1
991,B,800000,800000,2,34,1,,28503,1
992,B,800000,800000,10,53,1,0,1416,1
993,A,400000,400000,11,32,1,0,14580,1
994,B,800000,800000,3,60,1,,10197,1
995,B,600000,600000,2,31,1,135349,51273,1
996,B,1300000,1300000,2,52,1,92681,32400,1
997,A,800000,800000,2,41,0,21204,9900,1
998,B,800000,800000,2,36,1,42338,180000,1
999,B,1300000,1300000,2,50,1,78450,42665,1
1000,B,900000,500000,2,39,1,503127,15930,1
1001,B,800000,800000,2,34,1,154787,154828,1
1002,B,1800000,1300000,2,63,0,529158,33251,1
1003,B,800000,800000,2,31,1,31813,42120,1
1004,B,1300000,300000,5,36,1,95186,11277,1
1005,B,700000,300000,7,49,1,9054,45534,1
1006,B,800000,800000,2,32,0,0,10791,1
1007,B,1200000,1200000,2,33,1,11495,11223,1
1008,R,600000,600000,4,45,1,84280,4509,1
1009,B,800000,800000,2,33,1,0,132603,1
1010,B,1100000,1100000,2,28,1,15200,17229,1
1011,B,500000,500000,2,30,1,5643,45135,1
1012,B,600000,300000,7,56,1,25692,49500,1
1013,B,800000,800000,11,62,1,82718,37422,1
1014,B,1200000,1200000,2,47,1,13625,22093,1
1015,B,800000,800000,2,38,1,0,33570,1
1016,B,1000000,900000,3,68,1,77852,180000,1
1017,B,800000,800000,2,35,0,,92457,1
1018,B,1000000,1000000,2,56,1,49708,13867,1
1019,B,1100000,1100000,2,32,0,40964,19356,1
1020,B,400000,400000,2,38,1,6270,31698,1
1021,B,800000,800000,2,41,1,64372,61470,1
1022,B,600000,600000,2,32,1,0,11520,1
1023,B,800000,300000,4,56,1,0,2763,1
1024,B,800000,800000,2,30,1,12358,51028,1
1025,B,600000,300000,4,57,1,1686,6408,1
1026,B,1000000,300000,2,41,1,29832,24354,1
1027,A,400000,400000,8,80,0,117900,10692,1
1028,B,700000,300000,7,43,1,3439,19989,1
1029,B,1300000,1300000,2,34,1,227990,55570,1
1030,B,800000,800000,3,35,0,0,38106,1
1031,B,1100000,1100000,2,28,1,0,47018,1
1032,B,1000000,300000,7,61,1,29260,9702,1
1033,B,1300000,1200000,2,30,1,18033,1421,1
1034,B,800000,800000,2,38,1,9861,1809,1
1035,B,800000,800000,2,40,1,15714,9485,1
1036,B,1300000,700000,7,63,1,126427,70686,1
1037,B,900000,900000,2,43,1,0,78894,1
1038,B,1200000,1200000,2,29,1,96733,20520,1
1039,B,800000,800000,4,73,1,10239,0,1
1040,R,1300000,1300000,8,72,1,49718,1373,1
1041,B,1000000,1000000,8,75,1,,44273,1
1042,B,200000,200000,2,32,1,19941,20439,1
1043,B,1300000,1300000,2,37,1,46156,5138,1
1044,B,1300000,700000,8,75,1,2382,5885,1
1045,B,800000,800000,2,51,1,129502,16686,1
1046,B,800000,800000,2,73,1,26365,143825,1
1047,B,600000,600000,2,27,1,0,1665,1
1048,B,1300000,1300000,2,26,1,135243,119479,1
1049,B,500000,500000,7,29,1,11673,30384,1
1050,B,1100000,1100000,2,43,1,417492,8460,1
1051,B,1300000,1300000,3,31,1,22753,54371,1
1052,B,600000,600000,2,27,1,13966,11970,1
1053,B,1200000,1200000,3,27,1,110024,54343,1
1054,B,1300000,1300000,2,63,1,3316,15617,1
1055,A,600000,300000,8,78,1,0,36342,1
1056,R,400000,400000,2,30,1,5964,16591,1
1057,B,800000,300000,7,73,1,0,18216,1
1058,B,1300000,1300000,2,64,0,166783,1782,1
1059,B,800000,800000,2,27,1,21945,44516,1
1060,B,800000,800000,2,52,1,0,22360,1
1061,B,1200000,1200000,3,56,1,59911,50664,1
1062,B,1000000,1000000,3,65,1,0,19854,1
1063,B,1000000,500000,7,49,1,34441,17582,1
1064,B,800000,800000,2,46,0,20895,38072,1
1065,B,1300000,1300000,2,31,0,44738,23415,1
1066,R,1000000,300000,11,38,1,76917,12960,1
1067,R,1000000,300000,11,38,1,,12960,1
1068,B,800000,800000,2,32,1,9169,18925,1
1069,B,800000,300000,7,40,1,13153,17327,1
1070,B,500000,500000,2,30,1,5800,22320,1
1071,B,1100000,1100000,2,30,1,0,71573,1
1072,B,1200000,1200000,2,31,1,175258,103248,1
1073,B,1300000,1300000,4,52,1,113759,29790,1
1074,B,800000,800000,2,42,1,14942,28162,1
1075,B,1200000,800000,7,58,1,49930,49392,1
1076,B,800000,800000,2,37,1,10179,9441,1
1077,R,1100000,1100000,2,37,1,158015,55798,1
1078,B,800000,300000,3,46,1,0,21114,1
1079,B,700000,700000,2,35,1,51367,8415,1
1080,B,1300000,300000,2,39,1,20800,2051,1
1081,B,800000,800000,2,31,1,0,26424,1
1082,A,200000,200000,12,28,1,209266,48870,1
1083,B,1300000,800000,2,62,1,0,27810,1
1084,B,300000,300000,7,43,1,224284,34335,1
1085,B,700000,700000,2,53,1,0,180000,1
1086,B,600000,600000,2,44,1,47814,94320,1
1087,B,1300000,1300000,4,46,1,8826,18900,1
1088,R,800000,800000,5,28,1,9963,53444,1
1089,B,1000000,1000000,1,44,1,89099,100952,1
1090,B,600000,600000,5,63,1,0,20232,1
1091,B,600000,600000,3,30,1,17870,238590,1
1092,R,900000,900000,2,25,1,74348,19469,1
1093,B,400000,300000,7,31,1,17390,20583,1
1094,B,800000,800000,2,33,1,42206,8037,1
1095,B,200000,200000,6,20,1,1500,20900,1
1096,B,1300000,1300000,4,50,1,47335,80336,1
1097,B,800000,800000,2,67,0,207565,106920,1
1098,B,800000,800000,4,49,1,25358,172854,1
1099,A,1200000,1200000,2,59,1,70343,21047,1
1100,B,300000,300000,6,22,1,4337,15930,1
1101,A,600000,600000,2,37,0,134116,18810,1
1102,B,1100000,300000,7,52,1,498518,134820,1
1103,B,500000,300000,6,23,1,,20309,1
1104,B,1200000,1200000,2,46,1,393907,63785,1
1105,B,200000,200000,4,42,1,35313,8455,1
1106,B,600000,600000,2,37,1,0,5434,1
1107,B,1000000,1000000,2,29,1,0,34713,1
1108,B,600000,600000,2,32,1,72804,56430,1
1109,B,1100000,1100000,2,26,1,61121,5843,1
1110,B,300000,300000,12,27,1,66641,60390,1
1111,B,800000,800000,2,30,1,12000,69786,1
1112,B,1300000,300000,4,73,1,67577,59895,1
1113,B,800000,800000,2,42,1,31725,44409,1
1114,B,800000,800000,5,52,1,0,66420,1
1115,B,800000,800000,2,34,1,67918,82260,1
1116,B,700000,700000,2,25,1,116548,12635,1
1117,B,1000000,1000000,10,46,1,19617,75874,1
1118,B,600000,600000,2,42,1,62650,87133,1
1119,B,800000,300000,2,43,1,,31489,1
1120,B,700000,700000,2,25,0,0,26315,1
1121,B,800000,300000,4,55,1,,42660,1
1122,B,600000,600000,2,36,0,22363,114930,1
1123,B,800000,800000,5,38,1,14516,178290,1
1124,R,1100000,300000,4,51,1,130677,34245,1
1125,B,1200000,1200000,2,36,0,89517,106020,1
1126,A,1300000,300000,2,55,1,56646,104706,1
1127,A,1300000,300000,2,55,1,0,104706,1
1128,B,500000,300000,5,55,1,0,53186,1
1129,A,800000,800000,12,53,1,39436,55850,1
1130,B,800000,800000,2,50,0,,64302,1
1131,B,1000000,1000000,2,43,1,276000,62460,1
1132,B,800000,800000,2,45,0,0,69390,1
1133,B,700000,700000,2,21,1,30282,16758,1
1134,B,1000000,1000000,2,37,0,154000,22160,1
1135,B,400000,400000,2,26,0,2090,22860,1
1136,B,700000,700000,4,57,1,95060,119088,1
1137,B,700000,700000,4,30,1,,12951,1
1138,B,800000,800000,2,30,1,36427,28716,1
1139,B,1200000,1200000,2,34,1,1838574,162223,1
1140,B,1000000,1000000,2,30,1,15739,59759,1
1141,B,800000,800000,2,34,1,18445,34740,1
1142,B,1200000,800000,2,46,1,0,59762,1
1143,B,900000,900000,5,46,1,312126,143428,1
1144,B,700000,200000,6,23,1,89855,39393,1
1145,R,1000000,1000000,4,45,1,37060,266673,1
1146,A,500000,500000,2,30,0,48475,16830,1
1147,B,1100000,1100000,2,55,1,77187,16128,1
1148,B,1200000,1200000,2,26,1,23435,13860,1
1149,B,300000,300000,2,28,1,36575,37710,1
1150,B,700000,300000,7,50,1,0,29196,1
1151,B,600000,600000,2,26,1,55488,13563,1
1152,B,200000,200000,1,32,0,8798,178078,1
1153,B,800000,800000,4,50,1,0,4138,1
1154,B,1300000,500000,2,51,1,51296,81446,1
1155,B,600000,600000,2,25,1,0,42840,1
1156,B,800000,800000,1,51,1,0,80403,1
1157,B,700000,500000,2,33,1,28329,0,1
1158,B,500000,300000,12,49,1,524,29665,1
1159,B,500000,300000,12,49,1,2704,29665,1
1160,B,800000,800000,2,47,0,0,64440,1
1161,R,1000000,1000000,2,24,1,116635,20862,1
1162,R,1000000,300000,7,52,1,130330,171627,1
1163,B,1000000,1000000,2,58,1,150587,180000,1
1164,B,600000,600000,4,39,1,18966,47305,1
1165,B,1000000,1000000,2,27,0,71692,47351,1
1166,B,800000,300000,12,50,1,87991,42624,1
1167,R,1300000,1300000,12,69,1,137426,113850,1
1168,B,1200000,1200000,3,26,0,0,152847,1
1169,B,800000,800000,2,53,1,41501,121591,1
1170,B,500000,500000,2,58,1,12540,52173,1
1171,B,600000,600000,3,25,1,0,29312,1
1172,B,1000000,1000000,3,27,1,25621,20988,1
1173,B,1200000,1200000,5,48,1,59036,37463,1
1174,B,1200000,1000000,2,29,1,184003,2673,1
1175,B,800000,800000,4,64,1,30034,32323,1
1176,R,1300000,1300000,4,55,1,41800,102712,1
1177,B,1100000,1100000,2,24,0,141203,101346,1
1178,B,800000,800000,2,48,0,3000,11574,1
1179,B,700000,700000,2,32,1,34298,53055,1
1180,B,800000,800000,7,41,1,13322,35235,1
1181,B,300000,300000,2,39,1,331147,35150,1
1182,B,1300000,1300000,2,35,0,125876,70380,1
1183,A,1300000,1300000,2,39,1,52086,85734,1
1184,B,1000000,1000000,2,25,1,23186,27736,1
1185,A,700000,700000,10,28,0,98000,160380,1
1186,B,1300000,1300000,2,50,1,77753,58529,1
1187,B,1300000,1300000,2,53,1,10000,11413,1
1188,B,1100000,1100000,2,25,1,216608,13831,1
1189,B,700000,700000,2,27,1,32724,165447,1
1190,B,800000,800000,2,53,1,,24750,1
1191,B,1300000,1300000,2,31,0,8890,47025,1
1192,B,500000,500000,12,29,1,10593,1593,1
1193,B,1300000,1300000,2,29,1,66790,150262,1
1194,B,1000000,1000000,2,30,0,164048,128935,1
1195,B,600000,600000,2,28,1,3369,2673,1
1196,B,900000,800000,2,24,1,287926,90081,1
1197,B,500000,500000,2,40,1,3500,29880,1
1198,A,1100000,1100000,5,53,1,134762,60420,1
1199,B,700000,700000,2,30,1,101788,29790,1
1200,B,1200000,1200000,4,56,1,20000,171360,1
1201,B,1000000,1000000,2,49,1,46315,69300,1
1202,B,700000,700000,2,43,1,34630,148590,1
1203,B,1000000,1000000,6,38,1,211226,77805,1
1204,B,1000000,1000000,2,26,1,83087,24905,1
1205,B,800000,800000,2,32,1,0,41381,1
1206,B,700000,700000,7,37,1,36784,32760,1
1207,B,1300000,1300000,2,44,0,77028,33338,1
1208,B,800000,300000,7,52,1,0,28215,1
1209,B,600000,600000,2,57,1,224163,55758,1
1210,B,800000,300000,13,44,0,72378,22880,1
1211,B,900000,300000,7,61,1,126701,48904,1
1212,B,700000,200000,6,23,0,71413,7713,1
1213,A,800000,800000,4,84,1,6570,4390,1
1214,B,500000,500000,2,25,1,10098,32108,1
1215,B,700000,700000,5,52,1,18288,35847,1
1216,B,200000,200000,6,20,0,14526,25245,1
1217,B,1100000,1100000,2,39,0,0,22919,1
1218,B,800000,800000,2,40,0,,14220,1
1219,R,700000,700000,2,26,1,197907,17820,1
1220,B,800000,800000,2,57,1,0,584,1
1221,B,600000,600000,2,27,1,5696,13068,1
1222,B,1000000,1000000,2,33,1,127060,11880,1
1223,B,1300000,1300000,2,49,1,128618,168321,1
1224,B,700000,700000,2,44,1,36257,26730,1
1225,B,800000,300000,7,50,1,46083,22761,1
1226,B,800000,800000,4,59,1,19970,27126,1
1227,B,800000,800000,3,37,1,11443,79215,1
1228,B,1000000,1000000,2,28,1,0,78795,1
1229,B,1300000,1300000,2,48,0,189279,122850,1
1230,B,1200000,1200000,2,24,1,136735,21798,1
1231,B,800000,800000,2,60,0,11641,13500,1
1232,B,600000,600000,2,31,1,44945,35059,1
1233,B,700000,700000,4,44,1,2607,8963,1
1234,B,500000,300000,6,29,1,157084,14061,1
1235,B,800000,800000,2,31,1,7660,23921,1
1236,R,800000,800000,1,63,0,6584,51995,1
1237,R,700000,200000,4,48,1,100981,118890,1
1238,B,500000,500000,2,57,1,12216,20508,1
1239,B,700000,700000,2,45,1,,21870,1
1240,B,1300000,1300000,2,40,1,55881,43740,1
1241,B,700000,700000,2,60,1,0,43659,1
1242,B,800000,600000,7,56,1,36778,30780,1
1243,B,800000,800000,2,32,1,2613,11970,1
1244,B,500000,300000,4,66,1,0,11970,1
1245,B,1100000,700000,7,64,1,28180,54724,1
1246,B,800000,300000,7,64,1,0,38700,1
1247,A,800000,800000,2,63,1,58940,52546,1
1248,B,1100000,300000,2,52,1,27702,22959,1
1249,B,700000,700000,2,57,0,0,78137,1
1250,B,1200000,1200000,2,35,0,252370,65518,1
1251,B,800000,800000,1,34,0,19951,32725,1
1252,B,800000,800000,5,44,0,,64440,1
1253,B,800000,800000,2,56,0,28434,17820,1
1254,B,800000,600000,5,70,0,0,10356,1
1255,R,1300000,1300000,1,32,0,67292,58614,1
1256,B,800000,800000,2,41,1,41800,49608,1
1257,B,700000,700000,3,27,1,25310,29799,1
1258,B,1300000,1300000,2,50,1,16298,34540,1
1259,A,800000,800000,2,34,0,39990,11385,1
1260,B,700000,700000,4,57,1,11875,6953,1
1261,B,1200000,900000,2,26,1,14604,7446,1
1262,B,1300000,1300000,2,29,1,0,47007,1
1263,B,1000000,400000,7,72,1,7524,4581,1
1264,B,200000,200000,2,32,1,61178,43110,1
1265,B,800000,300000,4,72,1,31250,8289,1
1266,B,1200000,1200000,2,27,1,75680,28656,1
1267,R,1200000,1200000,2,27,1,0,106920,1
1268,B,500000,500000,2,30,1,11495,89586,1
1269,B,700000,700000,2,69,1,50204,10105,1
1270,R,800000,800000,2,31,0,88753,56009,1
1271,B,1300000,1300000,2,32,0,16477,27810,1
1272,B,1300000,1300000,2,38,1,13120,73912,1
1273,B,800000,800000,3,31,1,4961,30557,1
1274,B,700000,700000,2,28,1,50407,3479,1
1275,B,800000,800000,4,60,1,36105,11724,1
1276,B,1200000,300000,4,60,1,232736,5007,1
1277,B,600000,600000,2,32,1,6868,23078,1
1278,B,800000,800000,2,41,0,76462,38165,1
1279,A,800000,800000,2,31,1,145083,58146,1
1280,B,800000,800000,2,58,1,0,32670,1
1281,B,1300000,1300000,2,32,1,15286,32760,1
1282,B,700000,300000,4,57,1,15640,13703,1
1283,B,1200000,1100000,1,53,1,106231,35938,1
1284,B,1500000,1500000,2,43,1,290794,48249,1
1285,B,700000,700000,4,62,1,13082,3366,1
1286,B,600000,600000,2,30,1,34655,16781,1
1287,B,600000,600000,3,26,1,0,16222,1
1288,B,1200000,1200000,2,27,1,56621,30195,1
1289,B,800000,800000,2,31,1,6413,27801,1
1290,B,800000,800000,2,31,1,0,27801,1
1291,B,800000,800000,2,34,1,23063,11890,1
1292,B,400000,400000,2,29,1,29377,22718,1
1293,B,900000,900000,2,26,1,53071,35640,1
1294,B,700000,300000,4,55,1,0,52593,1
1295,B,800000,300000,11,29,1,121078,14592,1
1296,B,700000,700000,2,50,1,83300,25335,1
1297,B,700000,700000,4,61,1,26838,6591,1
1298,B,600000,600000,2,34,1,438216,0,1
1299,B,600000,600000,2,37,1,12436,64833,1
1300,B,600000,600000,2,30,1,37847,43665,1
1301,B,1200000,1200000,2,27,1,382395,12366,1
1302,B,700000,300000,11,76,1,0,73740,1
1303,R,700000,700000,2,31,1,4526,10890,1
1304,B,800000,300000,8,71,1,5995,29128,1
1305,B,1300000,1300000,1,74,1,21380,33719,1
1306,B,1300000,1300000,2,32,1,3021,14841,1
1307,B,800000,800000,2,34,0,,71982,1
1308,B,1000000,600000,13,37,1,857490,105398,1
1309,B,800000,800000,2,58,1,,9862,1
1310,B,1300000,1300000,2,42,1,23174,18018,1
1311,B,1200000,300000,7,55,1,91550,43533,1
1312,B,800000,800000,1,38,1,0,27810,1
1313,B,700000,700000,4,39,1,27539,24894,1
1314,B,800000,800000,2,39,1,37145,52200,1
1315,B,500000,500000,2,28,1,88703,28449,1
1316,A,600000,600000,5,63,1,15886,42768,1
1317,B,500000,500000,2,31,1,7007,11564,1
1318,B,1200000,1200000,2,29,1,96884,35170,1
1319,B,700000,700000,2,34,0,1355,6327,1
1320,B,800000,300000,5,69,1,5783,26919,1
1321,B,800000,800000,2,33,1,33588,18312,1
1322,B,800000,800000,7,54,1,22194,21362,1
1323,B,800000,800000,2,54,1,12000,16650,1
1324,B,1200000,1200000,1,64,1,266399,124335,1
1325,B,800000,800000,2,44,1,40684,11680,1
1326,B,1200000,1200000,2,34,1,92600,9900,1
1327,B,1000000,1000000,2,39,1,135592,12563,1
1328,B,800000,800000,2,31,1,41268,89744,1
1329,B,1300000,1300000,2,28,1,13630,21975,1
1330,B,1300000,1300000,2,47,0,13237,17523,1
1331,B,300000,300000,8,78,0,5332,485,1
1332,B,1100000,1100000,2,28,1,200836,47520,1
1333,B,600000,600000,5,62,0,1577,14516,1
1334,B,700000,700000,7,45,1,0,5040,1
1335,B,700000,700000,2,35,1,200,25830,1
1336,B,800000,800000,2,36,1,20083,11376,1
1337,B,1100000,1100000,4,59,1,113279,10561,1
1338,A,1300000,1300000,2,29,1,36029,55080,1
1339,B,1000000,300000,7,59,1,0,65142,1
1340,B,800000,300000,7,48,1,1200,185602,1
1341,B,800000,800000,2,55,1,3791,4932,1
1342,B,700000,700000,3,64,0,59754,65925,1
1343,A,400000,300000,8,81,1,35472,3244,1
1344,B,700000,700000,4,41,1,10663,5448,1
1345,B,700000,700000,2,25,1,22990,29340,1
1346,B,600000,600000,2,44,1,18942,23237,1
1347,B,500000,500000,2,30,1,11391,19800,1
1348,B,700000,700000,2,26,1,33125,29592,1
1349,B,700000,700000,2,28,1,9424,53640,1
1350,B,1200000,1200000,2,33,1,19351,143413,1
1351,B,600000,300000,7,34,1,0,450,1
1352,A,700000,700000,2,30,1,0,35640,1
1353,B,800000,800000,3,31,1,17556,43650,1
1354,B,500000,500000,2,27,1,30002,18524,1
1355,B,500000,300000,6,25,1,621,43306,1
1356,B,800000,800000,2,38,1,0,62251,1
1357,A,800000,800000,3,38,1,23066,55423,1
1358,B,1100000,1100000,2,44,1,12417,27338,1
1359,B,600000,600000,3,27,1,,14940,1
1360,B,700000,700000,2,49,1,63983,48531,1
1361,B,1300000,1300000,3,37,1,0,180000,1
1362,R,1100000,1100000,1,57,1,326808,185668,1
1363,A,700000,700000,2,24,1,26476,24750,1
1364,B,1300000,1300000,4,58,1,100999,180000,1
1365,B,1300000,1300000,3,30,1,0,15263,1
1366,B,800000,800000,2,40,1,1809,70290,1
1367,B,1300000,1300000,4,52,1,106254,12960,1
1368,B,600000,600000,2,35,0,0,64143,1
1369,B,1100000,1100000,2,29,1,45044,44383,1
1370,B,700000,700000,12,49,1,27496,2169,1
1371,B,600000,300000,7,60,1,22317,28710,1
1372,B,800000,300000,5,69,1,19217,18810,1
1373,B,900000,900000,2,40,1,82727,27870,1
1374,B,1300000,1300000,2,34,0,9173,28633,1
1375,B,800000,300000,7,68,1,26214,3154,1
1376,B,800000,800000,2,29,1,61442,8010,1
1377,B,800000,800000,2,52,0,8332,12960,1
1378,B,800000,800000,2,52,0,0,12960,1
1379,B,800000,800000,2,30,1,15153,34740,1
1380,B,1100000,1100000,2,26,1,10748,13829,1
1381,B,800000,800000,2,38,0,50053,44991,1
1382,B,800000,800000,2,40,1,1990,29403,1
1383,B,800000,300000,7,76,1,2280,1454,1
1384,B,700000,300000,4,77,1,2013,7757,1
1385,B,600000,600000,2,26,1,50107,27441,1
1386,R,700000,700000,2,30,0,148232,31770,1
1387,B,600000,600000,2,33,1,4608,45705,1
1388,B,600000,600000,2,32,0,19308,1188,1
1389,B,700000,700000,2,42,1,,16220,1
1390,B,1300000,1300000,2,31,1,50440,2862,1
1391,B,1300000,1300000,2,56,0,162371,54633,1
1392,R,600000,300000,7,30,1,0,32076,1
1393,B,800000,800000,2,53,1,11700,423,1
1394,B,800000,300000,8,76,1,15273,9990,1
1395,B,800000,800000,2,29,1,0,56817,1
1396,B,700000,700000,2,40,1,4007,28215,1
1397,B,1200000,900000,7,56,1,1330,13662,1
1398,B,1300000,300000,4,60,1,91605,40710,1
1399,B,200000,200000,2,36,0,311336,106877,1
1400,B,800000,800000,2,71,1,55456,28859,1
1401,B,800000,800000,2,31,1,110013,11904,1
1402,R,400000,400000,2,42,0,735625,148500,1
1403,B,700000,700000,2,58,1,30865,19597,1
1404,B,1000000,300000,5,30,1,22951,27458,1
1405,B,800000,800000,2,28,1,26240,16119,1
1406,B,800000,800000,2,31,1,,22484,1
1407,R,800000,800000,7,59,1,25040,37791,1
1408,B,500000,500000,2,29,1,64435,29132,1
1409,B,800000,800000,2,29,0,702285,5382,1
1410,B,700000,700000,2,43,0,0,37620,1
1411,B,800000,300000,4,34,1,20796,77375,1
1412,B,600000,600000,5,37,1,48953,36793,1
1413,B,800000,800000,2,57,1,44251,52345,1
1414,B,400000,400000,2,32,0,68923,13752,1
1415,B,600000,600000,2,32,1,0,104000,1
1416,B,1300000,1300000,2,33,0,18472,159228,1
1417,B,1300000,1300000,2,42,1,5981,4347,1
1418,B,800000,800000,2,40,1,55270,51953,1
1419,B,400000,300000,6,21,1,1177,1556,1
1420,B,700000,700000,2,31,1,4354,10517,1
1421,A,600000,500000,7,38,1,55611,14077,1
1422,B,800000,800000,5,41,0,23653,23265,1
1423,B,800000,800000,1,45,1,10249,42637,1
1424,B,1300000,1300000,2,35,1,70370,77985,1
1425,B,600000,600000,2,54,0,18440,10636,1
1426,B,600000,300000,4,61,1,86222,51822,1
1427,B,500000,500000,12,44,1,,21981,1
1428,B,500000,500000,2,52,1,0,64296,1
1429,B,600000,600000,1,29,1,21309,19008,1
1430,B,800000,800000,2,51,0,2097,3384,1
1431,B,1300000,1300000,2,49,1,56311,14940,1
1432,B,700000,700000,3,30,1,24712,12321,1
1433,B,800000,800000,2,36,1,,189963,1
1434,B,1300000,1300000,3,39,0,37770,32868,1
1435,B,800000,800000,2,62,1,19207,86268,1
1436,B,200000,200000,2,26,1,250116,69035,1
1437,B,1000000,1000000,5,37,1,0,19915,1
1438,B,800000,800000,3,25,1,0,28831,1
1439,A,800000,800000,2,56,1,0,17577,1
1440,B,500000,500000,2,47,1,274085,73845,1
1441,B,800000,800000,2,31,1,,39195,1
1442,A,700000,700000,3,29,1,0,20790,1
1443,B,500000,500000,2,24,1,23103,99140,1
1444,B,700000,700000,2,28,1,436,8775,1
1445,B,500000,500000,2,29,1,0,8703,1
1446,A,600000,600000,2,27,1,0,8118,1
1447,B,200000,200000,7,37,1,4912,29592,1
1448,B,1200000,1200000,2,35,1,0,73710,1
1449,A,1100000,1100000,10,32,1,89445,50868,1
1450,B,600000,300000,7,54,1,27474,5211,1
1451,B,800000,800000,2,26,1,,18486,1
1452,B,1300000,1300000,2,24,1,73773,31906,1
1453,B,1100000,1000000,2,27,1,24575,15788,1
1454,B,600000,300000,7,62,1,21319,33583,1
1455,B,1000000,400000,2,31,1,0,1150,1
1456,B,1200000,1200000,2,27,1,129144,53730,1
1457,B,1300000,1300000,2,29,1,181191,91242,1
1458,B,1000000,1000000,2,28,0,49617,182775,1
1459,B,800000,300000,7,58,1,214771,12555,1
1460,B,1200000,1200000,2,28,1,40541,16653,1
1461,B,800000,300000,6,24,1,203202,8010,1
1462,B,800000,300000,7,55,1,7054,50517,1
1463,A,700000,700000,2,27,1,11513,10323,1
1464,B,700000,300000,8,84,1,23752,20401,1
1465,B,500000,500000,2,69,1,565602,23410,1
1466,B,500000,500000,2,69,1,,23410,1
1467,B,600000,600000,2,38,1,0,5346,1
1468,B,700000,700000,2,34,0,13943,5633,1
1469,B,1000000,1000000,2,25,1,544670,6516,1
1470,A,1300000,300000,4,62,1,619450,6413,1
1471,B,1100000,1100000,2,24,1,66235,15312,1
1472,B,600000,600000,2,55,0,3690,11358,1
1473,B,1300000,1300000,2,60,1,0,8910,1
1474,B,800000,300000,7,70,1,93437,9842,1
1475,B,600000,600000,5,64,0,0,14508,1
1476,B,1300000,300000,4,61,1,3069,0,1
1477,B,800000,300000,2,69,0,46729,40762,1
1478,B,800000,300000,8,82,1,164631,10458,1
1479,B,1200000,1200000,5,55,1,78839,8172,1
1480,B,800000,800000,5,61,0,7042,20790,1
1481,B,800000,300000,8,88,1,266,7346,1
1482,B,800000,800000,4,52,1,0,3336,1
1483,B,500000,300000,4,73,1,3286,12100,1
1484,B,1000000,1000000,2,25,1,18335,32018,1
1485,B,800000,800000,4,57,1,17603,15284,1
1486,B,800000,300000,4,52,1,72302,13959,1
1487,A,1300000,300000,2,38,1,11440,4158,1
1488,B,800000,800000,2,44,1,3306,2862,1
1489,B,800000,800000,4,50,1,6708,7020,1
1490,B,1000000,1000000,8,86,1,55924,7667,1
1491,B,600000,600000,2,28,1,45251,17244,1
1492,A,1200000,1200000,4,63,1,54678,4169,1
1493,B,800000,800000,4,41,1,0,6347,1
1494,A,800000,800000,13,55,1,71605,3306,1
1495,B,200000,200000,2,24,1,3432,8563,1
1496,B,1300000,500000,1,63,1,134045,9433,1
1497,B,800000,800000,2,27,0,5661,12188,1
1498,B,500000,500000,2,22,1,108784,14647,1
1499,B,600000,600000,4,53,1,22435,6221,1
1500,B,400000,400000,2,36,1,732,4050,1
1501,B,800000,300000,2,44,1,492544,3553,1
1502,B,200000,200000,6,22,1,4818,693,1
1503,B,600000,300000,7,78,1,56287,5013,1
1504,B,700000,700000,4,66,1,0,10034,1
1505,B,1000000,300000,6,20,1,93166,27839,1
1506,B,700000,700000,2,46,1,0,16236,1
1507,B,800000,800000,4,62,1,20200,3672,1
1508,B,1300000,1300000,4,40,1,0,2700,1
1509,B,800000,800000,4,61,1,16714,19271,1
1510,B,1300000,1300000,4,57,1,84105,4687,1
1511,B,600000,300000,8,76,1,3570,4486,1
1512,B,1300000,1300000,4,70,1,14345,1791,1
1513,B,500000,300000,7,51,1,4979,15048,1
1514,B,800000,800000,2,43,1,45513,42072,1
1515,B,800000,800000,2,47,1,0,14437,1
1516,B,1000000,600000,2,24,1,177924,17111,1
1517,B,1100000,800000,2,27,1,27575,26488,1
1518,B,800000,800000,2,30,1,2109,12312,1
1519,B,700000,700000,8,74,1,20467,29106,1
1520,B,900000,900000,13,60,1,224113,8892,1
1521,B,500000,300000,7,56,1,7591,11880,1
1522,B,800000,800000,2,40,0,6125,18450,1
1523,R,1300000,500000,2,51,1,385074,38610,1
1524,B,1200000,1200000,2,24,1,64278,29239,1
1525,B,1100000,700000,2,31,1,121190,82785,1
1526,A,1000000,1000000,12,38,1,80315,34865,1
1527,B,800000,800000,2,35,1,18839,74676,1
1528,B,800000,800000,10,26,1,24989,3791,1
1529,B,600000,600000,2,27,1,7505,17082,1
1530,R,400000,300000,6,21,1,17951,4912,1
1531,B,800000,800000,2,51,1,94056,5482,1
1532,B,1200000,1100000,2,26,1,139356,19800,1
1533,A,800000,800000,4,74,1,42114,1073,1
1534,B,800000,300000,4,58,1,9580,19310,1
1535,B,800000,800000,2,53,1,29219,12751,1
1536,B,700000,700000,2,24,1,38007,3195,1
1537,A,1300000,300000,7,49,1,103773,8891,1
1538,B,1300000,1300000,2,43,0,72591,19114,1
1539,B,800000,800000,2,37,1,62599,10119,1
1540,B,800000,800000,8,72,0,15293,12901,1
1541,B,1300000,1300000,2,40,0,39104,11798,1
1542,B,400000,400000,8,81,1,4389,12531,1
1543,A,600000,300000,6,23,1,22761,6636,1
1544,A,700000,200000,11,21,1,142379,0,1
1545,B,600000,600000,2,25,1,28424,4669,1
1546,B,700000,200000,6,19,1,5455,2812,1
1547,B,700000,700000,4,34,1,2299,41347,1
1548,B,1000000,1000000,8,47,1,214256,4946,1
1549,B,600000,600000,2,31,1,16135,34314,1
1550,B,500000,500000,4,64,1,32766,14725,1
1551,A,700000,300000,7,59,1,1254,16679,1
1552,B,500000,500000,2,29,1,5966,14507,1
1553,B,500000,300000,5,81,1,34485,81180,1
1554,B,1200000,1100000,12,30,1,76702,12974,1
1555,B,800000,300000,7,42,1,29003,29102,1
1556,B,400000,300000,8,67,1,10200,0,1
1557,B,700000,200000,7,54,1,37787,102764,1
1558,B,1200000,1200000,4,46,1,4470,20331,1
1559,B,1300000,1300000,2,34,1,102707,23753,1
1560,B,1200000,1200000,4,47,1,144435,94820,1
1561,B,1200000,500000,13,67,1,41819,5249,1
1562,A,1000000,300000,7,59,1,148373,21545,1
1563,B,500000,500000,5,32,1,21200,49050,1
1564,B,1000000,300000,7,46,1,0,9969,1
1565,A,800000,800000,1,69,0,21814,7640,1
1566,B,500000,300000,11,28,1,53070,8208,1
1567,B,600000,600000,2,24,1,1721,3102,1
1568,A,1300000,1300000,2,54,1,86009,12068,1
1569,B,700000,700000,2,42,1,17915,18715,1
1570,B,1200000,300000,4,54,1,212196,11880,1
1571,B,1300000,300000,4,44,1,306420,35271,1
1572,B,800000,500000,4,52,1,75673,17397,1
1573,B,700000,700000,2,24,1,27648,11233,1
1574,A,1200000,300000,4,84,1,158380,17422,1
1575,B,700000,700000,5,53,1,11203,2120,1
1576,B,1200000,300000,4,55,1,54449,18300,1
1577,B,1200000,300000,7,66,1,13474,6228,1
1578,B,1200000,300000,3,56,1,95261,46791,1
1579,B,700000,300000,4,48,1,30982,13518,1
1580,B,1100000,1100000,2,26,1,111362,12669,1
1581,B,1000000,1000000,10,42,1,429304,23901,1
1582,B,1300000,300000,4,66,1,22682,14292,1
1583,B,900000,900000,2,23,1,11746,1224,1
1584,B,800000,800000,2,31,1,7049,36555,1
1585,A,800000,300000,2,27,0,56089,66825,1
1586,B,600000,600000,2,47,1,836,21723,1
1587,B,1300000,1300000,2,34,1,22631,66289,1
1588,B,1300000,1300000,12,48,1,150739,9294,1
1589,B,800000,800000,2,39,1,60314,5896,1
1590,B,700000,700000,7,55,1,10811,20236,1
1591,B,400000,400000,1,52,0,59702,0,1
1592,A,500000,300000,7,50,1,17728,23519,1
1593,B,700000,700000,2,61,0,48696,8073,1
1594,B,700000,300000,4,32,1,6803,37017,1
1595,A,1100000,1100000,4,58,1,38941,48783,1
1596,B,800000,800000,2,57,1,21667,3474,1
1597,B,800000,300000,7,47,1,32723,5103,1
1598,B,800000,800000,2,48,1,5340,5396,1
1599,R,1100000,300000,4,61,1,52331,6164,1
1600,B,800000,800000,2,33,0,15813,30583,1
1601,R,800000,800000,7,31,1,8554,10599,1
1602,B,800000,300000,4,53,1,15525,9519,1
1603,B,600000,600000,3,26,1,31412,8421,1
1604,A,1300000,1300000,2,53,1,124930,29879,1
1605,B,400000,400000,7,32,1,7406,15321,1
1606,B,1200000,1200000,2,39,1,123674,16957,1
1607,B,1300000,1300000,2,31,1,89580,41330,1
1608,B,600000,300000,4,51,1,,13689,1
1609,B,800000,800000,3,38,1,12700,20785,1
1610,B,800000,800000,2,57,1,150,10297,1
1611,B,1300000,1300000,2,32,1,93537,17437,1
1612,B,800000,800000,3,25,0,27694,9225,1
1613,B,1200000,1200000,2,32,1,65086,11408,1
1614,B,600000,600000,2,35,1,43316,20634,1
1615,B,800000,800000,1,64,0,67600,64212,1
1616,B,1300000,1300000,2,31,1,29858,5654,1
1617,B,1200000,1200000,1,56,0,19120,1539,1
1618,B,700000,700000,5,83,1,,11970,1
1619,B,200000,200000,2,26,0,34893,10419,1
1620,B,800000,800000,2,44,1,36539,8723,1
1621,B,800000,800000,7,56,1,53088,34520,1
1622,A,900000,300000,6,22,1,256346,18973,1
1623,B,1200000,1200000,2,35,1,63240,1144,1
1624,B,1200000,1200000,2,42,1,40990,1675,1
1625,B,800000,800000,3,56,1,31003,16269,1
1626,B,600000,300000,7,59,1,0,7218,1
1627,B,700000,700000,2,35,0,44714,48600,1
1628,B,1200000,1200000,2,36,1,42943,23369,1
1629,B,600000,300000,8,86,1,29681,12435,1
1630,B,600000,600000,2,24,1,5758,5127,1
1631,B,500000,300000,7,50,1,10323,4743,1
1632,B,700000,700000,2,28,0,1444,2516,1
1633,B,1000000,1000000,2,27,1,99857,22242,1
1634,B,1100000,1100000,2,51,0,110408,46506,1
1635,B,1300000,1300000,7,71,0,111080,3195,1
1636,B,600000,600000,7,65,1,15790,1206,1
1637,B,1300000,1300000,3,35,0,36399,2926,1
1638,B,1100000,1100000,2,35,1,11000,4313,1
1639,B,600000,600000,2,31,1,0,18375,1
1640,B,600000,600000,7,41,1,15995,25569,1
1641,B,400000,400000,1,37,1,1178,1244,1
1642,A,700000,700000,2,35,1,8077,24102,1
1643,B,500000,300000,6,21,1,83070,15055,1
1644,B,800000,300000,7,55,1,5719,16187,1
1645,B,1300000,300000,4,52,1,199210,14348,1
1646,B,600000,600000,2,29,1,5866,19404,1
1647,B,800000,800000,7,62,1,0,13171,1
1648,R,1100000,300000,6,23,1,18084,5675,1
1649,A,1000000,1000000,2,63,1,7795,1485,1
1650,B,1200000,500000,2,47,1,100047,21126,1
1651,B,1200000,500000,2,47,1,,21126,1
1652,B,1300000,1300000,2,55,1,147726,16259,1
1653,B,1300000,1300000,7,74,1,20397,5912,1
1654,B,1300000,1300000,10,48,1,7769,28061,1
1655,B,800000,800000,7,48,1,50602,20690,1
1656,B,800000,800000,11,44,1,99471,59400,1
1657,B,500000,500000,2,44,1,22498,9882,1
1658,A,1300000,1300000,4,69,1,172708,1129,1
1659,B,1100000,1100000,2,28,1,92524,4455,1
1660,B,800000,300000,2,59,1,0,13835,1
1661,B,1200000,1200000,2,51,1,115980,11520,1
1662,B,800000,400000,4,67,1,39000,14929,1
1663,B,1200000,300000,7,46,1,0,10732,1
1664,B,500000,500000,8,68,1,29503,35995,1
1665,B,800000,300000,4,57,1,1119,13221,1
1666,B,700000,700000,8,77,0,59,6105,1
1667,A,1100000,300000,6,22,1,33459,41240,1
1668,B,1300000,1300000,2,41,1,107627,21855,1
1669,B,800000,800000,2,39,0,52281,19071,1
1670,A,1300000,1300000,1,85,0,183381,7764,1
1671,B,800000,800000,4,60,1,111259,684,1
1672,B,600000,600000,2,36,1,12479,8933,1
1673,A,700000,700000,2,40,1,36628,12402,1
1674,B,1000000,1000000,12,73,1,484898,22366,1
1675,B,500000,300000,6,26,1,5070,14976,1
1676,B,200000,200000,2,26,1,95456,9297,1
1677,B,200000,200000,2,29,1,21682,52228,1
1678,B,600000,600000,2,24,1,134603,13057,1
1679,B,700000,300000,13,28,1,4100,5859,1
1680,B,600000,600000,2,27,1,38376,6745,1
1681,B,800000,300000,4,35,1,3002,36063,1
1682,B,800000,800000,2,31,0,19300,95130,1
1683,R,1000000,1000000,2,25,1,91784,32175,1
1684,B,900000,400000,2,24,1,5220,10800,1
1685,B,1300000,300000,2,39,1,71308,14147,1
1686,B,1300000,300000,7,34,1,77100,43353,1
1687,B,800000,800000,2,36,1,11370,61141,1
1688,B,800000,800000,7,56,1,0,157500,1
1689,R,1100000,1100000,2,27,1,90432,14289,1
1690,B,1000000,1000000,2,38,1,4895,50283,1
1691,B,1300000,1300000,2,35,1,0,152886,1
1692,B,700000,700000,2,28,1,317181,14940,1
1693,B,600000,600000,2,33,1,68627,33561,1
1694,B,700000,700000,4,74,1,9640,15930,1
1695,B,1200000,1200000,2,38,0,5548,26234,1
1696,B,800000,800000,5,41,1,,44596,1
1697,A,700000,700000,2,47,1,80175,19354,1
1698,B,1000000,1000000,3,67,1,4810,1140,1
1699,B,800000,800000,2,25,1,19616,1397,1
1700,A,800000,800000,1,52,1,33405,86957,1
1701,B,800000,800000,2,28,1,3886,22500,1
1702,B,600000,600000,4,77,1,27797,11385,1
1703,B,700000,300000,7,57,1,41507,28350,1
1704,B,500000,500000,2,29,1,78073,30124,1
1705,B,800000,300000,7,58,1,19678,19345,1
1706,B,600000,600000,2,29,1,346498,83025,1
1707,B,700000,700000,2,29,1,297140,39600,1
1708,B,1300000,1300000,2,50,0,0,144036,1
1709,B,800000,800000,2,49,0,,12870,1
1710,B,1200000,1000000,2,25,1,59057,9396,1
1711,B,1300000,1300000,1,63,1,,36522,1
1712,B,700000,700000,2,24,1,24962,54791,1
1713,R,700000,700000,2,24,1,14370,13871,1
1714,B,1200000,1200000,2,27,1,51095,36791,1
1715,B,800000,800000,2,31,1,45264,22226,1
1716,B,700000,700000,2,35,1,1463,27463,1
1717,B,600000,600000,2,31,0,3772,29547,1
1718,B,1300000,1300000,2,45,0,3143,7334,1
1719,B,500000,300000,2,25,1,0,4330,1
1720,B,1100000,1000000,2,25,1,17626,45308,1
1721,A,800000,800000,2,52,1,21965,65516,1
1722,R,800000,800000,2,43,1,0,8910,1
1723,A,1200000,1200000,2,34,1,101005,13683,1
1724,B,1300000,1100000,2,25,1,46896,27747,1
1725,B,800000,800000,2,31,1,0,45388,1
1726,B,1000000,300000,4,49,1,62279,58125,1
1727,B,800000,800000,10,42,1,10833,9588,1
1728,A,1300000,1300000,2,31,1,3160,32175,1
1729,B,700000,700000,2,31,0,10680,18900,1
1730,B,500000,300000,2,23,0,6584,38158,1
1731,B,500000,300000,2,23,0,5674,38158,1
1732,B,800000,800000,2,26,1,191563,36758,1
1733,B,1300000,700000,2,36,1,19388,5516,1
1734,B,1300000,1300000,2,27,0,9215,8921,1
1735,B,800000,800000,2,31,0,5605,15538,1
1736,B,800000,800000,2,38,1,0,5643,1
1737,A,500000,500000,2,28,1,20667,55079,1
1738,B,800000,800000,2,31,1,3835,180000,1
1739,B,1200000,1200000,2,27,1,82025,44154,1
1740,B,700000,700000,2,25,1,16285,48024,1
1741,A,700000,700000,5,65,1,68032,24605,1
1742,B,500000,500000,2,33,1,,29705,1
1743,B,600000,600000,2,28,0,18868,59591,1
1744,B,1300000,1300000,2,39,0,0,30681,1
1745,B,700000,700000,13,28,1,10000,14940,1
1746,R,800000,800000,2,49,1,0,63494,1
1747,B,800000,300000,7,48,1,0,4033,1
1748,B,600000,600000,2,24,1,0,18558,1
1749,B,800000,800000,2,53,1,10920,1404,1
1750,B,500000,500000,2,25,0,,15930,1
1751,B,800000,700000,8,68,1,1780,1524,1
1752,B,800000,800000,2,26,0,19018,43056,1
1753,B,800000,800000,4,29,1,4667,2772,1
1754,A,200000,200000,2,26,1,27355,21411,1
1755,B,600000,600000,4,39,1,54864,12079,1
1756,B,800000,800000,2,26,0,17865,15884,1
1757,B,200000,200000,13,27,1,10850,10548,1
1758,R,800000,800000,2,23,1,139295,50441,1
1759,B,800000,800000,2,41,1,1093,57465,1
1760,B,800000,300000,6,23,1,44939,43971,1
1761,B,800000,800000,3,29,0,87000,27632,1
1762,A,900000,900000,3,24,1,365574,5346,1
1763,A,900000,900000,3,24,1,0,5346,1
1764,B,700000,300000,6,25,0,18000,30177,1
1765,B,700000,500000,2,25,1,164343,15148,1
1766,B,1000000,1000000,1,34,1,3200,55152,1
1767,B,700000,700000,2,25,1,51284,24994,1
1768,B,500000,500000,2,34,1,50350,4581,1
1769,B,700000,700000,2,26,1,15609,58347,1
1770,B,1300000,300000,7,44,1,118256,3366,1
1771,B,800000,800000,5,73,1,0,0,1
1772,B,1100000,700000,8,69,1,49894,13577,1
1773,B,800000,800000,2,40,1,82178,9089,1
1774,B,200000,200000,6,22,1,225229,31275,1
1775,B,600000,600000,2,26,1,30113,31788,1
1776,B,1200000,1200000,4,46,1,65654,19206,1
1777,B,1100000,700000,2,28,1,74272,13365,1
1778,B,800000,800000,3,25,1,134312,21663,1
1779,B,800000,800000,3,27,1,,19593,1
1780,B,600000,600000,7,30,0,35062,39416,1
1781,B,700000,300000,11,64,1,0,99036,1
1782,B,600000,300000,7,49,1,32425,32390,1
1783,B,1000000,300000,7,39,1,122420,8219,1
1784,B,400000,400000,2,32,0,12000,155060,1
1785,B,800000,300000,6,21,1,607,27474,1
1786,B,500000,500000,2,26,1,72360,6795,1
1787,R,700000,400000,2,48,1,11704,22978,1
1788,B,800000,300000,7,55,1,48886,21087,1
1789,B,300000,300000,6,22,1,63220,32458,1
1790,B,1200000,1200000,2,27,1,51720,44587,1
1791,B,700000,700000,2,25,1,9405,81270,1
1792,B,700000,700000,2,49,1,22802,19449,1
1793,B,800000,800000,2,58,1,90000,6723,1
1794,B,700000,700000,2,26,0,179712,17870,1
1795,B,800000,800000,3,58,1,,7980,1
1796,B,800000,800000,2,50,0,73043,180000,1
1797,B,300000,300000,2,23,1,57298,18306,1
1798,B,700000,700000,2,40,1,106962,43432,1
1799,B,600000,300000,6,23,1,10882,45042,1
1800,B,600000,600000,2,57,1,53542,26384,1
1801,B,800000,800000,2,48,1,43539,179882,1
1802,B,900000,300000,6,20,0,56813,46409,1
1803,B,1200000,300000,7,58,1,40311,6511,1
1804,A,600000,600000,6,21,1,188835,58326,1
1805,B,600000,600000,2,26,1,,29669,1
1806,B,200000,200000,6,19,1,37176,19236,1
1807,B,500000,300000,11,38,1,7749,62271,1
1808,B,1000000,1000000,3,69,1,0,13019,1
1809,B,400000,400000,2,26,1,0,18261,1
1810,B,200000,200000,6,21,1,47602,46026,1
1811,B,1000000,300000,6,22,1,90677,41790,1
1812,B,500000,500000,2,31,1,5688,37710,1
1813,B,500000,300000,13,27,1,30022,45764,1
1814,B,300000,300000,6,22,1,158813,31707,1
1815,B,800000,800000,2,35,1,19803,10485,1
1816,B,800000,800000,7,29,1,11622,32700,1
1817,B,600000,600000,2,27,1,6583,82719,1
1818,B,800000,800000,2,35,1,0,7020,1
1819,B,800000,300000,7,54,1,0,4950,1
1820,B,800000,300000,7,57,1,22416,19160,1
1821,B,800000,800000,2,32,1,16300,16717,1
1822,B,800000,800000,2,40,1,252402,20286,1
1823,B,1300000,1300000,4,46,1,92992,23850,1
1824,B,200000,200000,2,25,1,151768,24300,1
1825,B,1300000,1300000,4,43,1,73573,36217,1
1826,B,700000,200000,6,25,1,146143,40353,1
1827,B,1100000,300000,2,24,1,0,6138,1
1828,B,700000,200000,6,22,1,33890,1704,1
1829,B,200000,200000,6,21,1,55542,8208,1
1830,B,800000,800000,3,25,1,15390,11207,1
1831,B,800000,300000,7,64,1,1652,30582,1
1832,B,600000,600000,2,30,1,17338,1575,1
1833,B,800000,300000,7,57,1,2854,33840,1
1834,A,600000,600000,2,24,1,24883,11706,1
1835,B,500000,500000,2,25,1,18385,28439,1
1836,B,800000,800000,2,49,1,,59575,1
1837,B,600000,300000,2,25,1,0,20439,1
1838,R,700000,700000,2,24,1,164616,53028,1
1839,B,1300000,1300000,2,34,0,84018,22770,1
1840,A,700000,700000,7,44,1,19856,29898,1
1841,B,600000,300000,8,65,1,48432,41670,1
1842,B,1000000,1000000,2,25,1,64943,15632,1
1843,B,400000,300000,11,30,1,,27045,1
1844,B,1000000,1000000,2,24,1,35271,74039,1
1845,B,800000,800000,2,43,1,12593,12591,1
1846,B,500000,250000,11,29,1,7359,5832,1
1847,R,700000,200000,7,48,1,93517,10890,1
1848,B,1300000,1300000,4,56,1,115167,36428,1
1849,B,700000,700000,2,24,1,9876,27167,1
1850,B,200000,200000,6,22,1,12983,3233,1
1851,A,1000000,1000000,3,24,1,38123,10557,1
1852,R,800000,800000,2,23,1,0,32868,1
1853,B,500000,500000,3,30,0,41339,65142,1
1854,B,800000,800000,2,42,1,,84150,1
1855,B,500000,500000,2,29,1,0,0,1
1856,B,700000,700000,3,26,1,32054,23945,1
1857,B,1300000,1300000,2,37,1,433296,5434,1
1858,B,700000,700000,2,24,1,126925,13137,1
1859,B,800000,800000,2,32,1,999,10890,1
1860,B,200000,200000,6,23,1,52908,12312,1
1861,B,500000,500000,2,24,1,0,11151,1
1862,B,700000,600000,2,33,1,0,22468,1
1863,B,500000,500000,2,33,1,114746,29610,1
1864,B,800000,800000,2,40,0,3610,28935,1
1865,A,1100000,1100000,2,48,0,106328,93628,1
1866,B,600000,600000,2,25,1,21318,23553,1
1867,B,800000,800000,2,25,1,,38790,1
1868,B,800000,800000,2,49,1,14108,60193,1
1869,B,800000,800000,2,56,1,0,8811,1
1870,B,700000,400000,7,29,1,145647,8010,1
1871,B,1300000,600000,2,29,1,69636,31368,1
1872,B,600000,600000,2,31,1,0,27243,1
1873,B,800000,800000,2,50,1,14516,18306,1
1874,B,600000,600000,2,30,1,32191,20368,1
1875,A,1300000,1300000,2,25,1,45730,47558,1
1876,B,1300000,1300000,3,27,1,49497,16470,1
1877,B,400000,400000,2,24,0,7240,8820,1
1878,B,600000,600000,2,44,1,14630,10782,1
1879,B,1000000,1000000,3,24,1,369939,11970,1
1880,B,600000,600000,2,27,0,,8109,1
1881,B,700000,700000,2,27,1,86560,38700,1
1882,B,700000,700000,2,30,1,66446,15629,1
1883,B,700000,700000,2,33,0,0,155619,1
1884,R,1300000,1300000,3,32,0,158580,125730,1
1885,B,900000,400000,2,26,1,102203,54919,1
1886,B,800000,800000,2,50,1,0,14355,1
1887,B,800000,800000,12,38,1,4703,3695,1
1888,B,500000,500000,2,52,1,83980,66780,1
1889,B,800000,800000,4,54,1,0,92160,1
1890,A,700000,700000,2,26,1,29785,8792,1
1891,B,700000,700000,2,24,1,0,8712,1
1892,B,1300000,600000,12,53,1,149362,15930,1
1893,B,1000000,1000000,2,24,1,10754,4500,1
1894,A,1100000,900000,2,23,1,32906,2277,1
1895,B,900000,300000,6,21,1,157212,13851,1
1896,B,600000,600000,2,36,0,7524,4050,1
1897,B,600000,300000,6,22,0,,12911,1
1898,B,1300000,1300000,2,49,1,42409,47197,1
1899,B,1100000,1100000,2,27,1,69781,7911,1
1900,B,800000,800000,2,48,0,0,58515,1
1901,A,600000,300000,8,79,1,9415,15777,1
1902,B,800000,800000,2,31,1,23320,13194,1
1903,B,1300000,1300000,2,30,0,0,25740,1
1904,B,400000,400000,2,22,1,4494,8901,1
1905,B,800000,800000,2,56,1,68528,180000,1
1906,B,800000,800000,5,31,1,7885,36879,1
1907,B,1200000,1200000,3,24,1,311647,26172,1
1908,B,1300000,1300000,2,32,0,109415,37574,1
1909,B,700000,200000,5,42,1,129380,83683,1
1910,B,800000,800000,2,57,1,1036,17406,1
1911,B,800000,300000,6,21,1,0,14850,1
1912,B,1100000,1100000,2,29,1,29850,13455,1
1913,B,700000,600000,2,25,1,0,73494,1
1914,B,800000,300000,6,22,1,11506,18295,1
1915,B,600000,600000,2,41,1,71349,179711,1
1916,B,200000,200000,11,27,1,2508,22716,1
1917,B,500000,500000,2,34,1,,66925,1
1918,A,1000000,1000000,2,30,1,34448,26469,1
1919,B,1000000,1000000,2,26,0,15960,24840,1
1920,A,700000,700000,2,29,1,0,17226,1
1921,B,1200000,1100000,4,60,1,48791,3281,1
1922,B,700000,700000,2,50,1,37430,13950,1
1923,A,700000,200000,6,21,1,21200,13138,1
1924,B,800000,300000,7,64,1,0,10827,1
1925,B,600000,600000,5,39,1,22762,8802,1
1926,B,500000,500000,2,56,1,45458,11385,1
1927,B,800000,400000,2,37,1,61067,12078,1
1928,B,300000,300000,7,45,1,855826,183085,1
1929,B,400000,400000,1,58,1,2484,3766,1
1930,B,900000,300000,6,20,1,26731,9365,1
1931,B,800000,800000,2,41,1,21318,22608,1
1932,B,600000,600000,5,54,1,541490,19296,1
1933,B,500000,500000,2,25,1,35255,11781,1
1934,B,400000,300000,6,23,1,4000,12736,1
1935,B,800000,800000,2,24,1,0,10782,1
1936,B,500000,300000,6,22,1,2038,3555,1
1937,B,800000,800000,2,54,1,3324,23850,1
1938,B,500000,500000,2,26,1,49195,38490,1
1939,B,1000000,600000,2,49,1,59755,45027,1
1940,B,800000,800000,2,57,1,13033,180000,1
1941,B,800000,800000,7,47,1,0,13158,1
1942,B,700000,300000,2,34,1,0,38088,1
1943,B,1100000,1100000,2,31,1,113454,36064,1
1944,B,800000,300000,8,74,1,19354,8937,1
1945,B,800000,800000,2,46,0,,7128,1
1946,B,800000,300000,7,62,1,15064,14535,1
1947,B,800000,800000,1,72,1,28744,17820,1
1948,B,1300000,300000,7,46,1,24138,17766,1
1949,B,500000,500000,13,28,1,0,14314,1
1950,B,400000,400000,2,54,1,7720,15386,1
1951,B,500000,300000,6,22,1,2299,19593,1
1952,B,800000,300000,6,20,1,38311,30498,1
1953,B,200000,200000,6,21,1,0,52814,1
1954,B,700000,700000,2,25,1,19823,10188,1
1955,R,1100000,1100000,2,29,1,60955,21780,1
1956,B,800000,300000,6,22,1,60492,7915,1
1957,B,700000,700000,2,48,1,,7461,1
1958,B,200000,200000,6,21,1,31596,14625,1
1959,B,800000,800000,7,59,1,11320,9900,1
1960,B,500000,500000,2,23,1,3382,37620,1
1961,B,800000,800000,2,43,1,17221,10120,1
1962,B,800000,800000,2,39,1,50254,17828,1
1963,B,200000,200000,7,22,1,160558,20535,1
1964,B,500000,500000,2,24,0,0,8613,1
1965,B,500000,500000,2,28,1,4389,5397,1
1966,B,500000,500000,2,24,1,3972,9000,1
1967,B,200000,200000,6,21,1,61153,12920,1
1968,B,400000,300000,6,22,1,6166,0,1
1969,B,500000,300000,2,24,1,19465,4716,1
1970,B,500000,300000,2,24,1,,4716,1
1971,B,400000,400000,2,25,0,7618,49590,1
1972,B,600000,600000,2,32,0,0,6039,1
1973,B,500000,300000,11,62,0,135587,63928,1
1974,B,1300000,300000,4,52,1,183021,6371,1
1975,B,500000,500000,2,27,1,35215,16298,1
1976,B,1300000,800000,7,43,1,47995,5023,1
1977,B,1300000,300000,4,59,1,59845,27676,1
1978,B,600000,300000,2,44,1,14606,90000,1
1979,B,800000,800000,3,31,0,4584,1169,1
1980,B,800000,300000,7,57,1,,8237,1
1981,B,800000,800000,2,57,1,,8447,1
1982,B,1300000,300000,7,43,1,92751,17351,1
1983,B,800000,300000,8,77,1,1780,15691,1
1984,B,600000,600000,2,50,1,43336,1479,1
1985,B,1200000,1200000,4,52,1,15737,38863,1
1986,B,500000,500000,2,26,0,69807,29310,1
1987,B,700000,500000,5,88,1,34884,26234,1
1988,B,1000000,1000000,2,24,1,173902,9887,1
1989,B,800000,800000,2,53,1,18370,12470,1
1990,B,800000,800000,10,36,1,58789,105233,1
1991,B,800000,300000,4,75,1,25076,6166,1
1992,B,400000,400000,2,50,1,15415,5739,1
1993,B,1300000,1300000,2,60,1,43076,10118,1
1994,B,1000000,1000000,2,66,1,79017,931,1
1995,B,600000,300000,4,37,1,22535,18006,1
1996,B,800000,800000,2,65,1,0,8642,1
1997,B,1200000,1200000,2,56,0,64813,41524,1
1998,B,500000,500000,2,23,1,10324,2926,1
1999,B,600000,600000,2,47,1,46525,13927,1
2000,B,800000,300000,7,56,1,28084,462,1
2001,B,1000000,1000000,2,26,1,212846,55264,1
2002,B,400000,400000,8,81,1,19513,15562,1
2003,B,800000,800000,8,86,1,3854,513,1
2004,B,700000,300000,8,86,1,9003,3197,1
2005,B,600000,600000,4,47,1,0,63687,1
2006,B,500000,500000,7,54,1,23921,7911,1
2007,B,600000,600000,4,57,1,15352,55187,1
2008,B,700000,200000,7,48,1,132690,10458,1
2009,B,1200000,1200000,4,62,1,105210,1556,1
2010,B,800000,300000,7,57,1,0,25532,1
2011,B,700000,200000,6,19,0,16723,14400,1
2012,B,200000,200000,8,59,0,44892,9184,1
2013,A,800000,800000,2,56,1,49131,179577,1
2014,A,1200000,1200000,2,38,1,259311,11039,1
2015,B,1200000,1200000,4,45,1,4083,5287,1
2016,B,800000,800000,2,61,1,14162,10744,1
2017,B,1300000,1300000,1,61,1,8554,77868,1
2018,B,700000,300000,7,53,1,88938,20160,1
2019,B,800000,300000,7,65,1,213122,30890,1
2020,B,800000,800000,8,85,1,10389,1622,1
2021,B,600000,600000,4,58,1,,13355,1
2022,B,800000,800000,4,53,1,5653,19305,1
2023,B,700000,700000,2,65,1,0,21491,1
2024,B,1200000,1200000,13,41,1,71426,5931,1
2025,B,600000,600000,2,30,1,47362,29943,1
2026,B,1100000,300000,3,63,1,130120,2878,1
2027,B,900000,700000,2,27,1,43426,43817,1
2028,R,1200000,700000,2,24,1,97971,25305,1
2029,B,400000,400000,4,55,1,16650,4742,1
2030,B,500000,500000,2,49,0,23214,5456,1
2031,B,800000,300000,4,56,1,21185,18520,1
2032,A,1100000,300000,4,39,1,60915,23004,1
2033,B,1200000,1100000,7,56,1,62481,32066,1
2034,B,200000,200000,8,79,1,78040,16859,1
2035,B,800000,400000,8,90,1,36754,8148,1
2036,B,400000,300000,8,82,1,0,3748,1
2037,B,800000,800000,7,59,1,15070,65691,1
2038,B,400000,400000,7,48,1,3781,10850,1
2039,A,500000,300000,4,51,1,117021,25190,1
2040,B,500000,300000,6,21,0,14370,4506,1
2041,B,800000,800000,4,60,1,85485,23166,1
2042,B,800000,300000,2,53,1,9259,5694,1
2043,B,800000,300000,7,50,1,24000,8010,1
2044,B,1000000,1000000,1,58,1,817505,29339,1
2045,B,800000,300000,7,53,1,0,20529,1
2046,B,1000000,1000000,2,27,0,193954,13860,1
2047,B,600000,300000,7,55,1,3781,8010,1
2048,B,600000,600000,1,78,0,30910,3293,1
2049,R,1000000,1000000,10,30,1,69799,10368,1
2050,B,1300000,1300000,4,52,1,220083,26965,1
2051,B,800000,800000,7,53,1,2787,11657,1
2052,B,200000,200000,3,23,1,205776,1080,1
2053,B,800000,800000,2,56,0,28013,7219,1
2054,B,500000,500000,4,49,1,0,36234,1
2055,B,600000,600000,4,50,1,0,13297,1
2056,B,800000,500000,8,67,1,34784,26142,1
2057,B,800000,800000,4,60,1,2442,1044,1
2058,B,700000,700000,3,31,1,19874,25490,1
2059,B,800000,300000,4,49,1,19293,28564,1
2060,B,700000,300000,7,50,1,13340,1745,1
2061,B,800000,800000,8,68,1,2523,7668,1
2062,A,800000,300000,11,66,1,26845,22075,1
2063,B,800000,300000,4,56,1,87876,22033,1
2064,B,1000000,500000,8,73,0,308773,40930,1
2065,B,700000,300000,4,64,1,608,5544,1
2066,B,1300000,300000,8,67,1,30000,7113,1
2067,B,600000,600000,7,67,1,5013,6072,1
2068,B,700000,700000,10,33,0,1160,3633,1
2069,B,300000,300000,6,22,1,0,7929,1
2070,A,1100000,1100000,7,56,1,75475,17028,1
2071,A,600000,600000,7,25,1,40049,19157,1
2072,B,600000,300000,7,57,1,1976,25938,1
2073,B,800000,800000,2,28,1,85726,44694,1
2074,B,700000,700000,2,47,1,47690,4100,1
2075,B,800000,800000,8,82,0,4878,7377,1
2076,B,600000,600000,7,64,1,5338,6651,1
2077,B,1300000,1300000,2,49,1,124730,70038,1
2078,B,1000000,1000000,2,51,1,203592,22284,1
2079,B,1200000,300000,7,59,1,24370,21285,1
2080,B,200000,200000,2,65,1,18283,2167,1
2081,B,600000,600000,2,31,0,8597,19118,1
2082,B,1300000,1300000,10,60,1,99100,13455,1
2083,B,600000,300000,7,55,1,9785,24228,1
2084,B,800000,800000,4,59,1,14176,11025,1
2085,B,800000,800000,2,56,1,147285,29807,1
2086,B,700000,700000,2,32,1,3745,9990,1
2087,B,1100000,1100000,2,49,1,67064,8694,1
2088,A,800000,800000,2,60,1,0,8635,1
2089,B,1000000,1000000,2,58,1,98576,20967,1
2090,B,1200000,1200000,5,79,1,149632,73810,1
2091,B,600000,600000,2,27,0,10071,10764,1
2092,B,600000,600000,2,27,0,,10764,1
2093,B,800000,800000,2,47,0,0,36522,1
2094,B,1200000,300000,7,52,1,97454,2772,1
2095,B,1000000,1000000,2,45,0,380022,55584,1
2096,B,1300000,300000,4,43,1,1710,22909,1
2097,B,800000,800000,2,43,0,1863,5435,1
2098,B,600000,600000,2,26,1,30029,0,1
2099,B,700000,700000,3,30,1,12255,2862,1
2100,B,800000,800000,2,59,0,941,12139,1
2101,B,1300000,1300000,2,43,1,62050,31951,1
2102,B,700000,700000,2,29,1,0,16920,1
2103,B,800000,300000,4,65,1,67670,48897,1
2104,B,1000000,1000000,7,32,1,97110,20451,1
2105,B,800000,800000,2,37,1,0,9924,1
2106,B,1300000,300000,7,59,1,123144,175230,1
2107,B,500000,300000,4,74,1,9102,9236,1
2108,B,500000,500000,2,24,1,0,5643,1
2109,A,1000000,300000,6,21,1,52811,1285,1
2110,B,200000,200000,5,56,1,0,59994,1
2111,B,500000,500000,2,30,0,20760,27168,1
2112,A,700000,400000,2,22,1,250775,2871,1
2113,B,1200000,400000,2,23,1,74044,5445,1
2114,B,800000,500000,2,75,1,0,10890,1
2115,B,800000,300000,11,63,0,30671,44710,1
2116,A,200000,200000,6,25,1,26117,9175,1
2117,B,700000,700000,7,53,1,20154,13966,1
2118,B,1300000,800000,8,69,1,149657,35633,1
2119,B,600000,300000,7,51,1,6385,27252,1
2120,B,500000,500000,5,77,1,43124,22362,1
2121,B,800000,500000,8,81,1,8310,13770,1
2122,A,700000,200000,6,20,1,78239,3971,1
2123,B,1300000,300000,7,56,1,54502,942,1
2124,B,700000,700000,4,52,1,17012,2249,1
2125,B,800000,800000,2,30,0,18195,6634,1
2126,B,800000,300000,7,52,1,13153,6979,1
2127,B,1300000,300000,4,49,1,25542,40026,1
2128,B,1000000,1000000,4,65,1,56827,49099,1
2129,B,1000000,1000000,2,33,1,172592,28283,1
2130,B,1100000,1100000,2,32,1,87694,14311,1
2131,B,200000,200000,6,20,1,10924,15797,1
2132,B,1000000,1000000,3,57,1,0,9000,1
2133,B,700000,700000,2,26,1,262706,16658,1
2134,B,700000,700000,8,83,1,9608,25821,1
2135,B,800000,800000,4,80,1,,28827,1
2136,B,300000,300000,13,59,1,,14905,1
2137,B,700000,700000,8,92,0,32219,17987,1
2138,B,800000,800000,4,71,1,88439,43362,1
2139,B,1100000,1100000,4,58,1,220450,48969,1
2140,B,1000000,1000000,2,24,1,96691,20350,1
2141,B,800000,300000,4,60,1,91976,12238,1
2142,B,700000,300000,8,82,1,18320,7830,1
2143,B,800000,800000,2,31,1,2717,43386,1
2144,B,700000,300000,6,24,0,4841,11943,1
2145,B,700000,700000,2,48,1,24200,17020,1
2146,B,1100000,1100000,2,71,0,11313,15344,1
2147,B,1300000,500000,8,64,1,268005,10550,1
2148,B,500000,500000,2,26,1,8201,11004,1
2149,B,900000,900000,2,24,1,31687,5040,1
2150,B,700000,700000,3,25,1,14586,15269,1
2151,B,1200000,1000000,2,40,1,34123,11475,1
2152,B,1300000,1300000,1,61,0,11058,10764,1
2153,B,1100000,300000,7,43,1,11948,46286,1
2154,B,1300000,1300000,2,59,1,30135,19206,1
2155,B,1000000,300000,8,77,1,243835,6027,1
2156,B,700000,700000,2,47,1,43722,44559,1
2157,B,1300000,500000,4,76,1,101282,8073,1
2158,R,1300000,1300000,10,49,1,63215,75033,1
2159,B,1300000,300000,8,66,1,4854,67683,1
2160,A,900000,400000,7,64,1,0,16497,1
2161,B,800000,300000,5,68,1,,10494,1
2162,B,800000,300000,8,76,1,0,6982,1
2163,B,800000,300000,2,47,1,35255,8325,1
2164,B,800000,800000,2,38,1,0,17277,1
2165,B,1200000,300000,7,46,1,3538,5347,1
2166,B,1100000,1100000,4,54,1,85427,522,1
2167,B,200000,200000,6,19,1,16051,2061,1
2168,B,800000,800000,4,72,1,1840,13052,1
2169,B,500000,300000,2,62,1,16090,219,1
2170,R,1200000,1000000,2,39,1,59000,7640,1
2171,B,800000,800000,2,63,1,10866,25078,1
2172,B,600000,600000,2,29,1,0,21812,1
2173,B,500000,300000,2,45,1,7411,19882,1
2174,B,1200000,300000,7,53,1,67677,10805,1
2175,B,1300000,1300000,8,78,0,78535,2970,1
2176,B,400000,400000,2,29,1,36384,68074,1
2177,B,400000,400000,2,29,1,524,68074,1
2178,B,800000,800000,2,26,1,0,27000,1
2179,B,500000,500000,2,31,1,9206,32490,1
2180,B,600000,300000,6,22,1,2879,8159,1
2181,B,600000,600000,2,29,1,6688,12960,1
2182,B,300000,300000,6,21,1,26149,4842,1
2183,B,1200000,1200000,2,42,1,173600,29156,1
2184,R,800000,800000,2,35,1,8268,28565,1
2185,B,700000,700000,2,25,1,5643,47404,1
2186,B,600000,600000,2,24,1,4541,10495,1
2187,B,500000,0,4,38,1,17421,8337,1
2188,B,400000,300000,6,23,0,0,20645,1
2189,B,800000,800000,4,62,1,0,235,1
2190,A,1300000,300000,4,54,1,82118,125532,1
2191,B,900000,900000,2,25,1,75143,66569,1
2192,B,1100000,800000,5,50,1,163622,95040,1
2193,B,700000,700000,7,50,1,14611,21582,1
2194,B,1000000,500000,2,24,0,0,28413,1
2195,A,500000,300000,7,37,1,77755,35084,1
2196,B,800000,300000,4,57,1,38665,80775,1
2197,B,800000,800000,2,55,1,0,14735,1
2198,B,900000,900000,4,46,1,4530,4000,1
2199,B,1200000,1200000,2,61,1,15000,56349,1
2200,B,200000,200000,2,26,1,39077,28462,1
2201,A,700000,700000,2,48,1,34796,46035,1
2202,B,600000,600000,2,26,1,1571,33695,1
2203,B,600000,600000,2,29,1,31198,13643,1
2204,B,600000,600000,2,52,1,4099,29635,1
2205,A,1300000,700000,7,52,1,60107,18810,1
2206,B,800000,800000,2,55,1,0,34650,1
2207,B,700000,700000,2,58,1,88009,91080,1
2208,A,800000,800000,2,30,1,5266,8256,1
2209,B,800000,800000,2,33,1,77683,26847,1
2210,B,700000,300000,4,48,1,15070,30978,1
2211,B,600000,600000,2,26,1,0,88704,1
2212,B,200000,200000,6,21,1,5320,20097,1
2213,R,500000,500000,2,33,0,21945,52308,1
2214,B,500000,500000,2,26,1,34884,18609,1
2215,R,1000000,1000000,2,22,1,102467,37820,1
2216,B,1200000,1200000,13,49,1,451115,154440,1
2217,A,600000,600000,2,24,1,1516,5592,1
2218,B,800000,800000,2,60,1,,31302,1
2219,B,1300000,1300000,3,57,0,57893,50160,1
2220,B,400000,400000,4,38,1,16060,10688,1
2221,B,800000,800000,2,42,0,4662,85580,1
2222,B,700000,700000,2,24,0,18629,11391,1
2223,B,800000,800000,2,24,1,327875,18181,1
2224,B,1200000,1200000,2,32,1,154706,10242,1
2225,B,500000,500000,2,28,1,1244,37818,1
2226,B,700000,700000,3,24,1,575,23384,1
2227,B,1300000,1300000,2,53,1,50000,78210,1
2228,B,800000,800000,4,60,1,19918,15770,1
2229,A,1200000,1200000,1,67,1,24986,173795,1
2230,B,1300000,1300000,2,43,0,107422,39664,1
2231,B,800000,300000,7,57,1,34670,50886,1
2232,B,400000,400000,2,24,1,0,1674,1
2233,A,700000,700000,2,57,0,0,134955,1
2234,B,600000,600000,2,31,0,,38673,1
2235,B,700000,700000,2,42,1,26850,9630,1
2236,R,1100000,300000,7,45,1,117370,38530,1
2237,B,700000,700000,2,28,1,55730,14148,1
2238,B,500000,300000,5,39,1,144240,70290,1
2239,B,1300000,1300000,2,53,1,60985,147581,1
2240,B,800000,800000,4,45,1,13365,75400,1
2241,B,200000,200000,7,28,1,43619,146149,1
2242,B,1300000,1300000,2,52,1,70840,24552,1
2243,B,500000,500000,2,31,1,0,52568,1
2244,B,700000,700000,2,26,0,17229,60781,1
2245,A,1000000,1000000,2,33,1,158913,34056,1
2246,B,700000,700000,2,61,1,14212,79884,1
2247,B,700000,300000,4,51,1,71509,40212,1
2248,B,700000,700000,5,41,1,51416,17712,1
2249,B,200000,200000,5,41,1,0,13662,1
2250,B,1100000,300000,12,51,1,68941,138750,1
2251,B,800000,800000,3,47,1,55480,31680,1
2252,B,1200000,1200000,4,47,1,578416,84240,1
2253,B,1200000,1200000,3,24,1,41399,37512,1
2254,B,1300000,1300000,2,49,1,138481,139854,1
2255,B,800000,300000,4,39,1,23266,144272,1
2256,B,500000,500000,5,42,1,10963,19800,1
2257,B,300000,300000,7,48,1,46573,109426,1
2258,A,600000,300000,4,54,1,,39600,1
2259,B,800000,800000,2,52,1,136581,37620,1
2260,B,700000,700000,5,62,1,2945,22404,1
2261,B,800000,300000,4,54,1,51180,13860,1
2262,B,1200000,300000,2,26,1,89753,18614,1
2263,A,500000,500000,2,50,1,2242,29634,1
2264,B,800000,300000,7,56,1,0,8280,1
2265,B,800000,300000,2,26,1,60369,21057,1
2266,B,1300000,300000,7,57,1,41464,14553,1
2267,B,1300000,1300000,2,41,0,0,178425,1
2268,B,1100000,700000,2,25,1,6084,2655,1
2269,B,600000,600000,2,24,1,9521,0,1
2270,B,500000,300000,4,65,1,0,42570,1
2271,B,600000,600000,2,38,1,49442,64555,1
2272,B,1300000,1300000,4,50,1,29000,62360,1
2273,B,500000,300000,1,56,1,,25528,1
2274,B,1300000,1300000,2,50,1,53433,31770,1
2275,B,500000,500000,2,54,1,56070,22279,1
2276,B,200000,200000,2,44,0,,179195,1
2277,B,1200000,300000,4,40,1,56443,28971,1
2278,B,1300000,300000,7,53,1,56978,88587,1
2279,B,1100000,1100000,4,46,1,8510,27720,1
2280,B,700000,200000,2,21,1,139657,17820,1
2281,B,1300000,1300000,2,30,1,83980,65776,1
2282,B,800000,800000,2,62,0,0,32063,1
2283,B,1300000,300000,4,61,1,85982,30106,1
2284,B,1000000,1000000,2,37,0,161981,156906,1
2285,B,400000,400000,2,34,1,39815,12960,1
2286,B,500000,500000,2,24,1,76797,25403,1
2287,B,800000,800000,2,64,1,4280,94631,1
2288,B,600000,300000,6,23,1,0,2673,1
2289,B,1100000,1100000,7,48,1,83550,67797,1
2290,B,800000,300000,8,64,1,14108,24840,1
2291,B,700000,700000,2,54,1,13290,32499,1
2292,B,800000,800000,2,32,1,0,167400,1
2293,B,600000,600000,7,33,1,7410,19800,1
2294,B,1100000,1100000,2,28,1,1777,30078,1
2295,B,1100000,1100000,2,28,1,,30078,1
2296,A,700000,700000,2,28,1,122822,23044,1
2297,B,700000,700000,12,54,1,125030,180000,1
2298,A,1200000,1200000,1,51,1,151811,12078,1
2299,B,1300000,1300000,2,55,0,157615,33899,1
2300,B,1300000,300000,4,58,1,0,41175,1
2301,B,1300000,1300000,4,49,1,49213,24354,1
2302,A,700000,700000,4,45,1,19470,23018,1
2303,B,1300000,1300000,2,48,1,70585,86220,1
2304,B,1000000,1000000,1,49,0,0,16731,1
2305,R,800000,800000,5,53,1,,41949,1
2306,B,1000000,1000000,2,28,1,2736,69300,1
2307,B,1300000,1300000,2,54,1,101593,47410,1
2308,B,800000,800000,2,60,0,14937,3597,1
2309,R,700000,700000,2,31,1,0,72667,1
2310,B,1100000,1100000,4,53,1,88198,23537,1
2311,B,800000,800000,2,53,1,123640,37017,1
2312,B,1300000,1300000,2,46,1,45824,1645,1
2313,B,500000,500000,2,23,1,0,16182,1
2314,B,1200000,1200000,2,29,1,76989,166410,1
2315,B,800000,800000,2,27,1,345685,2708,1
2316,B,400000,300000,7,25,1,5980,12488,1
2317,B,500000,500000,2,30,0,11736,22343,1
2318,B,700000,700000,2,24,1,9268,38205,1
2319,B,800000,800000,2,34,1,44174,25179,1
2320,B,700000,700000,2,24,1,46289,37620,1
2321,B,1300000,1300000,2,31,1,154333,172350,1
2322,B,1200000,1200000,7,51,1,14060,48798,1
2323,B,1200000,1100000,3,24,1,100320,83087,1
2324,B,1300000,1300000,4,62,1,147316,105683,1
2325,B,800000,800000,3,46,1,42922,140670,1
2326,R,1300000,1300000,2,58,1,449143,89653,1
2327,B,800000,800000,2,31,0,18392,5742,1
2328,B,700000,700000,2,53,1,17315,5544,1
2329,B,700000,700000,10,35,0,,36531,1
2330,B,700000,700000,2,38,1,0,3060,1
2331,B,700000,700000,2,29,0,25000,31770,1
2332,B,800000,800000,2,56,1,43218,5017,1
2333,B,1300000,1000000,12,52,1,25220,22455,1
2334,B,700000,700000,2,39,1,5643,83547,1
2335,B,600000,600000,2,29,1,,5495,1
2336,R,800000,800000,3,45,0,18044,36630,1
2337,A,800000,800000,2,50,1,0,34146,1
2338,B,800000,800000,2,55,1,0,57384,1
2339,B,700000,700000,2,24,0,0,21177,1
2340,R,800000,800000,2,30,1,67721,14197,1
2341,B,500000,500000,2,27,1,0,112010,1
2342,B,900000,300000,6,28,1,270440,39690,1
2343,B,1200000,1200000,2,31,1,75835,1773,1
2344,B,1200000,1200000,2,47,1,57346,100181,1
2345,B,500000,500000,2,43,1,41366,35730,1
2346,B,800000,800000,1,66,1,2305,16722,1
2347,B,800000,500000,7,54,1,0,39700,1
2348,B,1300000,1300000,2,32,1,36055,26820,1
2349,B,1300000,1300000,2,29,1,27170,31500,1
2350,B,1300000,1300000,2,29,1,37398,64592,1
2351,A,600000,600000,10,26,1,80399,8712,1
2352,B,800000,700000,7,54,1,4105,31523,1
2353,B,800000,800000,2,58,1,759,67786,1
2354,A,1000000,1000000,2,24,0,104559,1169,1
2355,B,900000,900000,12,49,1,41278,98784,1
2356,B,800000,800000,3,29,0,0,8802,1
2357,A,1200000,700000,2,48,1,112543,81965,1
2358,B,500000,500000,2,25,1,,17055,1
2359,B,1300000,900000,12,43,1,116053,50580,1
2360,B,800000,800000,2,26,1,422383,62094,1
2361,B,200000,200000,13,59,1,,4473,1
2362,B,1300000,1300000,2,53,1,118413,30690,1
2363,B,1100000,700000,2,25,1,1035,2700,1
2364,B,1000000,300000,6,27,1,14656,32957,1
2365,R,500000,300000,6,34,1,0,97220,1
2366,B,600000,600000,2,29,1,80553,87371,1
2367,B,200000,200000,2,55,1,26471,35310,1
2368,B,500000,500000,2,24,1,874,16266,1
2369,B,800000,500000,2,33,1,25023,18702,1
2370,B,700000,700000,2,27,1,80604,60480,1
2371,B,600000,600000,2,26,1,195188,14178,1
2372,B,600000,600000,2,26,1,0,14178,1
2373,B,1300000,1300000,1,56,1,6199,112662,1
2374,B,300000,300000,2,25,1,36000,12460,1
2375,B,700000,700000,2,31,1,62164,25956,1
2376,B,1300000,1300000,2,57,0,49058,10485,1
2377,B,400000,400000,2,40,1,4579,832,1
2378,B,1300000,1300000,2,54,0,83777,38403,1
2379,B,1200000,1200000,2,24,1,52394,29979,1
2380,B,800000,800000,2,35,0,,32940,1
2381,B,500000,500000,2,26,1,105690,13386,1
2382,B,800000,800000,2,35,1,60966,47520,1
2383,B,1200000,1200000,3,29,1,159916,13951,1
2384,B,1200000,1200000,2,39,1,25000,43452,1
2385,B,500000,500000,13,51,1,0,54540,1
2386,A,600000,400000,7,42,1,432745,90000,1
2387,B,800000,800000,2,49,0,0,43650,1
2388,B,500000,500000,2,24,1,21199,30119,1
2389,B,500000,500000,2,42,1,20759,29692,1
2390,B,800000,800000,2,31,0,0,86220,1
2391,B,800000,800000,2,27,1,35573,87549,1
2392,B,1300000,1300000,2,27,1,0,180000,1
2393,A,1200000,1200000,2,25,1,37827,12870,1
2394,B,600000,600000,2,28,1,0,84834,1
2395,B,800000,800000,2,30,1,45750,82890,1
2396,B,1200000,1200000,2,39,1,0,14940,1
2397,B,1200000,1200000,2,39,1,34760,14940,1
2398,B,300000,300000,6,20,1,,4050,1
2399,B,800000,800000,2,31,1,0,180000,1
2400,B,700000,700000,2,25,1,32112,92949,1
2401,R,1000000,1000000,2,36,1,75480,73260,1
2402,B,800000,800000,2,52,0,0,10866,1
2403,B,800000,300000,4,55,1,3000,28800,1
2404,B,1000000,500000,7,28,1,42115,68119,1
2405,B,700000,400000,7,29,1,24746,41067,1
2406,B,700000,700000,1,51,1,,165330,1
2407,B,700000,700000,2,45,0,1167,42867,1
2408,B,700000,600000,3,23,1,104693,24524,1
2409,B,700000,700000,2,57,1,217101,57915,1
2410,B,1300000,1300000,2,27,0,314242,108314,1
2411,B,700000,200000,6,22,1,2822,2862,1
2412,B,400000,400000,7,34,1,24440,27451,1
2413,B,500000,400000,13,36,1,66716,147176,1
2414,A,1100000,1100000,2,32,1,175432,17405,1
2415,R,500000,500000,2,25,1,9960,26505,1
2416,B,1000000,1000000,2,27,1,38447,34506,1
2417,B,700000,300000,4,56,1,47968,13860,1
2418,B,1100000,300000,4,54,1,99951,14651,1
2419,B,1100000,300000,7,53,1,95884,54104,1
2420,B,700000,200000,6,22,1,313917,37386,1
2421,B,800000,800000,7,49,1,6146,17278,1
2422,B,1000000,1000000,2,59,1,57207,58410,1
2423,B,600000,300000,7,56,1,7914,57898,1
2424,B,800000,300000,7,47,1,1140,3427,1
2425,B,700000,700000,10,31,0,7771,166014,1
2426,B,800000,800000,2,31,1,2668,2745,1
2427,B,600000,600000,5,66,0,50098,20880,1
2428,B,500000,500000,2,35,1,11318,69885,1
2429,B,900000,900000,2,30,1,126003,12465,1
2430,R,900000,900000,2,45,0,108889,148500,1
2431,B,500000,500000,5,36,1,17005,57420,1
2432,B,600000,600000,2,28,1,6617,27315,1
2433,B,600000,600000,2,28,1,37050,50310,1
2434,B,1300000,300000,7,49,1,47003,16830,1
2435,B,800000,800000,2,33,1,0,31275,1
2436,B,700000,700000,5,61,1,48156,4752,1
2437,B,1100000,600000,2,24,1,30189,43567,1
2438,B,300000,300000,2,24,1,49524,23850,1
2439,B,600000,600000,2,26,1,11467,7614,1
2440,B,1000000,1000000,2,32,1,262736,5212,1
2441,B,800000,800000,2,30,0,,37710,1
2442,B,700000,700000,2,41,1,17242,47096,1
2443,B,800000,800000,2,28,0,167834,150480,1
2444,B,600000,600000,2,31,1,,34740,1
2445,B,800000,800000,3,59,1,2280,36522,1
2446,B,500000,500000,12,26,1,0,101664,1
2447,B,1100000,1100000,2,56,1,26820,52110,1
2448,B,700000,700000,3,59,1,5629,80144,1
2449,R,700000,700000,2,24,1,5414,34763,1
2450,B,600000,600000,2,29,1,15101,1129,1
2451,B,600000,300000,6,23,1,0,5654,1
2452,B,1100000,800000,2,24,1,12187,11475,1
2453,B,700000,700000,2,32,1,0,60286,1
2454,B,1300000,1300000,2,57,1,12679,72567,1
2455,B,1300000,300000,7,53,1,73568,109854,1
2456,B,700000,300000,7,40,1,71940,87021,1
2457,B,1300000,300000,7,44,1,352203,5734,1
2458,B,700000,700000,7,64,1,62320,67320,1
2459,B,1100000,1100000,2,48,1,25511,101585,1
2460,B,800000,800000,2,50,1,45460,19915,1
2461,B,800000,800000,3,37,1,57425,140853,1
2462,A,700000,700000,2,25,0,23417,6772,1
2463,A,700000,700000,2,26,1,9231,2843,1
2464,A,1200000,1200000,2,33,0,20343,166320,1
2465,B,800000,800000,7,56,1,20540,106740,1
2466,B,700000,700000,3,35,0,61011,4931,1
2467,B,700000,700000,2,58,1,22000,21717,1
2468,B,800000,800000,2,50,1,65483,40590,1
2469,B,1200000,1200000,2,25,0,30549,16920,1
2470,B,700000,700000,2,26,1,345918,124450,1
2471,B,1000000,1000000,2,29,1,218815,4777,1
2472,B,1300000,1300000,2,46,1,12382,180000,1
2473,B,600000,600000,2,46,0,16614,148500,1
2474,B,800000,800000,2,39,1,14593,45382,1
2475,B,800000,800000,2,32,1,28800,33257,1
2476,A,1000000,1000000,2,27,1,32490,14355,1
2477,B,800000,800000,2,40,1,0,27860,1
2478,B,1300000,1300000,2,29,1,187066,37457,1
2479,B,1300000,300000,7,66,1,22040,26730,1
2480,A,1300000,1300000,2,45,1,46607,16830,1
2481,B,800000,800000,13,53,1,,22325,1
2482,B,1300000,1300000,2,28,1,204998,115731,1
2483,B,1000000,1000000,2,41,0,307071,39523,1
2484,B,1300000,1300000,2,35,1,479894,76815,1
2485,B,1300000,1300000,2,35,1,,76815,1
2486,B,1300000,1300000,2,34,1,206218,24036,1
2487,A,500000,500000,2,34,1,9928,129222,1
2488,A,500000,500000,2,30,0,0,21879,1
2489,B,1300000,1300000,2,49,1,202965,6435,1
2490,B,600000,600000,2,27,1,18000,28161,1
2491,R,800000,800000,2,27,1,30879,16830,1
2492,B,500000,300000,2,23,1,116063,29974,1
2493,B,800000,800000,2,34,1,68020,47614,1
2494,B,700000,700000,7,28,1,21945,8505,1
2495,B,1300000,1100000,2,30,1,15802,79577,1
2496,B,400000,300000,11,23,0,371,144720,1
2497,B,1300000,1300000,2,54,1,336818,64970,1
2498,B,800000,800000,2,50,0,75700,26874,1
2499,B,500000,500000,2,31,0,147862,69824,1
2500,B,1000000,1000000,2,65,0,23960,8721,1
2501,A,700000,700000,5,26,1,116582,19800,1
2502,A,600000,600000,5,54,1,17562,267231,1
2503,B,600000,600000,5,70,1,5035,335700,1
2504,B,600000,600000,5,45,1,3610,42939,1
2505,B,500000,500000,2,30,0,80860,34560,1
2506,B,800000,800000,2,57,1,4457,2204,1
2507,B,700000,700000,4,51,1,39346,22725,1
2508,B,700000,300000,4,39,1,0,12267,1
2509,B,1200000,1200000,4,55,1,375090,78201,1
2510,B,1000000,600000,2,25,1,227437,55000,1
2511,B,1100000,1100000,12,30,1,67394,17910,1
2512,B,300000,300000,6,26,0,33000,3861,1
2513,B,500000,500000,7,35,1,0,5534,1
2514,B,700000,300000,2,28,1,0,10971,1
2515,B,800000,800000,2,60,0,19971,7920,1
2516,B,800000,800000,4,55,1,48921,21993,1
2517,B,1300000,1300000,4,43,1,0,63450,1
2518,B,1000000,1000000,5,26,0,108503,37730,1
2519,B,1000000,1000000,13,50,0,746270,83160,1
2520,B,700000,700000,5,50,1,0,25488,1
2521,R,1000000,1000000,1,32,1,219627,52848,1
2522,B,1100000,1100000,2,31,0,47000,164133,1
2523,B,700000,700000,2,23,0,,14841,1
2524,B,700000,700000,3,24,1,204485,9578,1
2525,A,200000,200000,6,22,1,27135,14850,1
2526,B,800000,800000,2,33,0,0,74043,1
2527,B,1500000,1500000,10,42,1,1539,270000,1
2528,B,700000,700000,2,48,0,34085,21999,1
2529,B,600000,600000,7,57,1,15776,14366,1
2530,B,700000,700000,2,46,1,0,18495,1
2531,B,200000,200000,6,21,1,26014,16177,1
2532,B,700000,700000,2,23,1,130576,43087,1
2533,A,500000,500000,3,24,1,685981,97070,1
2534,B,1000000,1000000,2,28,1,234215,133353,1
2535,A,800000,300000,8,67,1,0,43560,1
2536,B,400000,400000,7,23,1,9782,20880,1
2537,A,800000,800000,2,48,0,0,10890,1
2538,B,600000,600000,2,53,1,0,0,1
2539,B,800000,800000,1,55,0,0,161775,1
2540,B,600000,500000,2,25,0,7838,25830,1
2541,B,800000,800000,13,27,0,0,158400,1
2542,B,1200000,900000,7,46,1,65926,6059,1
2543,B,800000,800000,2,33,1,5330,24390,1
2544,R,1000000,500000,7,41,1,111708,3078,1
2545,B,900000,900000,2,26,0,120024,23463,1
2546,B,1300000,1300000,1,54,0,104523,120438,1
2547,B,800000,800000,2,32,0,49599,127981,1
2548,B,1100000,1100000,2,26,1,100985,6732,1
2549,R,1300000,1300000,2,45,1,2860,68400,1
2550,B,500000,500000,2,26,1,16600,58203,1
2551,B,500000,500000,2,57,1,,20682,1
2552,A,700000,700000,2,25,1,,45452,1
2553,B,900000,700000,7,23,1,10548,15939,1
2554,B,700000,700000,3,25,1,15362,19793,1
2555,B,1000000,600000,2,21,1,122840,13950,1
2556,B,800000,800000,2,53,0,637631,87993,1
2557,B,800000,800000,2,33,0,0,44315,1
2558,B,500000,500000,2,27,1,113512,7020,1
2559,B,700000,700000,2,28,0,2090,23633,1
2560,R,1000000,1000000,5,29,1,311264,25025,1
2561,B,600000,600000,3,25,1,47980,74867,1
2562,B,1200000,1200000,2,28,1,615798,16038,1
2563,B,1200000,1200000,2,48,0,0,7020,1
2564,B,1200000,1200000,2,35,1,60000,187360,1
2565,B,600000,600000,2,29,0,51716,3663,1
2566,B,600000,600000,2,29,0,0,3663,1
2567,A,800000,800000,2,33,0,10241,77814,1
2568,R,600000,600000,2,33,1,4399,83682,1
2569,A,800000,400000,2,24,1,228548,152460,1
2570,B,600000,600000,10,23,0,0,57420,1
2571,B,700000,700000,2,28,1,2926,108009,1
2572,B,700000,700000,2,41,0,52250,62370,1
2573,B,700000,700000,2,41,0,,62370,1
2574,B,800000,800000,2,31,0,0,25236,1
2575,B,200000,200000,6,19,0,37937,22374,1
2576,B,1300000,1300000,4,49,1,113839,189535,1
2577,B,500000,500000,10,30,0,0,23850,1
2578,B,800000,300000,6,26,1,448878,53204,1
2579,B,800000,800000,4,68,1,0,59274,1
2580,B,1300000,1300000,2,30,1,367958,12402,1
2581,B,600000,300000,6,20,1,5020,5638,1
2582,B,800000,300000,4,63,1,0,180000,1
2583,B,500000,300000,7,63,1,13502,12188,1
2584,B,800000,800000,2,52,0,,118620,1
2585,R,1100000,900000,2,31,1,180664,110915,1
2586,B,1100000,300000,7,39,1,117713,28512,1
2587,B,800000,800000,2,33,1,,128016,1
2588,R,700000,200000,2,29,1,32952,2277,1
2589,A,1300000,1300000,4,57,1,87689,3980,1
2590,B,1300000,1300000,2,51,1,59520,30971,1
2591,B,800000,800000,2,33,0,0,195750,1
2592,B,600000,600000,2,32,0,24722,82170,1
2593,B,1200000,1200000,2,34,1,27916,4608,1
2594,B,800000,800000,2,34,1,0,39690,1
2595,B,1100000,1100000,7,32,1,23310,37393,1
2596,B,900000,900000,7,78,1,0,158490,1
2597,B,600000,600000,2,27,1,64138,41211,1
2598,B,800000,800000,2,46,1,8360,0,1
2599,B,1000000,1000000,2,25,1,76483,41445,1
2600,B,700000,700000,2,24,0,27839,20889,1
2601,B,700000,700000,2,28,0,,17820,1
2602,B,800000,800000,12,55,1,2226,32447,1
2603,B,1000000,1000000,3,27,1,17917,13823,1
2604,B,1100000,1100000,2,32,1,30439,44248,1
2605,B,800000,800000,2,31,1,1289,50355,1
2606,B,600000,600000,3,28,0,0,162990,1
2607,A,600000,600000,2,29,1,31679,270000,1
2608,B,1300000,1300000,2,34,0,91359,52560,1
2609,B,800000,800000,3,27,0,133614,25830,1
2610,A,700000,700000,2,26,1,836,62370,1
2611,B,800000,800000,2,59,1,32666,180000,1
2612,R,1200000,1200000,4,58,1,165006,168166,1
2613,B,700000,700000,13,27,1,249519,34677,1
2614,B,1000000,1000000,3,48,0,0,179550,1
2615,B,700000,700000,4,63,1,,15039,1
2616,B,800000,300000,7,58,1,26752,34092,1
2617,B,1200000,300000,5,57,1,45127,6668,1
2618,B,1000000,1000000,2,40,1,82973,113850,1
2619,B,500000,500000,5,34,1,38339,38007,1
2620,B,500000,500000,2,33,0,9092,65520,1
2621,B,1000000,1000000,2,54,0,23085,94050,1
2622,B,1300000,600000,3,25,1,135296,11538,1
2623,B,800000,800000,2,34,0,55931,931,1
2624,B,500000,500000,2,43,1,58551,2970,1
2625,B,800000,800000,8,69,1,,112950,1
2626,B,700000,700000,2,31,0,23942,16425,1
2627,B,1000000,300000,7,24,1,100078,55283,1
2628,B,700000,700000,2,40,1,5518,16371,1
2629,B,700000,700000,5,35,1,3768,9819,1
2630,B,800000,800000,2,35,1,22625,15164,1
2631,B,1300000,300000,7,61,1,54171,20691,1
2632,B,700000,300000,7,47,1,16491,53055,1
2633,B,700000,700000,2,36,1,,32832,1
2634,A,600000,300000,11,27,1,30831,6534,1
2635,B,700000,200000,6,22,0,20137,21800,1
2636,B,1300000,1300000,2,25,1,25828,38601,1
2637,B,1000000,1000000,2,25,1,2668,22560,1
2638,B,700000,700000,2,24,1,10865,13410,1
2639,B,700000,700000,2,24,1,16730,13410,1
2640,B,800000,800000,2,56,1,0,78300,1
2641,B,800000,800000,5,55,0,0,5337,1
2642,B,500000,500000,5,28,1,,17721,1
2643,B,1300000,1100000,8,73,1,22369,22752,1
2644,B,1500000,1500000,2,51,1,0,61371,1
2645,B,600000,600000,4,45,1,0,23184,1
2646,B,1000000,500000,4,64,1,51655,33660,1
2647,B,300000,300000,6,22,1,14307,8010,1
2648,B,700000,200000,12,50,1,41705,60663,1
2649,B,1300000,1300000,2,43,0,113917,43957,1
2650,B,600000,600000,3,28,1,35561,2508,1
2651,B,800000,800000,2,53,1,110956,15079,1
2652,B,600000,300000,7,41,1,16834,59400,1
2653,B,600000,600000,2,36,1,7448,38683,1
2654,B,800000,800000,2,35,1,6848,10998,1
2655,B,1300000,900000,7,48,1,66766,18900,1
2656,B,900000,800000,2,31,1,0,86260,1
2657,B,1100000,900000,2,48,1,30433,91814,1
2658,B,800000,300000,7,60,1,47021,118170,1
2659,B,400000,400000,2,30,1,164688,51570,1
2660,B,400000,400000,2,30,1,0,51570,1
2661,B,700000,700000,3,41,1,9975,24750,1
2662,B,1300000,1300000,2,47,1,18829,3480,1
2663,B,800000,800000,2,60,0,0,68598,1
2664,B,1000000,1000000,2,28,0,84000,19196,1
2665,B,800000,800000,2,29,0,11905,6624,1
2666,B,1100000,1100000,2,30,1,26547,9446,1
2667,B,800000,800000,4,54,1,13545,5216,1
2668,B,1300000,1300000,2,31,1,74549,3357,1
2669,B,600000,600000,2,26,1,51261,15032,1
2670,R,700000,700000,2,68,1,25509,22770,1
2671,B,700000,700000,2,31,1,249586,69717,1
2672,B,500000,500000,2,26,1,7363,16115,1
2673,B,800000,800000,2,24,1,0,22309,1
2674,B,1300000,1300000,3,50,1,57916,33030,1
2675,B,800000,800000,4,56,1,123690,33552,1
2676,B,700000,700000,4,61,1,30241,33847,1
2677,B,1300000,1300000,2,37,1,105150,2862,1
2678,B,800000,800000,4,51,1,166687,21870,1
2679,B,300000,300000,2,24,1,16125,16434,1
2680,B,500000,500000,2,32,1,411719,21474,1
2681,B,1100000,1100000,2,28,1,10611,13311,1
2682,B,1300000,1300000,2,46,1,79785,75915,1
2683,B,700000,700000,2,45,0,440507,13881,1
2684,B,800000,800000,2,49,1,0,5013,1
2685,B,800000,800000,2,49,1,52828,5910,1
2686,B,1300000,1300000,2,30,1,45088,8010,1
2687,B,700000,700000,2,27,1,0,144567,1
2688,B,800000,800000,2,30,1,25659,34225,1
2689,B,1300000,800000,7,57,1,6763,5224,1
2690,B,1100000,300000,4,44,1,75473,9693,1
2691,B,800000,800000,3,30,1,0,57168,1
2692,B,500000,200000,7,26,1,62662,18234,1
2693,B,600000,600000,2,24,1,233242,1818,1
2694,B,700000,300000,11,25,1,1270,51075,1
2695,B,1300000,1300000,2,29,1,66895,55321,1
2696,B,1500000,300000,7,67,1,5478,36729,1
2697,B,1200000,1200000,2,28,1,71721,33660,1
2698,B,800000,800000,2,26,1,0,27711,1
2699,B,800000,800000,2,25,1,0,39472,1
2700,B,700000,700000,2,29,1,11705,20880,1
2701,B,1200000,300000,4,53,1,182363,11991,1
2702,B,200000,200000,2,27,0,16198,32967,1
2703,B,1300000,1300000,2,48,0,16205,2210,1
2704,B,1100000,1100000,2,27,1,32420,38619,1
2705,B,800000,800000,2,31,1,25692,91080,1
2706,B,1100000,1100000,2,28,0,202303,2984,1
2707,A,200000,200000,7,64,1,0,68905,1
2708,B,1300000,1300000,2,43,1,166608,43484,1
2709,B,400000,300000,7,55,1,5770,12870,1
2710,B,1300000,1300000,2,31,0,0,36261,1
2711,B,800000,700000,2,25,1,6845,17644,1
2712,B,600000,0,6,23,1,5999,7944,1
2713,B,800000,800000,2,65,1,77018,19701,1
2714,B,1300000,1300000,2,50,0,67409,4886,1
2715,B,1300000,1300000,2,27,1,8284,39501,1
2716,B,800000,800000,2,28,1,0,5643,1
2717,A,700000,700000,2,27,0,104452,41751,1
2718,B,700000,700000,2,27,1,9453,9945,1
2719,B,600000,600000,2,25,1,15377,45281,1
2720,B,1300000,400000,2,36,1,75423,7710,1
2721,B,800000,800000,2,38,1,235379,39907,1
2722,B,700000,700000,2,30,1,0,36900,1
2723,B,700000,700000,2,27,1,2749,17613,1
2724,B,700000,300000,7,25,1,97691,9578,1
2725,B,700000,700000,2,38,0,150380,3898,1
2726,B,800000,800000,2,25,0,6555,13860,1
2727,A,1300000,1300000,2,56,0,195421,84769,1
2728,B,1000000,300000,6,23,1,102451,24408,1
2729,B,800000,400000,3,57,1,6498,48715,1
2730,B,1000000,1000000,2,26,0,53818,11970,1
2731,R,700000,700000,12,30,1,40310,61034,1
2732,B,800000,800000,2,43,1,0,5715,1
2733,B,800000,800000,2,51,0,15290,21177,1
2734,B,1000000,1000000,2,43,1,30201,29418,1
2735,A,800000,800000,2,57,0,112,101079,1
2736,B,900000,900000,2,25,1,70292,18810,1
2737,B,900000,700000,2,22,0,7002,30187,1
2738,B,800000,600000,5,33,1,111793,16099,1
2739,B,1300000,900000,2,54,1,4034,10932,1
2740,B,700000,700000,2,28,1,28111,8491,1
2741,B,800000,800000,3,59,1,0,39690,1
2742,B,700000,700000,2,31,1,0,9900,1
2743,B,800000,800000,2,38,0,15000,180000,1
2744,B,800000,800000,2,32,1,0,165528,1
2745,B,700000,700000,2,32,1,13970,19098,1
2746,B,1200000,1200000,2,27,1,15945,20313,1
2747,B,1100000,300000,2,23,1,119415,14798,1
2748,A,800000,800000,3,54,1,22606,33660,1
2749,B,800000,800000,2,27,1,9453,7263,1
2750,B,800000,800000,2,53,0,16720,16056,1
2751,R,800000,800000,2,43,0,13104,39672,1
2752,B,200000,200000,6,23,1,190032,83129,1
2753,B,800000,800000,5,64,1,36742,5724,1
2754,B,1300000,1300000,2,32,0,2299,47511,1
2755,B,700000,700000,2,31,1,47814,49632,1
2756,A,700000,700000,5,63,1,256900,58975,1
2757,B,400000,400000,2,23,0,9000,36000,1
2758,A,700000,700000,2,32,1,82047,23760,1
2759,B,800000,800000,12,60,1,0,2475,1
2760,B,700000,200000,6,22,1,188788,36169,1
2761,B,600000,600000,2,24,1,47466,113022,1
2762,B,500000,500000,2,36,1,0,245275,1
2763,R,700000,700000,5,37,1,2423,67860,1
2764,B,1100000,1100000,3,29,1,22812,48587,1
2765,B,800000,600000,2,25,1,169305,14638,1
2766,B,700000,700000,2,27,1,382415,20873,1
2767,B,800000,800000,2,25,1,22733,2340,1
2768,A,700000,700000,2,24,1,210976,4158,1
2769,B,300000,300000,6,21,1,118246,12735,1
2770,B,1200000,300000,13,58,1,0,10069,1
2771,A,800000,800000,2,55,1,70558,34334,1
2772,B,800000,800000,3,30,0,21113,36816,1
2773,B,1300000,500000,2,56,1,10087,78300,1
2774,B,600000,600000,2,29,1,17509,24147,1
2775,B,800000,300000,4,49,1,,52560,1
2776,B,1000000,300000,2,25,1,10622,48515,1
2777,B,800000,800000,2,55,1,6447,2831,1
2778,B,500000,300000,7,44,1,8000,10593,1
2779,B,1300000,300000,6,23,1,162485,4535,1
2780,B,700000,300000,4,54,1,0,62203,1
2781,B,500000,500000,2,26,1,87065,9144,1
2782,B,800000,800000,2,28,0,1422,12762,1
2783,B,800000,800000,3,61,0,,61974,1
2784,B,500000,500000,2,27,1,19241,10208,1
2785,B,800000,800000,1,69,0,34217,5570,1
2786,B,800000,800000,7,34,1,2310,10519,1
2787,A,800000,300000,7,66,1,0,87947,1
2788,B,1300000,1300000,2,30,1,0,10692,1
2789,B,1000000,300000,6,23,1,41530,84605,1
2790,B,1100000,300000,11,53,1,97856,81235,1
2791,B,700000,700000,2,42,1,98382,46804,1
2792,B,1000000,1000000,2,33,0,34009,44055,1
2793,B,500000,500000,2,43,0,89716,148293,1
2794,B,500000,500000,2,25,1,76319,26820,1
2795,B,1200000,1200000,2,40,1,32575,172665,1
2796,B,800000,300000,7,34,1,11021,34800,1
2797,B,800000,800000,2,57,1,0,98010,1
2798,B,700000,700000,1,63,1,3664,167400,1
2799,B,800000,800000,2,46,0,0,31073,1
2800,B,700000,700000,5,77,1,1777,2788,1
2801,B,500000,500000,2,27,1,2800,52560,1
2802,B,1000000,300000,6,22,1,37786,10998,1
2803,B,800000,800000,2,30,1,111290,3704,1
2804,B,1300000,300000,4,44,1,0,136710,1
2805,B,1300000,300000,7,41,1,0,2242,1
2806,B,700000,300000,7,54,1,69273,15930,1
2807,B,400000,400000,7,49,1,8740,210140,1
2808,A,800000,800000,2,32,1,,60489,1
2809,B,1200000,1200000,2,28,1,125280,180000,1
2810,B,1200000,1200000,2,43,1,11693,73028,1
2811,B,500000,500000,2,26,1,1140,15120,1
2812,B,300000,300000,2,54,1,12958,20340,1
2813,B,300000,300000,2,54,1,,20340,1
2814,B,1300000,1300000,2,55,1,85556,16077,1
2815,B,1100000,1100000,2,34,1,13155,33232,1
2816,B,1100000,1100000,2,24,1,18876,0,1
2817,B,1000000,1000000,2,28,1,29991,28404,1
2818,B,800000,800000,2,52,1,9192,51644,1
2819,B,600000,600000,2,59,1,11910,53697,1
2820,R,600000,600000,7,57,1,75347,15687,1
2821,B,1200000,1200000,2,26,1,486558,71174,1
2822,B,800000,800000,4,60,1,0,36768,1
2823,B,800000,800000,2,28,1,6490,20672,1
2824,B,800000,800000,2,30,1,0,45234,1
2825,B,600000,600000,2,26,1,5421,56230,1
2826,B,700000,700000,2,41,1,10450,36665,1
2827,B,700000,700000,2,40,1,8256,9900,1
2828,B,200000,200000,2,25,1,0,37235,1
2829,B,200000,200000,2,24,1,3863,27819,1
2830,B,1200000,1200000,10,33,0,35616,54630,1
2831,B,300000,300000,2,26,1,6375,45428,1
2832,B,800000,800000,2,36,1,0,15930,1
2833,B,1300000,1300000,2,31,0,0,32760,1
2834,B,800000,800000,2,27,1,34689,83853,1
2835,B,800000,800000,2,30,1,3658,174825,1
2836,B,800000,800000,2,23,1,20151,9396,1
2837,B,1200000,1200000,2,32,1,145090,52160,1
2838,B,700000,700000,2,24,1,,28611,1
2839,B,1300000,1300000,2,49,1,18245,77468,1
2840,B,1000000,1000000,2,28,1,0,44315,1
2841,B,1000000,1000000,2,27,1,38763,73125,1
2842,B,700000,700000,2,29,1,0,56862,1
2843,B,700000,700000,2,28,1,0,11790,1
2844,A,1300000,1300000,2,27,1,44099,36099,1
2845,B,1100000,1100000,12,29,1,0,48483,1
2846,B,1300000,1300000,2,30,1,49646,7186,1
2847,A,1000000,1000000,2,26,1,191366,20634,1
2848,B,1200000,400000,2,23,1,85244,33689,1
2849,B,800000,800000,4,52,1,8631,29700,1
2850,B,700000,700000,2,52,1,48079,26622,1
2851,B,600000,600000,2,29,1,0,6435,1
2852,B,1000000,1000000,2,39,1,346735,58443,1
2853,B,200000,200000,6,23,1,0,44464,1
2854,B,500000,500000,8,82,1,,20880,1
2855,B,800000,800000,2,26,1,5841,15444,1
2856,B,700000,700000,2,29,1,2793,111812,1
2857,B,700000,700000,2,31,1,418,39094,1
2858,B,700000,200000,6,19,1,40186,23049,1
2859,B,1200000,1200000,2,28,1,20316,18069,1
2860,B,1300000,1300000,2,49,1,222760,124839,1
2861,B,500000,500000,2,24,1,,40266,1
2862,B,1100000,1100000,2,42,0,0,3135,1
2863,B,800000,800000,2,39,1,14460,21753,1
2864,B,1100000,1100000,2,28,1,170571,72130,1
2865,B,1200000,1200000,2,28,1,82869,25533,1
2866,B,700000,700000,2,31,1,0,24750,1
2867,B,1300000,800000,2,28,0,322927,50661,1
2868,B,1000000,1000000,2,26,1,191564,30497,1
2869,B,600000,600000,2,26,1,183422,20880,1
2870,B,600000,600000,2,30,1,19760,98178,1
2871,R,800000,800000,10,53,1,0,15241,1
2872,B,800000,800000,2,36,1,,12960,1
2873,B,1100000,300000,7,46,1,163817,17599,1
2874,B,1300000,1300000,4,46,1,79999,46620,1
2875,B,500000,500000,2,27,1,14630,13860,1
2876,B,1100000,300000,4,53,1,44369,13050,1
2877,A,700000,700000,2,25,1,6489,20295,1
2878,B,1100000,1000000,2,24,1,43356,22351,1
2879,B,1000000,300000,4,55,1,80248,89709,1
2880,A,1100000,800000,7,53,1,43353,34959,1
2881,B,700000,700000,4,39,1,13753,46728,1
2882,B,1200000,1200000,2,24,1,318794,8446,1
2883,B,1300000,1300000,2,25,1,348869,35123,1
2884,B,1000000,1000000,2,23,1,212160,35358,1
2885,B,1300000,1300000,2,46,1,18304,34740,1
2886,B,600000,600000,2,27,1,49847,53550,1
2887,B,600000,600000,2,27,1,193009,70179,1
2888,B,700000,700000,2,43,1,65545,24147,1
2889,B,1200000,1200000,2,39,0,98230,120870,1
2890,B,1200000,1200000,2,50,1,97577,38700,1
2891,B,200000,200000,6,22,1,42353,121262,1
2892,B,800000,800000,2,34,1,18130,35037,1
2893,B,700000,700000,2,33,1,650623,54204,1
2894,B,500000,500000,2,23,1,32920,11421,1
2895,A,1300000,1300000,2,44,1,,149490,1
2896,R,1000000,1000000,1,42,1,380534,40722,1
2897,B,700000,700000,2,38,1,,18525,1
2898,B,200000,200000,7,42,1,37088,57834,1
2899,B,700000,700000,4,50,1,42132,34245,1
2900,B,700000,700000,2,27,1,,59968,1
2901,B,900000,300000,6,21,1,89307,855,1
2902,B,1200000,300000,2,24,1,11412,13208,1
2903,B,700000,700000,2,26,1,0,3762,1
2904,B,1200000,1200000,2,36,1,386565,42226,1
2905,B,800000,800000,2,30,1,0,17910,1
2906,R,1300000,1300000,2,40,0,192173,48510,1
2907,B,600000,600000,2,47,1,0,55490,1
2908,B,400000,400000,2,25,1,36602,77286,1
2909,B,800000,800000,2,28,1,140281,33710,1
2910,B,1000000,1000000,7,58,1,0,87111,1
2911,B,600000,600000,5,44,0,1692,28206,1
2912,B,200000,200000,2,41,1,14421,111565,1
2913,B,400000,400000,4,37,1,78258,50508,1
2914,B,800000,800000,2,39,1,0,45135,1
2915,B,200000,200000,2,52,1,21672,111791,1
2916,B,500000,500000,12,27,1,0,42984,1
2917,B,1300000,300000,4,49,1,0,15930,1
2918,B,800000,800000,2,37,1,63741,42165,1
2919,B,800000,800000,2,55,1,,111960,1
2920,A,1200000,1200000,12,54,1,118822,25830,1
2921,R,800000,800000,4,45,1,414617,59994,1
2922,B,1000000,1000000,2,26,1,35248,48800,1
2923,B,800000,300000,4,46,1,161999,149281,1
2924,A,600000,600000,5,35,1,20000,41580,1
2925,B,800000,800000,5,34,1,0,148905,1
2926,B,700000,200000,7,21,1,159143,40977,1
2927,B,1200000,300000,4,59,1,0,116316,1
2928,B,800000,800000,2,50,1,0,9719,1
2929,B,800000,800000,2,33,1,185664,54947,1
2930,B,700000,700000,2,45,1,0,14109,1
2931,B,700000,700000,2,28,1,24311,94680,1
2932,B,1200000,1200000,2,30,1,94524,12001,1
2933,A,1100000,1100000,2,50,0,68539,7663,1
2934,B,1200000,500000,7,54,1,84137,62658,1
2935,B,1000000,1000000,2,31,1,331958,43096,1
2936,B,1200000,1200000,2,43,1,60402,50580,1
2937,B,700000,700000,2,35,1,35191,3871,1
2938,B,900000,900000,2,23,1,29284,31272,1
2939,R,500000,500000,2,24,1,89787,33165,1
2940,B,700000,700000,2,65,0,0,105930,1
2941,B,700000,700000,2,26,1,0,19746,1
2942,B,800000,800000,4,72,1,0,24750,1
2943,B,700000,700000,7,35,1,364001,63316,1
2944,B,400000,400000,2,25,1,,51975,1
2945,B,600000,600000,12,31,1,30000,2961,1
2946,B,700000,700000,2,24,1,207354,32463,1
2947,B,800000,800000,1,38,1,164985,62111,1
2948,R,500000,500000,2,43,1,300,72036,1
2949,B,1200000,1200000,2,34,1,167624,22500,1
2950,B,500000,300000,6,23,1,455926,16128,1
2951,B,1100000,1100000,2,44,1,190720,33883,1
2952,R,1100000,1100000,2,29,1,56000,30294,1
2953,B,800000,300000,7,50,1,4351,39014,1
2954,B,600000,300000,7,53,1,52251,62642,1
2955,B,800000,800000,4,48,1,5589,12532,1
2956,R,600000,300000,6,22,1,0,66825,1
2957,B,1000000,1000000,2,28,1,89771,157746,1
2958,B,1100000,1100000,12,25,1,41563,49293,1
2959,B,600000,600000,2,27,1,,12123,1
2960,B,1000000,300000,4,68,1,78845,5221,1
2961,A,1300000,1300000,10,34,1,841481,94764,1
2962,R,800000,800000,2,36,1,0,19305,1
2963,B,1300000,300000,4,48,1,0,54450,1
2964,B,1100000,300000,2,25,1,0,3780,1
2965,B,1300000,1300000,2,41,0,0,92217,1
2966,B,1100000,300000,6,23,1,295462,2694,1
2967,B,700000,700000,3,39,1,0,493,1
2968,B,800000,800000,2,33,0,12000,4189,1
2969,B,800000,800000,2,56,1,0,99090,1
2970,R,400000,400000,5,44,0,52848,74381,1
2971,B,500000,500000,2,46,1,9401,1746,1
2972,B,700000,700000,2,33,1,0,11970,1
2973,B,1000000,1000000,2,44,1,89596,16830,1
2974,B,1300000,1300000,2,50,1,657371,17820,1
2975,B,800000,800000,2,24,1,23300,10890,1
2976,B,1200000,1200000,2,32,1,84694,26037,1
2977,B,700000,700000,2,54,1,72961,15048,1
2978,B,700000,700000,2,49,1,13228,29790,1
2979,B,800000,800000,2,42,1,0,70715,1
2980,B,700000,700000,2,24,1,17841,12822,1
2981,B,1200000,1200000,2,32,1,73326,39152,1
2982,B,600000,600000,2,25,1,64923,2970,1
2983,B,1000000,1000000,2,26,1,225965,39949,1
2984,B,800000,800000,5,57,1,32360,12639,1
2985,B,500000,500000,2,31,1,28529,66790,1
2986,B,600000,600000,2,30,1,0,66420,1
2987,B,1300000,1300000,2,31,1,43097,31779,1
2988,B,800000,800000,1,62,1,,22860,1
2989,B,1300000,1300000,2,32,1,125614,19313,1
2990,B,800000,800000,2,32,1,17244,40779,1
2991,B,800000,800000,3,41,1,,14454,1
2992,B,600000,600000,2,32,1,0,25457,1
2993,B,800000,800000,2,57,1,5330,1575,1
2994,B,1200000,300000,7,45,1,573910,180000,1
2995,B,700000,700000,2,27,1,72460,46620,1
2996,B,1200000,1200000,2,38,1,42000,80691,1
2997,R,200000,200000,5,43,0,191016,44550,1
2998,B,800000,800000,2,29,0,79290,67122,1
2999,B,1100000,1100000,2,25,1,11847,91695,1
3000,B,200000,200000,2,27,1,155734,64875,1
3001,B,800000,800000,3,30,1,5363,7743,1
3002,B,1300000,1300000,2,58,0,0,162360,1
3003,B,1000000,1000000,2,25,1,156411,15678,1
3004,B,500000,500000,3,26,1,30429,7830,1
3005,B,400000,400000,2,27,1,56759,6849,1
3006,B,600000,600000,2,36,0,1138,14742,1
3007,A,1200000,800000,12,58,1,138230,27772,1
3008,B,800000,800000,2,47,1,5989,50410,1
3009,A,1000000,1000000,10,23,1,149269,26037,1
3010,B,600000,600000,2,31,1,63468,21636,1
3011,B,600000,300000,6,24,1,9157,1575,1
3012,B,1300000,1300000,3,30,1,86751,14193,1
3013,A,600000,600000,2,28,1,19540,21681,1
3014,B,200000,200000,2,37,0,0,87408,1
3015,B,700000,700000,2,26,1,77461,24273,1
3016,B,400000,300000,6,21,1,12000,9000,1
3017,B,1200000,900000,2,26,1,55112,39964,1
3018,B,600000,600000,2,25,0,9700,15930,1
3019,B,600000,600000,2,36,1,28513,73350,1
3020,B,700000,700000,2,24,1,181590,37786,1
3021,A,800000,800000,4,51,1,62383,69854,1
3022,B,500000,500000,2,28,1,36792,23553,1
3023,B,1300000,1300000,2,31,1,36129,47003,1
3024,B,800000,800000,2,30,0,569536,83880,1
3025,B,700000,700000,2,27,1,21371,2016,1
3026,B,1300000,1300000,10,45,0,0,156420,1
3027,B,700000,700000,2,33,1,,34290,1
3028,B,500000,500000,2,31,1,13386,30285,1
3029,B,600000,600000,2,34,1,12336,4491,1
3030,B,1300000,800000,7,53,1,121847,18847,1
3031,B,700000,700000,2,49,1,28012,69390,1
3032,B,700000,700000,2,32,1,0,9745,1
3033,B,800000,800000,7,61,1,23484,27810,1
3034,R,600000,600000,2,26,0,20604,16632,1
3035,B,1000000,1000000,2,38,1,26489,33314,1
3036,B,1200000,1200000,2,28,0,0,28107,1
3037,B,700000,700000,2,27,1,41838,4257,1
3038,B,700000,700000,2,31,1,36876,73647,1
3039,B,600000,600000,2,24,1,0,17426,1
3040,B,800000,800000,2,29,1,80075,35576,1
3041,B,800000,800000,2,36,0,,130869,1
3042,B,1100000,1100000,2,24,1,115821,32997,1
3043,B,200000,200000,2,30,0,22364,20691,1
3044,B,1100000,1100000,2,27,1,18606,30780,1
3045,B,800000,800000,2,35,0,0,3147,1
3046,B,600000,600000,2,27,1,40384,40680,1
3047,B,700000,700000,2,27,1,2641,9720,1
3048,B,600000,600000,3,25,1,0,25335,1
3049,B,800000,800000,2,32,0,6831,81657,1
3050,B,1100000,1100000,2,25,1,54417,64600,1
3051,R,800000,800000,2,23,1,100166,13410,1
3052,B,700000,700000,3,24,1,31707,9351,1
3053,B,800000,300000,4,38,1,54870,47749,1
3054,B,1200000,1200000,2,34,0,98921,34811,1
3055,B,1300000,1300000,2,33,1,76249,17118,1
3056,B,1200000,1200000,4,57,1,107858,837,1
3057,B,800000,800000,2,35,1,11856,34740,1
3058,B,1300000,1300000,2,45,0,0,26370,1
3059,B,1000000,1000000,2,26,1,0,10395,1
3060,B,1100000,800000,2,24,1,63891,46472,1
3061,B,800000,800000,7,43,1,,42066,1
3062,B,500000,500000,2,35,1,344029,82071,1
3063,B,300000,300000,5,56,1,539,12958,1
3064,B,1200000,1200000,10,28,1,0,33363,1
3065,B,600000,600000,2,28,1,9707,25798,1
3066,B,800000,800000,2,61,1,3202,42187,1
3067,B,700000,700000,2,27,1,19899,14544,1
3068,B,1300000,1300000,2,23,1,38640,22974,1
3069,B,1300000,300000,7,48,1,602597,15930,1
3070,B,1000000,300000,6,23,1,195774,49095,1
3071,B,700000,700000,2,53,1,,32028,1
3072,B,800000,800000,2,44,1,0,38126,1
3073,B,400000,400000,2,22,1,43451,6504,1
3074,B,800000,800000,2,34,0,72093,12069,1
3075,B,1000000,1000000,2,59,1,32374,25830,1
3076,B,1300000,1300000,2,28,1,58116,36720,1
3077,B,1300000,1300000,3,42,1,0,22473,1
3078,B,1300000,1300000,3,42,1,12540,22473,1
3079,A,600000,600000,2,25,1,466,1782,1
3080,B,500000,500000,2,32,1,0,26059,1
3081,B,1000000,1000000,2,30,1,330756,13167,1
3082,B,400000,400000,2,26,1,24757,13950,1
3083,B,700000,700000,2,29,1,0,10802,1
3084,B,1200000,400000,2,30,1,79953,12242,1
3085,B,800000,800000,2,52,1,5720,63450,1
3086,B,700000,700000,2,27,1,4180,25830,1
3087,B,600000,600000,2,26,1,3335,12510,1
3088,B,1300000,1300000,2,30,0,69891,43650,1
3089,B,600000,300000,6,25,1,0,27909,1
3090,B,400000,400000,2,29,1,10804,43467,1
3091,A,1000000,1000000,2,27,1,285476,41580,1
3092,B,500000,500000,2,30,0,11006,100256,1
3093,B,1200000,1200000,2,35,0,162895,94041,1
3094,B,600000,600000,2,25,1,15880,20354,1
3095,B,700000,700000,2,30,1,15000,13509,1
3096,B,600000,600000,2,28,1,12298,15129,1
3097,B,200000,200000,2,27,1,137737,17262,1
3098,B,700000,300000,2,26,1,3497,29557,1
3099,B,700000,700000,2,44,1,61969,13950,1
3100,B,1300000,1300000,5,53,0,192957,62460,1
3101,B,1300000,1300000,2,28,1,101220,61282,1
3102,B,600000,600000,5,39,0,44100,31325,1
3103,B,800000,800000,3,35,1,106429,54750,1
3104,B,700000,700000,2,24,1,10115,27860,1
3105,B,700000,700000,7,56,1,21471,47610,1
3106,B,200000,200000,7,23,1,56281,16673,1
3107,B,500000,300000,4,43,1,0,24840,1
3108,B,800000,800000,1,56,1,,13455,1
3109,B,800000,800000,4,46,1,0,102060,1
3110,B,800000,800000,4,46,1,59032,102060,1
3111,B,800000,300000,7,63,1,18711,8455,1
3112,B,1200000,1200000,2,29,1,71146,28690,1
3113,B,800000,800000,2,52,1,20900,61857,1
3114,B,800000,800000,2,38,1,0,104940,1
3115,B,1300000,1300000,2,51,1,66325,92160,1
3116,B,200000,200000,5,41,1,78308,13356,1
3117,B,1000000,1000000,5,31,1,27834,25839,1
3118,B,1300000,1100000,2,26,1,27588,40680,1
3119,B,1300000,1300000,2,34,1,0,1710,1
3120,B,800000,800000,2,29,1,24355,23651,1
3121,B,1200000,300000,2,66,1,50108,34740,1
3122,B,700000,700000,2,36,1,6237,13455,1
3123,B,1000000,1000000,2,28,1,138884,47176,1
3124,B,800000,800000,2,63,1,0,47610,1
3125,A,1200000,1200000,3,29,1,0,31751,1
3126,B,600000,600000,2,33,1,74196,5283,1
3127,B,1000000,1000000,2,30,1,106049,16830,1
3128,B,700000,700000,2,24,1,16179,990,1
3129,B,800000,800000,2,31,1,45842,1575,1
3130,B,300000,300000,2,52,1,,19440,1
3131,R,1000000,1000000,1,44,0,139251,130812,1
3132,B,1300000,1300000,2,50,1,682870,42462,1
3133,B,700000,700000,2,30,1,35190,15507,1
3134,B,1300000,1300000,3,38,1,54734,29196,1
3135,B,1200000,1200000,2,26,1,164388,12672,1
3136,B,1100000,1100000,2,29,1,53296,91150,1
3137,B,800000,800000,1,52,0,0,180000,1
3138,B,800000,800000,5,54,0,,28710,1
3139,B,1000000,1000000,2,24,1,78045,12060,1
3140,B,800000,800000,2,36,1,18407,4230,1
3141,B,1300000,1300000,2,32,1,0,59490,1
3142,B,1200000,300000,4,54,1,137029,2772,1
3143,B,700000,700000,2,27,0,12540,11970,1
3144,B,700000,700000,2,31,1,10142,23031,1
3145,R,1300000,1300000,2,32,1,31000,4188,1
3146,B,800000,800000,2,46,1,0,54972,1
3147,B,800000,600000,7,31,1,27168,8550,1
3148,B,1300000,300000,4,52,1,61195,13887,1
3149,B,1200000,1200000,2,29,1,60351,31176,1
3150,B,800000,800000,2,52,0,0,55827,1
3151,B,800000,300000,4,68,1,0,22365,1
3152,B,200000,200000,2,50,1,36357,156510,1
3153,B,1100000,1100000,2,24,1,26597,24840,1
3154,B,700000,700000,2,41,1,10241,19395,1
3155,B,1300000,1300000,2,63,1,87049,11880,1
3156,B,700000,700000,2,33,1,8521,50657,1
3157,R,700000,700000,2,31,1,98137,63261,1
3158,B,700000,700000,2,30,1,24473,37794,1
3159,B,1200000,1200000,2,24,1,263363,4410,1
3160,B,1000000,1000000,2,28,1,104603,6138,1
3161,B,1200000,1200000,2,27,1,92430,15345,1
3162,B,500000,500000,2,26,1,59033,23652,1
3163,R,200000,200000,2,30,1,684,17028,1
3164,B,200000,200000,2,29,1,0,30785,1
3165,B,800000,800000,3,36,1,18810,29790,1
3166,A,400000,400000,2,26,1,43142,26730,1
3167,B,600000,600000,2,54,1,,10906,1
3168,B,700000,700000,2,45,1,0,33882,1
3169,B,500000,300000,4,26,1,0,2660,1
3170,B,400000,400000,2,26,1,90367,14212,1
3171,B,700000,700000,4,60,1,18598,114840,1
3172,B,200000,200000,12,23,1,262,14256,1
3173,B,800000,800000,2,31,1,3097,14940,1
3174,B,400000,400000,2,27,0,7828,14742,1
3175,B,700000,700000,2,33,1,40514,7614,1
3176,B,600000,600000,5,38,1,17685,55935,1
3177,B,700000,700000,2,26,1,81435,15120,1
3178,B,1300000,1300000,2,28,1,45759,4644,1
3179,B,700000,300000,4,53,1,2800,23850,1
3180,B,600000,600000,4,26,1,0,12465,1
3181,B,700000,700000,5,56,0,,108567,1
3182,B,600000,300000,6,24,1,14082,15784,1
3183,B,800000,300000,6,20,1,144778,9495,1
3184,B,700000,700000,2,26,1,9025,14355,1
3185,B,700000,700000,2,61,1,,15525,1
3186,A,600000,600000,2,27,1,36342,102465,1
3187,B,1200000,1200000,10,50,1,363603,176220,1
3188,B,600000,600000,2,59,1,63243,25830,1
3189,B,800000,800000,2,59,1,8778,26730,1
3190,B,1300000,1300000,2,46,1,121828,42660,1
3191,B,800000,800000,2,34,0,58311,9873,1
3192,B,800000,800000,2,52,1,35249,29064,1
3193,A,900000,300000,6,21,1,100704,94126,1
3194,B,1300000,300000,4,69,1,19576,46159,1
3195,B,1200000,1200000,2,36,0,41152,18135,1
3196,B,1300000,1100000,5,33,1,151476,62924,1
3197,B,400000,400000,2,29,0,46668,25895,1
3198,B,400000,400000,2,25,1,7658,29981,1
3199,B,300000,300000,7,43,0,0,18900,1
3200,B,1100000,1100000,2,27,1,2442,47012,1
3201,A,200000,200000,13,29,1,81377,15474,1
3202,B,800000,800000,2,44,0,0,10296,1
3203,B,1300000,1300000,1,65,0,19822,4770,1
3204,B,200000,200000,6,22,0,17035,35164,1
3205,B,1000000,1000000,2,55,0,117954,180000,1
3206,B,900000,300000,2,22,1,82286,1693,1
3207,B,800000,300000,8,65,1,,11434,1
3208,B,800000,300000,2,23,1,32624,27810,1
3209,B,200000,200000,2,24,1,278435,37509,1
3210,B,700000,700000,2,50,1,17765,17297,1
3211,B,200000,200000,5,35,1,10528,16354,1
3212,B,800000,300000,7,56,1,37117,173142,1
3213,B,700000,300000,11,27,1,0,1869,1
3214,B,1100000,1100000,2,24,1,0,63057,1
3215,B,1000000,300000,7,45,1,115090,74947,1
3216,B,1000000,900000,2,29,1,94955,9500,1
3217,B,1100000,1100000,2,27,1,27214,5742,1
3218,R,500000,300000,11,24,1,1568,18018,1
3219,B,600000,600000,2,26,1,15751,30746,1
3220,B,1100000,300000,7,47,1,159085,12716,1
3221,R,400000,400000,2,24,1,561,1764,1
3222,B,500000,500000,3,24,1,104584,29400,1
3223,B,1100000,900000,2,24,1,84669,28184,1
3224,B,200000,200000,13,20,1,56907,27722,1
3225,B,700000,300000,4,44,1,0,67320,1
3226,R,600000,600000,2,65,0,511,107451,1
3227,B,500000,300000,2,24,1,133191,70246,1
3228,B,700000,300000,4,45,1,49673,6679,1
3229,B,500000,500000,2,25,1,4494,11954,1
3230,B,200000,200000,6,24,0,181298,34820,1
3231,B,1200000,300000,6,23,1,9996,3852,1
3232,B,1300000,1100000,2,23,1,147408,25818,1
3233,A,1000000,300000,7,39,1,265082,81229,1
3234,B,1100000,1100000,2,24,1,35035,42952,1
3235,R,1200000,600000,7,25,1,101559,11614,1
3236,B,1100000,1100000,3,27,1,20467,21488,1
3237,B,700000,700000,2,27,1,0,29646,1
3238,B,900000,800000,3,23,1,33813,39191,1
3239,B,700000,700000,2,51,1,0,15316,1
3240,B,800000,300000,4,54,1,,2819,1
3241,B,1000000,700000,2,24,1,113814,31825,1
3242,B,200000,200000,7,29,1,24469,36227,1
3243,B,1100000,1100000,2,26,0,111579,23850,1
3244,B,800000,800000,2,40,0,0,180000,1
3245,B,1200000,1100000,7,54,1,79521,87169,1
3246,B,700000,700000,2,59,1,35113,35268,1
3247,B,700000,300000,7,52,1,13662,28391,1
3248,B,1200000,300000,7,56,1,56107,747,1
3249,B,1100000,900000,7,32,1,53714,15957,1
3250,B,600000,600000,2,28,0,31985,28710,1
3251,B,1100000,1100000,3,40,0,3818,191961,1
3252,B,800000,800000,2,39,1,268903,11790,1
3253,B,200000,200000,6,20,1,0,18724,1
3254,B,500000,500000,3,26,1,0,79992,1
3255,R,1000000,1000000,2,28,0,0,25708,1
3256,B,500000,300000,6,23,1,16459,8361,1
3257,B,100000,50000,2,22,1,248325,48695,1
3258,B,1000000,1000000,3,63,1,82913,6297,1
3259,B,1300000,1300000,2,35,0,80000,153000,1
3260,B,1300000,800000,2,24,1,54270,85464,1
3261,B,700000,700000,2,26,1,2000,17860,1
3262,A,800000,800000,2,35,1,734381,5263,1
3263,B,1000000,800000,2,27,1,146470,24246,1
3264,B,900000,300000,6,21,1,38500,14175,1
3265,B,900000,900000,7,30,1,35293,37765,1
3266,B,1000000,1000000,2,29,1,37427,12870,1
3267,B,800000,800000,2,38,1,15931,22311,1
3268,B,800000,800000,2,30,1,3724,45604,1
3269,A,1300000,900000,2,24,1,262894,47025,1
3270,B,800000,800000,2,31,1,44385,34058,1
3271,B,400000,400000,3,25,1,5650,13860,1
3272,B,700000,700000,2,21,1,72006,8490,1
3273,B,700000,700000,2,24,1,24948,31482,1
3274,B,1100000,1100000,2,51,1,76708,29196,1
3275,B,800000,800000,2,47,1,9900,54837,1
3276,B,900000,900000,2,24,1,160180,6096,1
3277,B,700000,700000,2,35,0,4285,3544,1
3278,B,200000,200000,6,22,1,,7020,1
3279,B,1000000,1000000,2,25,1,412201,41549,1
3280,B,500000,500000,3,24,0,8246,17977,1
3281,B,500000,500000,2,28,1,9823,20900,1
3282,B,700000,700000,2,55,1,20803,43214,1
3283,B,400000,400000,10,27,1,0,28611,1
3284,B,1100000,1100000,2,25,1,93389,13411,1
3285,B,1100000,1100000,2,23,1,204206,17684,1
3286,R,1100000,300000,2,24,1,30775,12810,1
3287,B,500000,500000,2,50,1,0,46239,1
3288,B,600000,600000,2,24,1,0,3060,1
3289,B,500000,300000,7,26,1,8719,100425,1
3290,B,700000,700000,2,24,1,0,29340,1
3291,B,600000,600000,4,54,1,21157,9224,1
3292,B,300000,300000,7,30,1,,22140,1
3293,B,1000000,1000000,2,28,1,146079,13026,1
3294,B,800000,800000,2,27,1,87896,63927,1
3295,B,800000,800000,2,27,1,0,63927,1
3296,B,1300000,1300000,2,46,0,0,155817,1
3297,B,200000,200000,6,19,1,63940,3951,1
3298,B,600000,300000,6,23,1,78537,21106,1
3299,B,400000,400000,2,24,1,30300,35285,1
3300,B,800000,800000,2,32,1,8360,16815,1
3301,R,600000,600000,2,29,1,31143,13372,1
3302,B,800000,800000,4,64,1,14516,42078,1
3303,B,700000,700000,2,28,1,41559,11187,1
3304,B,1000000,1000000,2,31,0,0,65673,1
3305,B,1200000,1200000,2,31,1,157269,7614,1
3306,B,700000,700000,2,41,1,0,77022,1
3307,B,700000,700000,2,40,1,66324,28750,1
3308,B,1200000,1200000,4,47,1,224731,125441,1
3309,A,1000000,1000000,4,40,1,55828,39830,1
3310,B,1100000,1100000,3,24,1,61489,25020,1
3311,A,1100000,1100000,2,25,1,64108,20340,1
3312,B,800000,800000,12,67,1,10403,44372,1
3313,B,800000,300000,6,23,1,361935,2185,1
3314,B,1300000,1300000,2,42,1,117996,2888,1
3315,B,1200000,1200000,2,31,1,38312,45353,1
3316,B,200000,200000,6,21,1,14630,21114,1
3317,B,200000,200000,6,21,1,11184,24983,1
3318,B,700000,700000,4,58,1,26020,28079,1
3319,B,800000,800000,2,44,1,2570,35910,1
3320,B,1100000,800000,2,23,1,55752,9852,1
3321,B,700000,300000,4,55,1,3678,5674,1
3322,B,1100000,1100000,2,27,1,101092,70944,1
3323,B,600000,600000,2,25,1,115539,9425,1
3324,B,800000,800000,2,49,1,22000,9540,1
3325,B,1300000,1300000,2,48,0,218658,81270,1
3326,B,200000,200000,7,31,1,246495,35943,1
3327,B,600000,600000,5,48,1,107395,40432,1
3328,B,700000,200000,6,21,1,34770,104526,1
3329,B,700000,700000,2,22,1,118117,39093,1
3330,R,1200000,300000,2,25,1,241571,64869,1
3331,B,800000,300000,5,41,1,57315,15623,1
3332,R,1100000,1100000,2,30,1,179613,87336,1
3333,B,700000,200000,6,24,1,261767,8792,1
3334,B,600000,600000,2,23,1,0,10112,1
3335,B,500000,500000,2,26,1,20575,35909,1
3336,B,700000,200000,7,22,1,146802,35323,1
3337,B,900000,300000,2,40,1,127404,23286,1
3338,B,600000,600000,12,30,1,0,22193,1
3339,B,800000,300000,7,50,1,32229,2831,1
3340,B,700000,300000,7,47,1,23507,13315,1
3341,B,500000,300000,6,23,1,0,19722,1
3342,B,800000,400000,7,24,1,38851,22358,1
3343,R,900000,300000,2,24,1,360288,34858,1
3344,B,1000000,900000,2,25,1,106793,16871,1
3345,B,600000,300000,7,26,1,27281,19044,1
3346,B,400000,400000,7,26,1,29477,24744,1
3347,B,1000000,1000000,3,59,1,54431,19467,1
3348,B,1200000,300000,4,51,1,123357,137574,1
3349,A,1000000,300000,8,65,0,42950,7956,1
3350,B,700000,200000,6,20,1,96721,58194,1
3351,B,300000,300000,2,21,1,23679,20597,1
3352,B,700000,200000,6,21,1,53781,5931,1
3353,B,1000000,400000,7,63,1,89424,8454,1
3354,B,1100000,400000,8,68,1,42560,36432,1
3355,B,600000,600000,2,23,1,18288,15345,1
3356,B,1200000,1200000,2,26,1,79297,11104,1
3357,A,1000000,1000000,2,31,1,10704,5829,1
3358,B,600000,300000,6,23,1,4456,27091,1
3359,B,600000,600000,2,28,1,2632,21226,1
3360,B,1200000,1200000,2,28,1,64370,16155,1
3361,B,800000,800000,2,27,1,6504,2664,1
3362,B,900000,900000,2,26,1,65839,26323,1
3363,B,1200000,1200000,2,31,1,40126,22309,1
3364,B,600000,600000,2,29,1,7063,5040,1
3365,A,1200000,300000,2,26,0,131593,6210,1
3366,A,400000,300000,7,42,1,,40590,1
3367,B,1300000,300000,7,63,1,30190,23711,1
3368,B,1300000,300000,4,34,1,43888,15599,1
3369,B,1000000,700000,7,26,1,8972,33930,1
3370,B,800000,300000,4,53,1,0,10930,1
3371,B,500000,500000,4,38,1,61850,36522,1
3372,B,700000,700000,2,39,0,1654,3132,1
3373,B,1300000,300000,2,57,1,2959,1530,1
3374,B,600000,300000,2,31,1,8082,19615,1
3375,B,600000,600000,2,31,1,26581,30769,1
3376,B,400000,300000,6,24,1,8236,4880,1
3377,B,800000,800000,4,39,1,470,3807,1
3378,B,600000,400000,7,68,1,0,38601,1
3379,B,800000,800000,4,71,1,0,38727,1
3380,B,1100000,1100000,2,29,0,83024,35640,1
3381,R,1300000,1300000,5,46,0,75441,101607,1
3382,B,400000,300000,6,21,1,0,4590,1
3383,B,600000,600000,2,25,1,15466,6862,1
3384,B,700000,300000,7,52,1,33589,9495,1
3385,B,700000,300000,6,22,1,109918,75700,1
3386,B,1000000,1000000,5,32,1,68093,41904,1
3387,R,1100000,1100000,2,27,1,16093,13568,1
3388,B,600000,300000,7,44,1,21005,14742,1
3389,B,800000,800000,2,32,1,51480,5175,1
3390,B,200000,200000,7,49,1,24956,22365,1
3391,B,500000,500000,2,26,1,0,20583,1
3392,B,1200000,1200000,2,54,1,9861,24761,1
3393,B,700000,700000,2,26,1,13593,10370,1
3394,B,700000,700000,2,25,1,0,16227,1
3395,B,900000,900000,2,28,1,111557,11682,1
3396,B,800000,300000,7,38,1,9460,4971,1
3397,B,800000,300000,6,28,1,2299,12762,1
3398,A,1000000,1000000,2,25,1,63873,17082,1
3399,B,400000,400000,2,25,1,9896,10950,1
3400,B,800000,300000,6,23,1,27206,14337,1
3401,B,200000,200000,7,51,1,11000,23859,1
3402,B,200000,200000,7,23,1,0,23842,1
3403,A,1300000,300000,7,54,1,162989,15208,1
3404,B,300000,300000,2,44,1,35642,55002,1
3405,B,800000,800000,2,74,0,0,6066,1
3406,A,300000,300000,1,39,1,7376335,195790,1
3407,B,500000,500000,2,24,1,0,20858,1
3408,B,700000,700000,10,24,1,5957,23355,1
3409,B,900000,900000,2,24,1,34086,25578,1
3410,B,1300000,1300000,4,60,1,85165,37710,1
3411,B,700000,700000,2,22,1,31904,11772,1
3412,B,700000,700000,4,51,1,,41976,1
3413,B,500000,300000,2,22,1,82399,27324,1
3414,B,700000,700000,2,24,1,9386,9767,1
3415,A,200000,200000,2,23,1,0,15840,1
3416,B,200000,200000,2,22,1,6913,5931,1
3417,B,900000,300000,6,21,1,54450,18793,1
3418,B,700000,700000,10,24,1,0,26388,1
3419,B,200000,200000,2,28,1,10887,24956,1
3420,B,1200000,300000,7,52,1,57715,19006,1
3421,A,1000000,1000000,2,31,0,60972,16960,1
3422,B,700000,700000,2,24,1,276992,44561,1
3423,B,500000,500000,2,25,1,18385,3222,1
3424,B,600000,300000,2,25,1,128016,12125,1
3425,R,1200000,1200000,2,25,1,112639,13005,1
3426,B,1200000,1200000,2,24,1,383924,28134,1
3427,B,1100000,600000,12,51,1,325572,8712,1
3428,B,1000000,1000000,2,34,1,302859,97528,1
3429,B,500000,500000,2,26,1,29173,43205,1
3430,B,800000,800000,2,23,1,51675,42561,1
3431,B,1000000,1000000,2,25,1,213310,37324,1
3432,B,1100000,1100000,3,26,1,12913,14157,1
3433,B,1100000,1100000,2,57,1,67100,44280,1
3434,B,1300000,1100000,3,61,1,25910,21847,1
3435,B,900000,900000,2,29,1,0,32197,1
3436,B,800000,800000,2,28,1,5730,15742,1
3437,B,800000,800000,2,29,1,34135,16524,1
3438,B,700000,300000,6,23,1,18796,5444,1
3439,A,200000,200000,2,28,1,25478,14880,1
3440,B,200000,200000,7,49,1,19720,53772,1
3441,B,800000,300000,6,21,1,92940,6008,1
3442,B,900000,900000,2,26,1,39748,9476,1
3443,B,700000,700000,2,32,1,7607,58555,1
3444,B,700000,300000,4,61,1,0,20178,1
3445,B,200000,200000,2,52,1,15270,11772,1
3446,B,800000,300000,7,43,1,42485,44194,1
3447,B,200000,200000,6,22,1,39685,8901,1
3448,B,700000,500000,2,24,0,128899,26146,1
3449,B,1000000,1000000,2,25,1,73790,168642,1
3450,B,600000,600000,2,27,1,28841,12069,1
3451,B,200000,200000,2,23,1,39269,32413,1
3452,B,1000000,900000,2,24,1,79090,37381,1
3453,R,1200000,1200000,2,33,1,388779,33787,1
3454,B,500000,500000,5,22,1,0,5486,1
3455,B,600000,600000,7,36,1,38968,29057,1
3456,B,1300000,1300000,2,30,1,63718,21870,1
3457,B,700000,300000,6,24,1,45534,36770,1
3458,A,600000,300000,6,22,1,16770,15246,1
3459,B,600000,300000,2,41,1,5415,19600,1
3460,B,600000,600000,2,28,0,4836,11421,1
3461,B,500000,500000,7,27,1,98116,40826,1
3462,B,600000,300000,4,44,1,21736,8992,1
3463,B,700000,700000,2,27,1,0,36684,1
3464,B,1100000,300000,7,61,1,51944,20271,1
3465,B,700000,400000,2,25,1,11173,19261,1
3466,B,700000,300000,3,25,1,144340,16820,1
3467,B,800000,300000,6,23,1,50637,3493,1
3468,B,500000,500000,2,34,0,0,41076,1
3469,B,900000,300000,6,25,1,13012,15993,1
3470,B,200000,200000,2,25,1,1650,8010,1
3471,B,1000000,1000000,2,25,1,84081,18939,1
3472,B,1200000,300000,7,50,1,0,25929,1
3473,B,500000,500000,1,24,1,5852,13500,1
3474,B,1000000,1000000,2,25,1,81660,20749,1
3475,A,1300000,1200000,2,33,1,207854,29245,1
3476,B,200000,200000,6,21,1,79335,13303,1
3477,B,200000,200000,5,37,1,3401,12960,1
3478,B,500000,500000,2,29,1,20751,16929,1
3479,B,400000,400000,2,44,0,61698,54100,1
3480,B,800000,800000,2,48,1,36909,10585,1
3481,B,200000,200000,6,21,1,22469,14355,1
3482,B,500000,500000,2,24,1,11990,42372,1
3483,B,1000000,300000,6,22,1,60517,2799,1
3484,B,700000,200000,6,19,1,30301,7390,1
3485,B,500000,500000,2,21,1,18887,4049,1
3486,B,600000,600000,2,29,1,0,14335,1
3487,B,600000,600000,2,24,1,6476,10928,1
3488,B,600000,600000,7,45,1,0,26570,1
3489,A,700000,700000,10,27,1,112939,31923,1
3490,B,800000,300000,6,22,1,0,22315,1
3491,B,400000,300000,7,29,0,13304,11000,1
3492,B,1300000,1300000,2,49,0,40301,10656,1
3493,B,1100000,1100000,2,29,1,42685,19975,1
3494,B,1000000,1000000,2,24,1,76677,32163,1
3495,B,700000,300000,2,26,1,0,35928,1
3496,R,700000,700000,2,24,1,31941,26133,1
3497,B,1000000,1000000,2,35,1,32000,25344,1
3498,B,600000,600000,2,26,1,9385,9222,1
3499,B,1300000,1300000,2,30,1,75894,14508,1
3500,B,1300000,300000,7,43,1,49985,2862,1
3501,B,700000,700000,2,38,1,26139,47023,1
3502,B,1300000,1300000,2,27,1,96741,22123,1
3503,B,1200000,1200000,2,41,0,94455,63226,1
3504,B,1100000,300000,8,73,1,224423,5971,1
3505,B,1100000,1100000,3,33,1,17745,21515,1
3506,B,800000,300000,4,70,1,0,3915,1
3507,A,700000,700000,2,32,1,0,35838,1
3508,B,1000000,400000,2,24,0,21255,136386,1
3509,B,1000000,300000,7,35,1,87937,85392,1
3510,R,700000,200000,6,20,1,155441,11927,1
3511,B,800000,800000,3,29,1,19723,10386,1
3512,B,1000000,1000000,2,23,1,44434,7200,1
3513,B,700000,700000,2,23,1,34140,7898,1
3514,B,700000,200000,6,21,1,40422,13671,1
3515,B,1100000,1100000,2,28,1,92184,13987,1
3516,B,800000,800000,2,31,0,,48600,1
3517,B,800000,800000,2,48,1,36666,15114,1
3518,B,600000,300000,2,53,1,0,42894,1
3519,B,1100000,400000,3,25,1,6156,21964,1
3520,R,1300000,1300000,2,31,1,90021,17398,1
3521,B,300000,300000,7,24,1,58595,48599,1
3522,B,800000,800000,3,50,1,14355,180000,1
3523,A,1000000,1000000,2,28,1,521127,31051,1
3524,B,700000,700000,2,37,1,0,10414,1
3525,B,1000000,600000,2,22,1,13448,11161,1
3526,B,800000,800000,2,32,1,3550,39672,1
3527,B,1300000,1300000,1,54,1,159234,23828,1
3528,B,400000,400000,2,29,0,7001,12564,1
3529,B,1100000,1100000,2,36,1,25896,19206,1
3530,B,500000,500000,3,30,1,150000,37620,1
3531,B,1200000,300000,7,45,1,127848,30942,1
3532,B,700000,700000,3,35,1,65258,127490,1
3533,B,600000,600000,2,42,1,50607,12762,1
3534,B,800000,800000,3,28,1,3773,7744,1
3535,B,700000,400000,2,23,1,14944,23663,1
3536,B,600000,600000,2,31,1,209219,72267,1
3537,B,600000,600000,2,31,0,42424,4941,1
3538,B,800000,800000,2,47,1,24552,4510,1
3539,B,500000,300000,4,34,1,18333,26235,1
3540,B,700000,700000,3,36,0,0,28710,1
3541,B,1300000,1300000,3,29,1,124980,9801,1
3542,B,600000,600000,5,35,1,79457,25380,1
3543,B,700000,700000,2,30,1,25090,22568,1
3544,B,400000,400000,3,25,1,74301,68288,1
3545,B,1000000,1000000,3,22,1,284570,56619,1
3546,B,800000,800000,2,22,1,151820,50803,1
3547,B,1000000,1000000,7,27,1,114938,22801,1
3548,B,1300000,1300000,2,40,0,337086,20430,1
3549,B,500000,500000,2,33,1,18004,33097,1
3550,B,800000,800000,1,55,1,9144,43353,1
3551,B,1200000,1200000,2,24,1,67000,6515,1
3552,B,800000,300000,7,65,1,53019,9689,1
3553,B,1200000,700000,2,24,1,21998,17910,1
3554,B,1100000,1100000,2,26,1,53580,81288,1
3555,B,800000,800000,2,32,0,265783,22662,1
3556,B,1200000,1200000,3,24,1,59439,18278,1
3557,B,400000,400000,2,25,1,4443,31680,1
3558,B,1000000,300000,7,21,1,42129,29885,1
3559,B,1100000,300000,7,51,1,17072,29502,1
3560,A,700000,200000,6,21,1,39144,11880,1
3561,B,1200000,1200000,2,25,1,74038,18549,1
3562,B,700000,300000,2,25,1,27861,23138,1
3563,B,700000,300000,7,52,1,,2934,1
3564,B,500000,300000,12,61,1,46737,36053,1
3565,A,600000,600000,2,24,1,13395,15741,1
3566,B,700000,700000,2,52,0,,180000,1
3567,B,400000,400000,2,25,1,9614,38456,1
3568,B,700000,500000,2,22,1,69390,12074,1
3569,B,200000,200000,2,30,0,40000,6588,1
3570,R,1000000,1000000,2,23,1,38235,83358,1
3571,B,900000,400000,2,21,1,16440,5436,1
3572,B,500000,300000,6,22,1,0,21836,1
3573,B,800000,700000,2,24,1,37658,23652,1
3574,B,500000,500000,2,24,1,20514,23097,1
3575,B,1200000,1200000,2,26,0,16805,8073,1
3576,B,1000000,300000,2,28,1,42584,14277,1
3577,B,700000,700000,2,37,1,18234,80404,1
3578,A,700000,200000,6,19,1,97245,13877,1
3579,B,700000,700000,2,39,1,27897,22286,1
3580,B,800000,800000,2,29,1,0,37674,1
3581,B,200000,200000,6,22,1,11725,21546,1
3582,B,600000,600000,2,27,1,1506,19850,1
3583,B,1300000,1300000,2,46,1,0,69795,1
3584,B,500000,500000,2,27,1,3791,317,1
3585,B,1300000,300000,7,35,1,51529,7888,1
3586,B,1300000,1300000,2,33,1,90317,141066,1
3587,B,800000,300000,6,21,0,188705,7925,1
3588,B,700000,300000,2,23,1,7581,20569,1
3589,B,900000,300000,6,22,1,27642,22991,1
3590,R,1200000,500000,5,39,1,159705,10890,1
3591,B,200000,200000,6,19,1,14360,180000,1
3592,B,800000,300000,7,59,1,12113,39600,1
3593,B,1300000,1300000,2,47,0,0,25830,1
3594,B,800000,800000,2,56,1,6076,7664,1
3595,B,1000000,1000000,2,27,1,76394,6763,1
3596,B,700000,300000,4,68,1,60953,36057,1
3597,B,1100000,1100000,2,33,1,12817,16347,1
3598,B,700000,200000,6,19,1,11199,38567,1
3599,B,700000,700000,2,26,1,4955,22109,1
3600,B,1300000,1300000,2,30,1,130903,29052,1
3601,B,800000,800000,2,24,1,201077,17020,1
3602,B,1100000,1100000,2,29,1,123662,48669,1
3603,B,1300000,1000000,1,56,0,499249,73729,1
3604,B,1200000,1200000,2,40,0,60520,46620,1
3605,B,500000,500000,2,23,1,40876,3927,1
3606,B,700000,700000,7,31,1,41487,53550,1
3607,B,700000,300000,4,32,1,5225,15464,1
3608,B,600000,600000,3,32,1,28600,5994,1
3609,A,600000,300000,6,23,1,8110,33479,1
3610,B,500000,500000,2,26,1,5510,4791,1
3611,B,1100000,1100000,2,39,0,19949,29700,1
3612,B,800000,800000,2,21,0,54074,4149,1
3613,B,800000,800000,3,28,0,73549,76641,1
3614,A,800000,800000,2,24,1,197876,18607,1
3615,B,900000,900000,2,24,1,142272,8937,1
3616,B,800000,800000,2,26,1,464753,47296,1
3617,B,600000,600000,2,52,1,3228,51703,1
3618,B,800000,800000,2,28,1,4761,35082,1
3619,R,1000000,1000000,2,50,0,70615,105435,1
3620,R,1200000,300000,7,55,1,87711,41283,1
3621,B,800000,300000,7,51,1,17981,27951,1
3622,B,800000,800000,2,39,1,81696,35838,1
3623,B,800000,800000,3,27,1,22578,42050,1
3624,B,200000,200000,2,25,0,144099,16335,1
3625,B,700000,700000,2,35,0,17870,28800,1
3626,B,1200000,1200000,2,29,1,187392,19547,1
3627,B,1100000,1100000,2,26,1,58093,3780,1
3628,B,800000,800000,2,52,1,0,45441,1
3629,B,500000,500000,2,33,1,0,16668,1
3630,B,1300000,1300000,2,31,0,136195,12990,1
3631,B,500000,300000,6,22,1,19843,16200,1
3632,B,1100000,1100000,2,44,1,27149,8139,1
3633,B,1200000,1200000,2,26,1,91842,1962,1
3634,A,1200000,1200000,5,41,0,0,125631,1
3635,B,700000,700000,4,41,1,3672,48858,1
3636,B,700000,700000,3,55,1,125021,8870,1
3637,B,700000,200000,6,20,1,17382,16161,1
3638,B,800000,800000,2,51,0,13941,26320,1
3639,B,600000,600000,2,28,1,3781,24156,1
3640,B,1300000,1300000,2,58,0,499364,15977,1
3641,B,700000,700000,3,24,1,155384,75330,1
3642,B,1200000,1200000,3,39,1,77434,46332,1
3643,B,400000,300000,6,22,1,32210,10990,1
3644,B,800000,800000,2,50,1,4095,43200,1
3645,B,800000,800000,3,28,1,2926,20049,1
3646,B,1000000,1000000,2,37,0,109582,8551,1
3647,B,900000,900000,2,24,1,199573,9099,1
3648,R,1000000,900000,2,25,1,112249,14202,1
3649,B,800000,300000,4,48,1,0,6139,1
3650,B,600000,600000,2,28,0,40980,52417,1
3651,B,700000,700000,2,28,1,18364,20226,1
3652,A,500000,300000,6,22,1,111839,4328,1
3653,B,800000,800000,2,23,1,72860,26918,1
3654,B,500000,500000,2,32,0,0,42759,1
3655,B,400000,300000,4,39,1,0,23166,1
3656,A,1000000,1000000,2,24,1,465854,50185,1
3657,B,1000000,1000000,2,62,0,100406,15831,1
3658,B,1000000,1000000,2,25,1,199385,31923,1
3659,B,700000,700000,2,25,1,50296,13662,1
3660,B,700000,700000,2,30,1,35090,22068,1
3661,B,300000,300000,4,51,1,36971,128108,1
3662,B,1100000,300000,7,55,1,233935,10347,1
3663,B,400000,400000,2,25,1,77133,24227,1
3664,B,600000,600000,2,25,0,46374,585,1
3665,B,500000,500000,2,39,1,21121,21474,1
3666,B,1100000,1100000,2,25,1,74957,137700,1
3667,B,500000,500000,2,28,1,23849,3798,1
3668,B,700000,300000,4,70,1,1987,28800,1
3669,R,1100000,1100000,2,42,0,17559,28073,1
3670,B,1100000,1100000,5,63,1,28307,16167,1
3671,B,1100000,300000,7,47,1,178562,58500,1
3672,B,700000,200000,6,22,0,127405,3852,1
3673,A,600000,500000,2,23,1,0,145134,1
3674,B,300000,300000,2,27,1,0,19494,1
3675,A,200000,200000,7,26,1,22757,8118,1
3676,B,700000,700000,2,46,1,62391,47871,1
3677,B,1200000,1200000,4,30,1,29761,15691,1
3678,B,1300000,1300000,2,45,1,186234,25310,1
3679,R,700000,700000,2,26,1,3040,8811,1
3680,B,200000,200000,2,28,1,,4047,1
3681,B,800000,800000,2,33,1,31920,40206,1
3682,B,1100000,1100000,2,30,0,37157,27324,1
3683,A,800000,800000,2,59,1,38464,11435,1
3684,B,500000,300000,4,31,1,37439,10980,1
3685,B,500000,300000,5,47,1,14817,17713,1
3686,B,800000,800000,2,27,0,22680,8595,1
3687,B,600000,600000,2,30,0,49075,38740,1
3688,B,1200000,300000,7,43,1,78032,5436,1
3689,B,800000,300000,11,27,1,36027,16920,1
3690,B,1100000,1100000,10,24,1,54196,88843,1
3691,B,1000000,900000,2,24,1,29405,51699,1
3692,B,1000000,1000000,2,40,1,555437,24924,1
3693,B,1000000,1000000,2,25,1,33030,10881,1
3694,B,200000,200000,2,29,0,108288,49500,1
3695,B,900000,300000,6,21,1,32739,35730,1
3696,B,700000,600000,12,21,1,31071,10729,1
3697,B,1300000,1300000,3,51,1,176063,16938,1
3698,B,500000,500000,2,24,1,6200,43898,1
3699,B,500000,500000,2,24,1,34799,4941,1
3700,B,700000,700000,2,40,1,39635,18900,1
3701,B,1300000,300000,2,50,1,60803,36412,1
3702,R,1300000,300000,2,24,1,38955,6507,1
3703,B,700000,200000,6,20,1,68411,30198,1
3704,A,700000,700000,8,80,1,275139,3474,1
3705,B,1100000,1100000,2,26,1,398649,180000,1
3706,B,200000,200000,6,23,1,0,11862,1
3707,B,1000000,1000000,5,39,0,48793,37710,1
3708,R,500000,500000,2,51,1,408830,21561,1
3709,B,700000,700000,7,26,1,32210,13437,1
3710,B,700000,700000,2,47,0,12838,10980,1
3711,B,700000,700000,2,57,1,0,20574,1
3712,B,1300000,300000,4,53,1,143390,14674,1
3713,R,1300000,1300000,10,39,0,93453,13464,1
3714,B,600000,600000,1,41,1,0,6237,1
3715,A,700000,200000,6,22,1,76340,4257,1
3716,B,1200000,1200000,3,28,1,107112,7119,1
3717,R,700000,700000,5,53,0,136553,49500,1
3718,B,1000000,1000000,2,26,1,220099,46610,1
3719,B,400000,300000,7,72,1,44960,21653,1
3720,B,1300000,300000,4,63,1,12018,72369,1
3721,B,800000,300000,7,61,1,70098,72561,1
3722,B,400000,400000,7,63,1,58499,36982,1
3723,A,1100000,700000,2,24,1,220474,1763,1
3724,B,800000,300000,7,59,1,1778,20430,1
3725,B,700000,200000,6,20,1,173822,8375,1
3726,B,600000,300000,6,23,1,0,11974,1
3727,B,1000000,300000,7,27,1,65377,9199,1
3728,A,1000000,500000,12,32,1,296148,15840,1
3729,B,1000000,300000,6,23,1,225381,16555,1
3730,B,200000,200000,2,26,1,57873,7034,1
3731,B,700000,700000,7,60,1,21603,26385,1
3732,R,800000,800000,2,45,0,283870,23160,1
3733,B,500000,500000,2,24,1,11192,11901,1
3734,B,900000,300000,6,22,1,46540,6224,1
3735,A,1100000,800000,2,30,1,41538,16622,1
3736,B,200000,200000,2,29,1,53021,6030,1
3737,B,1000000,1000000,2,30,1,57644,27296,1
3738,B,1200000,1200000,3,32,1,176620,8633,1
3739,B,1200000,1200000,2,43,1,223572,10980,1
3740,B,1200000,700000,2,27,1,29530,1463,1
3741,B,1300000,1300000,2,36,0,139032,0,1
3742,A,700000,200000,6,20,1,18306,9775,1
3743,B,700000,700000,2,29,1,0,10287,1
3744,B,800000,800000,2,23,1,151381,56583,1
3745,B,800000,800000,2,33,0,46150,147600,1
3746,B,800000,300000,4,51,1,1993,13045,1
3747,B,500000,300000,11,54,1,950,46620,1
3748,B,1000000,300000,12,44,1,0,56610,1
3749,B,500000,300000,7,40,1,3000,13455,1
3750,B,1300000,1100000,3,25,1,30774,29515,1
3751,A,500000,500000,2,32,1,52850,31552,1
3752,B,700000,700000,2,27,1,22000,3663,1
3753,B,800000,800000,4,53,1,0,8154,1
3754,B,800000,800000,2,36,1,40139,47277,1
3755,B,800000,600000,2,31,1,0,15930,1
3756,B,600000,600000,13,29,1,12331,19772,1
3757,B,800000,800000,4,49,1,7323,29160,1
3758,B,1200000,1200000,3,29,1,49512,30662,1
3759,B,1300000,1300000,4,73,1,101073,63162,1
3760,B,700000,700000,2,49,1,0,25830,1
3761,B,1000000,1000000,2,22,1,229782,7647,1
3762,B,800000,300000,7,52,1,16160,21857,1
3763,B,700000,200000,6,20,1,187510,2489,1
3764,B,1000000,300000,6,21,1,128644,7821,1
3765,B,1100000,1100000,2,29,1,33004,17931,1
3766,B,800000,800000,2,59,1,0,47709,1
3767,A,800000,300000,4,73,1,12255,128700,1
3768,B,800000,800000,2,36,0,6395,106602,1
3769,B,1300000,1300000,2,31,0,98876,43684,1
3770,B,1100000,1100000,2,25,1,98627,11970,1
3771,B,1000000,1000000,2,29,1,14279,8819,1
3772,B,400000,400000,2,21,1,34531,7947,1
3773,B,400000,400000,2,21,1,,7947,1
3774,B,700000,700000,2,23,1,177884,36036,1
3775,B,700000,200000,7,23,1,0,9819,1
3776,B,400000,300000,7,23,1,0,1782,1
3777,B,500000,300000,7,43,1,19332,2813,1
3778,B,1200000,900000,2,38,1,431808,2475,1
3779,B,1000000,1000000,3,23,1,49710,27873,1
3780,B,800000,800000,3,23,1,81282,23949,1
3781,B,700000,700000,10,47,0,255681,17842,1
3782,B,200000,200000,2,31,1,0,8109,1
3783,B,1200000,900000,2,26,1,149918,3116,1
3784,B,200000,200000,6,21,1,91318,8757,1
3785,A,200000,200000,6,23,1,0,22428,1
3786,B,1100000,1100000,7,51,1,1150,1559,1
3787,B,400000,300000,6,22,1,0,10723,1
3788,B,1000000,300000,6,21,1,73187,6312,1
3789,B,200000,200000,2,24,1,118400,11307,1
3790,B,300000,300000,6,21,1,314,12672,1
3791,B,200000,200000,7,44,1,0,3456,1
3792,B,1300000,1300000,2,28,0,12290,10182,1
3793,B,600000,400000,2,25,1,8272,540,1
3794,B,800000,800000,2,54,1,28424,41832,1
3795,B,1000000,1000000,3,23,1,130175,19885,1
3796,B,1000000,300000,6,21,1,53422,7233,1
3797,B,600000,300000,6,30,1,10085,7119,1
3798,B,1200000,1200000,2,32,1,55383,29194,1
3799,B,700000,300000,6,25,1,100508,8712,1
3800,B,1300000,1300000,2,57,0,102780,32848,1
3801,B,700000,200000,6,20,1,180481,113886,1
3802,B,800000,800000,2,33,0,17034,25798,1
3803,B,800000,800000,2,55,1,0,8360,1
3804,B,1300000,1300000,2,58,1,64990,30145,1
3805,A,1100000,1100000,1,53,1,153809,10315,1
3806,B,1100000,1100000,2,27,1,413670,18905,1
3807,B,600000,600000,3,25,1,50645,85159,1
3808,B,600000,600000,7,53,1,1676,25150,1
3809,B,400000,300000,6,22,1,29920,9605,1
3810,B,700000,700000,2,23,1,16740,4631,1
3811,B,1200000,1200000,2,56,1,99863,9495,1
3812,B,600000,600000,2,33,1,49518,36834,1
3813,B,200000,200000,2,22,1,104989,3753,1
3814,B,1100000,300000,2,25,1,65764,8799,1
3815,B,1300000,1300000,2,50,1,68208,208206,1
3816,B,900000,800000,2,39,1,94526,59697,1
3817,B,800000,300000,6,24,1,33630,22433,1
3818,B,1200000,1200000,4,41,1,21484,97151,1
3819,B,1300000,300000,4,70,1,16100,29198,1
3820,B,900000,300000,2,22,1,23028,24675,1
3821,B,1300000,1300000,2,53,1,41153,47739,1
3822,B,300000,300000,2,25,0,16720,38760,1
3823,B,800000,300000,8,77,1,4580,19219,1
3824,B,500000,500000,2,25,1,63404,7659,1
3825,B,300000,300000,2,23,0,7570,84992,1
3826,B,1100000,1100000,7,63,0,48787,9665,1
3827,B,1100000,1100000,2,27,1,47244,73526,1
3828,B,800000,800000,10,50,1,39948,17791,1
3829,B,500000,500000,2,29,1,21677,42866,1
3830,B,400000,400000,3,24,1,102005,25988,1
3831,B,700000,700000,2,28,1,18288,34275,1
3832,B,400000,400000,2,25,1,34621,34461,1
3833,B,700000,200000,6,22,1,0,8267,1
3834,B,1100000,1100000,1,61,1,4218,14458,1
3835,B,1300000,1300000,2,64,1,0,12020,1
3836,B,700000,700000,2,31,1,0,8006,1
3837,B,800000,800000,2,59,0,19000,111574,1
3838,R,1300000,1300000,2,36,1,50143,5337,1
3839,B,800000,800000,2,68,1,36096,48595,1
3840,B,500000,500000,2,24,1,,33971,1
3841,B,1300000,700000,2,24,1,144369,12500,1
3842,B,800000,500000,7,53,1,,36558,1
3843,A,700000,700000,2,32,0,16622,16720,1
3844,B,800000,800000,2,27,1,16695,12387,1
3845,B,800000,800000,2,27,1,,12387,1
3846,A,1200000,1200000,2,48,0,62572,30305,1
3847,A,800000,800000,2,30,1,4142,180000,1
3848,B,1100000,1100000,2,28,1,127577,3564,1
3849,B,600000,300000,2,51,1,28215,36045,1
3850,B,1100000,1100000,7,32,1,64090,163422,1
3851,B,500000,300000,7,26,1,12300,61034,1
3852,B,700000,300000,7,56,1,14545,7410,1
3853,A,800000,800000,3,26,1,273510,15390,1
3854,B,1300000,300000,4,63,1,141187,13585,1
3855,B,800000,800000,2,39,1,217722,166043,1
3856,B,500000,500000,2,23,1,39669,2956,1
3857,B,700000,700000,2,26,1,63119,30875,1
3858,B,700000,700000,2,24,1,40594,16227,1
3859,B,700000,700000,2,24,1,190975,21796,1
3860,B,700000,700000,2,34,0,0,86308,1
3861,B,700000,700000,2,24,1,14102,12895,1
3862,A,700000,200000,2,23,1,76728,29723,1
3863,B,1300000,1300000,4,49,1,30229,3835,1
3864,B,1200000,1000000,7,53,1,45567,18618,1
3865,B,200000,200000,2,30,1,0,71068,1
3866,B,800000,800000,2,53,1,9403,61104,1
3867,B,1300000,300000,4,32,1,47613,25121,1
3868,R,1300000,1300000,3,59,1,12661,8406,1
3869,B,800000,300000,4,72,1,1000,25006,1
3870,B,800000,800000,2,26,1,4328,7679,1
3871,B,600000,600000,2,25,1,100477,33255,1
3872,A,1000000,300000,4,50,1,26037,39699,1
3873,B,700000,300000,7,49,1,17096,26973,1
3874,B,800000,800000,2,35,1,0,52470,1
3875,B,800000,800000,4,59,1,912,49293,1
3876,B,800000,800000,2,42,1,69290,28701,1
3877,B,700000,700000,11,30,1,0,74575,1
3878,B,700000,700000,11,30,1,0,74575,1
3879,B,800000,800000,3,45,0,4420,10787,1
3880,B,600000,600000,2,25,1,12552,26235,1
3881,B,600000,600000,10,24,1,78470,19838,1
3882,B,800000,800000,2,34,1,841,66067,1
3883,B,1100000,1100000,2,25,1,325111,35626,1
3884,B,1300000,1300000,2,29,1,276733,46071,1
3885,B,600000,600000,2,25,1,15424,2475,1
3886,B,900000,600000,2,23,1,165346,35912,1
3887,B,700000,700000,2,31,0,119818,25299,1
3888,B,200000,200000,2,23,1,30933,792,1
3889,B,600000,300000,7,58,1,13436,70923,1
3890,B,800000,800000,7,64,1,53369,77852,1
3891,B,800000,300000,12,56,1,,69489,1
3892,B,200000,200000,2,27,1,0,21100,1
3893,B,1300000,300000,4,44,1,75151,31401,1
3894,B,800000,800000,2,36,0,9169,20349,1
3895,A,1300000,1300000,2,29,0,96978,29358,1
3896,A,1100000,1100000,2,26,1,70306,35442,1
3897,B,700000,700000,5,39,0,3000,13950,1
3898,B,1300000,1300000,2,53,0,161540,19087,1
3899,B,800000,300000,4,55,1,2090,32589,1
3900,A,1300000,1300000,2,51,1,230335,1378,1
3901,B,1300000,300000,8,63,0,56806,6318,1
3902,A,600000,600000,2,23,1,53492,17087,1
3903,B,600000,300000,4,55,1,45980,10066,1
3904,B,200000,200000,2,24,1,120870,46171,1
3905,B,1100000,800000,2,25,1,1558,21831,1
3906,B,600000,600000,2,26,1,15552,18592,1
3907,B,1300000,1300000,2,46,1,13049,180000,1
3908,B,700000,700000,2,44,1,39317,20177,1
3909,B,600000,300000,7,57,1,3859,24032,1
3910,B,500000,500000,2,25,1,5228,144540,1
3911,B,800000,800000,8,78,1,9282,10461,1
3912,B,1000000,1000000,2,26,1,,40194,1
3913,B,800000,800000,3,24,1,13548,68760,1
3914,B,1200000,1200000,4,50,1,79310,180585,1
3915,B,800000,300000,7,56,1,6182,24216,1
3916,B,400000,400000,2,27,1,0,17129,1
3917,B,800000,300000,5,61,1,34055,15545,1
3918,B,500000,500000,2,26,1,,65987,1
3919,B,600000,300000,8,75,1,0,17820,1
3920,B,700000,300000,6,23,0,3574,2805,1
3921,B,600000,600000,2,25,1,27294,7574,1
3922,B,1200000,600000,2,27,1,0,6497,1
3923,B,1200000,1200000,2,29,0,49291,36558,1
3924,B,700000,700000,2,48,1,2857,2509,1
3925,B,900000,900000,2,31,0,45778,16137,1
3926,B,800000,800000,2,35,1,1599,21741,1
3927,B,1300000,1000000,2,30,1,16608,13982,1
3928,B,1100000,600000,2,23,1,112673,54912,1
3929,B,400000,400000,12,67,1,171296,21879,1
3930,B,800000,800000,2,48,1,130360,13860,1
3931,B,1100000,300000,4,46,1,7990,65340,1
3932,B,500000,500000,5,65,1,14294,17907,1
3933,B,800000,800000,2,48,0,467438,52334,1
3934,B,700000,700000,2,23,1,21810,4446,1
3935,B,600000,300000,7,42,1,34930,13023,1
3936,B,700000,700000,2,26,1,0,12960,1
3937,B,400000,400000,2,28,1,31422,11904,1
3938,B,500000,200000,7,30,1,,15218,1
3939,B,800000,800000,3,36,0,,22254,1
3940,B,200000,200000,6,22,1,10886,21474,1
3941,B,600000,600000,2,53,1,68425,48456,1
3942,B,600000,600000,2,24,1,0,18873,1
3943,B,1300000,1300000,1,59,1,324691,124245,1
3944,B,300000,300000,6,21,1,0,8805,1
3945,B,1000000,1000000,2,39,1,29951,38768,1
3946,B,700000,300000,7,55,1,0,30147,1
3947,B,600000,600000,4,35,1,11863,13058,1
3948,B,1300000,1300000,4,54,1,28000,66788,1
3949,B,800000,300000,4,65,1,,17919,1
3950,A,500000,500000,2,26,1,0,13082,1
3951,B,800000,800000,4,59,1,21243,7001,1
3952,B,1100000,300000,2,25,1,67828,53031,1
3953,B,700000,300000,7,30,1,17521,5891,1
3954,B,1300000,1300000,2,42,1,510740,32957,1
3955,R,500000,500000,2,48,1,61570,38314,1
3956,B,1300000,1200000,2,38,1,71678,17388,1
3957,B,700000,700000,4,57,1,15531,20065,1
3958,B,600000,600000,2,36,1,0,33049,1
3959,B,700000,700000,2,49,1,,6624,1
3960,B,800000,300000,7,66,1,0,9432,1
3961,B,800000,500000,3,40,1,0,45630,1
3962,B,700000,700000,2,27,1,27000,36360,1
3963,B,800000,800000,10,56,1,173712,112950,1
3964,B,1300000,300000,7,49,1,67746,30861,1
3965,B,700000,700000,2,24,0,15277,18900,1
3966,B,800000,300000,4,52,1,25851,10883,1
3967,B,1300000,1300000,2,50,1,3965,15605,1
3968,B,900000,300000,6,21,1,0,35388,1
3969,B,800000,800000,2,49,0,24275,10980,1
3970,B,1000000,300000,2,24,1,45630,38822,1
3971,A,300000,300000,6,21,1,0,16811,1
3972,B,800000,700000,6,39,0,2653,37209,1
3973,B,400000,400000,2,39,1,59192,34623,1
3974,B,800000,800000,2,38,1,41007,19098,1
3975,B,700000,700000,1,76,1,68728,195840,1
3976,R,1200000,300000,4,54,1,94028,23202,1
3977,B,700000,700000,2,30,1,,11510,1
3978,B,500000,500000,2,23,1,5582,8278,1
3979,B,800000,600000,7,64,1,27558,56241,1
3980,B,1100000,300000,7,49,1,129792,37118,1
3981,B,700000,700000,3,23,0,18174,11343,1
3982,B,800000,800000,2,30,0,2360,3011,1
3983,B,1100000,1100000,12,25,1,410780,630,1
3984,A,800000,300000,7,54,1,2822,3310,1
3985,B,600000,600000,2,27,1,7838,15732,1
3986,B,800000,300000,7,52,1,2404,18293,1
3987,B,800000,800000,3,27,1,,43650,1
3988,A,700000,200000,6,21,1,55919,76032,1
3989,B,1300000,1300000,2,34,1,139398,53539,1
3990,B,800000,800000,2,43,1,0,16920,1
3991,B,1200000,1200000,2,25,1,37831,26523,1
3992,B,800000,800000,2,27,1,17142,9368,1
3993,B,1300000,1200000,3,53,1,94402,89100,1
3994,B,700000,700000,7,50,1,10801,3917,1
3995,B,600000,600000,2,28,1,113834,3960,1
3996,B,700000,500000,2,37,1,5441,6831,1
3997,B,800000,800000,7,38,1,4325,16113,1
3998,B,600000,600000,2,25,1,20865,882,1
3999,B,400000,400000,12,58,1,0,8820,1
4000,B,500000,300000,6,20,1,18358,7119,1
4001,B,1500000,1500000,2,61,0,223730,1773,1
4002,B,800000,800000,2,32,0,15960,180000,1
4003,B,200000,200000,2,24,1,0,7877,1
4004,B,800000,800000,2,51,0,20327,5285,1
4005,B,1000000,1000000,2,26,1,115409,40930,1
4006,B,800000,800000,3,31,0,0,45630,1
4007,B,700000,700000,2,26,1,1558,1246,1
4008,B,1200000,1200000,2,46,1,76477,24555,1
4009,B,1300000,500000,2,43,1,4453,12671,1
4010,B,800000,800000,4,54,1,0,12263,1
4011,B,200000,200000,4,35,1,164880,35478,1
4012,B,1200000,1200000,4,42,1,294050,10395,1
4013,B,1200000,1200000,4,48,1,102452,7839,1
4014,B,800000,300000,4,69,1,0,5109,1
4015,B,1200000,800000,2,29,1,,7565,1
4016,B,500000,500000,2,26,1,597,17725,1
4017,B,800000,800000,12,53,1,44985,48312,1
4018,B,800000,800000,4,57,1,0,7532,1
4019,B,500000,500000,2,59,1,0,28503,1
4020,B,600000,400000,7,53,1,10000,20475,1
4021,B,600000,500000,2,28,1,8570,21227,1
4022,B,1300000,300000,7,57,1,51378,3725,1
4023,B,1300000,1300000,5,59,1,0,67113,1
4024,B,200000,200000,4,60,1,64481,8901,1
4025,B,800000,800000,2,28,1,73867,55236,1
4026,B,600000,600000,2,61,1,0,11442,1
4027,B,200000,200000,6,20,1,14762,6177,1
4028,B,900000,300000,7,40,1,38482,39303,1
4029,B,700000,300000,4,45,1,63750,10612,1
4030,A,1000000,1000000,2,56,1,0,29058,1
4031,B,600000,600000,8,80,1,69640,2026,1
4032,B,800000,300000,7,50,1,13858,11904,1
4033,A,1100000,1100000,2,59,1,81259,53343,1
4034,B,800000,300000,7,63,1,28072,38439,1
4035,B,600000,600000,2,28,1,750,24669,1
4036,B,500000,500000,2,24,1,18549,24039,1
4037,B,200000,200000,8,79,1,773,1683,1
4038,B,800000,800000,2,35,1,35955,11751,1
4039,A,500000,500000,2,26,1,0,10674,1
4040,B,700000,200000,6,28,1,40886,34060,1
4041,B,700000,200000,6,28,1,0,34060,1
4042,B,600000,600000,2,25,1,125572,21996,1
4043,R,500000,500000,2,32,1,63119,11933,1
4044,B,800000,800000,2,37,1,22205,18155,1
4045,B,800000,800000,2,28,1,39391,26460,1
4046,B,200000,200000,6,21,0,12116,15246,1
4047,B,400000,300000,7,28,1,3951,12168,1
4048,B,700000,700000,2,43,1,28955,11503,1
4049,A,1200000,1200000,3,48,1,94591,2376,1
4050,B,1000000,800000,2,23,1,7641,10791,1
4051,B,1300000,1100000,2,27,1,91630,12069,1
4052,B,1000000,1000000,3,24,1,50452,8129,1
4053,B,700000,300000,4,63,1,36171,28377,1
4054,A,800000,800000,2,28,1,52133,33957,1
4055,B,500000,500000,2,28,1,0,69570,1
4056,B,1200000,1200000,2,54,1,132028,16920,1
4057,B,800000,800000,2,33,1,1606,12501,1
4058,B,1100000,1100000,2,27,1,178810,62600,1
4059,B,800000,800000,12,38,1,3492,5644,1
4060,B,1300000,300000,4,72,1,36037,7640,1
4061,B,500000,500000,2,30,0,0,22860,1
4062,B,700000,700000,2,27,1,9988,3258,1
4063,B,1300000,1300000,2,28,1,8225,17820,1
4064,B,1200000,1200000,7,33,1,83440,18930,1
4065,B,800000,800000,2,57,1,7988,3438,1
4066,B,1200000,1200000,4,56,1,70316,18979,1
4067,B,800000,300000,2,52,1,21278,31918,1
4068,B,1300000,700000,10,26,1,54335,33691,1
4069,B,700000,700000,4,31,1,12408,33337,1
4070,B,500000,500000,2,30,1,72140,90243,1
4071,B,800000,800000,2,50,1,39031,8825,1
4072,B,600000,300000,2,34,1,,7047,1
4073,B,700000,700000,3,26,1,45914,17217,1
4074,B,1100000,1100000,2,25,1,524,9985,1
4075,B,600000,600000,2,56,1,29117,4600,1
4076,B,400000,400000,2,23,1,17949,22401,1
4077,B,1200000,500000,2,49,1,37754,71280,1
4078,B,1100000,600000,2,26,1,102880,18679,1
4079,B,700000,700000,3,27,1,,29590,1
4080,B,1200000,1200000,2,57,1,44555,49590,1
4081,B,400000,400000,2,29,0,0,39600,1
4082,B,600000,600000,2,38,0,12913,12287,1
4083,B,800000,800000,2,53,1,12973,16551,1
4084,B,600000,600000,4,36,1,0,5147,1
4085,B,800000,600000,3,68,1,76448,18578,1
4086,B,1300000,1300000,4,53,1,80294,26037,1
4087,B,600000,600000,2,24,1,59737,17802,1
4088,B,1200000,400000,2,26,1,0,1188,1
4089,B,700000,700000,2,49,1,,57510,1
4090,B,1300000,1300000,2,71,1,0,37710,1
4091,B,600000,600000,2,46,0,0,63312,1
4092,B,800000,800000,2,58,0,8415,3841,1
4093,R,800000,700000,2,24,1,5215,31454,1
4094,B,1100000,1100000,7,26,1,74710,32697,1
4095,B,800000,800000,2,51,1,87637,48061,1
4096,B,400000,400000,4,27,1,8455,15237,1
4097,B,1200000,1200000,3,32,0,128443,5661,1
4098,B,600000,600000,5,27,1,42971,72738,1
4099,B,200000,200000,2,24,1,0,10485,1
4100,B,200000,200000,6,22,1,8967,14431,1
4101,B,800000,800000,2,36,0,0,75578,1
4102,B,700000,700000,5,50,1,52225,37422,1
4103,B,800000,800000,2,31,0,0,164988,1
4104,B,600000,600000,7,47,1,32701,47061,1
4105,B,700000,200000,6,20,1,133391,156996,1
4106,B,800000,300000,11,63,1,0,891,1
4107,B,400000,300000,7,24,1,16748,19318,1
4108,B,1100000,300000,4,56,1,32883,13423,1
4109,B,700000,700000,2,33,0,11589,8730,1
4110,B,600000,600000,2,28,1,35584,8928,1
4111,B,1000000,300000,2,23,1,4446,5382,1
4112,B,800000,800000,2,38,1,16412,16074,1
4113,B,700000,300000,6,23,1,41102,30780,1
4114,A,1000000,1000000,2,28,1,208581,41589,1
4115,A,700000,700000,2,48,1,0,34339,1
4116,B,1200000,1200000,2,30,1,112142,2268,1
4117,B,500000,500000,2,26,1,23633,15849,1
4118,R,1100000,1100000,2,30,1,30589,16971,1
4119,B,800000,800000,2,28,1,14611,47779,1
4120,B,800000,800000,2,28,1,0,20658,1
4121,B,800000,800000,2,53,1,0,11159,1
4122,B,1300000,1300000,2,56,1,0,14940,1
4123,B,700000,700000,2,27,1,6000,14360,1
4124,B,200000,200000,6,22,1,9301,12753,1
4125,B,800000,800000,2,36,1,4905,19440,1
4126,B,800000,500000,2,48,1,29050,12510,1
4127,A,800000,800000,2,39,0,62746,374,1
4128,B,700000,700000,2,32,1,42357,19692,1
4129,B,600000,600000,12,26,1,45953,11574,1
4130,R,700000,700000,2,33,0,5073,8856,1
4131,B,1000000,1000000,2,51,0,12582,24733,1
4132,B,700000,700000,2,28,0,,36297,1
4133,B,1100000,1100000,2,46,1,49774,36346,1
4134,B,500000,500000,2,28,1,17050,30899,1
4135,B,1300000,1300000,4,53,1,137939,31383,1
4136,B,300000,300000,2,30,1,2527,141263,1
4137,B,1100000,1100000,2,46,1,11184,77220,1
4138,B,400000,400000,2,25,1,35437,79980,1
4139,B,1000000,1000000,2,53,1,26192,16326,1
4140,B,700000,300000,7,39,1,0,5805,1
4141,B,600000,600000,10,26,1,8496,13896,1
4142,B,1100000,300000,7,27,1,145942,20712,1
4143,B,800000,800000,2,28,1,28139,39096,1
4144,B,600000,300000,6,23,1,55723,18870,1
4145,B,1200000,1200000,3,51,1,258842,24004,1
4146,B,1100000,900000,2,24,1,83000,10782,1
4147,B,600000,600000,2,25,0,0,20583,1
4148,B,700000,700000,2,26,1,18615,0,1
4149,B,200000,200000,3,24,1,82090,8208,1
4150,B,700000,700000,2,26,1,,10224,1
4151,B,600000,600000,2,42,1,15465,24299,1
4152,B,500000,300000,2,27,1,165796,10964,1
4153,A,400000,400000,2,27,1,7211,43156,1
4154,B,600000,300000,2,25,1,34563,6525,1
4155,B,700000,700000,2,26,1,4267,2691,1
4156,B,600000,500000,8,74,1,12079,5106,1
4157,B,700000,700000,2,38,1,9010,22464,1
4158,A,300000,300000,2,56,1,158271,8110,1
4159,B,1000000,1000000,3,26,1,110642,2861,1
4160,B,700000,700000,2,45,1,9499,23597,1
4161,B,400000,400000,2,24,1,3781,14940,1
4162,B,1000000,1000000,2,24,1,69818,48928,1
4163,B,1000000,1000000,2,24,1,143852,15732,1
4164,B,1300000,800000,2,45,1,180761,95060,1
4165,B,700000,700000,2,36,1,1121,1782,1
4166,B,1300000,1300000,2,52,0,48831,7366,1
4167,B,700000,300000,7,59,1,7600,12861,1
4168,B,600000,600000,2,28,1,21107,42878,1
4169,B,700000,700000,7,30,1,57753,21348,1
4170,B,1200000,1200000,2,37,1,85393,60786,1
4171,B,200000,200000,2,28,1,120697,28891,1
4172,B,1300000,800000,7,66,0,38239,12703,1
4173,B,700000,700000,2,28,1,67800,37512,1
4174,B,800000,800000,2,53,1,40727,58838,1
4175,B,1000000,300000,11,53,1,84201,14989,1
4176,B,1300000,1300000,2,38,1,27263,19899,1
4177,B,800000,800000,5,58,1,2527,18594,1
4178,A,500000,300000,11,26,1,42100,9961,1
4179,B,800000,800000,2,29,1,,5436,1
4180,B,600000,600000,2,30,1,47958,36720,1
4181,B,1000000,1000000,2,24,1,35149,40807,1
4182,B,600000,600000,2,27,1,2601,19100,1
4183,B,500000,300000,7,39,1,19672,43907,1
4184,B,500000,500000,2,31,1,8959,51706,1
4185,B,600000,600000,3,25,1,0,11277,1
4186,B,1100000,1100000,2,33,1,89193,12064,1
4187,B,800000,800000,1,61,1,8417,113940,1
4188,B,200000,200000,2,21,1,16439,13012,1
4189,B,800000,800000,2,38,1,30138,19692,1
4190,B,800000,800000,2,44,1,11495,3141,1
4191,B,1300000,1300000,3,60,1,94393,26454,1
4192,B,600000,600000,2,28,1,27608,59427,1
4193,B,1200000,300000,7,53,1,186066,52350,1
4194,B,400000,300000,6,23,1,30800,9613,1
4195,B,600000,600000,2,25,1,0,9639,1
4196,B,1000000,300000,6,23,1,25729,27648,1
4197,B,600000,600000,2,25,1,,11191,1
4198,B,500000,500000,2,32,1,0,26296,1
4199,B,500000,500000,2,25,1,,12789,1
4200,B,600000,600000,2,25,1,0,48235,1
4201,B,1300000,400000,2,26,1,34282,9178,1
4202,B,1200000,600000,2,23,1,229205,44831,1
4203,B,1000000,1000000,10,28,0,55140,40257,1
4204,B,600000,300000,6,23,1,6668,81907,1
4205,A,800000,800000,3,25,1,31066,19534,1
4206,B,500000,500000,2,34,1,22389,21420,1
4207,B,500000,500000,2,34,1,,21420,1
4208,B,500000,300000,7,53,1,,16326,1
4209,B,1000000,1000000,2,25,1,67980,25065,1
4210,B,800000,800000,2,56,0,0,4572,1
4211,B,700000,700000,2,49,1,0,61965,1
4212,B,1000000,1000000,2,38,1,193252,4491,1
4213,B,600000,600000,4,55,1,0,7866,1
4214,B,700000,700000,2,58,1,14056,102060,1
4215,B,800000,800000,2,49,1,26732,72793,1
4216,B,700000,700000,2,27,1,5264,26109,1
4217,B,800000,800000,2,67,1,0,165429,1
4218,B,500000,500000,5,28,1,18211,6311,1
4219,B,1200000,1200000,2,46,1,20084,180000,1
4220,A,700000,200000,6,20,1,39191,14355,1
4221,B,1300000,1300000,2,28,1,71981,10656,1
4222,B,800000,800000,2,28,1,0,19791,1
4223,B,1300000,1300000,2,46,1,18288,70659,1
4224,B,800000,300000,7,48,1,979,6030,1
4225,B,600000,600000,2,30,0,3824,10584,1
4226,B,1000000,1000000,10,44,1,337545,5472,1
4227,B,700000,700000,13,65,0,8246,144,1
4228,B,800000,800000,2,54,1,0,13653,1
4229,B,800000,600000,8,65,1,,30780,1
4230,A,1100000,1100000,2,32,1,105694,19459,1
4231,B,700000,700000,2,29,1,38023,11664,1
4232,B,200000,200000,6,20,1,28062,13031,1
4233,B,700000,700000,2,30,1,,36978,1
4234,B,1100000,1100000,4,62,1,0,46195,1
4235,B,600000,600000,2,25,0,6236,3762,1
4236,B,600000,600000,2,49,0,3240,29772,1
4237,B,800000,500000,2,53,1,19811,14279,1
4238,B,400000,300000,2,22,1,10353,1450,1
4239,B,500000,500000,2,23,1,7838,10890,1
4240,B,1200000,1200000,5,72,0,46660,7623,1
4241,B,600000,600000,2,26,1,10791,8910,1
4242,B,800000,800000,3,38,1,45345,180000,1
4243,B,1000000,1000000,2,53,0,87158,23427,1
4244,B,500000,500000,7,26,1,0,38240,1
4245,B,700000,700000,2,24,1,28102,6930,1
4246,B,800000,800000,2,44,1,145864,3663,1
4247,B,800000,800000,3,27,0,0,136017,1
4248,B,800000,800000,2,65,1,6445,1546,1
4249,B,700000,700000,2,45,1,5307,92978,1
4250,B,800000,800000,2,25,1,0,3060,1
4251,B,1300000,1300000,1,71,0,21051,9740,1
4252,B,400000,300000,6,20,1,4538,21561,1
4253,B,700000,300000,6,23,1,9901,16464,1
4254,B,200000,200000,6,20,1,5000,3555,1
4255,B,700000,700000,2,31,1,52965,80790,1
4256,B,800000,800000,10,27,1,0,68499,1
4257,B,800000,300000,11,62,1,8032,20951,1
4258,B,600000,600000,4,51,1,33800,24552,1
4259,B,700000,700000,1,63,1,17737,69094,1
4260,B,1000000,600000,2,52,1,66478,12960,1
4261,B,800000,800000,8,82,1,11169,2600,1
4262,B,700000,700000,2,39,0,29308,13950,1
4263,B,500000,400000,7,31,1,6261,122850,1
4264,B,1000000,300000,6,21,1,71478,32726,1
4265,B,200000,200000,2,24,1,,17424,1
4266,B,800000,800000,2,47,1,5244,39722,1
4267,B,800000,300000,4,54,1,15799,5570,1
4268,B,700000,300000,4,55,1,,48756,1
4269,B,400000,400000,4,38,1,48064,17910,1
4270,B,600000,500000,13,59,1,893,19112,1
4271,B,800000,800000,2,51,1,0,12591,1
4272,B,400000,300000,6,21,1,10452,9252,1
4273,B,1000000,1000000,5,43,1,425066,28800,1
4274,B,400000,400000,2,22,1,44867,22140,1
4275,B,500000,500000,2,27,1,0,8802,1
4276,B,400000,400000,4,57,1,272286,25198,1
4277,B,800000,800000,2,62,1,17971,46183,1
4278,B,700000,200000,6,22,1,181078,37685,1
4279,B,200000,200000,10,23,1,6922,13991,1
4280,B,400000,400000,2,24,1,42950,2686,1
4281,B,700000,700000,3,31,1,18520,19130,1
4282,B,800000,300000,4,63,1,26797,6359,1
4283,B,800000,800000,2,26,1,90665,10386,1
4284,B,1200000,1200000,2,66,1,122305,12318,1
4285,B,1000000,1000000,2,26,1,45030,12564,1
4286,B,300000,300000,2,28,1,115333,193058,1
4287,B,500000,300000,6,22,1,18335,21606,1
4288,B,1300000,1300000,2,54,1,26721,4381,1
4289,B,700000,700000,2,64,1,11443,20151,1
4290,B,700000,700000,2,33,1,6458,5181,1
4291,B,800000,800000,2,57,1,4066,5195,1
4292,B,600000,600000,2,23,1,1520,15030,1
4293,R,1200000,1200000,2,35,1,118008,16758,1
4294,B,800000,800000,2,55,1,4700,10400,1
4295,B,500000,300000,2,29,1,100397,5391,1
4296,B,1300000,300000,7,58,1,0,5573,1
4297,B,700000,300000,4,37,1,58055,50218,1
4298,B,800000,800000,4,49,1,69179,34272,1
4299,B,1300000,700000,2,57,1,0,22457,1
4300,B,1300000,700000,2,57,1,73493,22457,1
4301,B,500000,500000,2,35,1,1609,351,1
4302,B,700000,700000,4,53,1,10734,11475,1
4303,B,1100000,1100000,2,26,1,3401,24192,1
4304,B,500000,500000,11,63,1,30552,10702,1
4305,B,600000,600000,2,44,1,43808,8180,1
4306,B,800000,800000,2,35,1,0,26028,1
4307,B,700000,700000,5,24,1,33292,8908,1
4308,B,1100000,1100000,2,23,1,102391,16099,1
4309,B,700000,200000,6,20,1,50688,0,1
4310,B,800000,800000,5,52,1,128228,45423,1
4311,B,800000,800000,12,77,1,2719,1215,1
4312,B,300000,200000,6,21,1,106494,22181,1
4313,A,1100000,300000,6,26,1,30451,17944,1
4314,B,200000,200000,2,23,1,10446,13158,1
4315,B,900000,300000,6,21,1,50252,18567,1
4316,B,1300000,1300000,2,63,1,30369,8984,1
4317,B,600000,600000,2,24,1,7693,639,1
4318,B,1300000,400000,7,56,1,126,59076,1
4319,B,1200000,800000,2,25,1,163029,20790,1
4320,B,800000,800000,2,23,1,163696,19085,1
4321,B,1100000,1100000,2,24,0,46493,17043,1
4322,B,600000,600000,2,26,1,42394,37323,1
4323,B,700000,300000,2,22,1,32745,7128,1
4324,B,700000,300000,6,22,1,8602,6675,1
4325,B,1300000,1300000,10,36,1,168985,15561,1
4326,B,1300000,1300000,2,41,1,134123,23455,1
4327,B,800000,800000,3,51,1,43825,14679,1
4328,B,700000,200000,6,21,1,25148,5346,1
4329,B,700000,700000,2,49,1,0,33057,1
4330,B,600000,600000,2,28,1,23276,22175,1
4331,B,500000,300000,4,22,1,0,7289,1
4332,B,800000,800000,2,56,1,13591,27171,1
4333,B,1300000,1300000,2,43,0,57533,14936,1
4334,B,600000,600000,2,25,1,0,4500,1
4335,B,600000,300000,7,29,1,,22197,1
4336,B,700000,700000,3,28,1,,13921,1
4337,B,700000,700000,2,24,1,0,39761,1
4338,B,300000,300000,2,65,1,9462,24507,1
4339,A,700000,700000,12,28,0,0,11088,1
4340,A,700000,200000,6,20,1,40096,4836,1
4341,B,700000,700000,12,42,1,39067,15651,1
4342,B,1300000,300000,7,63,1,19087,4588,1
4343,B,1300000,1300000,2,50,1,198761,34911,1
4344,B,1100000,300000,6,24,0,33411,4068,1
4345,B,500000,300000,7,45,1,0,27828,1
4346,B,700000,300000,2,40,1,12027,61779,1
4347,B,700000,300000,4,53,1,46087,13854,1
4348,B,600000,500000,2,24,1,,38997,1
4349,B,700000,300000,2,45,1,,18306,1
4350,B,200000,200000,2,24,1,79920,7659,1
4351,B,1200000,300000,7,49,1,8820,60929,1
4352,B,800000,800000,2,51,0,16606,146064,1
4353,B,1100000,300000,7,46,1,32405,12465,1
4354,B,200000,200000,6,20,1,33211,20473,1
4355,B,200000,200000,7,59,1,36592,82872,1
4356,B,600000,600000,2,44,0,,99972,1
4357,B,600000,600000,1,59,1,9827,2504,1
4358,B,800000,800000,4,33,1,12859,25819,1
4359,A,1100000,1100000,4,46,1,174131,68288,1
4360,A,800000,800000,2,56,1,0,46530,1
4361,B,1000000,300000,7,31,1,30500,14534,1
4362,B,800000,800000,3,47,1,18126,54936,1
4363,B,300000,300000,2,23,1,6500,43942,1
4364,B,800000,300000,4,69,1,10217,3511,1
4365,B,1000000,1000000,2,25,1,2698,4819,1
4366,B,300000,300000,11,80,0,0,261,1
4367,B,600000,600000,5,79,1,41492,178200,1
4368,B,800000,500000,8,75,1,1568,19860,1
4369,B,700000,700000,2,48,1,,14355,1
4370,B,800000,300000,7,37,1,0,96030,1
4371,B,600000,300000,7,58,1,17987,12514,1
4372,B,1300000,300000,7,73,1,144227,1558,1
4373,B,1200000,300000,7,49,1,131857,10089,1
4374,B,600000,300000,6,23,1,5015,12069,1
4375,B,700000,200000,6,20,0,18703,15975,1
4376,B,200000,200000,6,21,1,334,23611,1
4377,B,800000,800000,4,50,1,5168,288,1
4378,B,700000,700000,2,26,1,0,10505,1
4379,B,1000000,300000,6,21,1,5634,5841,1
4380,B,800000,600000,3,32,1,176265,65322,1
4381,B,1200000,300000,2,24,1,71131,18990,1
4382,B,800000,800000,13,32,1,0,43056,1
4383,B,600000,600000,5,25,1,0,25663,1
4384,A,600000,600000,3,26,1,7391,104076,1
4385,B,200000,200000,6,21,1,15828,21148,1
4386,B,1000000,1000000,2,37,1,114899,38205,1
4387,B,1300000,1300000,2,31,1,457514,30186,1
4388,B,1200000,1200000,2,26,1,21170,16647,1
4389,B,400000,400000,2,24,1,55625,19825,1
4390,B,500000,300000,6,23,1,19244,10980,1
4391,B,700000,700000,2,27,1,1359,146015,1
4392,B,500000,500000,2,28,1,0,14077,1
4393,B,800000,300000,12,52,1,16245,14093,1
4394,B,700000,700000,12,35,1,7106,40455,1
4395,B,600000,600000,2,25,1,16896,4581,1
4396,B,800000,800000,2,54,1,19642,612,1
4397,B,600000,600000,2,33,1,122741,1881,1
4398,B,600000,600000,4,52,1,1000,20045,1
4399,B,700000,700000,12,26,1,43723,26915,1
4400,B,200000,200000,6,20,1,30340,30495,1
4401,B,500000,300000,6,23,1,6584,15030,1
4402,B,1300000,300000,6,26,1,15865,15890,1
4403,B,1200000,1200000,2,34,1,45477,25071,1
4404,B,800000,800000,2,34,1,75633,15570,1
4405,B,800000,800000,2,38,1,0,28611,1
4406,B,700000,700000,2,32,1,23278,13860,1
4407,B,1100000,1100000,2,25,1,119936,16880,1
4408,B,200000,200000,6,21,1,67220,7936,1
4409,B,1200000,1100000,2,23,1,102768,0,1
4410,B,700000,700000,2,26,1,97941,20421,1
4411,B,1000000,600000,2,24,1,57620,25664,1
4412,B,800000,800000,2,35,0,39200,104751,1
4413,B,1100000,1100000,2,24,1,11525,34097,1
4414,B,200000,200000,2,27,1,17680,33759,1
4415,B,800000,800000,3,28,1,,20939,1
4416,B,700000,200000,6,23,1,110613,59606,1
4417,B,700000,700000,2,54,1,67057,24057,1
4418,B,1100000,1100000,2,29,1,36070,47066,1
4419,B,700000,700000,2,26,1,0,72801,1
4420,B,800000,800000,2,24,1,21241,37284,1
4421,B,800000,800000,2,24,1,884,14265,1
4422,B,1300000,500000,8,79,1,38022,33061,1
4423,B,200000,200000,2,31,1,112250,7577,1
4424,B,1200000,800000,2,25,1,6902,14969,1
4425,B,300000,300000,2,27,1,16626,6930,1
4426,B,200000,200000,2,24,0,0,35037,1
4427,B,500000,500000,2,29,0,1917,112860,1
4428,B,1000000,1000000,2,24,1,235823,20366,1
4429,B,600000,600000,2,24,1,14213,25434,1
4430,B,800000,800000,2,48,1,17782,40635,1
4431,B,700000,700000,2,30,1,,32670,1
4432,B,400000,300000,7,36,1,242253,100628,1
4433,B,1100000,1100000,2,44,1,155070,62955,1
4434,B,600000,600000,2,28,1,23064,23400,1
4435,B,1100000,1100000,2,30,0,54456,49401,1
4436,B,800000,800000,2,32,1,0,52283,1
4437,B,800000,300000,8,68,1,31838,3230,1
4438,B,1100000,1100000,2,26,1,99965,47847,1
4439,B,800000,300000,6,23,0,0,18267,1
4440,B,400000,400000,2,27,1,114844,32582,1
4441,B,700000,700000,3,23,1,20810,11225,1
4442,B,800000,800000,2,25,1,0,35640,1
4443,B,500000,500000,2,26,1,14317,8686,1
4444,A,800000,800000,2,36,1,12729,32775,1
4445,B,900000,300000,6,22,1,7828,58781,1
4446,B,800000,800000,2,32,1,0,51075,1
4447,R,700000,700000,2,28,1,15940,23760,1
4448,B,1200000,1200000,10,30,1,91344,39489,1
4449,B,1200000,1200000,10,30,1,,39489,1
4450,B,900000,900000,2,27,1,146116,11178,1
4451,B,700000,700000,2,40,1,10607,84942,1
4452,B,500000,500000,12,25,1,20817,22653,1
4453,B,1200000,800000,2,24,1,176337,16654,1
4454,B,400000,400000,2,25,1,14745,0,1
4455,B,1300000,1300000,2,50,1,104440,24948,1
4456,R,700000,700000,2,28,1,3658,76844,1
4457,B,500000,500000,2,27,1,27042,50046,1
4458,B,800000,800000,2,25,1,20400,21072,1
4459,B,600000,600000,2,31,1,31139,23310,1
4460,B,500000,500000,7,44,1,479149,52334,1
4461,B,600000,300000,7,25,1,1456,11250,1
4462,B,1300000,1300000,2,45,1,46395,11151,1
4463,R,1000000,1000000,10,28,1,16836,30987,1
4464,B,1100000,1100000,2,28,1,90043,21508,1
4465,B,1000000,300000,5,46,1,15770,65085,1
4466,B,200000,200000,6,21,1,15576,31005,1
4467,B,400000,400000,2,27,0,38320,55239,1
4468,B,600000,300000,6,23,1,8490,6229,1
4469,B,800000,300000,7,59,1,3316,15435,1
4470,B,700000,200000,6,19,1,78841,7174,1
4471,A,1000000,700000,5,42,1,57060,16920,1
4472,B,700000,700000,2,34,0,0,58203,1
4473,B,800000,300000,6,22,1,10545,43697,1
4474,B,1100000,1100000,2,24,1,48703,24859,1
4475,B,700000,700000,2,32,1,24558,9900,1
4476,B,1100000,1100000,2,28,1,112627,12942,1
4477,B,400000,400000,2,39,0,0,76295,1
4478,B,1000000,1000000,12,36,1,52138,249421,1
4479,B,1000000,1000000,2,29,1,65646,59823,1
4480,B,1300000,300000,4,59,1,41476,44325,1
4481,B,800000,800000,2,60,0,0,69156,1
4482,B,800000,800000,1,61,0,35081,61470,1
4483,B,200000,200000,2,23,1,29921,1367,1
4484,B,600000,600000,10,24,1,14509,12160,1
4485,B,600000,600000,7,34,1,16423,15770,1
4486,B,800000,300000,4,57,1,90729,90131,1
4487,B,1300000,1300000,2,47,0,0,77499,1
4488,B,200000,200000,2,24,1,65093,9225,1
4489,B,700000,700000,7,56,1,33572,96828,1
4490,B,1300000,1300000,2,28,1,10973,27300,1
4491,B,600000,600000,2,27,1,5418,48105,1
4492,B,800000,800000,2,60,0,33164,1791,1
4493,B,600000,600000,3,24,0,25406,4554,1
4494,B,700000,700000,2,25,1,17818,17756,1
4495,B,800000,800000,7,57,1,7379,23801,1
4496,B,700000,200000,6,22,1,304987,29340,1
4497,B,600000,600000,2,37,1,16870,37401,1
4498,B,200000,200000,2,33,1,,29790,1
4499,B,600000,600000,5,39,1,,14400,1
4500,B,1000000,1000000,13,33,1,0,22104,1
4501,B,1100000,1100000,2,35,1,29187,98222,1
4502,A,700000,700000,2,33,1,11495,24840,1
4503,B,800000,800000,2,23,1,168034,126367,1
4504,B,800000,800000,11,34,1,63231,30987,1
4505,B,1000000,1000000,2,31,1,40280,39294,1
4506,B,800000,800000,2,31,1,1000,22500,1
4507,A,700000,700000,2,26,1,1976,5760,1
4508,B,800000,800000,5,34,1,303312,127816,1
4509,B,800000,800000,2,24,1,0,13761,1
4510,B,700000,300000,6,23,1,7106,9299,1
4511,B,700000,700000,2,26,1,38181,21281,1
4512,B,1100000,300000,6,22,1,134146,19251,1
4513,B,1200000,1200000,4,41,1,50449,78300,1
4514,B,500000,500000,5,27,1,0,30731,1
4515,B,600000,600000,2,30,0,30803,32603,1
4516,B,700000,700000,2,32,1,1015,68670,1
4517,B,900000,900000,2,29,1,0,34707,1
4518,B,700000,300000,4,28,1,77834,29098,1
4519,B,500000,500000,5,29,1,18810,65340,1
4520,B,500000,500000,5,29,1,,65340,1
4521,B,1000000,1000000,2,31,1,10176,17762,1
4522,B,900000,300000,2,41,1,75225,64937,1
4523,B,900000,300000,2,41,1,54974,64937,1
4524,B,700000,700000,2,25,1,41930,14526,1
4525,B,1000000,1000000,2,29,1,368382,13995,1
4526,B,800000,800000,2,28,1,2499,99354,1
4527,B,500000,500000,2,26,1,2699,25579,1
4528,B,800000,800000,7,28,1,98713,42122,1
4529,B,200000,200000,7,24,0,23412,730,1
4530,B,200000,200000,7,24,0,,730,1
4531,B,800000,400000,7,28,1,84216,10228,1
4532,B,200000,200000,6,23,0,1681,66861,1
4533,B,1000000,300000,7,38,1,409243,65583,1
4534,B,1300000,600000,5,36,1,20000,41934,1
4535,B,700000,200000,6,23,0,75050,25380,1
4536,B,1200000,1200000,2,30,1,95710,56529,1
4537,B,1000000,1000000,2,24,1,109443,49590,1
4538,B,1100000,1100000,2,33,1,0,21600,1
4539,A,500000,500000,2,35,1,48506,27810,1
4540,A,300000,300000,6,22,1,23683,15266,1
4541,B,1300000,300000,7,53,1,21728,17613,1
4542,B,1200000,1200000,2,42,0,112600,25740,1
4543,B,1300000,1300000,3,37,1,289351,24057,1
4544,B,800000,800000,2,26,1,66487,19503,1
4545,B,800000,800000,2,31,1,,18121,1
4546,B,800000,800000,2,55,1,0,5202,1
4547,B,500000,500000,2,54,1,49420,24503,1
4548,B,1200000,1200000,2,61,0,5660,74430,1
4549,B,1000000,1000000,2,28,1,31564,13339,1
4550,B,1200000,300000,2,24,1,260192,10494,1
4551,B,1000000,1000000,2,26,1,108410,45162,1
4552,R,900000,900000,2,25,1,68231,54162,1
4553,A,800000,800000,2,38,1,9111,5121,1
4554,B,700000,700000,2,28,1,,10785,1
4555,A,300000,300000,2,36,1,171575,28989,1
4556,B,500000,500000,2,30,1,77897,71380,1
4557,R,200000,200000,2,25,1,0,9752,1
4558,B,200000,200000,2,24,1,26577,93051,1
4559,B,1100000,1100000,2,28,1,185847,7569,1
4560,B,500000,500000,2,29,1,13376,34740,1
4561,B,600000,300000,2,24,1,51209,5751,1
4562,B,400000,400000,5,41,1,41914,8910,1
4563,B,800000,800000,2,28,1,0,12951,1
4564,A,1100000,1100000,2,37,1,140163,86595,1
4565,B,1200000,1200000,2,31,1,46684,41881,1
4566,B,800000,800000,2,28,1,0,64440,1
4567,B,600000,600000,7,27,1,10754,25218,1
4568,B,700000,700000,2,31,1,,16920,1
4569,B,1300000,1300000,10,32,1,221623,27900,1
4570,B,800000,800000,2,28,1,0,61590,1
4571,A,900000,900000,2,26,1,13252,52470,1
4572,B,700000,700000,2,37,1,0,56817,1
4573,B,1300000,1300000,2,55,1,48074,9496,1
4574,B,700000,300000,4,44,1,118504,88307,1
4575,B,700000,300000,2,24,1,47809,20694,1
4576,B,700000,300000,4,48,1,0,22860,1
4577,B,600000,300000,7,54,1,20130,16920,1
4578,B,500000,300000,6,23,0,,58131,1
4579,B,700000,700000,2,30,1,0,95040,1
4580,B,1300000,1100000,2,30,1,2758,63846,1
4581,B,200000,200000,2,22,1,26110,8579,1
4582,B,800000,800000,2,29,1,46377,49203,1
4583,B,800000,300000,4,55,1,61335,37215,1
4584,B,1100000,1100000,2,29,1,36601,66977,1
4585,B,600000,300000,6,23,1,29542,56261,1
4586,B,200000,200000,6,21,1,0,5970,1
4587,A,500000,500000,2,28,1,0,17820,1
4588,B,400000,400000,2,28,1,74792,17622,1
4589,B,1300000,1000000,5,43,1,,18900,1
4590,B,1000000,1000000,2,24,1,6736,22761,1
4591,R,700000,700000,2,55,0,5748,19800,1
4592,B,1300000,1300000,2,36,1,63223,41175,1
4593,B,700000,700000,2,48,1,29480,5733,1
4594,B,1000000,1000000,2,31,1,75165,15474,1
4595,B,900000,300000,6,21,1,118025,20291,1
4596,B,800000,800000,2,45,1,40850,62757,1
4597,B,600000,600000,2,28,0,0,42429,1
4598,B,600000,600000,2,28,0,3867,42429,1
4599,B,700000,700000,2,28,1,92025,16327,1
4600,B,1100000,1100000,2,28,1,14475,157176,1
4601,B,1000000,1000000,2,44,1,0,117315,1
4602,B,200000,200000,2,28,1,16938,8505,1
4603,B,200000,200000,13,24,1,23765,3726,1
4604,B,700000,700000,2,29,1,1520,32760,1
4605,B,600000,300000,6,24,1,39550,15048,1
4606,B,700000,700000,2,23,1,28524,0,1
4607,B,700000,700000,3,37,1,0,30618,1
4608,B,800000,800000,2,28,1,0,45900,1
4609,B,800000,800000,2,32,1,4085,48213,1
4610,B,500000,500000,2,34,0,0,74340,1
4611,A,900000,900000,2,25,1,33259,20790,1
4612,B,1100000,1100000,2,41,1,48718,100068,1
4613,B,700000,300000,6,25,0,31810,39690,1
4614,B,700000,700000,2,30,1,0,23670,1
4615,R,500000,500000,2,35,1,20429,47362,1
4616,B,200000,200000,5,38,0,0,25830,1
4617,B,200000,200000,2,26,1,17034,33345,1
4618,B,700000,700000,2,62,1,56288,41775,1
4619,B,1300000,1300000,2,61,1,119929,61371,1
4620,B,1100000,1100000,4,59,1,87280,15495,1
4621,B,1100000,1100000,2,26,1,3278,16151,1
4622,B,900000,900000,2,25,1,54292,34499,1
4623,B,1300000,1300000,2,25,1,171489,16128,1
4624,B,800000,800000,2,28,1,54447,36000,1
4625,B,600000,600000,7,55,1,0,6228,1
4626,B,1100000,1100000,2,28,1,30500,15930,1
4627,B,1000000,1000000,3,35,1,22112,33750,1
4628,B,700000,700000,2,26,1,21780,13455,1
4629,B,700000,700000,2,26,1,83236,49448,1
4630,B,800000,800000,12,39,1,20660,59648,1
4631,B,500000,500000,2,27,0,0,180000,1
4632,B,200000,200000,6,22,1,52726,23742,1
4633,B,1100000,1100000,7,44,1,140335,47214,1
4634,R,500000,500000,2,24,1,40755,26942,1
4635,B,700000,700000,2,24,1,26273,14000,1
4636,B,700000,700000,2,24,1,,8598,1
4637,B,1100000,1100000,2,28,1,641614,60912,1
4638,B,1200000,1200000,7,33,1,51403,61025,1
4639,A,300000,300000,2,26,1,311443,48547,1
4640,B,700000,700000,2,35,1,63068,30780,1
4641,B,600000,600000,2,29,0,152840,77969,1
4642,B,700000,700000,2,29,1,30242,4941,1
4643,B,600000,600000,2,39,1,17161,73350,1
4644,B,1000000,1000000,2,33,1,37111,46800,1
4645,B,500000,500000,2,23,1,27588,10260,1
4646,B,600000,600000,2,25,1,0,31772,1
4647,B,1300000,1300000,3,44,1,41487,97020,1
4648,B,700000,700000,2,25,1,12133,2070,1
4649,A,500000,500000,2,26,1,0,4673,1
4650,A,700000,700000,2,24,0,,16830,1
4651,B,1100000,300000,6,23,1,91863,42558,1
4652,B,1000000,1000000,3,28,1,31542,12960,1
4653,B,800000,800000,2,49,0,590,3411,1
4654,B,800000,800000,2,28,1,7674,24021,1
4655,B,1000000,1000000,2,33,1,25638,60300,1
4656,B,700000,700000,2,30,1,,25790,1
4657,B,500000,500000,3,32,1,6360,11970,1
4658,B,700000,700000,2,50,1,118493,13860,1
4659,B,1000000,1000000,3,24,1,80997,30936,1
4660,B,600000,300000,6,24,1,16535,30830,1
4661,B,600000,600000,2,32,0,36311,10980,1
4662,B,600000,600000,2,25,1,0,20448,1
4663,B,500000,500000,2,25,1,4500,18135,1
4664,B,600000,600000,2,29,1,0,4654,1
4665,B,1300000,1300000,2,31,1,113000,19482,1
4666,B,700000,700000,2,29,0,37392,7119,1
4667,B,900000,900000,2,24,1,130761,91596,1
4668,B,800000,800000,2,26,0,248389,10440,1
4669,A,1300000,1300000,3,35,0,482699,15588,1
4670,A,700000,700000,2,26,1,47972,50085,1
4671,B,800000,800000,2,33,1,0,33453,1
4672,B,1100000,1100000,2,29,1,127634,46719,1
4673,B,700000,700000,2,29,1,0,4473,1
4674,B,200000,200000,2,23,1,78768,31140,1
4675,B,700000,200000,6,23,1,149655,20610,1
4676,A,1300000,800000,3,25,1,106098,125982,1
4677,B,1000000,1000000,2,26,1,188210,46320,1
4678,B,1000000,1000000,2,26,1,,46320,1
4679,B,1200000,1200000,2,31,1,134953,61194,1
4680,B,1000000,1000000,12,29,1,158451,42165,1
4681,B,600000,600000,2,30,1,21000,19395,1
4682,B,500000,300000,2,24,1,,12312,1
4683,B,800000,800000,2,27,0,13000,38288,1
4684,B,600000,600000,2,37,1,0,18000,1
4685,B,500000,500000,2,27,1,2272,133826,1
4686,B,700000,700000,2,27,1,,80577,1
4687,B,1300000,1300000,2,25,1,24511,17860,1
4688,B,700000,700000,2,33,1,11852,12960,1
4689,B,600000,600000,2,30,1,67320,6030,1
4690,B,800000,800000,5,61,1,,60480,1
4691,R,600000,600000,7,36,1,0,1532,1
4692,B,1000000,1000000,2,42,1,47025,19509,1
4693,B,200000,200000,2,24,1,80975,6803,1
4694,R,400000,400000,2,24,1,92070,45981,1
4695,B,1000000,1000000,2,26,1,164930,75924,1
4696,B,1100000,1100000,2,28,1,76451,12870,1
4697,B,800000,800000,3,30,0,44308,38700,1
4698,R,1300000,1300000,2,47,1,306124,56045,1
4699,B,1100000,800000,2,27,1,32857,38892,1
4700,B,700000,700000,7,39,1,496805,34282,1
4701,B,700000,700000,7,39,1,,34282,1
4702,B,800000,300000,6,22,1,19613,18844,1
4703,B,200000,200000,6,22,1,0,47700,1
4704,B,500000,500000,2,24,1,26587,7425,1
4705,B,800000,800000,2,29,1,71519,62278,1
4706,B,800000,800000,2,28,1,0,4401,1
4707,A,1300000,1300000,3,36,1,92758,3960,1
4708,B,700000,700000,2,24,1,38424,21870,1
4709,B,900000,900000,2,48,1,0,46224,1
4710,A,200000,200000,2,26,1,7426,15840,1
4711,B,1300000,1300000,2,52,1,18200,9990,1
4712,B,600000,300000,6,23,1,72715,17648,1
4713,B,1200000,1200000,2,26,1,16842,21732,1
4714,B,700000,700000,2,30,1,133224,5928,1
4715,B,1300000,1300000,2,32,0,403090,29907,1
4716,B,1200000,1200000,2,27,1,0,63466,1
4717,B,800000,800000,2,30,1,13653,42074,1
4718,B,1300000,1300000,2,30,1,115782,34957,1
4719,B,500000,500000,2,38,1,0,26256,1
4720,B,800000,800000,2,29,1,1060,11136,1
4721,B,600000,600000,2,27,1,0,77363,1
4722,B,600000,600000,2,24,1,,37215,1
4723,B,300000,300000,3,21,0,0,59490,1
4724,B,200000,200000,6,22,1,58319,5355,1
4725,B,1200000,1200000,2,27,1,0,9540,1
4726,B,1100000,1100000,2,24,1,40013,61940,1
4727,B,200000,200000,6,20,1,11514,10415,1
4728,B,600000,600000,2,25,1,0,23310,1
4729,B,200000,200000,12,35,1,7524,29988,1
4730,B,900000,900000,10,25,1,81423,62766,1
4731,A,700000,200000,6,20,0,157156,28710,1
4732,B,500000,500000,2,38,1,65208,13950,1
4733,R,1000000,1000000,2,24,1,37187,28559,1
4734,B,900000,900000,2,44,1,21782,7321,1
4735,B,700000,700000,2,35,1,17330,49553,1
4736,B,1000000,1000000,7,67,1,208129,170298,1
4737,B,1000000,1000000,7,67,1,,170298,1
4738,B,800000,800000,2,28,1,4590,21870,1
4739,B,800000,800000,3,31,1,0,16173,1
4740,B,700000,700000,2,28,1,87244,47610,1
4741,A,200000,200000,2,25,0,,25290,1
4742,B,800000,800000,2,52,1,3524,29988,1
4743,B,700000,300000,6,22,0,0,24750,1
4744,B,600000,600000,2,26,1,87457,7020,1
4745,B,600000,600000,2,28,1,10241,27810,1
4746,B,200000,200000,12,21,1,143000,92450,1
4747,B,200000,200000,12,21,1,,92450,1
4748,B,800000,800000,2,26,1,54215,8262,1
4749,B,200000,200000,2,34,1,53730,19890,1
4750,B,1100000,300000,7,39,1,33123,68301,1
4751,B,600000,600000,2,36,1,81437,29583,1
4752,B,500000,500000,2,25,1,13452,58183,1
4753,B,700000,700000,2,27,1,55040,11475,1
4754,B,800000,800000,2,31,1,95260,40045,1
4755,R,500000,300000,6,22,1,,13716,1
4756,B,800000,300000,4,57,1,0,40527,1
4757,B,1300000,1300000,2,30,1,18759,43650,1
4758,B,1300000,1300000,2,49,0,62816,6653,1
4759,B,700000,700000,2,33,1,0,22860,1
4760,B,800000,800000,3,27,1,8223,9045,1
4761,B,800000,800000,3,27,1,,9045,1
4762,B,700000,700000,2,30,0,2896,14940,1
4763,B,500000,500000,2,30,1,8133,82268,1
4764,B,500000,500000,2,26,1,16130,36476,1
4765,B,600000,600000,2,26,1,7524,12060,1
4766,B,1100000,1100000,2,34,1,239274,63878,1
4767,B,800000,800000,2,24,0,7598,20781,1
4768,B,1000000,1000000,2,27,1,44430,40730,1
4769,B,1000000,400000,2,33,1,284835,38700,1
4770,B,1200000,1200000,2,32,1,182135,8208,1
4771,B,1300000,900000,2,24,1,47010,21015,1
4772,A,1000000,1000000,2,30,1,0,140910,1
4773,A,1000000,1000000,2,30,1,1247,140910,1
4774,A,700000,700000,2,27,0,,13230,1
4775,B,500000,300000,6,23,1,48254,9990,1
4776,B,300000,300000,2,25,0,5748,38610,1
4777,B,1300000,1300000,2,31,1,14321,47370,1
4778,B,800000,800000,2,50,1,57398,16722,1
4779,B,800000,800000,2,38,1,0,47895,1
4780,B,800000,800000,3,25,1,7572,9594,1
4781,B,700000,700000,2,29,1,196529,49401,1
4782,B,700000,200000,6,23,1,112364,43580,1
4783,B,1000000,1000000,2,33,1,0,18342,1
4784,B,600000,600000,2,23,1,1160,13284,1
4785,B,600000,300000,7,40,1,,12484,1
4786,B,600000,600000,2,33,1,,25652,1
4787,B,600000,600000,2,35,1,37620,25900,1
4788,B,600000,600000,2,33,1,0,61965,1
4789,B,800000,800000,2,35,1,0,36108,1
4790,B,800000,800000,3,31,1,35863,35489,1
4791,B,700000,700000,2,30,1,0,17820,1
4792,B,600000,300000,4,38,1,,17786,1
4793,B,1000000,600000,2,24,1,6223,32711,1
4794,B,800000,800000,2,27,1,16720,23058,1
4795,B,1300000,1300000,3,28,1,92770,34791,1
4796,B,1100000,1100000,2,30,1,0,98802,1
4797,B,800000,800000,2,47,1,44518,8347,1
4798,B,1000000,1000000,2,32,1,42481,30780,1
4799,B,700000,200000,6,20,1,244044,2907,1
4800,B,1100000,1100000,3,26,1,19770,18900,1
4801,B,1000000,1000000,2,28,1,22588,29070,1
4802,B,800000,800000,3,25,1,43100,26325,1
4803,B,800000,800000,2,24,1,108447,51461,1
4804,B,800000,800000,3,30,0,,33453,1
4805,B,200000,200000,2,26,1,1871,78458,1
4806,R,700000,700000,2,30,0,14231,33462,1
4807,B,800000,800000,2,44,0,268688,9495,1
4808,A,1300000,1300000,2,51,1,197068,19355,1
4809,B,800000,800000,2,26,1,172782,20366,1
4810,B,800000,800000,2,41,1,72284,5578,1
4811,B,700000,700000,2,23,1,138744,11898,1
4812,A,400000,400000,13,28,1,51972,55782,1
4813,B,800000,800000,2,28,1,0,19652,1
4814,B,700000,700000,2,27,1,0,51940,1
4815,B,600000,600000,2,25,1,,38205,1
4816,B,400000,400000,2,25,0,0,6474,1
4817,B,1200000,300000,13,35,1,3805,78114,1
4818,B,200000,200000,3,26,1,27938,17928,1
4819,B,800000,800000,5,61,1,,23652,1
4820,B,700000,300000,5,44,1,61190,6660,1
4821,B,900000,300000,6,22,1,0,23125,1
4822,B,900000,300000,6,22,1,157013,23125,1
4823,B,400000,400000,4,43,1,13680,17100,1
4824,B,500000,500000,2,28,1,0,70709,1
4825,B,1200000,1200000,2,28,1,70000,18378,1
4826,B,200000,200000,6,19,0,75908,14490,1
4827,B,1300000,1300000,2,29,1,17620,7425,1
4828,B,1000000,800000,5,27,1,36704,37391,1
4829,B,400000,300000,6,21,0,3000,36369,1
4830,B,500000,500000,2,29,1,40318,18900,1
4831,B,1300000,1300000,2,27,1,42800,20160,1
4832,B,500000,500000,2,26,1,0,15404,1
4833,B,700000,200000,6,21,1,94781,16960,1
4834,B,600000,300000,6,24,0,0,27909,1
4835,B,600000,300000,6,24,0,55300,27909,1
4836,B,700000,700000,2,26,1,37456,31351,1
4837,B,1000000,1000000,2,24,1,97909,9288,1
4838,B,1200000,900000,2,46,1,4541,9932,1
4839,B,500000,500000,2,41,0,113384,3357,1
4840,B,1000000,1000000,2,26,1,68784,37327,1
4841,B,200000,200000,6,22,1,3633,13065,1
4842,B,1200000,500000,2,24,1,236205,26873,1
4843,B,1300000,1300000,2,32,1,75621,46710,1
4844,B,700000,700000,2,29,1,0,33156,1
4845,B,700000,700000,2,32,1,0,64718,1
4846,B,200000,200000,5,52,1,42104,21870,1
4847,B,1000000,1000000,2,42,1,220402,10714,1
4848,B,200000,200000,6,19,1,5516,3114,1
4849,B,300000,300000,6,30,0,80927,39740,1
4850,B,600000,600000,7,30,1,2340,15120,1
4851,B,1100000,1100000,4,55,1,112348,13923,1
4852,B,700000,700000,2,23,1,50385,8451,1
4853,B,200000,200000,2,28,1,18048,23404,1
4854,B,800000,800000,2,24,1,4000,2250,1
4855,B,700000,700000,2,29,1,104714,19692,1
4856,B,700000,700000,2,27,1,30929,27369,1
4857,B,400000,400000,5,27,1,73150,28800,1
4858,B,700000,700000,3,30,1,36614,9106,1
4859,A,400000,400000,2,27,1,0,14355,1
4860,A,800000,800000,2,29,1,473455,42637,1
4861,A,1200000,1200000,2,29,1,78940,36675,1
4862,B,600000,600000,2,30,0,17252,33057,1
4863,B,1300000,300000,4,65,1,47909,1891,1
4864,B,1000000,1000000,3,27,1,123624,57739,1
4865,B,700000,500000,2,25,1,46464,3654,1
4866,B,1200000,1200000,3,26,1,111613,40589,1
4867,A,600000,600000,2,25,1,22321,14177,1
4868,B,600000,600000,2,27,1,102720,18900,1
4869,B,200000,200000,6,21,1,31460,22572,1
4870,R,700000,700000,1,52,1,6441,20966,1
4871,B,900000,300000,6,21,1,0,21780,1
4872,B,700000,300000,6,28,1,63250,33750,1
4873,B,600000,600000,2,28,1,0,17910,1
4874,B,1200000,1200000,2,24,1,23159,45234,1
4875,B,1100000,1100000,2,25,1,20245,9297,1
4876,B,800000,800000,2,32,1,5782,52429,1
4877,B,800000,800000,2,36,1,45249,53712,1
4878,B,700000,700000,2,36,0,0,18405,1
4879,B,500000,500000,7,24,0,13794,48600,1
4880,B,1000000,1000000,2,24,1,5707,29223,1
4881,B,900000,900000,2,39,1,65241,17599,1
4882,B,1100000,1100000,2,32,1,62707,24304,1
4883,B,1300000,300000,7,59,1,130621,19503,1
4884,B,1100000,1100000,2,26,1,100642,84626,1
4885,B,800000,800000,13,30,1,,94671,1
4886,B,500000,500000,4,55,1,,26523,1
4887,B,400000,400000,2,24,0,2181,15264,1
4888,A,500000,500000,2,26,1,551964,45540,1
4889,B,400000,400000,1,35,1,42003,0,1
4890,B,500000,500000,2,27,1,1248,20880,1
4891,B,1200000,1200000,2,39,1,74371,22770,1
4892,A,1000000,1000000,13,33,1,47876,52088,1
4893,B,200000,200000,2,24,1,67125,43746,1
4894,R,1100000,1100000,2,24,1,55452,65157,1
4895,B,600000,600000,2,30,1,,80685,1
4896,B,700000,300000,6,25,1,28740,19058,1
4897,A,700000,700000,2,26,1,13371,10538,1
4898,B,700000,700000,2,40,1,46298,46620,1
4899,B,500000,500000,2,23,1,18831,4545,1
4900,B,1100000,1100000,7,29,1,42882,13980,1
4901,A,1000000,1000000,3,25,1,182291,40030,1
4902,B,200000,200000,6,24,1,30674,18900,1
4903,B,1000000,300000,11,30,1,13770,86521,1
4904,B,600000,600000,2,26,1,0,11970,1
4905,B,1000000,300000,5,52,1,194052,2874,1
4906,R,600000,600000,3,28,1,31020,25998,1
4907,B,1100000,700000,2,23,1,55994,43859,1
4908,B,700000,300000,7,58,1,50113,5247,1
4909,B,900000,400000,8,82,1,0,31159,1
4910,B,500000,300000,7,61,1,,8142,1
4911,B,1200000,1200000,2,26,1,63109,24592,1
4912,B,800000,800000,2,29,1,7977,13680,1
4913,B,700000,400000,2,23,1,10498,23805,1
4914,B,800000,800000,4,66,1,24370,4170,1
4915,B,800000,300000,6,20,1,103730,24130,1
4916,B,700000,700000,2,29,1,31740,26235,1
4917,B,1100000,300000,2,24,1,1650,43252,1
4918,B,1300000,300000,4,56,1,4496,11340,1
4919,B,1000000,300000,13,28,1,160862,36006,1
4920,B,200000,200000,6,20,1,8050,8769,1
4921,A,700000,200000,6,22,1,37409,3861,1
4922,B,1100000,300000,6,23,1,53107,10232,1
4923,B,800000,800000,4,44,1,4085,26409,1
4924,B,1200000,1200000,1,50,1,0,32903,1
4925,B,1300000,1300000,2,57,1,46644,32670,1
4926,A,700000,200000,6,21,1,130987,50211,1
4927,B,700000,200000,2,20,1,86187,18260,1
4928,B,700000,700000,4,36,1,15583,24810,1
4929,B,200000,200000,6,22,1,14227,20088,1
4930,B,700000,300000,3,30,1,12249,17911,1
4931,B,1200000,1200000,1,51,0,8056,80091,1
4932,B,800000,300000,2,39,1,21116,24296,1
4933,B,1000000,1000000,2,50,1,327577,49896,1
4934,B,1100000,1100000,2,29,0,48346,34740,1
4935,B,700000,700000,2,53,0,20040,29453,1
4936,B,500000,300000,6,22,1,30278,13475,1
4937,R,700000,200000,5,48,1,182848,17325,1
4938,B,900000,300000,6,20,1,36210,37962,1
4939,B,800000,300000,4,57,1,0,166146,1
4940,B,500000,500000,2,24,1,6584,16293,1
4941,B,700000,700000,2,24,1,88282,30227,1
4942,B,800000,300000,6,22,1,39385,59902,1
4943,B,800000,500000,4,34,1,0,38493,1
4944,B,800000,800000,2,57,0,39870,53730,1
4945,B,900000,300000,3,24,1,258245,36158,1
4946,B,500000,300000,6,21,1,49766,15093,1
4947,B,1300000,1300000,2,51,1,95586,9891,1
4948,B,1300000,1300000,2,55,0,3000,45234,1
4949,B,700000,300000,3,26,1,0,16302,1
4950,B,1200000,1200000,2,29,1,122133,15777,1
4951,B,1000000,300000,6,21,1,152918,37390,1
4952,B,1200000,300000,7,70,1,204727,2232,1
4953,B,1100000,1100000,2,26,1,275874,25876,1
4954,B,600000,500000,7,28,1,227653,33660,1
4955,B,1300000,1300000,2,32,0,55208,26820,1
4956,B,200000,200000,6,22,1,54283,23772,1
4957,B,700000,700000,3,24,1,58940,10911,1
4958,B,200000,200000,2,45,0,11673,32274,1
4959,B,600000,600000,3,24,1,13285,6261,1
4960,B,1100000,1100000,3,24,1,207268,113186,1
4961,B,800000,800000,2,47,0,0,9500,1
4962,B,1100000,1100000,2,24,1,38548,16830,1
4963,B,700000,200000,6,20,1,78314,33529,1
4964,B,1300000,1300000,2,30,0,168862,12654,1
4965,A,400000,400000,2,24,1,386582,891,1
4966,A,400000,400000,2,24,1,,891,1
4967,B,800000,300000,7,51,1,23538,12938,1
4968,B,200000,200000,6,21,1,9214,49726,1
4969,B,1300000,1000000,7,47,1,155171,30384,1
4970,B,500000,300000,3,23,0,4750,11880,1
4971,B,400000,300000,6,22,1,0,16245,1
4972,B,1100000,1100000,7,63,1,108827,14623,1
4973,B,500000,500000,2,30,1,0,16506,1
4974,B,500000,300000,6,24,1,2404,39083,1
4975,B,600000,300000,6,22,1,0,20481,1
4976,B,1000000,300000,7,46,1,10691,18882,1
4977,B,1000000,1000000,3,23,1,611069,30544,1
4978,B,600000,600000,2,28,1,0,12745,1
4979,B,600000,600000,3,27,0,2546,97740,1
4980,B,1000000,500000,2,27,1,81560,38620,1
4981,B,300000,300000,2,24,1,0,3960,1
4982,B,700000,500000,2,27,1,36305,13950,1
4983,B,1000000,300000,6,23,1,26602,12749,1
4984,B,800000,800000,4,42,1,0,45392,1
4985,B,500000,500000,2,23,1,0,22249,1
4986,B,200000,200000,2,23,0,50104,40810,1
4987,B,1200000,1200000,2,32,0,65507,369,1
4988,B,200000,200000,6,21,1,10742,6831,1
4989,B,1300000,1300000,2,42,0,84276,7802,1
4990,B,800000,800000,2,26,1,0,32175,1
4991,B,1000000,500000,2,25,1,38659,25902,1
4992,B,200000,200000,6,21,1,1500,12366,1
4993,B,800000,800000,2,29,0,0,24552,1
4994,R,500000,300000,6,23,1,,13952,1
4995,B,500000,300000,3,23,1,8047,9216,1
4996,B,1200000,1200000,2,25,1,179230,46269,1
4997,B,500000,500000,2,25,1,87263,18405,1
4998,A,800000,800000,5,55,0,0,18810,1
4999,B,200000,200000,2,20,0,0,13178,1
5000,B,700000,300000,7,36,1,6000,11068,1
5001,B,1300000,1300000,2,39,1,50577,24750,1
5002,B,1300000,1300000,4,52,1,33963,1436,1
5003,B,1000000,1000000,4,46,1,90695,180000,1
5004,B,1100000,1100000,2,27,1,109445,85935,1
5005,B,1300000,1300000,2,34,0,134230,27360,1
5006,B,500000,300000,2,25,1,3306,44612,1
5007,B,700000,300000,7,40,1,9877,28615,1
5008,B,1300000,300000,4,59,1,53708,175544,1
5009,A,1200000,1200000,2,36,1,69902,56826,1
5010,B,700000,700000,2,24,1,24565,11846,1
5011,B,1100000,800000,2,31,1,58915,35126,1
5012,A,800000,800000,2,71,0,,30780,1
5013,B,400000,300000,6,23,0,35853,92030,1
5014,B,700000,200000,6,20,1,40959,18762,1
5015,B,700000,700000,2,27,1,28295,13158,1
5016,B,1100000,900000,2,24,1,206899,30553,1
5017,B,1000000,300000,2,45,1,6956,7920,1
5018,B,800000,800000,2,24,1,95237,25020,1
5019,B,800000,800000,2,45,1,8265,180000,1
5020,R,700000,700000,2,29,0,0,1693,1
5021,B,700000,700000,2,30,1,41595,47804,1
5022,B,1300000,900000,7,54,1,54702,10588,1
5023,B,200000,200000,6,22,0,800,35427,1
5024,B,800000,800000,2,55,0,0,50738,1
5025,B,1000000,800000,2,26,1,22540,12457,1
5026,B,1300000,500000,2,25,1,23054,11951,1
5027,B,1200000,1200000,2,53,0,13217,31186,1
5028,B,600000,600000,5,75,1,0,63432,1
5029,A,700000,700000,7,48,1,65322,38805,1
5030,R,500000,300000,6,22,1,0,25038,1
5031,B,1100000,700000,2,24,1,49498,6102,1
5032,B,800000,800000,8,74,0,19916,37710,1
5033,B,500000,300000,6,23,1,0,21713,1
5034,B,800000,800000,2,27,1,88780,11590,1
5035,B,200000,200000,2,23,1,8533,31692,1
5036,B,800000,800000,3,30,0,56470,95670,1
5037,B,500000,300000,6,21,0,4912,36718,1
5038,B,1200000,1200000,2,24,1,149944,8777,1
5039,B,1100000,1100000,2,30,1,185564,25928,1
5040,B,1200000,1200000,2,24,1,33518,11772,1
5041,B,600000,600000,2,28,1,0,10514,1
5042,B,1200000,300000,4,56,1,16506,6651,1
5043,B,1000000,300000,7,61,1,119893,71073,1
5044,B,1300000,1300000,3,42,0,621160,43560,1
5045,B,800000,800000,2,41,1,4914,73107,1
5046,B,1000000,300000,4,36,1,256324,95483,1
5047,R,800000,800000,10,33,1,0,28413,1
5048,B,1100000,1100000,2,28,1,318146,95375,1
5049,A,700000,200000,6,20,1,4041,118761,1
5050,B,200000,200000,6,22,1,0,23336,1
5051,B,1300000,300000,7,65,1,941,115997,1
5052,B,1300000,1000000,4,60,1,40854,4798,1
5053,B,800000,800000,3,27,0,225901,52566,1
5054,B,1300000,300000,7,57,1,136764,558,1
5055,B,800000,300000,7,70,1,28605,21839,1
5056,B,1200000,700000,2,25,1,8913,38205,1
5057,B,1000000,1000000,4,39,1,38846,62794,1
5058,B,1300000,900000,8,73,0,48679,45407,1
5059,B,1000000,1000000,2,25,1,42888,38610,1
5060,B,1100000,900000,2,24,1,57941,7817,1
5061,B,1000000,300000,2,23,1,84807,13185,1
5062,B,500000,500000,3,24,1,47272,37696,1
5063,B,500000,500000,3,24,1,132453,37696,1
5064,B,400000,300000,6,22,1,20089,9432,1
5065,B,800000,800000,3,25,1,61046,77551,1
5066,B,700000,700000,2,34,0,26985,1406,1
5067,B,800000,800000,3,55,0,6023,11880,1
5068,B,200000,200000,2,25,0,19380,49797,1
5069,B,1100000,1100000,2,25,1,631194,6418,1
5070,B,1100000,900000,2,24,1,131639,26018,1
5071,B,800000,500000,7,33,0,29080,43542,1
5072,B,300000,300000,6,22,1,20493,4276,1
5073,A,800000,300000,8,70,1,11077,14936,1
5074,R,700000,700000,6,26,1,64239,31180,1
5075,B,1300000,1300000,2,38,1,31631,6833,1
5076,A,600000,0,5,63,1,121545,17344,1
5077,B,800000,800000,2,52,0,11786,18069,1
5078,B,800000,300000,8,76,1,13118,11826,1
5079,B,1300000,1300000,3,31,1,15625,4152,1
5080,B,1000000,300000,7,57,1,28838,81213,1
5081,B,800000,800000,2,52,1,2850,29790,1
5082,B,1000000,700000,2,25,1,29987,26092,1
5083,B,200000,200000,5,56,1,138440,0,1
5084,B,1000000,800000,13,28,1,118283,53936,1
5085,A,450000,200000,6,20,1,189538,2097,1
5086,B,1300000,1300000,3,27,0,343280,39546,1
5087,B,800000,800000,4,66,1,21213,5832,1
5088,B,800000,800000,4,66,1,,5832,1
5089,B,1100000,1100000,2,28,1,54070,8455,1
5090,B,1000000,1000000,3,24,1,72205,10002,1
5091,A,800000,300000,6,20,1,42808,31936,1
5092,B,800000,300000,10,48,1,25661,26424,1
5093,B,700000,300000,4,54,1,0,3537,1
5094,B,200000,200000,3,23,1,0,19443,1
5095,B,1200000,300000,7,49,1,304267,22607,1
5096,A,500000,300000,7,59,1,147152,74052,1
5097,B,600000,600000,2,27,1,42121,28135,1
5098,B,800000,300000,7,68,1,,5931,1
5099,B,300000,300000,3,23,0,331500,15643,1
5100,B,600000,300000,7,29,1,17323,11970,1
5101,B,800000,800000,4,72,1,0,1736,1
5102,A,700000,700000,1,27,1,168015,64925,1
5103,A,600000,300000,6,22,1,118248,42593,1
5104,B,800000,300000,4,56,1,59319,13365,1
5105,A,600000,600000,2,37,1,15168,28413,1
5106,B,800000,700000,7,75,1,36066,5263,1
5107,B,600000,300000,6,21,0,32021,17955,1
5108,B,1000000,300000,6,25,1,2697,5841,1
5109,B,800000,800000,7,54,1,11266,26605,1
5110,B,1000000,300000,2,22,1,51149,32394,1
5111,B,800000,800000,2,26,1,8854,13629,1
5112,B,700000,200000,6,20,1,94243,25739,1
5113,B,1300000,1300000,2,31,0,55574,5450,1
5114,B,700000,700000,12,64,1,38511,25520,1
5115,B,200000,200000,7,23,1,280125,30483,1
5116,B,1200000,1200000,2,24,1,213609,58882,1
5117,B,1300000,1300000,2,51,1,50821,9020,1
5118,B,800000,800000,3,25,1,0,2700,1
5119,B,600000,600000,3,26,1,53944,11321,1
5120,B,800000,800000,2,31,1,240217,49640,1
5121,B,500000,300000,6,21,1,0,17014,1
5122,B,600000,300000,6,22,0,0,16821,1
5123,B,200000,200000,7,22,1,176855,1710,1
5124,B,800000,800000,2,57,1,0,20781,1
5125,B,500000,500000,2,26,1,0,5400,1
5126,B,300000,300000,6,23,1,11270,4446,1
5127,B,1300000,1300000,2,38,1,43739,23112,1
5128,B,200000,200000,5,26,1,3685,26820,1
5129,B,1200000,600000,2,27,1,72617,33363,1
5130,A,500000,500000,2,29,1,39839,32251,1
5131,B,800000,300000,11,52,1,32485,9457,1
5132,B,1100000,1100000,4,65,1,24558,21375,1
5133,B,200000,200000,1,53,1,95218,21850,1
5134,B,50000,50000,6,20,1,75746,1840,1
5135,B,50000,50000,6,20,1,,1840,1
5136,B,1100000,1100000,13,41,0,142026,10566,1
5137,B,1100000,1100000,2,27,1,196582,29040,1
5138,B,200000,200000,2,28,1,68062,12226,1
5139,B,1300000,1300000,3,47,1,284384,16103,1
5140,B,600000,600000,5,52,0,0,7074,1
5141,B,800000,800000,2,33,1,78760,1404,1
5142,B,1300000,1300000,2,59,1,79239,35118,1
5143,B,1200000,1200000,4,54,1,29374,36086,1
5144,B,200000,200000,4,52,1,6807,6352,1
5145,B,800000,800000,2,47,1,161144,7920,1
5146,A,700000,700000,3,28,1,7389,23405,1
5147,A,700000,700000,13,64,1,199840,36828,1
5148,B,1100000,1100000,5,37,1,145674,25934,1
5149,B,500000,500000,4,33,1,0,106878,1
5150,B,1300000,300000,7,54,1,204321,14902,1
5151,B,1300000,700000,2,34,1,161471,1008,1
5152,B,200000,200000,6,20,1,7629,10666,1
5153,B,1300000,1300000,2,45,0,75571,14828,1
5154,B,1000000,1000000,5,78,0,27089,52326,1
5155,B,1000000,1000000,2,22,1,154887,23900,1
5156,B,1100000,300000,6,23,1,9065,63079,1
5157,B,1000000,300000,7,49,1,312403,31374,1
5158,B,200000,200000,6,23,1,0,3852,1
5159,B,600000,600000,8,66,1,12666,35730,1
5160,B,700000,200000,6,20,0,23438,16335,1
5161,B,700000,300000,7,33,1,13680,43734,1
5162,B,700000,700000,2,35,1,75761,51054,1
5163,B,700000,700000,2,26,0,0,53658,1
5164,B,500000,500000,7,46,1,54769,68639,1
5165,B,200000,200000,6,20,1,34795,34122,1
5166,B,500000,500000,5,78,1,22178,2233,1
5167,B,1300000,300000,4,48,1,344534,58999,1
5168,B,800000,800000,2,46,0,0,41670,1
5169,B,800000,300000,7,59,1,4290,18801,1
5170,B,600000,600000,4,54,1,25973,60255,1
5171,B,600000,600000,5,25,1,16226,2341,1
5172,B,600000,600000,1,55,1,4252,7116,1
5173,B,400000,300000,6,22,0,0,26820,1
5174,B,200000,200000,6,24,1,123212,22761,1
5175,B,900000,900000,3,30,0,90465,9677,1
5176,B,200000,200000,2,29,1,0,9894,1
5177,B,700000,700000,2,30,1,10424,17613,1
5178,B,1100000,300000,6,24,0,76820,8910,1
5179,B,500000,300000,2,24,1,1561,2834,1
5180,B,200000,200000,7,25,1,9510,24258,1
5181,B,700000,300000,6,23,1,2005,6912,1
5182,A,1300000,300000,7,68,1,93627,5625,1
5183,B,1300000,1300000,3,36,0,46600,58599,1
5184,A,1100000,700000,2,24,1,94534,28284,1
5185,B,700000,700000,2,27,0,0,27810,1
5186,B,700000,700000,3,25,1,,44046,1
5187,R,1000000,1000000,2,26,1,100955,7099,1
5188,B,800000,300000,2,21,1,69126,14652,1
5189,B,600000,500000,2,25,1,15524,1971,1
5190,B,1100000,1100000,3,24,1,49243,23555,1
5191,B,1000000,1000000,2,26,1,136703,7020,1
5192,B,1300000,300000,12,51,1,129822,22909,1
5193,B,800000,800000,2,31,0,8333,29403,1
5194,B,800000,300000,7,43,1,3440,16920,1
5195,B,1300000,300000,7,55,1,22548,87705,1
5196,B,1300000,300000,7,49,1,56203,26894,1
5197,B,800000,800000,4,63,1,6000,13950,1
5198,B,1200000,1200000,2,34,1,37063,20331,1
5199,B,800000,800000,2,30,1,134633,42595,1
5200,B,800000,800000,3,38,1,27949,6554,1
5201,B,1200000,1200000,2,27,0,60831,23202,1
5202,B,700000,200000,6,20,1,21958,7002,1
5203,A,700000,200000,6,20,1,123535,21343,1
5204,B,1300000,300000,7,62,1,165078,516,1
5205,B,1200000,1200000,4,33,1,153160,105674,1
5206,B,400000,300000,6,21,1,8908,7020,1
5207,B,700000,200000,6,20,1,112486,67599,1
5208,B,1000000,1000000,3,27,0,28735,34874,1
5209,B,900000,300000,6,21,1,70334,66987,1
5210,B,900000,300000,6,20,1,114969,180000,1
5211,B,600000,600000,2,29,1,22165,20497,1
5212,B,1100000,1100000,2,24,1,209414,12060,1
5213,B,700000,200000,6,21,1,83356,13059,1
5214,B,1000000,300000,7,23,1,61910,8420,1
5215,A,200000,200000,6,21,1,2770,20898,1
5216,B,1300000,300000,7,57,1,161487,1349,1
5217,B,600000,600000,3,24,1,25560,7271,1
5218,A,700000,200000,6,20,1,92431,1188,1
5219,B,600000,600000,2,26,1,6270,48641,1
5220,B,700000,700000,7,31,1,18004,61299,1
5221,B,700000,700000,2,30,1,68667,5848,1
5222,B,600000,500000,2,24,1,13127,7981,1
5223,B,600000,500000,2,24,1,,7981,1
5224,B,1300000,1300000,2,29,1,0,6424,1
5225,B,1300000,1300000,2,29,1,34501,6424,1
5226,A,700000,200000,6,19,1,14163,33615,1
5227,B,600000,600000,3,25,1,0,3951,1
5228,A,800000,800000,2,65,1,54778,9180,1
5229,B,800000,800000,2,55,0,5785,38205,1
5230,B,700000,200000,6,20,1,247616,10728,1
5231,B,1300000,800000,7,54,1,333520,180000,1
5232,B,500000,500000,2,36,1,90092,16303,1
5233,B,1100000,1100000,2,28,1,237583,175842,1
5234,B,1200000,1200000,2,35,0,179987,43683,1
5235,B,800000,800000,4,56,1,2000,5898,1
5236,R,1300000,1300000,2,39,1,43949,53124,1
5237,B,1300000,1300000,2,50,1,50004,40641,1
5238,B,1200000,1200000,2,29,1,76724,59679,1
5239,B,1000000,1000000,2,30,1,21988,10044,1
5240,B,700000,700000,4,29,1,30562,22563,1
5241,B,700000,700000,1,37,0,9928,24306,1
5242,B,700000,700000,2,26,1,26911,5094,1
5243,B,700000,700000,2,26,1,4224,22220,1
5244,B,700000,700000,2,27,1,14835,16920,1
5245,B,200000,200000,6,20,1,83748,4553,1
5246,B,500000,300000,4,52,1,825,6156,1
5247,R,1300000,1300000,3,27,1,21423,13365,1
5248,B,600000,300000,3,25,1,61861,26280,1
5249,B,700000,700000,3,23,1,379317,8334,1
5250,B,1200000,1200000,2,30,1,63010,8327,1
5251,B,500000,500000,2,26,1,10517,108000,1
5252,B,800000,800000,8,78,0,48040,10393,1
5253,B,500000,500000,2,57,1,113414,20612,1
5254,B,600000,300000,2,40,1,7920,4644,1
5255,B,700000,200000,6,20,1,37293,4941,1
5256,B,400000,300000,6,24,0,6235,26541,1
5257,B,1200000,1100000,2,25,1,103730,17324,1
5258,B,1200000,1200000,2,36,1,103160,20583,1
5259,B,300000,200000,2,24,1,15999,9144,1
5260,B,500000,500000,6,23,0,0,20385,1
5261,B,1100000,300000,6,25,1,136395,8489,1
5262,B,800000,800000,2,25,1,177234,32401,1
5263,B,800000,800000,2,25,1,,32401,1
5264,A,500000,300000,2,22,1,15815,87823,1
5265,B,600000,600000,2,24,1,4931,28454,1
5266,B,1200000,600000,5,45,1,69358,20701,1
5267,B,200000,200000,6,23,1,26868,13624,1
5268,B,1100000,1100000,2,27,1,100648,23958,1
5269,A,1100000,1100000,3,24,1,152333,13428,1
5270,B,200000,200000,2,23,1,0,44757,1
5271,B,800000,800000,3,26,1,28512,12170,1
5272,B,500000,500000,2,28,1,1625,666,1
5273,B,800000,300000,6,26,1,19445,38304,1
5274,B,500000,300000,7,28,1,19665,7285,1
5275,B,1000000,1000000,2,25,1,139790,2700,1
5276,B,200000,200000,6,19,1,220288,25737,1
5277,B,1300000,1300000,2,38,1,26855,47520,1
5278,B,200000,200000,2,25,1,0,20412,1
5279,B,800000,800000,3,27,1,179514,32784,1
5280,B,1000000,1000000,2,24,1,18589,20550,1
5281,B,600000,600000,2,29,1,12638,37026,1
5282,B,1200000,1200000,2,28,1,83501,24057,1
5283,B,1300000,1300000,2,46,1,60117,81180,1
5284,B,1300000,1300000,2,37,0,49922,30780,1
5285,B,800000,800000,2,25,1,154408,45018,1
5286,B,800000,800000,2,38,1,6436,23923,1
5287,B,800000,800000,3,50,1,3398,14940,1
5288,B,1100000,1100000,3,25,1,30883,19998,1
5289,R,1000000,1000000,2,28,1,80338,22077,1
5290,B,800000,800000,2,32,1,0,26820,1
5291,B,600000,300000,7,24,0,4541,11610,1
5292,B,1200000,1200000,10,36,1,63397,136595,1
5293,B,600000,600000,2,49,1,44937,25254,1
5294,B,1100000,900000,2,28,1,26521,7593,1
5295,B,800000,500000,7,58,1,0,125140,1
5296,B,700000,700000,2,25,0,0,27810,1
5297,B,1300000,1300000,2,55,0,113688,2835,1
5298,B,200000,200000,2,24,1,3012,5139,1
5299,B,1300000,1300000,2,53,0,53461,38275,1
5300,B,700000,300000,12,58,1,4465,13563,1
5301,B,700000,700000,2,25,1,12288,10980,1
5302,B,700000,600000,2,49,1,53516,14326,1
5303,B,800000,800000,2,48,0,10518,56363,1
5304,B,1100000,1100000,2,32,0,67320,10103,1
5305,B,1300000,1300000,2,37,1,348182,17402,1
5306,A,700000,700000,2,56,1,9196,28313,1
5307,B,500000,400000,2,23,1,33533,17820,1
5308,B,200000,200000,6,22,1,205408,37776,1
5309,B,600000,300000,6,23,1,76773,4277,1
5310,B,800000,800000,2,29,0,15913,11645,1
5311,B,700000,700000,1,52,0,3516,106005,1
5312,B,800000,800000,3,39,1,47002,21709,1
5313,B,700000,300000,6,23,1,13538,19421,1
5314,B,1200000,1200000,3,24,1,0,24710,1
5315,B,1200000,1200000,3,24,1,0,24710,1
5316,B,1000000,500000,2,24,0,218210,3555,1
5317,A,800000,800000,2,61,1,7632,2173,1
5318,B,900000,500000,2,25,0,23352,55800,1
5319,B,700000,200000,6,21,1,79542,13902,1
5320,B,1300000,1300000,5,52,0,42642,33948,1
5321,B,800000,300000,2,55,1,8151,4752,1
5322,B,1100000,300000,2,24,1,67403,5643,1
5323,B,1000000,1000000,2,37,1,73206,9206,1
5324,B,1300000,1300000,2,44,1,307118,82966,1
5325,B,700000,700000,2,28,0,0,20739,1
5326,B,700000,700000,2,32,1,36000,5643,1
5327,B,1100000,1100000,3,29,0,214607,12672,1
5328,B,1100000,1100000,2,24,1,269471,10314,1
5329,B,700000,700000,2,24,1,0,14940,1
5330,B,800000,300000,7,54,1,5228,27044,1
5331,B,400000,300000,6,22,1,82618,11994,1
5332,B,700000,700000,2,32,1,240688,32017,1
5333,B,600000,600000,2,26,0,30778,12564,1
5334,B,700000,700000,2,33,1,14579,15085,1
5335,R,1200000,1200000,2,25,1,24017,4595,1
5336,A,600000,600000,3,32,0,0,12177,1
5337,B,400000,300000,6,21,1,30481,14460,1
5338,B,1100000,1100000,3,30,1,20998,8883,1
5339,B,1300000,800000,2,25,1,71475,18294,1
5340,B,200000,200000,2,59,1,61436,9522,1
5341,B,700000,700000,2,25,1,0,3312,1
5342,B,1300000,1300000,2,42,0,182696,21374,1
5343,B,500000,500000,2,24,1,4755,7317,1
5344,B,1000000,1000000,12,25,1,271298,7184,1
5345,B,900000,900000,2,28,1,80000,115722,1
5346,B,800000,800000,2,29,1,1216,103426,1
5347,B,800000,800000,4,54,1,51445,18453,1
5348,B,800000,700000,7,50,1,61413,31456,1
5349,B,1000000,300000,6,21,1,0,27351,1
5350,B,500000,300000,6,21,1,0,8595,1
5351,B,700000,200000,6,20,1,224851,37934,1
5352,B,1200000,1200000,2,50,1,218972,135702,1
5353,B,600000,600000,2,30,1,25980,3447,1
5354,B,700000,700000,3,28,1,47400,25560,1
5355,B,1200000,1200000,2,26,1,330841,13860,1
5356,B,1000000,1000000,2,24,1,163976,31770,1
5357,B,1100000,1000000,2,24,1,167190,9950,1
5358,B,800000,800000,2,66,0,47694,34839,1
5359,B,200000,200000,6,21,1,15180,7525,1
5360,B,600000,300000,4,38,1,46267,10903,1
5361,B,1100000,1100000,2,40,1,44622,7515,1
5362,B,1200000,900000,2,24,1,2970,8010,1
5363,B,600000,600000,4,44,1,3976,20430,1
5364,B,400000,400000,2,22,1,7211,20187,1
5365,B,700000,700000,2,36,1,61395,7043,1
5366,B,600000,300000,2,49,1,0,15840,1
5367,B,700000,700000,2,31,1,26000,32697,1
5368,B,800000,800000,2,59,1,0,18504,1
5369,B,600000,300000,6,23,1,8367,20713,1
5370,B,500000,300000,6,21,1,9529,20288,1
5371,B,200000,200000,6,20,1,19153,13752,1
5372,B,200000,200000,2,23,1,194738,9603,1
5373,A,400000,400000,2,23,1,24909,7128,1
5374,B,200000,200000,2,38,0,266894,783,1
5375,B,1100000,1100000,5,39,1,93419,26720,1
5376,B,1300000,1300000,4,56,1,35535,15374,1
5377,B,500000,500000,2,35,0,0,33660,1
5378,B,700000,300000,5,56,1,9495,31368,1
5379,B,800000,800000,2,55,0,47532,11864,1
5380,B,700000,300000,4,41,1,1931,10980,1
5381,B,800000,800000,3,35,1,17174,10134,1
5382,B,1300000,300000,7,54,1,34089,6219,1
5383,B,500000,500000,2,50,1,113790,29088,1
5384,B,1200000,1200000,4,61,1,37782,45646,1
5385,B,800000,800000,2,57,1,23661,2245,1
5386,B,1200000,1200000,4,50,1,13669,35326,1
5387,B,1200000,300000,7,60,1,36525,11214,1
5388,B,700000,700000,4,49,1,34612,9855,1
5389,B,900000,600000,2,23,1,103842,13008,1
5390,B,800000,400000,2,28,0,5643,22770,1
5391,B,1000000,1000000,1,77,1,10911,17858,1
5392,B,1000000,300000,6,20,1,42993,22259,1
5393,B,600000,600000,5,38,1,172060,79678,1
5394,B,200000,200000,6,20,1,11662,35855,1
5395,B,700000,700000,3,28,1,11789,17911,1
5396,B,900000,700000,8,77,1,70239,20614,1
5397,B,1000000,1000000,2,60,1,190920,23448,1
5398,B,1100000,1100000,4,53,1,74199,23598,1
5399,B,900000,300000,2,28,1,226514,41580,1
5400,B,800000,800000,2,27,1,12807,23125,1
5401,B,800000,800000,2,32,1,0,882,1
5402,A,300000,300000,12,65,0,5880,5534,1
5403,A,1200000,1200000,4,47,1,79456,3135,1
5404,B,200000,200000,6,19,1,,11178,1
5405,B,1300000,1300000,2,49,1,390492,116817,1
5406,B,600000,600000,8,80,1,13974,27994,1
5407,R,800000,800000,2,38,1,68495,69946,1
5408,B,600000,600000,2,26,1,59445,10426,1
5409,B,700000,700000,2,26,1,38820,297,1
5410,B,700000,300000,4,59,1,21490,3852,1
5411,B,1200000,1200000,3,24,1,84711,5164,1
5412,B,700000,700000,2,53,0,,17010,1
5413,B,300000,300000,6,22,0,5643,5391,1
5414,B,1200000,1200000,2,34,1,279649,40134,1
5415,B,800000,300000,7,51,1,16633,4455,1
5416,B,1000000,1000000,2,25,1,35343,1773,1
5417,B,300000,300000,6,21,1,6109,8991,1
5418,B,600000,600000,2,26,1,39292,6444,1
5419,B,700000,400000,7,50,1,0,19365,1
5420,B,800000,800000,2,45,1,9130,23661,1
5421,B,700000,300000,8,73,1,2132,2218,1
5422,B,700000,700000,2,46,1,12591,7009,1
5423,B,400000,400000,3,26,0,3031,23760,1
5424,B,200000,200000,6,21,1,0,15336,1
5425,B,500000,500000,4,37,1,,17514,1
5426,R,1200000,300000,4,65,1,190847,9845,1
5427,B,700000,700000,2,55,1,55385,43560,1
5428,B,700000,700000,4,65,1,4114,7020,1
5429,B,1000000,900000,8,76,1,68978,3834,1
5430,B,500000,300000,7,32,1,,11884,1
5431,B,1100000,1100000,2,45,1,,18523,1
5432,B,1300000,1300000,2,26,1,35574,8073,1
5433,B,1000000,300000,7,54,1,97245,8723,1
5434,B,600000,600000,2,24,1,,9722,1
5435,B,800000,300000,7,47,1,36261,9551,1
5436,B,200000,200000,6,20,1,28802,3555,1
5437,B,400000,400000,2,26,1,21264,0,1
5438,R,700000,700000,2,54,0,,14850,1
5439,B,400000,400000,5,27,1,137240,7158,1
5440,B,1200000,1200000,7,67,1,142707,12456,1
5441,B,700000,700000,2,45,1,39845,16192,1
5442,B,600000,600000,2,25,1,0,18945,1
5443,B,1200000,300000,7,57,1,27062,68400,1
5444,B,700000,700000,2,44,1,19494,24118,1
5445,B,700000,700000,2,24,1,55619,32760,1
5446,B,1000000,1000000,2,64,1,0,23810,1
5447,B,600000,600000,5,38,1,28072,12799,1
5448,B,200000,200000,6,21,0,16486,15237,1
5449,B,500000,500000,5,38,1,,91674,1
5450,B,400000,300000,6,25,1,61476,3582,1
5451,B,1000000,900000,2,23,0,0,24840,1
5452,B,500000,500000,2,24,1,16908,34652,1
5453,B,1300000,800000,2,31,1,30390,21490,1
5454,B,500000,300000,6,21,1,8427,11484,1
5455,B,700000,700000,4,67,1,10450,2841,1
5456,B,800000,800000,2,28,1,35069,15637,1
5457,B,200000,200000,2,27,1,0,12558,1
5458,B,900000,300000,7,41,1,42559,30136,1
5459,B,700000,500000,12,59,1,20385,0,1
5460,B,1200000,1200000,10,33,1,2325,19544,1
5461,A,1300000,1300000,2,50,0,218321,173052,1
5462,B,1300000,800000,3,24,1,117325,17523,1
5463,B,1300000,1300000,3,28,1,40627,3465,1
5464,B,700000,700000,3,26,1,26289,5103,1
5465,B,200000,200000,6,21,1,8333,5436,1
5466,B,500000,500000,2,26,1,0,8787,1
5467,B,1200000,1200000,2,41,0,20053,15022,1
5468,B,1000000,1000000,2,25,0,838588,128620,1
5469,B,800000,800000,5,58,1,,3486,1
5470,B,600000,600000,4,51,1,34661,15284,1
5471,B,200000,200000,7,24,1,46979,9424,1
5472,B,700000,700000,8,74,1,0,9268,1
5473,B,800000,300000,2,28,1,122604,11970,1
5474,B,800000,800000,2,53,1,71567,37541,1
5475,B,1200000,1200000,2,41,1,85619,14760,1
5476,B,1200000,300000,3,45,1,161413,31950,1
5477,B,700000,700000,4,59,1,2954,30840,1
5478,B,1000000,1000000,2,44,1,336451,13953,1
5479,B,600000,300000,8,84,1,13106,3243,1
5480,B,600000,600000,4,30,1,,8316,1
5481,B,200000,200000,2,44,0,1013,72225,1
5482,B,800000,800000,4,49,1,,8757,1
5483,B,1000000,1000000,2,29,1,138278,68345,1
5484,B,700000,300000,8,75,1,,120499,1
5485,B,300000,300000,6,21,1,5227,4924,1
5486,B,600000,400000,2,25,1,78880,4374,1
5487,B,600000,600000,2,37,1,36314,13354,1
5488,B,800000,800000,2,29,0,36603,43779,1
5489,B,200000,200000,6,20,1,17574,4843,1
5490,B,200000,200000,6,21,1,85972,1161,1
5491,B,1100000,1100000,2,69,1,33122,2257,1
5492,B,200000,200000,4,60,1,16849,34679,1
5493,B,700000,500000,2,25,0,0,7020,1
5494,A,400000,300000,7,47,1,74136,55860,1
5495,R,700000,700000,2,36,1,0,45814,1
5496,B,500000,300000,6,23,1,3021,12402,1
5497,B,700000,600000,2,58,1,9484,18157,1
5498,A,500000,500000,2,25,1,0,17488,1
5499,B,700000,300000,7,57,1,11199,18615,1
5500,B,200000,200000,2,24,1,298150,6228,1
5501,B,700000,300000,7,28,1,0,13797,1
5502,B,900000,300000,6,21,1,30732,16965,1
5503,B,200000,200000,6,20,1,25560,12430,1
5504,B,700000,700000,7,25,1,21754,1170,1
5505,B,700000,700000,2,27,1,1976,6842,1
5506,B,500000,300000,11,25,1,0,9900,1
5507,B,600000,600000,3,27,1,17349,8613,1
5508,B,600000,600000,2,25,1,11757,11345,1
5509,R,1200000,1200000,2,29,0,41538,56414,1
5510,B,600000,600000,2,59,1,5716,108257,1
5511,B,600000,600000,2,27,1,0,809,1
5512,B,600000,600000,7,25,1,35657,8614,1
5513,R,700000,200000,6,22,1,107544,24750,1
5514,B,500000,500000,2,28,1,15058,32364,1
5515,B,1300000,300000,3,61,1,150221,180000,1
5516,A,1200000,1200000,2,35,1,121896,31072,1
5517,A,700000,700000,2,25,1,133140,53781,1
5518,B,1100000,1100000,2,40,1,21563,43095,1
5519,B,500000,300000,6,21,1,0,7920,1
5520,B,700000,700000,2,27,0,12000,41580,1
5521,B,600000,600000,2,24,1,0,23504,1
5522,B,500000,500000,2,23,1,21717,23870,1
5523,B,1100000,800000,2,24,1,189476,34868,1
5524,B,600000,300000,3,24,1,111288,8991,1
5525,B,800000,300000,8,73,1,23487,1348,1
5526,B,200000,200000,2,25,1,14003,19395,1
5527,B,1200000,1200000,2,25,1,160131,7970,1
5528,B,400000,400000,2,23,1,18671,8427,1
5529,B,800000,800000,2,49,1,1676,2772,1
5530,B,700000,200000,6,19,0,19699,6291,1
5531,B,700000,700000,2,23,1,9615,4446,1
5532,B,1200000,800000,5,56,1,78850,33840,1
5533,B,600000,300000,4,55,1,0,19890,1
5534,B,1000000,1000000,7,62,1,18814,922,1
5535,B,500000,500000,2,28,1,14098,18759,1
5536,B,1000000,1000000,2,25,1,941,11880,1
5537,B,500000,500000,7,31,1,13562,12043,1
5538,B,400000,300000,6,20,1,0,4338,1
5539,B,600000,600000,7,38,1,69376,4297,1
5540,B,600000,600000,2,39,1,27748,2641,1
5541,A,600000,600000,2,27,1,17282,77963,1
5542,B,1300000,1300000,2,31,1,177472,32161,1
5543,A,500000,500000,2,31,1,23561,38490,1
5544,B,700000,700000,2,26,0,25000,24939,1
5545,B,700000,700000,2,26,0,20794,24939,1
5546,B,1300000,1300000,2,35,1,45116,30195,1
5547,B,700000,700000,2,42,1,61068,44550,1
5548,B,200000,200000,6,23,0,2940,49590,1
5549,B,700000,700000,2,28,1,50636,11862,1
5550,B,800000,800000,2,28,1,,23058,1
5551,B,700000,700000,2,27,1,76350,33453,1
5552,A,500000,300000,7,50,1,10346,25996,1
5553,A,800000,300000,6,23,1,258103,22165,1
5554,B,200000,200000,2,48,1,32987,1353,1
5555,A,1300000,1300000,2,56,1,166376,64034,1
5556,B,1300000,300000,7,63,1,133502,105083,1
5557,B,800000,800000,7,72,1,9477,23031,1
5558,B,1300000,300000,7,62,1,13486,7218,1
5559,B,800000,500000,8,71,1,133083,48947,1
5560,B,500000,500000,2,25,1,54194,29607,1
5561,B,500000,500000,2,25,1,65905,14089,1
5562,B,200000,200000,7,23,1,162365,32596,1
5563,B,1300000,1300000,2,61,1,0,84724,1
5564,B,500000,500000,5,27,1,0,2664,1
5565,B,300000,300000,7,27,1,8510,22433,1
5566,A,500000,500000,2,26,1,5121,7079,1
5567,B,1300000,1300000,2,37,1,100374,17081,1
5568,B,1300000,1300000,2,27,1,24990,28518,1
5569,B,1300000,1300000,3,27,1,76653,41283,1
5570,B,600000,600000,2,48,1,57588,102220,1
5571,B,600000,600000,2,26,1,33231,15930,1
5572,B,700000,700000,2,31,1,40275,23175,1
5573,B,1100000,1100000,2,29,1,229026,29617,1
5574,B,1000000,800000,7,40,1,22676,53358,1
5575,B,400000,400000,7,29,1,20830,11603,1
5576,B,1000000,800000,2,24,1,148482,56168,1
5577,R,350000,200000,2,24,1,209787,88756,1
5578,B,800000,800000,2,32,1,40000,12740,1
5579,B,1000000,1000000,3,20,1,170965,98063,1
5580,B,1000000,1000000,2,25,0,87630,37800,1
5581,B,1000000,600000,2,25,1,110402,30361,1
5582,B,800000,800000,2,25,0,0,12564,1
5583,B,1200000,1200000,2,41,1,94449,112740,1
5584,A,800000,800000,2,28,1,61351,8514,1
5585,B,600000,600000,2,51,1,0,10890,1
5586,B,600000,600000,2,26,1,0,13756,1
5587,B,700000,700000,2,30,0,11932,28355,1
5588,B,300000,300000,2,36,1,173952,15856,1
5589,B,600000,600000,2,32,0,12495,68054,1
5590,B,600000,600000,2,30,1,36158,34056,1
5591,B,1100000,1100000,2,25,1,91086,5148,1
5592,B,1200000,1200000,10,28,1,34512,45149,1
5593,B,700000,700000,2,30,0,0,39663,1
5594,B,200000,200000,2,26,1,67353,12177,1
5595,B,600000,600000,3,26,0,4180,14178,1
5596,B,800000,800000,2,54,1,6194,14878,1
5597,B,800000,800000,2,54,1,,14878,1
5598,B,800000,800000,2,26,0,11561,25416,1
5599,B,600000,600000,2,31,1,21000,11590,1
5600,B,800000,800000,2,27,1,0,43251,1
5601,B,1100000,400000,2,25,1,33307,25565,1
5602,B,800000,800000,3,27,1,0,29592,1
5603,B,1300000,1100000,3,27,1,73944,7921,1
5604,B,700000,200000,6,20,1,52373,33372,1
5605,B,200000,200000,2,25,0,0,33750,1
5606,B,800000,300000,7,61,1,1767,35433,1
5607,B,800000,800000,2,41,0,29802,151769,1
5608,B,400000,400000,2,53,1,4598,10782,1
5609,B,600000,600000,2,28,1,32940,25740,1
5610,B,600000,600000,2,27,1,38529,9405,1
5611,B,1100000,600000,2,25,1,47625,22563,1
5612,B,700000,200000,6,20,1,91080,113540,1
5613,R,1000000,1000000,2,25,0,162872,15840,1
5614,B,1300000,1300000,2,24,1,40013,62732,1
5615,B,1000000,600000,7,25,1,88680,11296,1
5616,B,800000,800000,2,47,1,0,24300,1
5617,B,700000,700000,2,25,1,169925,67864,1
5618,B,1300000,1300000,4,50,1,448721,4484,1
5619,B,1300000,1300000,2,38,0,88479,18969,1
5620,B,700000,700000,2,28,1,822,12515,1
5621,B,600000,300000,2,23,1,88977,27419,1
5622,B,500000,500000,2,24,1,145446,23190,1
5623,B,1000000,1000000,2,26,1,54625,1503,1
5624,B,700000,700000,2,24,1,0,16150,1
5625,B,900000,900000,2,26,1,302180,17981,1
5626,B,800000,800000,2,33,1,,18117,1
5627,B,700000,700000,2,34,1,12724,22924,1
5628,B,400000,300000,6,22,1,14630,4119,1
5629,B,1300000,1300000,3,26,1,54466,75673,1
5630,A,1200000,1200000,2,27,0,213722,13376,1
5631,B,700000,700000,2,31,1,0,30881,1
5632,B,800000,800000,2,53,1,60294,21573,1
5633,B,700000,700000,2,33,1,,28523,1
5634,A,1000000,1000000,2,29,1,6167,28720,1
5635,A,700000,700000,2,25,1,27856,12073,1
5636,B,900000,300000,6,20,1,112171,18738,1
5637,B,800000,800000,2,27,1,4703,12870,1
5638,B,1300000,1300000,2,28,0,553760,37413,1
5639,B,600000,300000,8,50,1,9405,13464,1
5640,B,700000,700000,2,26,1,1056,9971,1
5641,A,800000,300000,6,21,1,34670,9720,1
5642,B,600000,600000,2,34,0,43132,10395,1
5643,B,200000,200000,2,22,1,3315,6139,1
5644,B,1300000,1300000,2,41,0,0,93897,1
5645,B,800000,800000,7,59,1,75240,25080,1
5646,B,800000,800000,2,29,1,59334,16027,1
5647,B,800000,300000,7,56,1,16151,23085,1
5648,B,300000,300000,2,24,1,7278,52699,1
5649,B,400000,300000,6,21,1,1359,15840,1
5650,B,1100000,1100000,2,26,1,302890,1815,1
5651,B,200000,200000,6,21,1,,42968,1
5652,B,500000,500000,2,33,1,0,29208,1
5653,B,800000,800000,2,51,0,61399,25830,1
5654,B,800000,800000,2,36,1,2874,22040,1
5655,B,900000,300000,6,21,1,60438,7198,1
5656,B,1300000,1300000,2,28,1,71014,5565,1
5657,B,1000000,1000000,2,25,1,0,1349,1
5658,B,400000,400000,2,30,1,25937,31790,1
5659,B,800000,800000,7,30,1,,34492,1
5660,B,700000,700000,2,28,0,20278,54930,1
5661,B,400000,300000,6,21,1,18764,1297,1
5662,B,1100000,1100000,2,29,0,64580,20097,1
5663,A,1100000,1100000,2,26,1,164735,20226,1
5664,B,500000,500000,7,33,1,0,180000,1
5665,B,500000,300000,6,23,1,,40482,1
5666,B,1100000,1100000,4,60,1,58197,138496,1
5667,B,1100000,300000,5,48,1,578223,50520,1
5668,B,1100000,1100000,2,39,1,35951,109861,1
5669,B,800000,300000,2,44,1,0,7372,1
5670,B,500000,500000,2,34,0,,49680,1
5671,B,500000,300000,7,41,1,58742,23294,1
5672,B,700000,700000,7,36,1,31589,38700,1
5673,B,800000,800000,2,24,1,108805,36431,1
5674,B,800000,800000,2,23,1,25107,34568,1
5675,B,1200000,900000,2,24,1,67098,25335,1
5676,B,1100000,300000,6,23,1,245693,2063,1
5677,B,700000,700000,2,31,1,164054,29189,1
5678,B,1300000,1300000,1,52,1,20679,148130,1
5679,A,700000,200000,7,37,1,53541,57243,1
5680,B,700000,700000,7,64,1,0,38628,1
5681,B,1200000,1200000,2,56,1,79524,20341,1
5682,B,800000,300000,4,62,1,20762,45449,1
5683,B,700000,700000,4,51,1,9657,44928,1
5684,B,200000,200000,2,23,1,39531,33849,1
5685,B,1300000,900000,12,56,1,77849,26730,1
5686,B,800000,800000,2,55,1,14500,1764,1
5687,B,700000,300000,2,25,1,40612,6365,1
5688,B,1100000,1100000,2,24,1,321294,15165,1
5689,B,700000,700000,3,32,0,32190,3800,1
5690,B,1300000,1300000,2,49,0,751450,108675,1
5691,R,700000,300000,11,34,1,76713,55182,1
5692,R,1300000,1300000,10,32,1,135213,60571,1
5693,B,800000,300000,7,55,1,,28659,1
5694,B,500000,500000,5,37,1,5260,27177,1
5695,B,800000,300000,4,70,1,33862,20232,1
5696,B,1300000,1300000,2,43,1,83145,93100,1
5697,B,1300000,1300000,2,43,1,,93100,1
5698,B,1300000,1300000,2,48,1,43380,12888,1
5699,A,700000,700000,2,41,1,12257,27549,1
5700,B,700000,500000,2,23,1,42468,20043,1
5701,B,800000,800000,2,27,1,3373,13208,1
5702,A,1100000,1100000,2,28,1,93159,55787,1
5703,B,200000,200000,6,22,1,36249,54312,1
5704,B,800000,300000,7,64,1,0,391,1
5705,B,800000,800000,2,31,1,0,8802,1
5706,B,1100000,900000,2,25,1,118113,17228,1
5707,B,1300000,1300000,2,27,1,94416,54241,1
5708,B,800000,300000,7,61,1,21184,4050,1
5709,B,500000,300000,6,23,1,8912,8505,1
5710,B,800000,800000,2,31,1,55596,13365,1
5711,B,700000,700000,2,23,1,31007,19183,1
5712,B,800000,300000,13,37,1,20834,10310,1
5713,B,1300000,1300000,2,28,0,102901,46719,1
5714,R,600000,600000,2,24,1,2795,17632,1
5715,B,500000,500000,12,36,1,64296,29205,1
5716,B,1200000,1200000,10,29,1,0,106380,1
5717,B,1100000,1100000,4,55,1,141763,64315,1
5718,B,200000,200000,5,63,1,13213,21973,1
5719,B,600000,300000,6,25,1,0,26190,1
5720,B,1100000,300000,2,23,1,112609,58284,1
5721,B,700000,700000,2,25,1,85749,27603,1
5722,R,500000,500000,2,24,1,289263,30206,1
5723,B,600000,600000,2,24,1,0,31058,1
5724,A,200000,200000,2,23,1,240253,41252,1
5725,B,800000,800000,2,61,0,2637,36621,1
5726,B,600000,300000,7,63,1,,31176,1
5727,B,300000,300000,6,23,1,44420,9063,1
5728,B,1300000,300000,4,68,1,18810,16128,1
5729,B,600000,300000,12,24,1,36894,41018,1
5730,B,1500000,600000,2,48,1,178939,25800,1
5731,B,400000,400000,4,33,1,23000,7724,1
5732,B,1000000,1000000,2,27,0,56528,19395,1
5733,B,800000,800000,2,36,1,,74583,1
5734,B,1000000,1000000,7,67,1,31985,38574,1
5735,B,800000,800000,7,51,1,53467,37809,1
5736,B,500000,500000,7,27,1,19806,19530,1
5737,B,1000000,400000,7,46,1,41163,48537,1
5738,R,500000,300000,7,54,1,0,49401,1
5739,B,500000,500000,2,27,1,993,12362,1
5740,B,600000,600000,2,26,1,0,15246,1
5741,B,1300000,700000,2,58,1,128467,123444,1
5742,B,600000,300000,7,57,1,50316,14699,1
5743,B,1000000,1000000,2,24,1,29857,47342,1
5744,B,300000,300000,2,24,1,5957,16296,1
5745,B,800000,300000,4,51,1,43178,27324,1
5746,B,800000,800000,2,40,1,,53361,1
5747,B,700000,700000,2,56,0,21908,28710,1
5748,B,1200000,300000,7,55,1,23439,44598,1
5749,B,500000,500000,2,28,1,2128,14076,1
5750,B,700000,700000,2,26,1,,26998,1
5751,A,1200000,1200000,2,26,1,11601,25724,1
5752,B,400000,200000,7,57,1,16711,74250,1
5753,B,800000,800000,3,36,1,9845,80226,1
5754,A,400000,300000,7,24,1,26580,14850,1
5755,B,1100000,300000,2,24,1,22143,33094,1
5756,B,500000,300000,6,23,1,17064,9548,1
5757,R,500000,500000,12,29,1,8070,2844,1
5758,B,1300000,1300000,2,43,1,90652,41184,1
5759,B,1000000,300000,6,21,1,31797,4798,1
5760,B,500000,500000,2,27,1,,59697,1
5761,B,400000,400000,2,34,1,463109,57719,1
5762,B,500000,500000,6,23,1,11997,5750,1
5763,B,500000,500000,2,24,1,5070,19688,1
5764,B,1200000,1100000,12,51,1,70225,40561,1
5765,A,1200000,1200000,2,42,0,261966,75021,1
5766,B,1300000,1300000,2,59,0,99641,24428,1
5767,B,800000,800000,2,34,1,0,40590,1
5768,B,800000,800000,2,43,1,309653,4275,1
5769,B,1100000,1100000,2,41,1,780,35316,1
5770,B,300000,300000,5,51,1,25727,5020,1
5771,B,800000,300000,4,69,1,0,28085,1
5772,B,600000,600000,2,27,1,15921,7379,1
5773,B,1200000,800000,2,54,1,18592,43688,1
5774,B,800000,800000,2,34,1,0,71689,1
5775,B,700000,700000,2,31,1,0,34677,1
5776,B,1200000,1200000,4,47,1,47371,21896,1
5777,B,700000,700000,2,47,0,,32760,1
5778,B,800000,300000,6,22,1,63353,32637,1
5779,B,1000000,300000,4,39,1,44555,53377,1
5780,B,600000,600000,2,25,1,20570,6859,1
5781,B,900000,900000,2,24,1,51331,24732,1
5782,B,500000,300000,8,78,1,25603,29106,1
5783,B,500000,500000,3,24,1,167676,37269,1
5784,B,400000,400000,2,55,0,,42845,1
5785,B,700000,300000,2,47,1,2784,23751,1
5786,B,1100000,1100000,4,49,1,92530,8148,1
5787,B,700000,700000,2,30,1,110976,82260,1
5788,B,800000,800000,2,35,1,2850,84150,1
5789,B,1300000,1300000,2,52,1,9405,79047,1
5790,B,600000,600000,8,84,1,0,14058,1
5791,B,1200000,800000,2,44,1,68312,12366,1
5792,R,400000,400000,2,25,0,52943,3614,1
5793,B,1300000,1300000,2,54,1,61324,3693,1
5794,B,800000,800000,3,55,1,23617,16920,1
5795,B,800000,300000,7,50,1,9114,11114,1
5796,A,500000,500000,2,25,1,70479,25344,1
5797,B,800000,800000,2,50,1,42610,16659,1
5798,B,1300000,1300000,2,52,1,112651,3762,1
5799,B,800000,300000,7,57,1,0,17415,1
5800,B,1300000,300000,6,23,1,34000,14346,1
5801,B,800000,800000,2,40,1,6636,40581,1
5802,B,1100000,1100000,2,32,1,152600,66420,1
5803,B,200000,200000,2,23,1,19570,13635,1
5804,B,600000,600000,2,26,1,0,21276,1
5805,B,1200000,1200000,5,43,1,120994,29597,1
5806,B,1300000,300000,7,53,1,66074,21411,1
5807,B,200000,200000,5,54,1,45904,30771,1
5808,B,700000,300000,4,55,1,32960,10674,1
5809,B,1000000,300000,2,30,1,48656,45229,1
5810,B,300000,300000,2,22,1,0,35515,1
5811,B,800000,800000,5,35,1,44220,65606,1
5812,B,800000,800000,2,36,1,6291,45432,1
5813,B,500000,500000,7,43,1,333684,15096,1
5814,B,700000,300000,8,68,1,5947,29851,1
5815,B,600000,300000,6,22,1,,10665,1
5816,B,700000,300000,7,57,1,27720,49590,1
5817,B,600000,300000,7,51,1,0,21017,1
5818,B,1000000,1000000,3,28,1,37221,20051,1
5819,R,1300000,1300000,2,36,1,81913,180000,1
5820,B,700000,300000,7,57,1,106361,22761,1
5821,B,1200000,1200000,2,26,1,51149,30665,1
5822,B,700000,300000,5,53,1,55874,18405,1
5823,B,1000000,300000,7,38,1,257134,52137,1
5824,B,1200000,1200000,2,39,0,225115,191070,1
5825,B,800000,500000,7,71,1,81190,13455,1
5826,B,1200000,1200000,2,41,1,46794,63253,1
5827,B,700000,700000,10,22,1,168593,26863,1
5828,B,700000,500000,2,24,1,11286,5040,1
5829,B,400000,400000,4,62,1,192697,15480,1
5830,B,1300000,300000,4,68,1,144833,56058,1
5831,B,700000,200000,6,20,1,160552,10980,1
5832,B,600000,600000,2,25,1,82153,25548,1
5833,B,1100000,1100000,2,26,0,17110,35789,1
5834,A,1100000,1100000,2,28,1,15883,37983,1
5835,B,600000,600000,7,26,1,30664,6570,1
5836,B,700000,200000,7,25,1,135897,2700,1
5837,A,1000000,700000,2,25,1,168271,32427,1
5838,B,800000,800000,5,48,1,,18306,1
5839,B,600000,600000,12,25,1,17233,23539,1
5840,R,700000,700000,2,25,1,18884,13394,1
5841,B,600000,600000,2,28,1,15387,18806,1
5842,B,200000,200000,2,24,1,,9000,1
5843,B,800000,300000,7,52,1,0,57204,1
5844,B,200000,200000,2,22,1,,19098,1
5845,B,1000000,800000,7,46,1,11400,26730,1
5846,B,800000,800000,3,51,1,198364,10494,1
5847,R,600000,600000,2,29,1,0,16077,1
5848,B,800000,800000,2,27,1,39091,20430,1
5849,B,1300000,1100000,2,68,1,105205,15012,1
5850,B,1200000,1200000,3,24,1,11441,41967,1
5851,B,1200000,400000,12,28,1,64514,6030,1
5852,B,700000,300000,7,52,1,0,22395,1
5853,B,1300000,700000,5,30,1,10533,72603,1
5854,B,500000,500000,2,29,1,71549,35838,1
5855,B,500000,300000,2,23,1,12512,8955,1
5856,B,800000,800000,2,28,1,0,61470,1
5857,B,600000,600000,10,28,0,35247,28746,1
5858,B,700000,700000,3,31,1,11680,8630,1
5859,B,700000,700000,1,51,1,1100,49017,1
5860,A,600000,400000,2,24,1,0,24572,1
5861,B,800000,800000,3,45,1,121762,71330,1
5862,R,900000,900000,2,25,0,392861,8208,1
5863,B,1100000,300000,7,44,1,71699,28791,1
5864,B,700000,700000,2,26,1,20749,23166,1
5865,B,1100000,1100000,2,27,1,164685,9126,1
5866,B,500000,500000,13,26,1,,22887,1
5867,B,500000,300000,6,21,1,76520,7891,1
5868,B,700000,700000,2,25,1,13937,32043,1
5869,B,800000,300000,4,56,1,961,5868,1
5870,B,1200000,1100000,2,25,1,58050,18900,1
5871,B,800000,800000,2,27,0,13239,31284,1
5872,B,800000,800000,2,55,1,11360,79299,1
5873,B,200000,200000,12,29,1,23874,30953,1
5874,B,700000,300000,11,37,1,15571,10970,1
5875,B,800000,300000,7,52,1,65584,16920,1
5876,B,600000,300000,4,41,1,22683,48501,1
5877,B,500000,500000,2,27,1,55069,26978,1
5878,B,800000,800000,2,35,1,5643,91314,1
5879,A,1300000,300000,4,47,1,164070,70102,1
5880,B,1000000,300000,4,47,1,35676,83210,1
5881,B,700000,700000,4,55,1,0,59886,1
5882,B,600000,600000,3,32,1,0,7862,1
5883,B,700000,700000,2,24,1,32312,2331,1
5884,B,1300000,400000,7,64,1,0,68341,1
5885,B,600000,300000,4,75,1,71651,6588,1
5886,R,1300000,300000,4,52,1,153710,119790,1
5887,B,700000,500000,8,65,1,28985,110970,1
5888,B,1300000,1300000,2,38,0,17765,30186,1
5889,B,800000,800000,2,34,1,13058,6930,1
5890,B,200000,200000,6,22,1,0,7812,1
5891,B,800000,800000,1,32,1,12331,32373,1
5892,B,600000,600000,2,26,1,5237,11583,1
5893,B,800000,300000,4,59,1,12062,37197,1
5894,B,1000000,300000,4,54,1,244212,11970,1
5895,B,1300000,900000,2,39,1,235993,75776,1
5896,B,1300000,300000,7,53,1,44083,45927,1
5897,B,500000,500000,2,27,1,4503,15840,1
5898,B,1300000,1300000,2,28,1,15852,35622,1
5899,B,800000,800000,2,36,1,19671,16560,1
5900,B,800000,300000,7,52,1,0,9756,1
5901,A,800000,800000,2,59,1,0,37125,1
5902,B,800000,800000,3,35,1,0,70992,1
5903,B,400000,400000,2,31,1,0,2336,1
5904,B,1300000,500000,2,44,1,56524,50769,1
5905,B,1100000,1100000,4,38,1,17185,16712,1
5906,B,800000,500000,7,37,1,684,21672,1
5907,B,600000,600000,2,61,1,6101,12819,1
5908,B,1100000,300000,5,46,1,0,4752,1
5909,B,1100000,1100000,2,25,1,146137,1188,1
5910,R,700000,700000,4,52,1,14735,8648,1
5911,B,1300000,300000,4,64,1,84234,89982,1
5912,B,1300000,300000,4,64,1,0,89982,1
5913,B,700000,300000,4,22,1,96516,56904,1
5914,B,700000,700000,3,32,0,20120,170577,1
5915,B,1000000,1000000,2,26,1,0,7206,1
5916,B,400000,300000,7,54,1,12655,20610,1
5917,B,1000000,400000,2,25,1,24758,22698,1
5918,B,300000,300000,2,23,1,48217,32360,1
5919,B,300000,300000,2,24,1,55395,27423,1
5920,B,800000,800000,2,55,0,20075,9090,1
5921,B,200000,200000,6,22,1,0,9760,1
5922,B,500000,500000,2,23,1,75956,8892,1
5923,B,1000000,300000,7,46,1,1706,1041,1
5924,B,900000,500000,7,50,1,35000,46593,1
5925,B,700000,700000,2,31,1,0,24345,1
5926,B,1000000,300000,6,23,1,0,27162,1
5927,B,600000,600000,2,25,1,40000,38223,1
5928,A,800000,800000,2,54,0,44000,6183,1
5929,B,500000,500000,2,22,1,24028,11826,1
5930,B,1000000,1000000,2,39,0,207436,38809,1
5931,B,800000,800000,2,24,1,313304,30458,1
5932,B,800000,800000,2,27,1,8215,4545,1
5933,B,600000,600000,2,26,0,0,31464,1
5934,B,1000000,300000,6,24,0,90231,1654,1
5935,B,1200000,1200000,2,25,0,0,59688,1
5936,B,1100000,700000,2,25,1,0,12159,1
5937,A,700000,700000,3,28,1,0,20847,1
5938,B,600000,300000,7,58,1,2493,8575,1
5939,B,800000,800000,2,26,0,11081,15426,1
5940,B,500000,300000,6,23,1,,25740,1
5941,B,1000000,1000000,2,23,1,144960,30041,1
5942,B,800000,300000,7,53,1,14797,7081,1
5943,A,1000000,300000,4,62,1,73117,18461,1
5944,B,1000000,1000000,2,56,1,72638,30315,1
5945,B,1100000,1100000,2,24,1,389383,4059,1
5946,R,500000,500000,2,48,1,541712,49073,1
5947,B,200000,200000,2,39,1,0,185372,1
5948,B,1100000,1100000,2,29,1,5000,0,1
5949,B,800000,800000,2,54,1,24910,4595,1
5950,B,600000,600000,2,28,1,0,20471,1
5951,B,1200000,900000,7,49,1,72819,10485,1
5952,B,800000,300000,6,22,1,0,31060,1
5953,B,800000,800000,2,52,0,12564,101637,1
5954,B,200000,200000,6,21,1,206977,19998,1
5955,B,500000,300000,12,34,1,1672,2577,1
5956,B,1300000,1300000,2,52,1,60616,40265,1
5957,B,1200000,1200000,2,25,1,203542,21780,1
5958,B,700000,200000,6,21,1,140432,3573,1
5959,B,600000,500000,2,24,1,0,11970,1
5960,B,1100000,300000,2,25,1,219947,23116,1
5961,B,700000,700000,2,28,0,31552,20880,1
5962,B,1200000,600000,2,26,1,108560,17820,1
5963,B,1000000,700000,2,22,1,10032,17381,1
5964,B,500000,500000,2,25,1,19276,22068,1
5965,B,500000,500000,2,34,1,6438,22365,1
5966,B,1100000,700000,7,26,1,19305,39487,1
5967,B,700000,700000,2,27,1,41174,15894,1
5968,B,800000,800000,2,30,1,20190,21789,1
5969,B,1300000,1300000,3,55,1,32938,58407,1
5970,B,600000,600000,2,29,1,1547,19820,1
5971,R,300000,300000,2,29,0,47833,9752,1
5972,B,800000,800000,2,31,1,28448,27612,1
5973,B,700000,700000,3,27,1,0,11296,1
5974,A,1100000,300000,6,25,0,32102,31680,1
5975,B,700000,700000,2,27,1,84323,4050,1
5976,B,1100000,1100000,2,27,1,128627,39546,1
5977,B,1300000,1300000,2,61,0,524,158490,1
5978,B,500000,500000,2,27,0,34127,17910,1
5979,B,800000,300000,4,49,1,12331,21552,1
5980,A,1300000,1300000,2,30,1,51752,84532,1
5981,B,1200000,1200000,2,28,1,212428,16830,1
5982,B,1000000,800000,2,58,1,40518,55638,1
5983,B,200000,200000,11,29,1,10051,75666,1
5984,B,700000,700000,2,24,1,0,41220,1
5985,B,800000,800000,2,45,1,29757,11475,1
5986,B,800000,800000,2,52,1,19371,9031,1
5987,B,700000,500000,3,26,1,30257,11158,1
5988,B,800000,500000,7,62,1,362418,36378,1
5989,B,1200000,1200000,3,28,1,0,9891,1
5990,B,1300000,1300000,2,53,1,126790,53938,1
5991,B,200000,200000,3,27,1,0,18470,1
5992,B,800000,800000,2,50,1,16825,0,1
5993,B,1300000,1300000,3,33,1,40832,31688,1
5994,B,800000,300000,4,36,1,0,5891,1
5995,B,1200000,1200000,2,25,1,51971,34740,1
5996,B,700000,300000,7,62,1,6228,9990,1
5997,B,200000,200000,2,33,1,0,73364,1
5998,B,1200000,300000,7,56,1,10009,152559,1
5999,B,900000,600000,7,66,1,0,24093,1
6000,B,1000000,1000000,2,68,0,,66420,1
6001,B,800000,800000,2,44,0,0,87012,1
6002,A,900000,900000,7,50,1,65833,55678,1
6003,B,800000,800000,2,26,1,1411,6921,1
6004,B,1200000,1200000,2,29,1,101176,24507,1
6005,B,800000,800000,3,26,1,0,76469,1
6006,B,800000,800000,3,26,1,0,76469,1
6007,B,1100000,1100000,2,31,0,139141,15989,1
6008,B,800000,800000,2,27,1,1447,46530,1
6009,B,1200000,1200000,2,47,1,0,17910,1
6010,B,700000,700000,2,26,0,0,44055,1
6011,B,800000,800000,3,31,1,0,14940,1
6012,B,600000,600000,2,26,0,,73416,1
6013,B,600000,600000,2,29,1,63000,8088,1
6014,B,1000000,1000000,2,24,0,42126,71280,1
6015,B,800000,800000,2,31,1,7106,37818,1
6016,R,500000,500000,2,30,1,8497,6463,1
6017,B,500000,500000,2,26,0,0,38111,1
6018,B,700000,700000,7,26,1,21836,41361,1
6019,B,300000,300000,7,29,1,2785,9702,1
6020,B,1300000,1300000,2,26,1,0,9030,1
6021,B,700000,700000,2,33,0,45990,11376,1
6022,B,1300000,900000,2,31,1,34953,58577,1
6023,B,1100000,1100000,2,27,0,104393,29700,1
6024,B,1200000,1200000,3,34,1,78176,64950,1
6025,B,1300000,900000,2,26,1,24341,37503,1
6026,B,1200000,1100000,2,27,1,78743,17518,1
6027,B,1100000,1100000,2,26,0,67598,30825,1
6028,B,700000,700000,2,24,1,42370,9172,1
6029,B,1300000,1300000,2,24,1,86175,32058,1
6030,B,800000,300000,2,59,1,2299,18354,1
6031,B,1100000,1100000,2,26,1,2684,13720,1
6032,B,1300000,1300000,4,44,1,29060,99790,1
6033,B,1300000,1300000,3,25,1,403618,18862,1
6034,B,500000,500000,2,55,1,,22410,1
6035,B,1200000,1200000,2,24,1,280463,6869,1
6036,B,800000,800000,2,27,1,270973,19890,1
6037,B,1300000,1300000,4,37,1,130287,30690,1
6038,B,1300000,1300000,2,35,1,128700,17820,1
6039,B,800000,800000,2,27,1,92853,9990,1
6040,B,200000,200000,12,40,1,19380,45630,1
6041,B,800000,800000,2,33,0,56311,149580,1
6042,B,800000,300000,7,57,1,0,36522,1
6043,B,800000,800000,2,25,1,5554,535,1
6044,B,400000,400000,2,24,1,0,28401,1
6045,B,500000,500000,2,27,0,42006,72954,1
6046,B,800000,800000,2,32,1,15160,68173,1
6047,B,1300000,1300000,2,32,0,194358,9159,1
6048,B,200000,200000,2,24,1,1359,3933,1
6049,B,800000,700000,2,26,1,705,33215,1
6050,B,500000,500000,2,38,1,1411,9405,1
6051,B,800000,800000,2,27,0,15450,39195,1
6052,B,700000,700000,2,29,0,0,36351,1
6053,B,800000,300000,6,21,1,0,25335,1
6054,B,1000000,1000000,2,26,1,9494,92158,1
6055,B,800000,800000,10,45,0,33000,169380,1
6056,B,1000000,300000,2,26,1,76393,26488,1
6057,B,800000,800000,3,25,1,46188,51867,1
6058,B,1000000,1000000,2,27,0,199796,53757,1
6059,B,1000000,1000000,2,24,1,27731,19179,1
6060,B,800000,800000,2,30,1,0,25642,1
6061,B,600000,600000,3,28,1,0,16470,1
6062,B,700000,700000,3,27,1,0,14128,1
6063,B,200000,200000,6,21,1,27506,14967,1
6064,B,1200000,1200000,2,28,1,0,216,1
6065,B,800000,300000,7,55,1,0,1179,1
6066,B,500000,500000,2,25,1,60902,27068,1
6067,B,400000,300000,6,22,1,,3564,1
6068,B,700000,700000,2,25,1,29093,12366,1
6069,B,1000000,1000000,2,40,1,0,54135,1
6070,B,400000,400000,2,24,1,35675,21056,1
6071,B,1100000,1100000,2,25,1,0,29295,1
6072,B,1100000,1100000,2,28,0,567033,41170,1
6073,B,500000,500000,7,30,1,43879,2330,1
6074,B,600000,600000,2,29,1,17818,37710,1
6075,B,500000,500000,2,25,1,15193,21834,1
6076,R,1100000,1100000,2,28,0,51097,7128,1
6077,B,500000,500000,2,26,1,4206,38826,1
6078,B,800000,800000,2,32,1,37003,6435,1
6079,B,400000,400000,2,24,1,45583,10440,1
6080,B,800000,800000,3,53,0,116630,10877,1
6081,B,600000,600000,2,26,1,35403,14426,1
6082,B,200000,200000,2,25,1,33408,0,1
6083,B,800000,300000,2,50,1,54120,21890,1
6084,B,600000,600000,2,25,1,5525,13276,1
6085,B,700000,700000,2,30,1,11931,78705,1
6086,B,200000,200000,6,20,1,0,18540,1
6087,B,1000000,300000,7,53,1,0,87655,1
6088,B,600000,600000,2,23,1,0,15732,1
6089,A,900000,900000,2,26,1,64100,15840,1
6090,B,1200000,1200000,3,27,1,67538,39356,1
6091,B,700000,700000,2,25,1,20689,21033,1
6092,A,700000,700000,2,27,1,48750,23364,1
6093,B,1000000,1000000,4,53,1,150486,14724,1
6094,B,800000,800000,2,54,1,69648,1902,1
6095,B,200000,200000,6,20,1,3493,32076,1
6096,A,1300000,1300000,2,31,1,70280,37193,1
6097,B,800000,800000,7,67,0,0,13205,1
6098,B,1000000,300000,6,20,1,151591,31122,1
6099,B,1300000,300000,7,40,1,82754,14850,1
6100,B,500000,300000,2,24,1,,22860,1
6101,B,800000,800000,2,58,1,0,20484,1
6102,B,1200000,1200000,5,50,0,20000,44838,1
6103,B,800000,800000,2,31,1,2432,27573,1
6104,B,700000,700000,2,26,1,9405,13455,1
6105,B,500000,500000,2,24,1,0,13950,1
6106,A,500000,500000,2,23,1,33137,43484,1
6107,B,800000,300000,11,58,1,23715,6660,1
6108,B,1300000,1300000,3,29,1,70000,25930,1
6109,B,800000,800000,3,25,0,9867,43205,1
6110,B,800000,800000,2,50,1,7169,32238,1
6111,B,800000,800000,2,30,1,13463,34146,1
6112,B,1200000,1200000,2,29,1,14487,18990,1
6113,B,1200000,1200000,2,45,0,56912,30353,1
6114,B,200000,200000,2,29,0,14817,1150,1
6115,R,1100000,900000,2,24,1,121271,14355,1
6116,B,1000000,500000,2,24,1,62603,1179,1
6117,B,700000,700000,2,24,1,0,11412,1
6118,B,700000,700000,2,26,1,4132,13762,1
6119,B,1300000,1300000,3,36,1,156741,125551,1
6120,B,800000,800000,1,53,1,524,14940,1
6121,B,500000,300000,7,58,1,45988,26307,1
6122,B,800000,800000,2,24,1,9535,11905,1
6123,B,800000,800000,2,49,0,21646,180000,1
6124,B,1200000,1200000,5,52,1,458421,1252,1
6125,B,400000,400000,2,24,1,24458,17499,1
6126,B,800000,800000,2,56,0,23000,96714,1
6127,B,400000,300000,6,22,1,542,10620,1
6128,B,1200000,1200000,3,24,1,254370,57703,1
6129,B,1300000,1000000,2,46,1,15276,24731,1
6130,B,300000,300000,7,52,1,33598,20630,1
6131,B,700000,700000,2,23,1,0,60138,1
6132,B,1000000,1000000,2,24,0,157261,13635,1
6133,B,700000,700000,2,24,1,7420,37449,1
6134,B,800000,300000,7,50,1,2681,6307,1
6135,B,700000,400000,2,24,0,16068,17820,1
6136,R,700000,700000,2,36,0,23440,21870,1
6137,B,800000,700000,7,54,1,21038,18540,1
6138,B,800000,800000,2,34,1,0,5634,1
6139,B,500000,500000,2,29,1,0,11566,1
6140,B,800000,800000,2,71,1,14714,11196,1
6141,B,800000,800000,4,54,1,2471,29313,1
6142,B,700000,200000,2,27,1,128362,4644,1
6143,B,600000,600000,2,24,1,63748,14346,1
6144,B,1300000,1300000,2,56,1,24331,12960,1
6145,B,1100000,1100000,2,29,1,92611,28710,1
6146,B,1200000,1200000,1,49,1,86559,22014,1
6147,B,1200000,1200000,2,24,1,99179,15084,1
6148,B,800000,800000,4,53,1,14630,38871,1
6149,B,1300000,1300000,4,61,1,44898,14346,1
6150,B,1100000,1100000,2,34,0,111420,39690,1
6151,B,500000,500000,2,31,1,0,46670,1
6152,B,500000,500000,2,24,1,28228,11277,1
6153,B,800000,800000,2,29,1,6000,27918,1
6154,B,1100000,1100000,2,24,1,103427,24246,1
6155,B,800000,800000,3,30,0,132822,34740,1
6156,B,400000,400000,2,25,1,0,33024,1
6157,B,1000000,300000,6,22,1,0,20592,1
6158,B,800000,800000,2,46,1,7879,163035,1
6159,B,600000,600000,2,30,1,,7110,1
6160,B,1000000,300000,6,20,0,11292,21700,1
6161,B,600000,300000,7,30,1,25876,38242,1
6162,A,600000,600000,2,26,1,10418,32571,1
6163,B,600000,600000,2,25,1,12875,48600,1
6164,B,1000000,1000000,3,29,1,418922,122850,1
6165,B,700000,700000,2,33,1,5360,20691,1
6166,B,700000,300000,7,56,1,0,9198,1
6167,R,1100000,800000,2,25,1,40000,23661,1
6168,A,700000,700000,2,23,1,289795,20196,1
6169,B,500000,500000,2,26,0,0,13851,1
6170,B,500000,500000,2,31,1,4379,16236,1
6171,B,1200000,1200000,2,54,1,18660,30780,1
6172,B,800000,800000,2,31,1,0,22473,1
6173,B,800000,800000,2,54,1,6166,6723,1
6174,A,800000,800000,2,31,0,2957,109524,1
6175,B,800000,300000,2,26,1,,10980,1
6176,B,700000,600000,2,26,1,5663,11277,1
6177,B,1000000,1000000,2,25,1,0,11053,1
6178,B,1000000,1000000,2,35,1,535320,15840,1
6179,B,800000,800000,2,26,1,35360,10989,1
6180,B,300000,300000,2,31,1,106913,77607,1
6181,B,800000,300000,4,43,1,69107,4050,1
6182,B,700000,700000,2,24,1,0,12870,1
6183,B,200000,200000,2,32,1,0,63360,1
6184,B,200000,200000,2,24,0,16621,12618,1
6185,A,600000,600000,2,30,1,3771,8910,1
6186,B,600000,600000,2,38,0,,54697,1
6187,A,500000,500000,2,27,1,,31622,1
6188,A,700000,400000,2,27,1,0,16830,1
6189,B,800000,800000,2,43,0,0,11673,1
6190,B,700000,700000,3,21,1,41580,51390,1
6191,B,700000,700000,2,25,0,0,13154,1
6192,B,300000,300000,11,23,1,0,14515,1
6193,B,800000,300000,7,30,1,14438,5931,1
6194,A,400000,400000,2,27,0,0,5667,1
6195,B,400000,400000,2,25,1,0,28305,1
6196,B,1200000,900000,3,23,1,37315,24651,1
6197,B,1100000,1100000,2,26,1,206370,18860,1
6198,B,700000,700000,2,25,1,,26820,1
6199,B,700000,700000,2,27,1,0,63672,1
6200,B,1300000,1300000,1,60,0,,61470,1
6201,B,700000,700000,4,54,1,45680,11781,1
6202,B,500000,300000,5,53,1,0,15510,1
6203,B,800000,800000,2,36,0,0,49437,1
6204,B,800000,800000,2,61,0,12540,54252,1
6205,B,1200000,300000,4,59,1,75390,52290,1
6206,B,800000,300000,7,48,1,38066,13392,1
6207,B,700000,700000,2,37,0,61276,26928,1
6208,B,400000,300000,6,21,1,,24840,1
6209,B,700000,700000,10,24,1,208252,38214,1
6210,B,500000,500000,2,31,1,133228,37611,1
6211,B,1100000,1100000,2,25,0,15372,56325,1
6212,B,500000,500000,2,23,1,0,8278,1
6213,B,1200000,1200000,2,26,1,48016,12825,1
6214,B,500000,300000,2,23,1,119824,31413,1
6215,B,500000,500000,2,27,1,6575,36720,1
6216,B,400000,400000,2,26,0,18957,83943,1
6217,B,700000,700000,2,27,1,17183,11365,1
6218,B,700000,700000,2,26,1,,42710,1
6219,B,700000,200000,6,20,1,31793,18837,1
6220,B,800000,800000,2,27,1,41138,4230,1
6221,B,600000,600000,2,25,1,4181,14940,1
6222,B,800000,500000,2,39,1,8170,19692,1
6223,B,1100000,1100000,2,25,1,71665,1871,1
6224,B,800000,800000,2,32,1,48706,35925,1
6225,B,1200000,1200000,2,37,1,79154,46176,1
6226,B,800000,800000,2,52,0,2299,16920,1
6227,B,600000,600000,2,40,0,0,23258,1
6228,B,700000,700000,2,26,1,116622,172224,1
6229,B,1300000,1300000,3,28,1,63602,37950,1
6230,B,800000,800000,3,28,1,0,5733,1
6231,A,300000,300000,2,26,1,,9405,1
6232,B,700000,200000,6,20,1,0,12564,1
6233,B,700000,200000,6,20,1,29659,12564,1
6234,B,1300000,1300000,2,34,1,20270,14600,1
6235,B,600000,600000,2,25,1,2261,5643,1
6236,A,1300000,1300000,2,57,1,362801,19492,1
6237,B,700000,700000,2,30,1,23400,25623,1
6238,B,200000,200000,6,21,1,37656,8748,1
6239,B,600000,600000,2,29,1,6470,25434,1
6240,B,600000,600000,2,45,1,9036,6050,1
6241,B,800000,800000,4,59,1,7330,26820,1
6242,B,500000,300000,6,23,1,7050,78483,1
6243,B,600000,600000,2,27,0,2109,43650,1
6244,B,400000,400000,2,28,1,182582,7443,1
6245,B,1000000,1000000,2,31,1,88613,5206,1
6246,B,700000,200000,6,22,1,41165,8631,1
6247,B,200000,200000,6,21,1,0,10395,1
6248,B,600000,600000,2,26,0,34485,11970,1
6249,R,800000,500000,4,61,1,13570,20976,1
6250,A,1000000,1000000,2,51,0,58096,0,1
6251,B,800000,800000,1,60,1,136640,55629,1
6252,B,800000,800000,2,46,1,45892,10287,1
6253,B,600000,300000,7,63,1,18498,27760,1
6254,B,600000,600000,2,32,1,0,20403,1
6255,B,800000,300000,7,56,1,137205,110970,1
6256,B,600000,600000,2,28,0,7315,52568,1
6257,B,900000,900000,2,23,1,27900,8010,1
6258,B,200000,200000,2,24,1,10627,8010,1
6259,B,700000,700000,2,26,1,1758,10485,1
6260,B,900000,300000,6,22,1,99672,5040,1
6261,A,1000000,1000000,2,24,1,69400,16632,1
6262,B,600000,600000,5,30,1,3489,26231,1
6263,B,600000,600000,2,30,1,15726,1194,1
6264,B,800000,300000,4,52,1,0,15030,1
6265,B,500000,300000,6,22,1,37960,16920,1
6266,B,200000,200000,6,21,1,78620,5041,1
6267,B,800000,800000,4,53,1,,31878,1
6268,B,500000,500000,2,27,1,,43263,1
6269,B,900000,900000,2,53,1,159737,112554,1
6270,B,800000,800000,3,26,0,16014,30690,1
6271,B,600000,600000,2,54,1,9037,7812,1
6272,B,700000,700000,2,28,1,15920,25830,1
6273,B,400000,400000,2,29,1,56150,11385,1
6274,A,700000,300000,7,56,1,45137,10593,1
6275,B,1000000,300000,6,23,1,150263,19347,1
6276,B,1000000,300000,6,23,1,,19347,1
6277,B,500000,300000,6,20,1,5104,10683,1
6278,B,800000,300000,7,47,1,8724,3828,1
6279,B,600000,600000,2,27,1,,36232,1
6280,A,800000,800000,2,26,0,,49500,1
6281,B,1100000,300000,6,23,1,27646,6347,1
6282,B,800000,800000,2,60,1,181418,60084,1
6283,B,1300000,1300000,2,51,0,149322,4929,1
6284,B,1300000,300000,7,53,1,6855,31494,1
6285,B,1300000,1300000,2,41,0,127992,79707,1
6286,B,800000,800000,3,31,1,24625,63580,1
6287,B,800000,300000,7,59,1,44010,60480,1
6288,B,1300000,1300000,2,44,1,48603,25539,1
6289,B,700000,700000,4,76,1,,70991,1
6290,B,300000,300000,6,21,1,10052,14886,1
6291,B,1200000,1200000,12,60,1,31796,7015,1
6292,B,700000,700000,2,28,1,2717,33881,1
6293,B,200000,200000,7,24,1,34003,2862,1
6294,B,1300000,300000,4,46,1,,15732,1
6295,B,1300000,1300000,1,75,1,48070,127305,1
6296,B,1300000,1100000,3,25,1,150342,6166,1
6297,B,500000,500000,2,53,1,9405,14841,1
6298,B,800000,800000,1,65,1,20012,10980,1
6299,B,800000,800000,3,62,1,,24354,1
6300,B,200000,200000,6,22,1,0,39605,1
6301,B,800000,800000,4,53,1,7003,3390,1
6302,A,600000,600000,2,54,1,16929,31987,1
6303,B,1200000,300000,4,61,1,70267,12806,1
6304,B,700000,200000,6,23,1,7870,22608,1
6305,B,1200000,1200000,10,36,1,39800,70868,1
6306,B,1300000,600000,7,63,1,2717,17267,1
6307,B,700000,700000,2,32,1,0,32076,1
6308,B,800000,800000,4,59,1,0,2394,1
6309,B,1300000,1300000,4,58,1,545633,19926,1
6310,B,500000,200000,5,60,1,6069,16920,1
6311,B,400000,300000,7,28,1,0,8722,1
6312,B,800000,300000,4,59,1,15675,32562,1
6313,B,200000,200000,2,23,1,201628,30771,1
6314,B,400000,400000,5,56,1,618690,29355,1
6315,B,1200000,1200000,2,29,1,86953,39656,1
6316,B,800000,800000,4,58,1,15153,2664,1
6317,B,500000,300000,6,24,1,19318,9000,1
6318,B,1300000,1300000,2,39,1,0,14940,1
6319,B,1300000,1300000,2,39,1,0,14940,1
6320,B,600000,600000,5,48,0,0,43380,1
6321,B,1100000,300000,7,57,1,43467,8118,1
6322,B,1200000,300000,7,63,1,131340,5265,1
6323,B,1100000,1100000,2,50,1,97474,49590,1
6324,B,1000000,1000000,2,24,1,100500,31049,1
6325,B,1300000,1300000,4,54,1,33230,49788,1
6326,B,800000,800000,2,27,1,21250,18612,1
6327,B,800000,800000,3,36,1,0,7326,1
6328,B,500000,500000,4,47,1,0,83641,1
6329,B,800000,800000,2,26,1,230100,35192,1
6330,R,700000,700000,2,28,1,190345,10403,1
6331,B,700000,400000,2,24,1,7128,4446,1
6332,B,600000,300000,6,27,1,43884,10890,1
6333,B,1100000,1100000,2,25,1,86090,24523,1
6334,B,1300000,1300000,2,39,1,51958,71982,1
6335,B,500000,500000,2,27,1,0,14940,1
6336,B,1300000,1300000,5,44,0,284175,34146,1
6337,B,700000,700000,2,28,1,44738,14245,1
6338,A,700000,200000,7,50,1,185026,15840,1
6339,B,1300000,1200000,2,66,1,40309,16227,1
6340,B,1200000,1200000,2,28,1,30255,36190,1
6341,B,300000,300000,2,27,1,70809,14940,1
6342,B,1200000,1100000,3,23,1,74099,8584,1
6343,B,1200000,1200000,5,32,0,152000,94140,1
6344,B,1000000,1000000,2,39,1,0,24174,1
6345,B,200000,200000,3,48,1,0,128130,1
6346,B,600000,600000,2,26,0,47653,45300,1
6347,B,1100000,1100000,2,28,1,101885,53762,1
6348,B,800000,300000,2,34,1,69846,21041,1
6349,A,200000,200000,6,21,1,83991,9000,1
6350,B,600000,600000,2,32,1,0,37350,1
6351,B,200000,200000,12,25,1,20491,5683,1
6352,B,1300000,1300000,2,25,1,131747,171908,1
6353,B,200000,200000,12,54,0,174380,0,1
6354,B,800000,300000,2,31,1,6166,24840,1
6355,B,400000,400000,2,30,1,21726,7020,1
6356,B,1000000,1000000,2,60,0,6251,16920,1
6357,B,700000,700000,2,27,0,20379,53156,1
6358,B,1000000,1000000,1,42,1,49478,51843,1
6359,B,800000,800000,2,72,1,0,47424,1
6360,B,700000,700000,3,33,0,27408,75420,1
6361,B,200000,200000,2,28,0,0,15930,1
6362,A,1300000,300000,4,62,1,54481,3925,1
6363,B,400000,400000,2,23,1,31427,33642,1
6364,B,400000,400000,2,25,1,12136,30204,1
6365,A,1200000,300000,7,44,1,24618,29349,1
6366,A,1000000,1000000,2,23,1,200070,29184,1
6367,B,800000,800000,2,48,1,13568,1923,1
6368,B,600000,600000,2,26,1,5643,1802,1
6369,B,800000,800000,3,45,0,5643,3159,1
6370,B,300000,300000,7,30,1,35060,7050,1
6371,B,800000,800000,2,24,1,17120,14256,1
6372,B,1300000,1300000,2,55,1,69156,7991,1
6373,B,1000000,300000,4,51,1,4071,2581,1
6374,A,1200000,1200000,4,58,1,39724,20695,1
6375,B,800000,800000,2,47,1,0,33057,1
6376,B,700000,300000,7,49,1,6332,3960,1
6377,B,1100000,1100000,7,29,1,144260,47196,1
6378,B,800000,800000,7,57,1,16198,66420,1
6379,B,1100000,300000,4,61,1,92514,42165,1
6380,B,800000,800000,3,58,1,14221,6854,1
6381,B,1200000,300000,4,49,1,8538,3042,1
6382,B,700000,700000,2,24,1,22187,16217,1
6383,A,1200000,1200000,4,41,1,75825,17820,1
6384,B,500000,500000,2,24,1,,7128,1
6385,B,500000,300000,6,22,1,18360,11700,1
6386,B,600000,600000,3,27,0,,70669,1
6387,B,700000,700000,2,31,1,4531,25078,1
6388,R,1200000,1200000,2,33,1,47069,28266,1
6389,B,300000,300000,7,44,1,,13950,1
6390,A,700000,300000,11,48,1,13167,2691,1
6391,B,600000,600000,2,28,1,22515,25232,1
6392,B,1100000,1100000,3,24,1,12935,40048,1
6393,B,700000,500000,4,61,1,0,62550,1
6394,B,400000,300000,6,24,1,3449,7436,1
6395,B,700000,300000,2,44,1,3902,21431,1
6396,B,1000000,1000000,5,31,0,,57420,1
6397,B,1100000,1100000,2,31,1,47517,6361,1
6398,R,700000,200000,7,21,1,70299,1723,1
6399,B,800000,300000,7,48,1,0,16278,1
6400,B,800000,300000,7,55,1,46280,27810,1
6401,B,1200000,1200000,2,25,1,27685,5562,1
6402,B,1300000,1300000,2,53,1,41079,39600,1
6403,B,200000,200000,6,19,1,71669,17280,1
6404,B,1300000,300000,7,53,1,40338,10197,1
6405,A,700000,400000,2,32,1,14630,3564,1
6406,B,700000,200000,6,21,1,17367,12020,1
6407,B,200000,200000,6,20,1,0,19851,1
6408,B,800000,800000,2,22,1,100248,21334,1
6409,B,1200000,300000,7,26,1,0,24635,1
6410,B,800000,800000,2,24,1,76658,57004,1
6411,B,800000,800000,2,24,1,,57004,1
6412,B,200000,200000,6,22,1,13178,5288,1
6413,B,700000,200000,6,20,1,122566,0,1
6414,B,700000,700000,2,25,1,91890,25652,1
6415,B,600000,300000,7,30,1,19358,65568,1
6416,B,600000,600000,2,23,0,33831,5590,1
6417,B,1200000,1200000,2,28,0,127047,37791,1
6418,B,700000,700000,2,24,1,9823,24375,1
6419,B,600000,600000,2,24,1,58475,13950,1
6420,B,600000,600000,2,31,1,34511,2205,1
6421,B,1300000,1300000,2,32,0,3971,61740,1
6422,B,700000,500000,2,27,0,,144,1
6423,B,700000,700000,2,32,1,108210,14041,1
6424,B,400000,400000,2,27,1,27289,15208,1
6425,B,300000,300000,2,27,0,82007,13860,1
6426,B,1000000,300000,6,21,0,73935,10650,1
6427,R,200000,200000,6,24,0,52630,20790,1
6428,B,1300000,1000000,7,57,1,78157,13087,1
6429,A,600000,600000,2,24,1,17274,20394,1
6430,B,800000,300000,6,21,1,392173,8474,1
6431,B,400000,400000,2,22,1,23239,6287,1
6432,B,800000,300000,2,54,1,59234,18905,1
6433,B,600000,300000,6,25,1,3293,4275,1
6434,B,400000,400000,2,26,1,23145,33536,1
6435,B,700000,700000,2,27,1,3553,27304,1
6436,B,700000,300000,6,24,1,25793,19826,1
6437,B,800000,800000,1,49,1,0,13108,1
6438,A,200000,200000,6,21,1,3925,13293,1
6439,B,400000,300000,13,56,1,,34758,1
6440,B,1000000,1000000,2,35,1,31489,35764,1
6441,B,400000,400000,5,26,1,50728,9344,1
6442,B,1000000,1000000,2,28,1,24510,2407,1
6443,A,700000,200000,6,21,1,232602,21801,1
6444,B,500000,500000,12,34,1,44671,22481,1
6445,B,700000,700000,2,26,1,0,27155,1
6446,B,800000,800000,2,26,1,0,21629,1
6447,B,1000000,300000,6,23,1,59995,17713,1
6448,B,400000,300000,6,22,1,88773,77616,1
6449,B,200000,200000,2,21,1,15675,25448,1
6450,B,400000,400000,2,24,0,36142,22662,1
6451,B,800000,300000,2,25,1,57559,49889,1
6452,B,500000,300000,6,23,1,0,25025,1
6453,B,200000,200000,7,20,1,226373,0,1
6454,B,800000,800000,2,30,1,0,12374,1
6455,B,200000,200000,6,26,0,,76154,1
6456,B,200000,200000,3,24,1,54946,21651,1
6457,B,400000,400000,2,26,1,7574,6365,1
6458,B,1200000,1200000,2,26,0,200783,10118,1
6459,B,200000,200000,6,21,1,0,14994,1
6460,B,1000000,300000,2,26,1,47976,14886,1
6461,B,700000,300000,6,23,1,26677,33270,1
6462,B,1300000,1300000,2,37,1,273858,31927,1
6463,B,600000,600000,2,24,1,63909,13089,1
6464,B,500000,300000,2,21,1,55921,15944,1
6465,B,800000,800000,2,28,1,,2499,1
6466,B,800000,800000,2,33,1,0,73161,1
6467,B,600000,600000,2,25,1,,45637,1
6468,B,800000,800000,3,30,1,,6479,1
6469,B,600000,600000,11,79,1,,8767,1
6470,B,900000,900000,2,25,1,18528,35735,1
6471,B,800000,300000,4,58,1,5510,49995,1
6472,B,800000,800000,4,62,1,28806,48157,1
6473,B,1000000,1000000,2,24,1,297133,20016,1
6474,B,700000,700000,4,59,1,0,7567,1
6475,B,600000,600000,12,27,1,,2961,1
6476,B,900000,300000,3,22,1,33505,47263,1
6477,B,800000,700000,2,23,1,5748,47707,1
6478,B,1100000,300000,5,28,1,3428,23858,1
6479,B,700000,700000,2,25,1,40537,37125,1
6480,B,500000,500000,2,25,1,8105,12339,1
6481,B,700000,300000,11,26,1,41538,29421,1
6482,B,500000,500000,2,25,1,52846,26352,1
6483,A,1200000,1200000,5,29,1,19821,26718,1
6484,A,600000,600000,2,25,1,44430,18639,1
6485,R,1100000,300000,6,29,1,114747,0,1
6486,B,700000,700000,2,27,1,6778,12322,1
6487,B,300000,300000,2,26,1,1568,31540,1
6488,B,200000,200000,6,22,0,71922,38974,1
6489,B,500000,500000,2,30,0,32395,32472,1
6490,B,1000000,1000000,2,28,1,181097,5320,1
6491,R,900000,900000,2,27,1,41073,6602,1
6492,B,200000,200000,2,25,1,21821,48213,1
6493,B,1100000,1100000,5,27,1,10346,36896,1
6494,B,1100000,1100000,10,27,1,77633,32213,1
6495,B,200000,200000,2,28,1,0,58652,1
6496,B,400000,400000,2,23,1,32011,32514,1
6497,B,800000,800000,2,35,1,141120,195661,1
6498,A,700000,700000,2,28,1,0,13860,1
6499,B,1000000,1000000,2,24,1,95606,35654,1
6500,B,500000,300000,7,32,1,25634,9000,1
6501,B,600000,600000,2,23,1,3094,22187,1
6502,B,800000,800000,2,51,1,42045,12384,1
6503,B,600000,600000,2,30,1,0,22563,1
6504,B,400000,400000,2,27,1,66333,20333,1
6505,B,200000,200000,2,23,1,105903,33440,1
6506,B,1000000,1000000,2,35,1,0,19811,1
6507,B,800000,800000,2,30,1,29828,19365,1
6508,B,600000,300000,6,21,1,,22655,1
6509,B,500000,200000,6,21,1,24838,11742,1
6510,A,600000,300000,6,26,1,21000,49818,1
6511,B,700000,200000,6,20,1,17850,190000,1
6512,B,600000,600000,2,26,1,0,25641,1
6513,B,600000,600000,2,26,1,0,25641,1
6514,B,500000,500000,2,26,0,105104,110770,1
6515,B,200000,200000,7,27,1,7600,11079,1
6516,B,1000000,1000000,2,43,1,45923,9190,1
6517,B,1200000,1200000,2,34,1,917278,183597,1
6518,B,1000000,300000,6,24,1,103245,16425,1
6519,B,400000,300000,6,20,0,6109,5320,1
6520,B,1000000,1000000,2,26,0,0,48479,1
6521,B,700000,700000,2,48,1,0,28931,1
6522,B,500000,300000,6,23,0,4229,9156,1
6523,A,500000,300000,6,21,1,409296,32719,1
6524,A,1300000,1300000,2,54,1,25555,8151,1
6525,A,700000,200000,6,20,1,128713,13464,1
6526,A,700000,200000,6,22,1,53636,31967,1
6527,B,700000,200000,2,24,1,255276,38688,1
6528,B,600000,300000,2,26,1,69486,13519,1
6529,B,700000,700000,2,30,1,40400,22266,1
6530,A,1300000,1100000,2,24,1,127907,6039,1
6531,B,1200000,1200000,2,36,1,154332,2804,1
6532,B,600000,600000,2,25,1,0,16173,1
6533,B,200000,200000,6,21,1,9373,6336,1
6534,B,800000,800000,3,31,1,19333,68465,1
6535,B,500000,500000,2,24,1,23228,14089,1
6536,B,700000,700000,1,50,1,0,190950,1
6537,B,500000,500000,2,33,0,498337,34770,1
6538,B,200000,200000,6,20,1,30864,10594,1
6539,B,600000,600000,2,53,1,14760,23797,1
6540,B,200000,200000,6,21,1,43047,25463,1
6541,B,800000,800000,3,26,1,6166,5326,1
6542,B,1200000,300000,7,51,1,421606,21530,1
6543,B,1200000,300000,7,51,1,0,21530,1
6544,B,900000,300000,6,21,1,59970,8045,1
6545,B,200000,200000,6,21,1,36339,78990,1
6546,B,200000,200000,6,21,1,104717,396,1
6547,B,600000,600000,2,26,1,13282,6471,1
6548,B,500000,500000,2,24,1,21520,59726,1
6549,B,500000,500000,2,30,1,5647,19077,1
6550,B,400000,300000,7,25,1,27800,56160,1
6551,B,200000,200000,2,22,1,3097,18231,1
6552,B,800000,800000,2,27,1,68471,10877,1
6553,B,200000,200000,5,24,1,0,4270,1
6554,B,1300000,1300000,4,62,1,,157275,1
6555,B,800000,800000,4,56,1,6641,25960,1
6556,B,800000,800000,2,51,1,28205,13424,1
6557,B,500000,500000,2,29,1,1796,58283,1
6558,B,700000,300000,11,60,0,0,14049,1
6559,B,200000,200000,2,24,1,137860,2964,1
6560,B,900000,800000,2,38,1,398670,17442,1
6561,B,800000,500000,2,27,1,12265,18247,1
6562,B,400000,400000,2,25,1,0,33004,1
6563,B,500000,500000,7,25,1,10210,24103,1
6564,B,500000,500000,2,36,1,6092,11286,1
6565,B,800000,800000,5,45,1,6868,10116,1
6566,A,1300000,800000,2,28,1,77049,7614,1
6567,B,700000,200000,6,21,1,156786,30759,1
6568,B,700000,700000,3,24,1,7629,19500,1
6569,B,1000000,1000000,2,27,1,100796,16815,1
6570,B,200000,200000,6,22,1,194486,33159,1
6571,B,200000,200000,2,21,1,1672,16323,1
6572,B,1000000,300000,1,31,1,35227,44469,1
6573,B,500000,400000,2,25,1,50517,13405,1
6574,B,1200000,500000,7,25,1,132613,12252,1
6575,B,500000,300000,6,22,1,62729,33795,1
6576,B,600000,300000,6,24,1,81468,8910,1
6577,B,200000,200000,12,22,1,829,31680,1
6578,B,400000,400000,2,28,1,14916,20693,1
6579,A,900000,300000,6,23,1,506501,41850,1
6580,B,500000,500000,2,30,1,239870,97790,1
6581,B,200000,200000,6,20,1,23304,38165,1
6582,B,1000000,1000000,2,29,1,327014,30834,1
6583,B,700000,400000,2,32,1,47948,20561,1
6584,B,600000,600000,2,29,1,11900,9291,1
6585,B,700000,700000,2,30,1,,26331,1
6586,B,1100000,1100000,3,25,1,67137,42324,1
6587,B,600000,600000,2,28,1,37462,11077,1
6588,B,1000000,1000000,2,29,1,183935,81736,1
6589,B,1300000,1300000,2,28,1,109642,38476,1
6590,B,1000000,1000000,2,37,1,3658,63282,1
6591,B,1000000,1000000,1,28,1,85138,30648,1
6592,B,300000,300000,6,23,1,14559,13816,1
6593,B,800000,500000,4,68,1,0,3897,1
6594,B,700000,700000,2,31,1,16706,3555,1
6595,B,700000,700000,2,25,1,9385,26854,1
6596,B,700000,700000,1,27,0,17765,15435,1
6597,B,200000,200000,6,23,1,54267,10841,1
6598,B,700000,200000,6,20,1,91297,38464,1
6599,B,1300000,1300000,2,26,1,0,11481,1
6600,B,1200000,900000,12,57,1,209178,4599,1
6601,B,700000,200000,6,20,1,96829,48573,1
6602,B,1100000,700000,2,24,1,69200,12152,1
6603,B,900000,500000,2,27,1,142242,8772,1
6604,B,1100000,1100000,2,25,1,4494,23067,1
6605,B,400000,400000,4,31,1,16000,150805,1
6606,B,800000,800000,2,31,1,18288,20052,1
6607,B,700000,200000,6,21,1,206037,17887,1
6608,B,500000,500000,2,27,1,18506,18810,1
6609,B,1100000,300000,6,23,1,1758,87588,1
6610,B,800000,800000,4,40,1,58893,138138,1
6611,B,500000,300000,6,23,0,16500,18624,1
6612,B,700000,700000,4,36,1,98195,11823,1
6613,A,300000,300000,6,20,1,24903,19602,1
6614,B,1000000,1000000,5,44,0,98581,28310,1
6615,B,1300000,1300000,2,34,1,0,36836,1
6616,B,800000,800000,2,30,1,3000,19811,1
6617,B,1100000,1100000,2,25,1,240623,46323,1
6618,B,500000,500000,2,29,1,12433,0,1
6619,B,700000,700000,3,29,1,8000,16454,1
6620,B,700000,700000,2,32,1,0,41373,1
6621,B,1300000,1200000,2,27,1,235557,20835,1
6622,B,400000,300000,6,22,1,60627,17866,1
6623,B,200000,200000,6,23,0,95861,148635,1
6624,B,200000,200000,6,21,1,0,84195,1
6625,B,1000000,1000000,2,35,1,223493,8010,1
6626,B,400000,300000,6,20,0,15362,19899,1
6627,B,800000,800000,2,42,1,57489,48929,1
6628,B,600000,600000,10,27,1,7581,34308,1
6629,B,1300000,1300000,2,43,1,114751,16302,1
6630,B,700000,700000,2,33,1,25030,26393,1
6631,B,700000,200000,6,20,1,246041,25850,1
6632,B,800000,800000,2,31,1,55757,13392,1
6633,B,200000,200000,1,40,1,0,31077,1
6634,B,800000,600000,2,37,1,0,5031,1
6635,B,700000,700000,2,27,1,28193,4860,1
6636,B,200000,200000,6,23,0,44415,22860,1
6637,B,200000,200000,12,20,1,30531,26949,1
6638,B,600000,300000,5,39,1,0,17700,1
6639,B,1000000,800000,2,24,1,36897,24197,1
6640,B,200000,200000,12,27,1,,30875,1
6641,B,800000,800000,3,45,1,,16614,1
6642,B,200000,200000,2,22,1,26503,85638,1
6643,B,200000,200000,2,29,1,45139,23706,1
6644,B,300000,300000,6,23,1,27620,24635,1
6645,B,700000,700000,7,34,1,17556,40095,1
6646,B,300000,300000,2,45,1,10701,33300,1
6647,B,500000,500000,4,38,1,5531,42258,1
6648,B,500000,500000,2,26,1,0,29383,1
6649,B,200000,200000,7,27,1,42227,10566,1
6650,B,1000000,1000000,2,33,1,169337,96624,1
6651,B,500000,500000,2,26,1,0,18371,1
6652,B,1200000,1200000,2,25,1,72242,28694,1
6653,B,200000,200000,2,25,1,25561,18950,1
6654,B,600000,600000,2,25,1,26925,20001,1
6655,B,700000,300000,4,56,1,12125,54521,1
6656,B,1200000,600000,2,24,1,149119,51295,1
6657,B,800000,800000,2,27,1,44250,7020,1
6658,B,1000000,800000,2,25,1,56661,30543,1
6659,B,800000,300000,7,59,1,2527,10692,1
6660,B,800000,800000,2,30,1,34531,38850,1
6661,B,600000,300000,2,26,1,0,14445,1
6662,A,600000,400000,2,23,1,30261,8564,1
6663,B,300000,300000,6,23,1,,15471,1
6664,B,300000,300000,6,21,0,33764,8010,1
6665,B,200000,200000,6,21,1,0,13505,1
6666,B,200000,200000,6,21,1,4500,13505,1
6667,B,800000,500000,7,53,1,22357,29592,1
6668,B,700000,700000,2,29,1,7315,26948,1
6669,B,600000,600000,2,24,1,0,25335,1
6670,B,700000,700000,2,29,0,2000,6050,1
6671,B,200000,200000,2,23,1,2000,40680,1
6672,B,700000,700000,4,45,1,50445,97804,1
6673,B,400000,300000,6,22,1,29187,8811,1
6674,B,400000,400000,2,24,1,270911,18306,1
6675,B,500000,500000,2,25,1,35970,35659,1
6676,B,500000,500000,2,28,1,,140607,1
6677,B,600000,600000,2,32,1,27171,29338,1
6678,B,600000,600000,2,25,1,16219,31275,1
6679,B,400000,400000,2,23,1,38275,45135,1
6680,B,1100000,1100000,1,50,0,138809,81207,1
6681,B,800000,800000,2,25,1,38718,30124,1
6682,B,1000000,300000,6,26,1,3145,5337,1
6683,B,200000,200000,6,21,1,65848,24131,1
6684,B,400000,300000,5,24,1,0,27312,1
6685,B,1200000,1200000,5,25,1,13015,11534,1
6686,B,500000,300000,6,23,1,40102,19098,1
6687,B,700000,700000,2,28,1,821,20155,1
6688,B,500000,300000,2,24,1,17938,5031,1
6689,B,600000,600000,2,25,1,9920,8010,1
6690,B,500000,300000,4,48,1,19437,27414,1
6691,B,700000,700000,12,36,1,0,22509,1
6692,B,500000,300000,11,22,0,16407,36216,1
6693,B,800000,800000,2,32,1,0,33966,1
6694,B,400000,300000,7,25,1,17305,4199,1
6695,B,800000,800000,2,36,1,17270,35235,1
6696,B,700000,200000,2,25,1,69243,19103,1
6697,B,700000,600000,2,25,0,116704,12735,1
6698,B,1200000,1200000,2,32,1,133720,56450,1
6699,B,1200000,1200000,11,28,1,67501,2871,1
6700,B,500000,300000,6,22,1,19680,15201,1
6701,B,200000,200000,2,22,1,18008,23256,1
6702,B,900000,900000,2,25,1,83925,7812,1
6703,B,700000,700000,7,24,1,692,54639,1
6704,B,500000,300000,2,23,1,54836,1779,1
6705,B,300000,300000,6,22,1,0,18860,1
6706,B,600000,300000,6,24,1,0,10619,1
6707,B,1200000,1200000,2,29,1,254159,1188,1
6708,B,800000,500000,2,23,1,69394,24552,1
6709,B,800000,800000,2,30,1,111567,24006,1
6710,B,200000,200000,2,25,0,0,198693,1
6711,B,1100000,600000,2,24,1,134520,7643,1
6712,R,800000,800000,2,30,1,0,30661,1
6713,B,200000,200000,6,21,1,0,11430,1
6714,B,1100000,1100000,5,56,1,0,8307,1
6715,B,700000,300000,2,27,1,42733,14666,1
6716,B,400000,400000,2,27,1,2845,8010,1
6717,B,600000,600000,2,28,1,0,19395,1
6718,B,500000,300000,2,26,1,37148,38083,1
6719,B,200000,200000,2,24,1,,4842,1
6720,B,800000,800000,2,24,1,381222,21645,1
6721,B,1300000,1300000,2,24,1,92200,9000,1
6722,B,500000,500000,2,44,1,3791,30094,1
6723,B,700000,700000,2,29,1,41800,15687,1
6724,B,200000,200000,2,24,1,15245,17829,1
6725,B,1000000,300000,7,22,1,124852,32216,1
6726,B,1100000,1000000,2,28,1,68620,5040,1
6727,B,700000,700000,2,25,1,1741,38341,1
6728,B,500000,500000,2,39,1,64468,25227,1
6729,B,300000,300000,2,46,1,116220,29919,1
6730,B,1300000,1300000,2,28,1,537937,32868,1
6731,B,200000,200000,6,20,1,,3141,1
6732,B,600000,300000,6,24,0,17642,9715,1
6733,B,1200000,1100000,7,58,1,29299,14674,1
6734,B,700000,300000,7,28,1,0,16326,1
6735,R,1300000,1300000,3,24,1,85538,21070,1
6736,B,900000,900000,2,26,1,13792,42278,1
6737,B,700000,700000,2,26,1,,16481,1
6738,B,1200000,300000,6,22,1,7826,45819,1
6739,B,800000,300000,11,27,1,150332,4050,1
6740,B,900000,300000,6,21,1,47070,10264,1
6741,B,200000,200000,6,22,1,0,9720,1
6742,B,800000,800000,2,30,1,19707,23532,1
6743,B,200000,200000,6,20,0,0,9687,1
6744,A,700000,200000,6,23,1,84882,20790,1
6745,B,600000,600000,4,44,1,7229,16533,1
6746,A,500000,500000,2,24,1,41515,31905,1
6747,A,800000,800000,2,26,1,29190,3060,1
6748,B,800000,400000,2,24,1,311854,52640,1
6749,B,600000,600000,2,25,1,10484,25038,1
6750,B,800000,800000,2,31,1,0,15980,1
6751,B,500000,500000,2,24,1,14529,29206,1
6752,B,700000,700000,2,25,1,8835,18405,1
6753,B,1300000,1300000,2,26,1,55720,41126,1
6754,B,800000,700000,2,55,1,,58808,1
6755,B,1000000,1000000,2,30,1,108584,8856,1
6756,B,1300000,1300000,2,36,1,16569,16326,1
6757,B,200000,200000,6,22,1,0,13075,1
6758,B,1100000,1100000,2,29,1,120123,29772,1
6759,A,600000,600000,2,23,1,35373,1380,1
6760,B,500000,500000,2,30,1,32211,13085,1
6761,B,600000,300000,6,22,1,0,11880,1
6762,B,800000,800000,2,25,1,5503,8646,1
6763,B,600000,300000,6,23,1,7524,15030,1
6764,B,500000,300000,6,22,1,4841,8991,1
6765,B,600000,300000,6,23,0,47093,14940,1
6766,B,1000000,1000000,2,35,1,101081,6921,1
6767,B,600000,300000,7,28,1,51826,21963,1
6768,A,200000,200000,6,20,1,0,13023,1
6769,B,500000,500000,2,24,1,2321,25875,1
6770,B,500000,500000,2,29,1,30051,7921,1
6771,B,600000,600000,2,24,1,41062,14673,1
6772,B,700000,200000,6,20,1,78326,5238,1
6773,B,1100000,1100000,13,38,1,56798,70425,1
6774,B,600000,400000,2,27,1,0,10287,1
6775,B,500000,500000,2,60,1,,20682,1
6776,B,800000,800000,2,61,0,566200,178200,1
6777,B,600000,600000,10,24,1,,34328,1
6778,B,1300000,1300000,2,27,1,15332,32147,1
6779,B,900000,300000,6,19,1,87370,29538,1
6780,A,800000,300000,6,23,0,451745,105930,1
6781,B,1100000,1100000,2,24,1,50069,4455,1
6782,B,400000,300000,7,23,1,0,5346,1
6783,B,500000,300000,6,23,1,241538,21866,1
6784,B,900000,300000,6,21,0,312814,891,1
6785,B,700000,700000,2,25,1,0,11277,1
6786,B,700000,200000,6,21,1,113444,64225,1
6787,B,400000,300000,2,23,1,11254,19098,1
6788,A,800000,800000,2,41,1,17321,28170,1
6789,B,900000,900000,4,27,1,295430,21468,1
6790,B,600000,300000,6,23,1,314,26289,1
6791,B,600000,600000,7,26,1,21418,37062,1
6792,A,300000,200000,2,24,1,179230,7560,1
6793,B,700000,700000,2,48,1,7838,60051,1
6794,B,1100000,500000,3,21,1,24214,16507,1
6795,A,1300000,1300000,3,25,1,86793,23787,1
6796,B,600000,300000,6,22,1,18075,9990,1
6797,B,800000,800000,2,24,1,203003,18315,1
6798,B,800000,800000,2,27,1,13930,19395,1
6799,B,800000,800000,7,53,1,42516,22374,1
6800,A,400000,300000,6,20,1,18480,29010,1
6801,B,700000,200000,6,20,1,18716,3591,1
6802,B,200000,200000,5,27,1,15683,13455,1
6803,B,800000,800000,10,27,0,0,16920,1
6804,A,1200000,1200000,3,27,1,102320,88920,1
6805,B,300000,300000,6,23,1,,5392,1
6806,A,200000,200000,6,20,1,11566,14279,1
6807,B,700000,700000,2,37,1,0,10936,1
6808,B,1200000,1200000,2,25,1,198889,26468,1
6809,B,700000,200000,6,21,1,56055,29610,1
6810,B,200000,200000,6,23,1,36604,5634,1
6811,A,600000,600000,2,24,1,0,18216,1
6812,B,500000,300000,6,21,1,24976,30933,1
6813,B,500000,500000,2,35,1,0,65747,1
6814,B,700000,700000,2,26,1,19856,24680,1
6815,B,500000,500000,2,34,1,2404,9405,1
6816,B,400000,400000,2,27,1,48060,20217,1
6817,R,1000000,1000000,2,35,1,136831,31383,1
6818,R,800000,800000,2,56,0,331795,9405,1
6819,B,500000,500000,2,26,1,0,17919,1
6820,B,500000,300000,6,26,1,47882,59720,1
6821,B,200000,200000,2,25,0,0,24300,1
6822,B,600000,600000,2,25,1,2290,3582,1
6823,B,200000,200000,6,22,1,2090,32873,1
6824,B,1300000,1300000,2,47,1,174777,12507,1
6825,B,700000,200000,6,20,1,136298,19606,1
6826,A,500000,300000,7,49,1,20330,18414,1
6827,B,700000,700000,2,24,1,63561,18572,1
6828,A,700000,600000,2,25,1,23364,13779,1
6829,B,1100000,1100000,2,29,1,66828,26523,1
6830,B,1000000,1000000,2,26,1,86044,8417,1
6831,B,1200000,1200000,3,36,1,48000,94885,1
6832,R,1100000,1100000,2,24,1,64865,15345,1
6833,A,500000,500000,2,24,1,33276,10182,1
6834,B,700000,700000,2,33,1,4584,3510,1
6835,B,1200000,300000,6,24,1,117020,4338,1
6836,B,1300000,1000000,7,68,1,0,882,1
6837,B,500000,300000,6,23,1,42205,25572,1
6838,B,1100000,300000,2,23,1,84694,36506,1
6839,B,200000,200000,2,23,1,22526,29243,1
6840,B,200000,200000,2,23,1,524,29243,1
6841,B,700000,700000,3,24,1,39057,8453,1
6842,B,500000,500000,2,25,1,85261,10980,1
6843,B,200000,200000,6,22,1,104534,6293,1
6844,A,700000,700000,5,30,1,275849,62936,1
6845,B,300000,300000,2,26,1,27289,26811,1
6846,B,700000,700000,2,26,1,3840,31559,1
6847,B,500000,500000,2,22,1,0,18900,1
6848,B,600000,300000,3,24,1,33815,9054,1
6849,B,500000,300000,6,23,0,9124,20130,1
6850,B,1100000,1100000,10,24,1,314818,36146,1
6851,B,600000,600000,2,25,1,41872,11375,1
6852,B,1200000,1200000,3,31,1,96631,25245,1
6853,B,1000000,1000000,3,31,1,6701,80828,1
6854,B,1300000,1300000,2,36,0,131450,122760,1
6855,B,700000,700000,2,23,1,8183,42300,1
6856,B,600000,600000,2,29,1,0,4545,1
6857,B,200000,200000,6,20,1,86820,10980,1
6858,B,1000000,300000,6,21,1,66201,40884,1
6859,B,800000,300000,6,23,1,163993,19737,1
6860,B,600000,600000,2,24,1,60281,39952,1
6861,B,500000,500000,2,26,1,3500,32397,1
6862,R,300000,300000,2,24,1,101088,25466,1
6863,B,600000,600000,2,24,1,18794,13455,1
6864,B,600000,600000,2,24,1,3794,6852,1
6865,B,700000,700000,2,28,1,17035,18207,1
6866,B,200000,200000,2,24,1,28255,9470,1
6867,B,1200000,1200000,2,55,1,76198,26366,1
6868,B,800000,800000,7,52,0,15000,99486,1
6869,B,700000,700000,3,29,1,0,34443,1
6870,B,100000,0,1,48,1,34688,12663,1
6871,B,500000,500000,2,31,1,0,21960,1
6872,B,500000,300000,6,23,1,134266,18306,1
6873,B,700000,700000,2,24,1,0,12501,1
6874,B,500000,300000,6,21,0,0,4491,1
6875,B,600000,600000,3,27,1,0,27236,1
6876,B,700000,700000,2,27,1,9674,32153,1
6877,B,1000000,500000,2,26,1,123969,42536,1
6878,A,200000,200000,2,23,1,0,1980,1
6879,B,400000,400000,2,55,1,0,44643,1
6880,B,700000,700000,2,20,0,31252,14940,1
6881,B,800000,800000,2,37,1,,4041,1
6882,B,400000,300000,6,22,1,106192,14272,1
6883,B,700000,700000,2,24,1,3276,17851,1
6884,B,300000,300000,6,21,1,,21078,1
6885,B,200000,200000,6,22,1,35362,1931,1
6886,B,600000,600000,13,26,1,7496,14556,1
6887,B,700000,700000,2,36,1,44248,34344,1
6888,B,1100000,1100000,2,27,1,12512,35789,1
6889,B,700000,200000,6,20,1,3533,17325,1
6890,B,500000,500000,2,29,1,17117,9605,1
6891,A,700000,200000,6,21,1,9092,22284,1
6892,B,800000,800000,2,24,1,,24129,1
6893,B,600000,300000,6,24,1,27340,22680,1
6894,B,500000,500000,2,28,1,20595,3317,1
6895,B,700000,300000,6,25,1,,7569,1
6896,B,1000000,1000000,2,24,1,93192,18090,1
6897,B,700000,700000,2,25,1,9120,9801,1
6898,B,900000,300000,6,21,1,50733,15239,1
6899,B,500000,500000,2,24,1,22750,5931,1
6900,B,700000,200000,6,20,1,199989,25058,1
6901,B,1300000,1300000,2,48,1,195469,41814,1
6902,A,400000,300000,6,21,0,24900,13635,1
6903,A,400000,300000,6,21,0,,13635,1
6904,B,1000000,1000000,2,23,0,94059,6525,1
6905,B,200000,200000,2,22,1,86916,41672,1
6906,B,800000,300000,6,21,0,39205,16023,1
6907,B,700000,700000,2,29,1,18864,17430,1
6908,B,400000,400000,2,25,1,12912,23675,1
6909,B,1000000,1000000,2,24,1,104736,25146,1
6910,R,1300000,1300000,2,32,1,156599,18473,1
6911,B,700000,700000,2,31,1,0,13420,1
6912,B,700000,700000,2,27,1,0,34216,1
6913,B,800000,800000,2,29,1,5839,1980,1
6914,B,700000,700000,3,28,1,28555,40269,1
6915,A,1000000,300000,6,24,0,16720,14850,1
6916,A,700000,700000,2,26,1,0,15192,1
6917,B,500000,500000,2,24,1,0,9720,1
6918,B,1000000,300000,7,55,1,22116,21321,1
6919,B,200000,200000,2,24,1,34294,7070,1
6920,B,1100000,1100000,2,26,1,21190,25593,1
6921,B,500000,500000,2,26,1,0,33363,1
6922,B,600000,600000,2,27,1,0,32364,1
6923,B,800000,800000,2,29,1,99574,9990,1
6924,B,1200000,1200000,2,24,1,124664,4644,1
6925,B,1000000,1000000,3,30,1,61170,4572,1
6926,B,700000,700000,2,26,1,32937,18668,1
6927,B,400000,300000,6,21,0,68992,109890,1
6928,B,800000,800000,2,56,1,34493,25711,1
6929,A,200000,200000,6,21,1,239501,21209,1
6930,A,200000,200000,6,21,1,,21209,1
6931,B,400000,400000,2,24,1,14066,28414,1
6932,B,1000000,300000,6,21,1,118172,10809,1
6933,B,1000000,800000,2,43,1,159750,82449,1
6934,B,600000,600000,3,27,1,44274,10782,1
6935,B,600000,600000,2,26,0,0,28305,1
6936,B,1100000,1100000,2,24,1,40641,23890,1
6937,B,500000,500000,2,26,1,25658,19967,1
6938,B,800000,300000,7,59,1,4308,16545,1
6939,B,600000,600000,2,25,1,14929,19028,1
6940,B,500000,500000,2,25,1,56225,27920,1
6941,B,800000,800000,2,34,1,22464,8901,1
6942,B,700000,300000,6,22,1,0,17712,1
6943,B,500000,200000,2,40,1,0,12997,1
6944,B,1000000,1000000,2,26,1,70486,16484,1
6945,B,200000,200000,1,38,0,0,18063,1
6946,B,500000,500000,2,25,1,122032,8901,1
6947,B,800000,300000,2,24,1,13084,19773,1
6948,B,1300000,1300000,2,33,1,124436,13320,1
6949,A,600000,600000,2,28,1,4846,18217,1
6950,B,1000000,1000000,3,26,1,153546,29592,1
6951,B,700000,300000,7,31,1,6970,14544,1
6952,B,500000,500000,2,25,1,0,8658,1
6953,B,700000,700000,2,24,1,19018,12726,1
6954,B,1300000,1300000,2,33,1,109655,22975,1
6955,B,900000,600000,2,35,1,130304,49521,1
6956,B,400000,400000,2,27,1,0,18738,1
6957,B,600000,600000,2,27,1,627,18405,1
6958,B,300000,300000,2,26,1,38033,60499,1
6959,B,800000,800000,2,26,0,3658,29634,1
6960,B,700000,200000,6,21,1,153865,20652,1
6961,B,700000,200000,6,21,1,,20652,1
6962,B,1300000,1100000,2,27,1,90400,24237,1
6963,B,600000,600000,2,26,1,21181,20221,1
6964,B,1000000,700000,7,25,1,139120,11970,1
6965,B,1100000,800000,2,24,1,128291,46656,1
6966,B,600000,300000,6,24,1,0,4644,1
6967,B,200000,200000,6,20,1,81594,6400,1
6968,A,300000,300000,2,28,1,45697,990,1
6969,B,1000000,1000000,2,25,1,0,16920,1
6970,B,700000,700000,2,28,1,18288,21969,1
6971,R,1200000,900000,2,27,1,24773,2673,1
6972,B,800000,800000,2,27,1,26485,23880,1
6973,B,500000,500000,2,24,0,,41580,1
6974,B,400000,300000,6,22,1,7000,21591,1
6975,B,500000,500000,3,27,1,44725,29592,1
6976,B,800000,800000,2,26,1,10346,3515,1
6977,B,700000,700000,2,28,1,0,6892,1
6978,B,400000,400000,2,26,1,36425,10916,1
6979,R,1100000,1100000,2,24,1,35468,3812,1
6980,B,1000000,1000000,2,28,1,63524,17865,1
6981,B,200000,200000,2,23,1,,61732,1
6982,B,200000,200000,2,25,1,3815,41055,1
6983,A,1100000,1100000,2,29,1,132852,45085,1
6984,B,700000,700000,2,32,1,,37422,1
6985,B,1000000,300000,2,24,1,525223,20318,1
6986,B,1000000,500000,2,23,1,159528,54092,1
6987,B,500000,300000,6,22,1,0,23886,1
6988,B,1300000,300000,2,28,1,123390,42534,1
6989,B,500000,500000,2,29,1,1710,16632,1
6990,B,600000,600000,2,28,1,10906,14016,1
6991,B,500000,300000,2,24,1,0,5841,1
6992,B,1000000,1000000,2,29,1,76632,54179,1
6993,B,700000,200000,6,21,1,208098,7515,1
6994,B,1200000,900000,2,24,1,61181,59381,1
6995,B,1100000,1100000,3,25,1,75337,18297,1
6996,B,1100000,1100000,2,26,1,45850,48362,1
6997,B,1300000,1300000,2,66,1,36302,39690,1
6998,B,1000000,900000,2,23,1,80011,21910,1
6999,A,1100000,1100000,13,50,1,462144,113553,1
7000,B,400000,400000,2,25,0,18810,25004,1
7001,B,700000,700000,2,26,1,13857,6445,1
7002,B,1000000,1000000,2,31,0,739115,24885,1
7003,B,500000,300000,6,20,1,62570,16232,1
7004,B,400000,400000,2,28,1,0,26187,1
7005,B,1200000,1100000,2,37,1,97129,30285,1
7006,B,1200000,300000,2,25,1,0,13491,1
7007,B,600000,600000,2,27,1,8323,25236,1
7008,A,400000,400000,2,25,1,58880,14724,1
7009,B,600000,600000,2,24,1,0,5392,1
7010,B,700000,700000,2,26,0,0,12564,1
7011,B,700000,700000,13,48,1,17870,19107,1
7012,B,700000,700000,2,31,1,0,25245,1
7013,B,600000,300000,6,24,1,19775,14544,1
7014,B,600000,300000,11,25,1,15955,19417,1
7015,B,700000,700000,2,23,1,12322,15108,1
7016,B,1000000,300000,13,44,1,382409,22770,1
7017,B,300000,300000,6,22,1,18821,36855,1
7018,B,400000,300000,6,22,1,,15831,1
7019,B,500000,500000,2,27,0,3781,30008,1
7020,B,800000,800000,2,57,1,1463,21573,1
7021,B,700000,200000,6,22,1,65552,11963,1
7022,B,700000,200000,6,22,1,39290,11963,1
7023,B,800000,800000,2,29,0,0,29394,1
7024,B,600000,600000,2,29,1,17438,990,1
7025,B,600000,600000,2,29,1,31850,33750,1
7026,B,1000000,800000,2,24,1,228225,19326,1
7027,A,800000,800000,2,30,1,2516,18495,1
7028,B,1100000,1100000,2,25,1,220232,9575,1
7029,B,600000,600000,7,42,1,0,13140,1
7030,B,800000,800000,2,35,1,37620,36432,1
7031,B,900000,300000,6,20,1,73953,19416,1
7032,B,800000,800000,2,24,1,120274,13428,1
7033,B,500000,500000,2,26,1,10843,13351,1
7034,B,1200000,1200000,2,27,1,2160,27855,1
7035,B,600000,600000,2,29,1,63171,27769,1
7036,B,1200000,300000,6,25,1,37290,1062,1
7037,B,700000,700000,2,26,1,9235,18091,1
7038,B,700000,700000,2,25,1,0,738,1
7039,B,800000,800000,7,57,1,9144,8842,1
7040,B,600000,600000,2,29,1,2822,30348,1
7041,R,1100000,300000,2,34,1,210987,19544,1
7042,B,500000,500000,2,25,1,24448,13500,1
7043,B,600000,600000,2,27,1,0,13069,1
7044,B,800000,300000,4,49,1,23220,11376,1
7045,B,700000,700000,2,33,1,25513,40839,1
7046,B,1300000,1300000,2,31,1,84709,13455,1
7047,A,1000000,900000,2,29,1,30038,64430,1
7048,B,200000,200000,6,20,1,5121,0,1
7049,B,300000,300000,2,24,1,0,9000,1
7050,B,200000,200000,2,32,0,0,65083,1
7051,B,500000,500000,2,25,1,0,23112,1
7052,B,1000000,300000,6,21,1,52358,26852,1
7053,A,200000,200000,6,22,1,31935,8977,1
7054,B,800000,800000,2,31,1,,16635,1
7055,B,1300000,1300000,2,34,1,189806,13853,1
7056,A,800000,800000,2,25,1,0,22632,1
7057,B,600000,500000,3,25,1,7103,5841,1
7058,B,1100000,1100000,2,27,1,3021,68468,1
7059,B,700000,700000,2,27,1,21961,20244,1
7060,B,800000,800000,3,28,1,7541,5841,1
7061,B,1100000,1100000,2,24,1,210815,9386,1
7062,B,400000,300000,6,20,1,0,9792,1
7063,B,1300000,1300000,2,27,1,101863,30807,1
7064,B,700000,700000,2,28,1,46633,43484,1
7065,B,400000,400000,2,24,1,14255,13410,1
7066,B,600000,300000,6,27,0,30000,40887,1
7067,B,800000,800000,2,31,1,0,31619,1
7068,B,600000,600000,2,24,1,0,5634,1
7069,B,600000,600000,2,25,1,,36355,1
7070,B,1000000,1000000,2,26,1,136597,5949,1
7071,B,600000,600000,2,24,1,10545,7100,1
7072,R,600000,600000,10,25,1,44254,8217,1
7073,A,200000,200000,6,20,1,15001,17055,1
7074,B,200000,200000,6,20,0,43677,39918,1
7075,B,600000,600000,2,32,0,370700,53737,1
7076,B,200000,200000,6,22,1,34839,22290,1
7077,B,500000,500000,2,26,1,20311,35493,1
7078,B,700000,700000,2,32,1,19646,19899,1
7079,B,1100000,1100000,2,27,1,60105,16124,1
7080,B,1000000,300000,6,22,1,91090,47331,1
7081,B,1000000,1000000,2,28,1,17987,51386,1
7082,B,1000000,1000000,2,26,1,70455,16457,1
7083,B,1000000,1000000,5,39,1,72940,40788,1
7084,B,1000000,1000000,10,26,1,38437,47709,1
7085,B,400000,400000,12,34,1,0,21582,1
7086,B,700000,200000,6,25,1,90246,15683,1
7087,B,900000,900000,2,25,1,24980,9000,1
7088,B,600000,600000,2,25,1,61228,49869,1
7089,B,900000,300000,6,23,1,45995,16290,1
7090,B,900000,300000,6,23,1,,16290,1
7091,B,700000,300000,11,26,1,6784,19084,1
7092,B,500000,500000,2,24,1,,7938,1
7093,B,500000,300000,6,25,0,28995,20880,1
7094,B,200000,200000,2,23,1,6015,32067,1
7095,A,1300000,1300000,2,28,1,376497,13050,1
7096,B,800000,800000,3,24,1,8800,12465,1
7097,B,700000,700000,2,28,0,22383,12042,1
7098,B,200000,200000,2,24,1,0,3816,1
7099,B,500000,500000,2,25,1,30343,52665,1
7100,B,700000,700000,2,24,1,0,3023,1
7101,B,700000,700000,2,28,1,43429,19791,1
7102,B,200000,200000,6,22,1,20130,27948,1
7103,B,200000,200000,13,36,1,35103,58905,1
7104,B,1000000,1000000,2,24,1,21400,27987,1
7105,B,1200000,1200000,3,24,1,15655,6318,1
7106,B,300000,300000,6,21,1,800,44111,1
7107,B,700000,700000,4,52,1,12134,26127,1
7108,B,800000,800000,1,51,1,0,6480,1
7109,B,1300000,1300000,2,24,1,44200,10980,1
7110,B,700000,300000,12,23,1,177528,8703,1
7111,B,900000,300000,6,24,0,29125,13296,1
7112,B,800000,800000,2,30,0,,7119,1
7113,B,600000,600000,3,26,1,,22054,1
7114,B,200000,200000,2,27,1,0,16569,1
7115,B,600000,600000,2,24,1,17149,5961,1
7116,B,500000,500000,2,28,1,45483,16128,1
7117,B,600000,600000,2,25,1,0,16524,1
7118,B,500000,500000,2,24,1,372,14308,1
7119,B,200000,200000,6,21,1,,18574,1
7120,R,900000,900000,3,28,1,38631,67654,1
7121,B,700000,300000,7,52,1,10944,30780,1
7122,B,700000,300000,4,49,1,2989,35536,1
7123,B,800000,800000,2,31,1,0,14596,1
7124,B,700000,700000,2,35,1,95636,59067,1
7125,B,500000,500000,2,26,1,0,52125,1
7126,B,200000,200000,2,23,1,16230,24900,1
7127,B,1100000,1100000,2,31,0,15000,40590,1
7128,B,1000000,1000000,2,26,1,95026,22373,1
7129,B,600000,600000,2,24,1,0,4158,1
7130,R,1000000,1000000,2,24,1,64473,13805,1
7131,A,200000,200000,6,21,1,36348,15048,1
7132,B,1000000,1000000,2,27,1,0,7581,1
7133,R,800000,600000,2,27,1,72456,10494,1
7134,B,1200000,600000,2,24,1,22181,2592,1
7135,B,600000,600000,2,28,1,28193,4473,1
7136,B,700000,700000,2,31,1,11454,33604,1
7137,A,500000,500000,2,26,1,,11564,1
7138,B,500000,300000,6,21,0,17562,13297,1
7139,B,700000,700000,2,26,1,7828,12280,1
7140,B,1100000,1100000,2,28,1,129882,22221,1
7141,B,700000,700000,3,54,1,45000,11689,1
7142,B,300000,300000,12,26,1,18783,5970,1
7143,B,900000,300000,6,21,1,60073,23103,1
7144,B,900000,300000,6,21,1,,23103,1
7145,A,400000,400000,3,25,1,11731,19098,1
7146,B,600000,300000,4,41,1,70659,52832,1
7147,B,200000,200000,6,22,0,40590,4259,1
7148,B,700000,700000,2,29,1,15488,22176,1
7149,B,800000,300000,6,25,1,18944,5842,1
7150,A,1000000,400000,2,24,1,56869,4684,1
7151,B,1200000,1200000,2,39,0,155914,36630,1
7152,A,700000,200000,6,23,1,65814,29637,1
7153,B,1300000,1300000,2,43,1,9641,4545,1
7154,B,600000,600000,2,28,1,11381,31572,1
7155,B,1000000,1000000,2,34,1,100281,71547,1
7156,B,200000,200000,2,30,1,24244,16199,1
7157,A,700000,200000,6,20,1,108948,20870,1
7158,B,800000,800000,2,23,1,79554,35063,1
7159,B,700000,200000,6,22,1,142928,49050,1
7160,B,800000,700000,2,26,1,44221,6030,1
7161,B,700000,200000,6,22,1,0,37617,1
7162,B,700000,200000,6,22,1,118278,37617,1
7163,B,700000,200000,6,20,1,263478,31832,1
7164,A,600000,600000,2,26,1,,30378,1
7165,B,200000,200000,6,19,1,196608,19503,1
7166,B,700000,300000,2,25,1,28426,14094,1
7167,B,500000,500000,2,45,1,43321,30799,1
7168,B,1000000,300000,6,23,1,87806,14778,1
7169,B,1100000,1100000,2,26,1,186933,9545,1
7170,B,600000,600000,2,25,1,17804,14394,1
7171,B,400000,400000,2,24,1,0,25470,1
7172,B,400000,400000,2,25,0,223357,95040,1
7173,B,1200000,300000,12,23,1,53790,394,1
7174,B,700000,700000,2,22,1,15844,5832,1
7175,B,200000,200000,6,21,1,0,10683,1
7176,B,1200000,600000,2,24,1,168774,7069,1
7177,B,200000,200000,2,25,1,0,7020,1
7178,B,700000,700000,2,34,1,4104,3654,1
7179,B,200000,200000,6,21,1,6918,7812,1
7180,B,700000,200000,6,20,1,115273,4158,1
7181,B,700000,400000,2,25,1,0,41274,1
7182,B,500000,300000,6,25,1,0,8451,1
7183,B,800000,300000,12,23,1,1986,4743,1
7184,B,500000,500000,2,27,1,0,20697,1
7185,B,500000,500000,2,31,1,12796,7920,1
7186,B,600000,600000,2,25,1,65940,13455,1
7187,B,600000,600000,2,36,1,7287,8703,1
7188,B,800000,300000,6,24,1,3040,17910,1
7189,B,600000,600000,2,27,1,0,12010,1
7190,B,400000,300000,6,22,1,57884,9099,1
7191,B,1100000,300000,6,22,1,57481,7218,1
7192,B,500000,300000,6,22,1,33094,16227,1
7193,B,700000,700000,8,68,1,0,8199,1
7194,A,1000000,300000,6,22,1,164338,11682,1
7195,B,400000,300000,6,26,0,48442,25101,1
7196,B,500000,500000,2,35,1,0,42436,1
7197,B,1300000,1300000,2,24,1,30879,3951,1
7198,B,1300000,1300000,2,39,1,12000,29191,1
7199,B,500000,500000,2,24,1,27184,8892,1
7200,B,700000,700000,10,28,1,8930,14642,1
7201,B,700000,700000,2,30,1,0,19197,1
7202,B,200000,200000,2,25,1,3648,15930,1
7203,B,400000,400000,2,24,1,25458,32976,1
7204,A,500000,500000,2,23,1,85419,15642,1
7205,B,500000,500000,12,35,1,0,23139,1
7206,B,800000,300000,5,52,1,23906,43236,1
7207,B,500000,500000,2,25,1,26324,18162,1
7208,B,700000,300000,7,39,1,11124,52560,1
7209,B,700000,700000,2,36,1,3822,8894,1
7210,B,700000,700000,4,34,1,7201,7018,1
7211,B,1200000,500000,5,36,1,68964,14000,1
7212,B,500000,300000,6,21,1,0,63639,1
7213,B,700000,700000,4,37,1,0,25038,1
7214,B,700000,700000,2,25,1,9329,36630,1
7215,B,500000,300000,7,27,1,0,3860,1
7216,B,600000,600000,2,33,1,3069,57689,1
7217,B,600000,300000,6,22,1,,36636,1
7218,B,1300000,1300000,2,42,1,68291,17494,1
7219,B,500000,500000,2,28,1,31207,28374,1
7220,B,500000,500000,5,47,0,39815,113940,1
7221,A,800000,800000,13,46,1,170936,83353,1
7222,B,600000,300000,7,50,1,,11624,1
7223,B,1100000,1100000,2,24,1,188840,35863,1
7224,B,1200000,1200000,2,24,1,94001,23265,1
7225,B,700000,700000,6,31,0,0,162987,1
7226,B,1100000,1100000,12,27,1,186041,35816,1
7227,B,200000,200000,2,25,1,18862,18213,1
7228,B,700000,200000,6,20,1,1999,16263,1
7229,B,800000,600000,2,26,1,53576,12735,1
7230,B,1000000,300000,2,24,1,202026,112752,1
7231,B,500000,500000,2,27,1,7577,6228,1
7232,B,600000,600000,7,27,1,13755,20187,1
7233,B,1100000,1100000,2,38,1,111703,71591,1
7234,B,700000,200000,6,23,1,90953,4743,1
7235,B,700000,300000,7,57,1,50898,5486,1
7236,B,700000,700000,2,26,1,22399,24843,1
7237,B,200000,200000,6,21,1,27109,891,1
7238,A,200000,200000,12,25,1,0,30359,1
7239,A,200000,200000,12,25,1,246717,30359,1
7240,A,400000,300000,13,32,1,,16416,1
7241,B,700000,700000,13,23,1,156543,57325,1
7242,B,200000,200000,6,23,1,227570,64464,1
7243,A,900000,900000,6,21,0,65901,35640,1
7244,B,700000,700000,2,26,1,0,10476,1
7245,B,900000,900000,7,42,1,59602,12296,1
7246,B,300000,200000,6,24,1,178783,19521,1
7247,B,800000,800000,4,59,1,,31626,1
7248,B,700000,200000,6,21,1,68350,42278,1
7249,B,1100000,1100000,2,24,1,121988,17211,1
7250,A,1100000,1100000,2,24,1,158473,9405,1
7251,B,1200000,1200000,3,24,1,4828,24682,1
7252,B,500000,500000,2,31,1,59446,48012,1
7253,B,500000,500000,2,25,1,0,12749,1
7254,B,600000,600000,2,27,1,114989,6300,1
7255,B,500000,300000,2,26,1,4935,12510,1
7256,B,200000,200000,2,26,1,25833,41175,1
7257,B,600000,600000,2,30,1,0,29502,1
7258,B,600000,500000,2,21,1,10292,19890,1
7259,B,200000,200000,6,22,1,3553,7920,1
7260,B,1200000,1200000,2,46,1,21982,11970,1
7261,B,600000,600000,2,23,1,52540,8494,1
7262,A,700000,300000,6,22,1,,35880,1
7263,B,700000,200000,6,22,1,107195,7911,1
7264,B,500000,500000,2,25,1,4160,32107,1
7265,B,500000,500000,2,26,1,41638,9405,1
7266,B,500000,500000,2,29,1,0,15840,1
7267,B,1100000,1100000,2,26,1,88497,12739,1
7268,B,1000000,1000000,2,27,1,2176,24794,1
7269,B,200000,200000,7,21,1,0,81344,1
7270,B,1200000,300000,6,23,1,389936,37374,1
7271,B,1000000,300000,6,25,1,27282,11430,1
7272,B,1200000,1200000,2,29,1,78767,25763,1
7273,B,900000,900000,2,23,1,48102,11590,1
7274,B,800000,300000,6,23,1,6579,18201,1
7275,B,800000,800000,2,34,1,14548,14355,1
7276,B,500000,200000,2,26,1,278832,6255,1
7277,B,500000,500000,2,26,0,2717,17217,1
7278,B,1300000,1300000,2,32,1,553024,13966,1
7279,A,900000,400000,1,23,1,113755,7408,1
7280,B,300000,300000,6,23,1,27300,25484,1
7281,B,400000,400000,2,31,0,2208,2249,1
7282,B,600000,600000,2,26,1,0,6408,1
7283,B,1000000,300000,4,46,1,2306,4545,1
7284,B,800000,800000,2,59,1,33213,38801,1
7285,B,700000,700000,2,24,1,26868,8010,1
7286,B,1300000,900000,2,25,1,28014,46010,1
7287,B,600000,600000,2,29,1,19437,17811,1
7288,A,700000,700000,2,24,1,0,19029,1
7289,B,800000,300000,4,33,1,5995,27703,1
7290,B,1000000,300000,11,33,1,40690,19850,1
7291,B,1300000,1300000,2,46,1,117123,24910,1
7292,B,700000,700000,2,22,1,252013,40596,1
7293,B,1000000,500000,2,22,1,14880,15723,1
7294,B,600000,300000,6,22,1,0,6723,1
7295,B,600000,300000,6,22,1,23082,9836,1
7296,B,200000,200000,7,28,1,700,3357,1
7297,B,1100000,300000,6,23,1,59567,9009,1
7298,B,1100000,300000,6,23,1,79610,40041,1
7299,B,200000,200000,2,36,1,0,4545,1
7300,B,200000,200000,11,20,1,16612,15183,1
7301,B,200000,200000,6,20,0,137293,27638,1
7302,B,200000,200000,6,23,1,63814,13059,1
7303,B,300000,300000,2,24,1,12408,22563,1
7304,B,400000,300000,6,23,1,40785,28870,1
7305,B,700000,700000,2,27,1,12951,16461,1
7306,A,800000,300000,6,23,1,,9603,1
7307,B,800000,800000,2,26,1,41852,17264,1
7308,B,500000,500000,2,25,1,54490,56376,1
7309,B,200000,200000,2,59,1,56530,30474,1
7310,B,600000,300000,6,25,0,0,16920,1
7311,A,500000,500000,2,24,1,44631,6435,1
7312,B,1200000,1200000,3,25,1,10365,17901,1
7313,B,800000,800000,2,24,1,11535,6228,1
7314,B,500000,500000,2,28,1,12439,37074,1
7315,B,1300000,1300000,2,32,1,49964,6067,1
7316,B,600000,500000,2,26,1,103980,15930,1
7317,B,200000,200000,6,19,1,,2961,1
7318,B,800000,800000,2,39,1,0,39690,1
7319,A,800000,800000,2,29,1,235456,40500,1
7320,B,700000,700000,2,28,1,39564,20050,1
7321,B,200000,200000,7,24,1,0,29889,1
7322,B,200000,200000,2,22,1,0,17361,1
7323,B,200000,200000,6,22,1,29009,7695,1
7324,B,500000,300000,6,21,1,4243,44703,1
7325,B,200000,200000,7,24,1,,4714,1
7326,B,600000,600000,2,25,1,0,14886,1
7327,B,500000,300000,6,22,1,711,990,1
7328,B,600000,300000,6,23,1,0,7416,1
7329,B,500000,300000,2,47,1,,12465,1
7330,B,200000,200000,2,26,1,211091,10647,1
7331,B,700000,700000,2,27,1,5795,39918,1
7332,B,1300000,1300000,2,32,1,187002,8823,1
7333,B,200000,200000,6,22,1,14025,3762,1
7334,B,700000,700000,2,29,1,48020,18041,1
7335,B,500000,500000,2,24,1,0,22001,1
7336,B,700000,700000,2,27,1,104514,24750,1
7337,B,400000,400000,2,24,1,89225,35328,1
7338,B,500000,500000,2,27,0,106551,13356,1
7339,B,800000,800000,2,29,1,22955,3767,1
7340,B,1300000,1300000,2,26,1,84104,27761,1
7341,B,600000,600000,2,27,1,0,33180,1
7342,B,200000,200000,2,25,1,69230,7020,1
7343,B,300000,300000,2,26,1,5271,882,1
7344,B,1300000,1300000,2,36,1,133962,32964,1
7345,B,700000,700000,2,28,1,20000,15973,1
7346,B,1200000,1200000,5,28,1,117925,35457,1
7347,R,600000,600000,3,26,1,7803,12962,1
7348,B,1000000,1000000,2,23,1,97082,24666,1
7349,B,1000000,1000000,2,24,1,102450,32760,1
7350,B,200000,200000,6,22,1,0,1782,1
7351,B,1000000,1000000,2,25,1,69248,7892,1
7352,B,400000,300000,6,22,0,7458,70587,1
7353,B,700000,700000,2,22,1,23366,34281,1
7354,B,900000,300000,6,25,1,33609,30214,1
7355,B,700000,200000,2,22,1,79754,15420,1
7356,A,600000,600000,3,28,1,31775,26651,1
7357,B,200000,200000,6,20,1,0,13410,1
7358,B,1200000,1100000,2,25,1,118590,15861,1
7359,B,1100000,1100000,2,32,1,78793,80280,1
7360,B,700000,200000,6,21,1,91448,5238,1
7361,B,800000,300000,4,54,1,10646,68274,1
7362,B,500000,500000,2,24,1,0,19114,1
7363,B,500000,500000,2,50,1,18243,13841,1
7364,B,600000,300000,6,22,0,0,43916,1
7365,B,200000,200000,13,40,1,87829,17498,1
7366,B,600000,600000,2,30,1,26188,168300,1
7367,B,700000,200000,6,21,1,44582,42406,1
7368,B,200000,200000,6,23,1,,36873,1
7369,B,200000,200000,2,25,0,19795,4720,1
7370,B,600000,600000,2,28,1,36851,8390,1
7371,B,1200000,1200000,2,26,1,91932,30069,1
7372,B,1300000,300000,2,47,1,96623,34052,1
7373,B,700000,200000,6,23,1,0,17376,1
7374,B,800000,800000,2,41,1,38899,27720,1
7375,B,600000,600000,2,27,1,47818,13266,1
7376,B,600000,600000,2,27,1,0,13266,1
7377,B,700000,700000,2,32,1,23095,21945,1
7378,B,1100000,300000,4,64,1,432300,243477,1
7379,B,400000,300000,2,28,1,0,37479,1
7380,B,800000,800000,3,56,1,0,8703,1
7381,B,800000,300000,4,43,1,0,49492,1
7382,B,700000,700000,2,29,1,58443,29790,1
7383,B,1000000,1000000,2,39,1,72729,5779,1
7384,B,700000,700000,7,37,1,14931,30923,1
7385,B,800000,300000,6,23,1,9831,78555,1
7386,B,1200000,1200000,2,27,1,29123,6498,1
7387,B,1000000,1000000,2,33,1,12673,126416,1
7388,A,200000,200000,6,20,1,199149,38064,1
7389,B,600000,600000,2,29,1,1777,9922,1
7390,B,800000,800000,2,40,1,1672,44196,1
7391,B,800000,800000,2,45,1,58918,29660,1
7392,B,500000,500000,2,26,1,5387,16128,1
7393,R,800000,300000,4,56,1,3924,5225,1
7394,B,700000,700000,2,28,0,0,32364,1
7395,B,700000,700000,12,47,1,39879,29871,1
7396,B,700000,700000,2,31,1,0,55008,1
7397,B,700000,700000,2,31,1,4285,13502,1
7398,B,800000,800000,2,25,1,11966,41444,1
7399,A,1300000,1300000,2,57,1,91102,13860,1
7400,R,800000,800000,2,28,1,5415,156420,1
7401,B,800000,800000,2,39,0,141886,180000,1
7402,B,800000,800000,2,37,1,15723,46357,1
7403,B,700000,300000,7,49,1,2812,7020,1
7404,B,200000,200000,6,21,1,0,5643,1
7405,B,700000,700000,2,45,1,22625,51818,1
7406,B,500000,500000,3,30,1,58161,13795,1
7407,B,900000,300000,6,21,1,35486,45587,1
7408,B,700000,700000,2,24,1,16390,2917,1
7409,B,600000,600000,2,28,1,8465,7240,1
7410,B,800000,800000,2,51,1,9006,32651,1
7411,B,700000,700000,3,24,1,5558,21842,1
7412,B,800000,800000,2,24,1,354561,3762,1
7413,B,700000,300000,5,51,1,1747,38529,1
7414,B,800000,800000,2,57,1,,10859,1
7415,B,800000,800000,2,47,1,60486,63846,1
7416,B,200000,200000,6,23,1,14230,11396,1
7417,B,800000,800000,2,61,1,0,10165,1
7418,B,800000,800000,2,58,0,,5890,1
7419,B,200000,200000,7,24,0,17232,6156,1
7420,B,500000,300000,6,23,1,91102,8118,1
7421,B,600000,600000,2,27,1,70463,35072,1
7422,B,700000,200000,2,36,1,248584,43235,1
7423,B,600000,600000,2,25,1,0,25043,1
7424,B,500000,500000,2,24,1,52000,7921,1
7425,B,600000,300000,6,22,1,10044,36898,1
7426,B,1200000,1200000,2,25,1,55288,6993,1
7427,B,700000,700000,2,27,1,0,25914,1
7428,B,800000,800000,2,49,0,37387,23608,1
7429,B,800000,800000,2,58,1,,28188,1
7430,B,300000,300000,6,22,1,7097,30988,1
7431,B,600000,600000,2,52,1,0,8901,1
7432,B,1200000,1200000,2,56,1,158276,84518,1
7433,B,1300000,300000,3,52,1,344635,51777,1
7434,B,1300000,1300000,3,35,1,380092,12128,1
7435,B,500000,500000,2,24,1,11111,6921,1
7436,B,1000000,900000,2,24,1,35609,63657,1
7437,B,700000,700000,2,25,1,94086,304,1
7438,B,200000,200000,6,21,1,27541,95504,1
7439,B,1300000,1300000,2,23,1,1720,4180,1
7440,B,800000,800000,2,35,1,31438,63153,1
7441,B,800000,800000,2,48,1,0,21582,1
7442,B,1000000,1000000,2,24,1,76475,15030,1
7443,B,600000,600000,2,24,1,0,40707,1
7444,B,1200000,1200000,2,29,0,7202,47709,1
7445,B,700000,700000,2,35,0,0,7119,1
7446,B,600000,600000,2,26,1,67516,5853,1
7447,B,800000,800000,3,31,1,39036,14098,1
7448,B,400000,400000,7,25,1,14907,6030,1
7449,R,1200000,1200000,2,26,1,450494,10816,1
7450,B,800000,700000,2,24,1,38271,86583,1
7451,B,600000,600000,2,30,1,0,104940,1
7452,B,1100000,1100000,2,23,1,8692,30208,1
7453,B,600000,300000,7,53,1,18578,18117,1
7454,B,500000,500000,5,25,1,0,10485,1
7455,B,400000,400000,2,34,1,60820,91319,1
7456,B,600000,600000,2,25,1,3572,34758,1
7457,B,1000000,400000,2,23,1,107344,9016,1
7458,B,600000,600000,2,24,1,46436,1872,1
7459,B,1100000,1100000,2,25,1,37787,75072,1
7460,B,700000,700000,2,31,0,,34656,1
7461,B,700000,700000,2,24,1,10793,19809,1
7462,B,1000000,1000000,2,31,1,34715,19593,1
7463,A,700000,700000,2,23,1,317335,35932,1
7464,B,1200000,1200000,2,38,1,325364,57304,1
7465,B,500000,300000,6,23,1,49805,16712,1
7466,B,500000,500000,2,27,1,6961,39552,1
7467,B,500000,500000,2,27,1,,39552,1
7468,B,200000,200000,2,34,1,15675,33462,1
7469,B,400000,300000,6,23,1,38536,33572,1
7470,B,900000,300000,2,23,1,93486,18711,1
7471,B,1100000,300000,7,26,1,26226,16796,1
7472,B,1100000,1100000,2,36,1,124055,30159,1
7473,B,700000,700000,2,54,1,42780,11886,1
7474,B,700000,700000,2,37,1,76080,44667,1
7475,B,700000,700000,2,24,1,19528,14180,1
7476,B,500000,300000,6,22,1,0,23359,1
7477,B,600000,600000,2,39,1,18471,20612,1
7478,B,400000,400000,7,24,1,0,10940,1
7479,B,600000,600000,2,28,1,708,1976,1
7480,B,500000,500000,2,58,1,25225,5713,1
7481,B,600000,600000,2,28,1,12122,28004,1
7482,B,1300000,1300000,7,49,1,270500,4470,1
7483,B,500000,500000,13,42,1,28875,144630,1
7484,B,400000,400000,10,24,1,51424,30575,1
7485,B,1300000,1300000,1,43,1,252116,18729,1
7486,B,1300000,300000,4,46,1,0,30830,1
7487,B,200000,200000,6,21,1,0,7039,1
7488,B,300000,300000,2,23,1,35310,39759,1
7489,B,500000,500000,2,43,1,60761,10980,1
7490,B,400000,300000,6,23,1,99638,29742,1
7491,B,500000,300000,6,21,1,47107,2408,1
7492,B,700000,300000,4,51,1,10377,0,1
7493,B,200000,200000,2,24,1,205282,75327,1
7494,B,500000,500000,2,47,1,0,25929,1
7495,B,800000,800000,2,29,1,64275,27883,1
7496,B,200000,200000,6,21,1,136665,0,1
7497,B,200000,200000,12,28,1,12167,13824,1
7498,B,1000000,1000000,2,28,1,14900,16106,1
7499,B,800000,700000,2,28,1,162385,43319,1
7500,B,600000,300000,7,48,1,0,5048,1
7501,B,500000,300000,6,23,1,15906,8631,1
7502,B,200000,200000,6,23,1,51286,23221,1
7503,B,1100000,1100000,2,34,1,121414,17400,1
7504,B,800000,800000,2,49,1,19541,69499,1
7505,B,700000,200000,6,22,0,3026,26820,1
7506,B,700000,200000,6,22,1,63681,15795,1
7507,B,700000,700000,2,37,1,42209,17424,1
7508,B,1200000,1200000,2,25,1,78567,22782,1
7509,B,800000,800000,2,60,0,3000,15534,1
7510,B,1300000,1300000,2,28,1,75888,40630,1
7511,B,800000,800000,2,26,0,30258,25830,1
7512,B,800000,300000,4,56,1,22995,16739,1
7513,B,600000,600000,2,29,1,127224,59046,1
7514,R,1300000,1000000,5,57,1,57519,180000,1
7515,B,1000000,1000000,2,30,1,55168,14940,1
7516,B,800000,300000,7,55,1,4172,12564,1
7517,B,1000000,500000,8,75,1,208124,139482,1
7518,R,1200000,300000,4,47,1,65843,44550,1
7519,B,800000,800000,2,24,1,106212,7372,1
7520,B,500000,300000,2,54,1,151789,7752,1
7521,B,800000,800000,2,61,1,21273,35730,1
7522,B,800000,800000,2,58,1,68033,29277,1
7523,B,800000,800000,2,24,1,113031,0,1
7524,B,600000,300000,6,22,1,41291,8010,1
7525,B,800000,300000,2,36,1,1768,3591,1
7526,B,800000,800000,10,32,1,23000,58500,1
7527,B,900000,300000,6,23,1,116884,3118,1
7528,B,600000,300000,7,57,1,6572,6497,1
7529,B,900000,300000,6,29,1,41623,16550,1
7530,B,500000,500000,2,24,1,12400,27288,1
7531,B,900000,900000,2,26,1,40686,29573,1
7532,B,600000,600000,2,26,1,14327,9604,1
7533,B,700000,700000,2,36,1,12145,18167,1
7534,B,500000,500000,2,36,1,11286,16611,1
7535,B,1000000,1000000,2,29,1,2057,19389,1
7536,B,800000,300000,7,43,1,5455,11970,1
7537,R,800000,300000,4,69,1,0,8981,1
7538,R,700000,700000,2,44,1,38741,24354,1
7539,B,1100000,300000,6,24,1,103512,22542,1
7540,B,800000,800000,2,31,1,,47311,1
7541,B,400000,400000,4,41,1,5396,3707,1
7542,B,200000,200000,6,22,1,28833,16227,1
7543,B,500000,500000,2,25,1,67265,1881,1
7544,B,600000,300000,8,62,1,56514,21520,1
7545,B,500000,500000,4,39,1,81772,93988,1
7546,B,300000,300000,6,22,1,120197,18810,1
7547,B,500000,500000,2,46,0,83600,25830,1
7548,B,800000,800000,3,29,1,52303,78866,1
7549,B,200000,200000,6,21,1,46863,35712,1
7550,B,700000,700000,4,34,1,0,26256,1
7551,B,800000,800000,3,42,1,22881,19218,1
7552,B,800000,300000,4,68,1,45776,25830,1
7553,B,800000,800000,2,41,1,8401,106920,1
7554,B,1200000,300000,2,40,1,53926,153642,1
7555,B,400000,300000,6,22,1,12429,2862,1
7556,B,400000,300000,6,21,1,16174,8955,1
7557,R,200000,200000,7,24,1,75403,22649,1
7558,B,600000,600000,10,31,1,,20385,1
7559,B,800000,800000,10,30,1,3309,34650,1
7560,R,300000,300000,2,43,1,262601,21717,1
7561,B,800000,800000,2,33,1,4076,23364,1
7562,B,500000,500000,5,25,1,59787,16627,1
7563,B,800000,800000,3,31,1,9453,11475,1
7564,B,700000,700000,2,29,1,17818,60876,1
7565,B,700000,300000,4,57,1,0,38052,1
7566,B,600000,600000,1,24,0,30980,21780,1
7567,B,800000,300000,7,58,1,0,4293,1
7568,B,200000,200000,6,21,1,960,16380,1
7569,B,600000,600000,2,24,1,0,13743,1
7570,B,800000,300000,7,25,1,0,152676,1
7571,B,200000,200000,6,20,1,26099,6154,1
7572,R,600000,600000,2,52,1,0,26363,1
7573,B,600000,300000,7,38,1,7713,7740,1
7574,B,700000,700000,12,30,1,36735,4842,1
7575,B,800000,800000,4,36,1,15195,8722,1
7576,B,800000,800000,2,34,1,0,72954,1
7577,B,700000,300000,6,25,1,12159,20090,1
7578,B,600000,600000,2,24,1,,3308,1
7579,B,1100000,300000,6,22,1,7909,13395,1
7580,B,500000,300000,2,23,1,44257,42102,1
7581,B,200000,200000,6,20,1,1520,1419,1
7582,B,700000,700000,2,27,1,6703,18612,1
7583,A,1100000,1100000,2,30,1,638198,27918,1
7584,B,400000,400000,2,59,1,22595,12960,1
7585,B,500000,500000,2,26,1,0,15237,1
7586,B,700000,200000,6,20,1,41317,26631,1
7587,B,700000,700000,2,24,1,139876,24651,1
7588,B,300000,300000,6,21,1,26809,45823,1
7589,B,300000,300000,6,25,1,,593,1
7590,B,200000,200000,6,21,1,15114,5040,1
7591,B,400000,300000,6,23,1,51728,6750,1
7592,B,400000,300000,6,23,1,,6750,1
7593,B,1200000,1200000,2,35,1,61544,30390,1
7594,B,1200000,1200000,2,36,1,173460,7162,1
7595,B,1300000,1300000,3,25,1,6041,16920,1
7596,B,800000,800000,2,31,1,17359,27018,1
7597,B,1100000,1100000,2,26,0,235385,28899,1
7598,B,600000,300000,6,23,1,29774,20239,1
7599,B,600000,600000,2,25,1,7671,12276,1
7600,B,1000000,1000000,3,25,1,88617,56479,1
7601,B,500000,300000,6,23,0,0,8640,1
7602,B,400000,400000,2,26,1,11230,12321,1
7603,R,1300000,1300000,2,28,1,68659,106418,1
7604,B,200000,200000,2,54,1,13585,9900,1
7605,B,800000,300000,7,47,1,22296,34650,1
7606,B,700000,300000,7,74,1,0,18058,1
7607,B,1200000,1200000,2,53,1,440250,180000,1
7608,B,1000000,1000000,2,27,1,155416,22710,1
7609,B,200000,200000,6,19,1,524,42184,1
7610,B,700000,400000,3,58,1,12724,79784,1
7611,B,700000,300000,4,47,1,2138,21681,1
7612,B,700000,300000,6,22,1,39302,11358,1
7613,B,200000,200000,2,28,1,3878,143825,1
7614,A,800000,800000,2,55,0,22367,132660,1
7615,B,800000,700000,2,45,1,45757,5421,1
7616,B,1200000,1200000,2,48,1,0,24750,1
7617,B,1200000,1200000,2,48,1,147916,24750,1
7618,B,700000,700000,2,28,1,23074,42776,1
7619,B,800000,0,7,37,1,5852,19800,1
7620,B,800000,300000,6,23,1,263089,33943,1
7621,R,1300000,1300000,4,52,1,56044,39011,1
7622,B,400000,300000,6,22,1,24698,1278,1
7623,B,700000,200000,6,21,1,61963,19095,1
7624,B,1300000,1300000,4,68,1,85097,6237,1
7625,B,300000,300000,2,23,1,0,6120,1
7626,B,700000,300000,4,36,1,21044,20929,1
7627,B,200000,0,6,21,1,49709,5561,1
7628,B,1100000,1100000,2,38,1,324521,20831,1
7629,B,200000,200000,5,30,1,12318,5049,1
7630,B,200000,200000,2,27,1,59821,5468,1
7631,B,800000,800000,2,36,1,0,43500,1
7632,B,800000,800000,2,37,1,,30392,1
7633,B,500000,300000,7,30,1,14538,12794,1
7634,B,800000,300000,4,50,1,31539,20736,1
7635,B,600000,300000,6,23,1,17903,5700,1
7636,B,800000,500000,2,32,1,18328,32729,1
7637,B,200000,200000,7,29,1,19950,30203,1
7638,B,500000,500000,2,30,1,7125,92041,1
7639,B,400000,400000,2,27,1,1881,3852,1
7640,B,700000,300000,6,25,1,63002,13408,1
7641,B,700000,300000,7,64,1,,104220,1
7642,B,800000,800000,2,27,1,910,4446,1
7643,A,200000,200000,1,53,1,196181,4703,1
7644,B,600000,600000,2,53,1,28509,12465,1
7645,B,200000,200000,6,26,1,20920,2151,1
7646,B,500000,300000,6,21,1,32006,16056,1
7647,B,800000,800000,3,64,1,15244,10087,1
7648,B,1100000,300000,6,23,1,53780,15579,1
7649,A,1000000,1000000,2,47,0,251656,20855,1
7650,B,500000,300000,7,54,1,12084,5544,1
7651,A,200000,200000,6,23,1,22766,19224,1
7652,B,700000,700000,2,72,1,0,10980,1
7653,B,400000,400000,2,24,1,4319,19395,1
7654,B,500000,500000,1,55,1,32942,86220,1
7655,B,600000,300000,6,23,1,23400,27074,1
7656,B,1100000,400000,7,51,1,164981,31751,1
7657,B,800000,800000,2,37,1,55888,16252,1
7658,B,500000,500000,2,57,1,113899,66726,1
7659,B,600000,300000,2,36,1,12551,60556,1
7660,B,1000000,1000000,2,27,1,70033,64222,1
7661,B,700000,700000,3,27,1,23800,16278,1
7662,B,700000,300000,7,34,1,27779,6642,1
7663,B,300000,200000,2,24,1,33556,17639,1
7664,R,1100000,1100000,2,32,1,16555,59748,1
7665,B,400000,300000,6,20,1,15637,22787,1
7666,B,500000,300000,11,54,1,15532,27992,1
7667,B,700000,700000,2,31,1,49829,10749,1
7668,B,700000,700000,2,29,1,30315,17782,1
7669,B,1000000,1000000,2,24,1,1314,3069,1
7670,B,400000,400000,2,24,1,20225,28305,1
7671,B,700000,700000,2,32,1,12590,3182,1
7672,B,600000,600000,2,28,1,1881,58410,1
7673,B,800000,800000,2,27,1,23562,16326,1
7674,B,500000,300000,6,21,1,0,22365,1
7675,A,1200000,800000,12,55,1,101873,21756,1
7676,B,600000,300000,6,23,1,11995,15323,1
7677,B,1300000,1300000,2,45,0,3545,22482,1
7678,B,600000,600000,2,29,1,0,49563,1
7679,B,700000,300000,4,40,1,,2592,1
7680,B,1100000,600000,2,24,1,31201,48852,1
7681,B,700000,700000,2,37,1,26460,29997,1
7682,B,200000,200000,6,19,1,0,6283,1
7683,R,1300000,1300000,2,32,0,103951,45540,1
7684,B,800000,300000,7,56,1,4024,8325,1
7685,B,200000,200000,2,27,1,0,8046,1
7686,B,200000,200000,6,23,1,0,2362,1
7687,B,700000,300000,6,29,1,0,34775,1
7688,B,1100000,800000,3,20,1,16204,14346,1
7689,B,500000,500000,2,27,1,25358,22047,1
7690,B,700000,700000,2,25,1,0,19902,1
7691,B,700000,400000,2,53,1,3109,126720,1
7692,B,1100000,1100000,2,27,1,58195,44897,1
7693,B,800000,800000,4,50,1,60800,180000,1
7694,B,400000,400000,2,26,0,10607,2664,1
7695,B,500000,500000,2,34,1,6125,14247,1
7696,B,500000,500000,2,25,1,0,9109,1
7697,B,500000,500000,2,25,1,9391,9109,1
7698,B,1100000,900000,3,25,1,59500,36522,1
7699,B,200000,200000,6,20,1,9648,28755,1
7700,B,200000,200000,6,21,1,161233,16545,1
7701,B,1000000,300000,4,52,1,32029,64844,1
7702,B,200000,200000,6,23,1,7146,11574,1
7703,B,900000,900000,4,28,1,36809,58590,1
7704,B,1300000,1300000,10,44,1,93875,29839,1
7705,B,800000,800000,3,31,1,59857,10890,1
7706,B,700000,700000,4,62,1,56303,15435,1
7707,B,600000,600000,2,29,1,54007,10626,1
7708,B,1300000,1300000,10,31,1,357271,24562,1
7709,B,700000,700000,2,45,1,0,20655,1
7710,B,500000,300000,7,55,1,345146,65390,1
7711,B,1100000,1100000,2,44,1,206258,24498,1
7712,B,600000,600000,2,24,1,3687,13851,1
7713,B,1300000,1300000,2,33,1,18383,42657,1
7714,B,800000,800000,2,58,1,22572,16929,1
7715,B,1000000,700000,2,24,1,6375,39340,1
7716,B,700000,700000,3,24,1,211516,14850,1
7717,B,800000,800000,2,39,1,,24333,1
7718,B,1300000,1300000,2,30,1,76350,31077,1
7719,B,500000,500000,2,26,1,11098,59886,1
7720,B,600000,600000,2,28,0,0,2862,1
7721,B,700000,300000,2,25,1,7541,35114,1
7722,B,800000,800000,2,53,1,9405,43650,1
7723,B,700000,700000,2,31,1,6295,70687,1
7724,B,1300000,1300000,2,25,1,70939,28926,1
7725,B,800000,800000,2,44,1,25683,25948,1
7726,B,800000,800000,3,56,1,39751,24872,1
7727,B,200000,200000,2,23,0,86378,11430,1
7728,B,600000,600000,2,27,1,0,11574,1
7729,B,1300000,1100000,2,24,1,83110,4703,1
7730,B,800000,800000,2,25,1,6376,0,1
7731,B,800000,800000,2,53,1,3300,26082,1
7732,B,1300000,1300000,2,30,1,21579,28800,1
7733,B,1300000,1300000,2,29,1,71251,29206,1
7734,A,1300000,1300000,2,24,1,22487,3904,1
7735,B,700000,700000,2,25,1,0,32265,1
7736,B,600000,600000,2,29,1,,47115,1
7737,B,600000,600000,2,28,0,,64143,1
7738,B,1100000,1100000,2,38,1,6035,6318,1
7739,B,900000,900000,12,46,1,133522,40680,1
7740,B,600000,600000,2,28,1,32499,28680,1
7741,B,1000000,1000000,2,35,1,157600,141660,1
7742,B,900000,900000,2,24,1,84832,3010,1
7743,B,200000,200000,6,23,1,68392,24233,1
7744,B,200000,200000,6,22,1,21332,13194,1
7745,B,1000000,1000000,2,24,1,41000,36453,1
7746,B,1300000,800000,2,48,0,76809,48104,1
7747,B,600000,600000,3,26,1,33302,41625,1
7748,B,500000,500000,1,33,1,,0,1
7749,A,1200000,1200000,2,25,1,49168,0,1
7750,B,600000,600000,3,24,1,0,44697,1
7751,B,1000000,1000000,2,24,1,41316,28796,1
7752,B,800000,800000,2,32,1,17603,4671,1
7753,A,1100000,300000,6,22,1,77170,18990,1
7754,B,600000,600000,2,26,1,3974,11803,1
7755,B,1300000,1300000,2,44,1,43684,2277,1
7756,B,1300000,1300000,2,32,1,57293,17783,1
7757,A,1300000,1300000,5,59,1,333512,196769,1
7758,B,700000,700000,2,30,1,1881,45678,1
7759,B,1200000,1200000,2,24,1,0,53192,1
7760,B,800000,300000,4,43,1,16335,53907,1
7761,B,800000,300000,2,54,1,5881,31127,1
7762,B,800000,300000,2,54,1,0,31127,1
7763,B,800000,800000,2,31,1,42873,4631,1
7764,B,800000,800000,2,23,1,4342,18702,1
7765,B,800000,700000,2,59,1,10232,51116,1
7766,B,900000,300000,6,23,1,115889,9133,1
7767,B,900000,900000,2,24,1,0,6039,1
7768,B,800000,300000,7,45,1,80703,9343,1
7769,B,800000,800000,4,53,1,23943,22783,1
7770,B,1200000,1200000,2,27,1,125099,27994,1
7771,B,600000,600000,2,31,1,13383,14993,1
7772,B,1100000,300000,10,26,0,10450,5969,1
7773,B,1100000,1100000,2,26,1,47792,24019,1
7774,B,800000,800000,2,37,1,2681,72925,1
7775,B,500000,500000,10,26,1,59856,3249,1
7776,R,400000,400000,2,24,1,161540,2700,1
7777,B,700000,700000,2,26,1,6016,5895,1
7778,B,800000,800000,3,25,1,17301,495,1
7779,B,900000,900000,3,21,1,267729,13950,1
7780,B,700000,700000,2,25,1,4000,10634,1
7781,B,800000,300000,7,57,1,0,13293,1
7782,A,500000,500000,2,29,1,81368,67821,1
7783,B,800000,800000,2,27,1,4024,8072,1
7784,A,500000,500000,2,25,1,52554,11385,1
7785,B,200000,200000,12,23,1,0,45780,1
7786,B,1000000,300000,2,54,1,71707,18443,1
7787,B,800000,800000,2,40,1,0,58210,1
7788,B,800000,800000,2,40,0,40272,32364,1
7789,B,500000,500000,2,30,1,0,18568,1
7790,B,1000000,1000000,2,32,0,0,48987,1
7791,R,800000,800000,2,24,0,0,23328,1
7792,B,1300000,1300000,2,45,1,61687,40566,1
7793,B,600000,600000,2,25,1,30894,3139,1
7794,B,800000,300000,6,21,0,272010,7606,1
7795,B,700000,700000,2,25,1,37128,38307,1
7796,B,200000,200000,2,24,1,0,5346,1
7797,B,500000,500000,2,47,1,18022,42408,1
7798,B,500000,300000,6,23,1,0,21609,1
7799,B,1000000,300000,7,36,1,23943,35235,1
7800,B,200000,200000,2,25,1,0,2862,1
7801,B,600000,600000,2,25,1,15437,3357,1
7802,B,800000,300000,6,24,1,113897,5876,1
7803,B,800000,800000,2,30,1,7453,24354,1
7804,B,1200000,1200000,2,26,1,158918,19557,1
7805,B,700000,700000,2,27,1,14131,21586,1
7806,B,800000,300000,7,51,1,24056,6215,1
7807,B,1100000,1100000,2,28,1,0,21853,1
7808,B,800000,300000,3,55,1,55784,25624,1
7809,B,1000000,300000,4,47,1,19437,118194,1
7810,A,400000,400000,2,25,1,14189,19371,1
7811,A,1100000,1100000,2,39,1,3415,21177,1
7812,B,1100000,600000,2,23,1,629811,42579,1
7813,B,600000,600000,2,47,1,0,8406,1
7814,B,200000,200000,6,20,1,64280,31167,1
7815,A,1300000,1100000,2,24,1,93780,117335,1
7816,B,800000,800000,12,53,1,71205,33435,1
7817,B,1000000,1000000,2,23,1,60156,12053,1
7818,B,1000000,1000000,2,23,1,,12053,1
7819,B,800000,800000,2,60,0,11879,146165,1
7820,B,1000000,1000000,2,24,1,10876,9471,1
7821,B,600000,600000,2,32,1,0,5600,1
7822,B,500000,500000,2,24,1,,25264,1
7823,B,1300000,1300000,2,58,1,524,50635,1
7824,B,600000,600000,2,25,1,0,15741,1
7825,B,500000,300000,6,23,1,8096,23841,1
7826,B,800000,800000,2,36,0,,18058,1
7827,B,1100000,1100000,2,37,1,139590,38946,1
7828,B,500000,500000,2,23,1,70148,31216,1
7829,B,700000,700000,2,51,1,2174,5742,1
7830,B,200000,200000,2,32,1,20276,14940,1
7831,B,800000,800000,2,47,0,2780,33750,1
7832,B,600000,600000,2,27,1,0,14256,1
7833,B,600000,600000,4,39,1,230064,180000,1
7834,B,200000,200000,2,32,0,67925,12378,1
7835,A,500000,500000,2,45,1,31365,37620,1
7836,B,800000,800000,2,45,1,26839,38000,1
7837,B,600000,300000,4,49,1,,16020,1
7838,B,500000,500000,2,24,1,55729,31375,1
7839,B,800000,800000,2,46,0,23548,25713,1
7840,B,1000000,1000000,2,25,1,410172,31869,1
7841,R,1300000,1300000,4,64,1,276908,8415,1
7842,B,800000,800000,2,53,1,9825,143145,1
7843,B,800000,300000,7,58,1,0,5535,1
7844,B,1200000,1200000,3,33,0,155604,180000,1
7845,B,1200000,1200000,2,31,1,3971,3762,1
7846,A,700000,700000,2,24,1,95323,18315,1
7847,B,400000,400000,2,28,1,79716,75330,1
7848,B,1000000,1000000,2,28,1,50990,73299,1
7849,B,800000,800000,2,45,1,,40185,1
7850,B,700000,200000,6,21,0,9723,13657,1
7851,B,1000000,1000000,3,25,1,0,43155,1
7852,B,500000,500000,2,23,1,0,4644,1
7853,B,800000,800000,2,47,1,,136994,1
7854,B,800000,800000,2,48,1,12940,51183,1
7855,B,700000,700000,2,30,1,8058,29051,1
7856,B,800000,800000,3,64,1,0,3267,1
7857,B,1200000,1200000,2,29,1,64614,9395,1
7858,B,800000,300000,2,24,1,248470,35506,1
7859,B,200000,200000,2,24,0,8822,23850,1
7860,B,1000000,800000,2,24,1,47234,52560,1
7861,B,500000,500000,2,30,0,3000,32760,1
7862,B,1000000,1000000,2,25,1,47156,36278,1
7863,B,600000,600000,2,25,1,0,33858,1
7864,B,800000,800000,2,28,1,3433,44281,1
7865,B,1100000,300000,6,24,1,67485,49239,1
7866,B,1300000,1300000,2,28,1,67904,55872,1
7867,B,300000,300000,2,24,1,3150,37893,1
7868,B,200000,200000,2,24,1,69432,17082,1
7869,B,200000,200000,6,22,1,36631,11294,1
7870,B,1100000,1100000,2,29,1,125260,11484,1
7871,B,500000,300000,6,21,1,,9168,1
7872,B,1300000,1300000,2,53,1,101819,17494,1
7873,B,600000,600000,5,53,0,,34889,1
7874,B,1300000,800000,2,47,1,79261,47214,1
7875,A,700000,700000,2,24,1,227167,80555,1
7876,A,1300000,1300000,2,34,0,346297,153371,1
7877,B,800000,800000,2,31,1,5929,11897,1
7878,A,1100000,1100000,2,29,1,48642,49580,1
7879,B,500000,300000,7,59,1,1976,4860,1
7880,B,1300000,1300000,2,33,1,65385,180000,1
7881,B,1000000,1000000,2,24,1,159567,12870,1
7882,B,700000,200000,6,21,1,18184,20081,1
7883,B,800000,800000,4,51,1,,73481,1
7884,B,900000,900000,2,24,1,118668,22747,1
7885,B,900000,900000,2,24,1,0,22747,1
7886,B,500000,500000,2,24,0,113458,31770,1
7887,B,1100000,1100000,2,24,1,104276,7245,1
7888,B,1300000,1300000,3,28,1,63452,180000,1
7889,B,200000,200000,2,24,1,3565,11673,1
7890,B,800000,300000,2,21,1,62598,6085,1
7891,B,800000,800000,2,35,0,117650,13019,1
7892,B,1100000,1100000,5,47,1,44545,27225,1
7893,B,600000,300000,4,51,1,2926,4329,1
7894,B,500000,500000,2,25,1,23677,14257,1
7895,B,1200000,1200000,3,26,1,131235,17325,1
7896,B,1100000,300000,2,25,1,138579,38610,1
7897,B,900000,900000,5,28,1,64511,37949,1
7898,B,200000,200000,2,24,1,79482,23400,1
7899,B,500000,300000,2,28,1,12085,35338,1
7900,B,200000,200000,7,47,1,0,18044,1
7901,B,800000,300000,12,52,1,39738,3960,1
7902,B,600000,600000,2,25,1,0,36199,1
7903,B,800000,800000,2,23,1,1691,4491,1
7904,B,700000,200000,6,20,1,123805,20628,1
7905,B,900000,300000,6,22,1,41658,27839,1
7906,B,400000,300000,6,21,1,542390,8820,1
7907,B,800000,800000,2,36,1,,22860,1
7908,B,1200000,800000,2,24,1,75058,23306,1
7909,B,500000,300000,6,21,1,7391,17424,1
7910,R,500000,300000,6,23,1,120238,32782,1
7911,B,1000000,300000,6,24,1,176589,9108,1
7912,B,700000,700000,2,34,1,7276,5185,1
7913,B,1000000,1000000,2,27,1,124997,40583,1
7914,B,800000,800000,2,35,1,6772,9758,1
7915,B,800000,800000,7,51,1,57278,2484,1
7916,B,500000,300000,6,21,1,0,9639,1
7917,B,1000000,1000000,2,59,1,232825,38610,1
7918,B,1100000,1100000,2,32,1,80670,33462,1
7919,B,1200000,1200000,2,39,0,0,151965,1
7920,B,700000,200000,2,26,1,129765,9388,1
7921,B,800000,800000,2,28,1,66043,17325,1
7922,B,700000,300000,6,23,1,28726,11754,1
7923,B,500000,500000,2,24,1,3342,14099,1
7924,B,300000,300000,6,23,1,163973,53896,1
7925,B,700000,200000,6,19,1,107106,19143,1
7926,B,300000,300000,2,58,1,3824,110178,1
7927,B,500000,300000,4,43,1,322810,31037,1
7928,B,800000,300000,4,51,1,23673,6039,1
7929,B,500000,300000,7,39,1,0,84447,1
7930,B,1100000,900000,2,24,1,55695,24046,1
7931,B,1200000,300000,4,59,1,50433,39798,1
7932,B,700000,300000,5,49,1,57492,28156,1
7933,B,700000,200000,7,23,1,35191,41082,1
7934,B,500000,300000,4,41,1,0,8802,1
7935,B,1100000,300000,7,28,1,12871,3600,1
7936,B,1000000,1000000,10,29,1,132214,21938,1
7937,B,1000000,300000,11,51,1,12239,9504,1
7938,B,800000,300000,7,54,1,0,65219,1
7939,B,800000,300000,4,50,1,3335,193376,1
7940,B,800000,300000,6,20,1,72678,19765,1
7941,B,1300000,1000000,4,61,1,119853,27251,1
7942,B,300000,300000,2,25,1,8643,22365,1
7943,B,1300000,1300000,3,31,1,81055,30384,1
7944,B,800000,300000,2,24,1,0,9883,1
7945,B,700000,300000,2,29,1,1735,37516,1
7946,B,700000,700000,2,23,1,13471,3960,1
7947,A,800000,800000,2,27,1,53771,10845,1
7948,B,1300000,1300000,2,32,1,101935,6416,1
7949,B,700000,700000,2,26,1,51668,7128,1
7950,B,700000,300000,5,64,1,5225,4545,1
7951,B,800000,300000,7,57,1,10951,16980,1
7952,B,1200000,300000,4,57,1,134586,2565,1
7953,B,700000,300000,7,53,1,25504,22275,1
7954,B,200000,200000,2,41,1,7690,28232,1
7955,B,600000,600000,2,24,1,1881,7049,1
7956,B,200000,200000,6,20,1,73879,6672,1
7957,B,200000,200000,6,23,1,93900,15345,1
7958,B,1000000,600000,5,55,1,73540,170172,1
7959,B,700000,200000,6,22,1,64734,6840,1
7960,B,800000,800000,5,50,1,561,64944,1
7961,B,700000,200000,6,21,1,128299,12114,1
7962,B,600000,300000,6,23,1,0,7488,1
7963,B,1100000,300000,7,30,1,72493,17350,1
7964,R,1100000,1100000,4,42,1,1330,61618,1
7965,B,500000,300000,6,22,1,8047,5848,1
7966,B,600000,600000,2,28,1,68445,9000,1
7967,B,700000,700000,2,28,1,19243,4451,1
7968,B,400000,400000,3,28,1,0,8510,1
7969,B,600000,300000,6,23,1,8653,18405,1
7970,A,600000,600000,2,28,1,4900,12672,1
7971,B,800000,800000,2,27,1,22432,17105,1
7972,B,500000,500000,2,26,1,61917,28976,1
7973,B,600000,600000,2,27,0,6417,23463,1
7974,B,400000,300000,6,21,1,17306,2138,1
7975,B,1300000,1300000,2,38,1,22656,2690,1
7976,B,1300000,1300000,2,27,1,0,25830,1
7977,B,500000,500000,5,46,1,39430,1606,1
7978,B,1300000,1100000,7,28,1,0,39610,1
7979,B,1300000,1300000,7,51,1,24128,25577,1
7980,B,800000,300000,7,47,1,33789,4446,1
7981,B,800000,800000,3,44,1,8855,2952,1
7982,B,800000,400000,2,44,1,0,43353,1
7983,B,200000,200000,2,33,1,19998,21958,1
7984,B,800000,800000,2,53,1,28525,28800,1
7985,B,600000,600000,2,30,1,0,99248,1
7986,B,700000,700000,2,27,1,21287,4653,1
7987,A,700000,200000,6,21,1,170263,38339,1
7988,B,700000,400000,2,22,1,214684,11245,1
7989,B,1300000,1300000,2,52,0,2800,12867,1
7990,A,700000,200000,7,21,1,27016,11880,1
7991,B,1000000,1000000,2,25,1,53661,13420,1
7992,A,200000,200000,3,53,1,196111,72723,1
7993,B,700000,700000,11,24,1,95803,40701,1
7994,B,500000,300000,6,22,1,29138,14695,1
7995,B,200000,200000,6,20,1,19970,63258,1
7996,B,200000,200000,5,36,1,59585,16467,1
7997,B,800000,800000,2,54,1,0,9693,1
7998,B,700000,700000,3,39,1,12145,11713,1
7999,B,900000,300000,6,19,1,85453,14643,1
8000,R,1200000,1200000,2,34,1,130300,6840,1
8001,R,1200000,1200000,2,53,1,179190,129741,1
8002,A,700000,200000,6,21,1,9991,6653,1
8003,B,200000,200000,7,23,1,21596,14247,1
8004,B,700000,700000,2,25,1,9602,9990,1
8005,B,300000,300000,6,22,1,39070,18990,1
8006,B,700000,300000,6,23,1,0,9315,1
8007,B,700000,700000,2,30,1,108186,2516,1
8008,B,1200000,1200000,2,41,0,28842,3897,1
8009,B,500000,500000,2,23,1,6810,16461,1
8010,B,200000,200000,6,21,1,0,25174,1
8011,B,400000,300000,6,21,1,7995,15282,1
8012,B,1300000,1300000,2,31,1,141630,17652,1
8013,B,1100000,1100000,2,32,0,13668,12177,1
8014,B,800000,800000,2,50,1,,5961,1
8015,B,1200000,1200000,3,27,1,47760,5067,1
8016,B,1200000,1200000,2,24,1,36480,9911,1
8017,B,700000,700000,3,29,1,6317,13641,1
8018,B,500000,500000,2,27,1,65831,31770,1
8019,B,500000,500000,2,27,1,,31770,1
8020,B,500000,400000,2,25,1,18810,20855,1
8021,B,800000,800000,2,55,1,0,9792,1
8022,B,1300000,1300000,2,46,1,28215,19197,1
8023,B,800000,800000,2,29,1,24632,13515,1
8024,B,1300000,1300000,2,46,1,616,14850,1
8025,B,800000,800000,2,39,1,8718,120950,1
8026,B,1100000,1100000,5,55,1,160038,28512,1
8027,B,800000,800000,2,51,1,0,11106,1
8028,B,800000,800000,2,26,1,18497,91378,1
8029,B,800000,800000,4,39,1,0,39738,1
8030,R,1000000,700000,2,26,1,151516,57577,1
8031,B,1000000,1000000,2,25,1,137685,17748,1
8032,B,700000,200000,6,21,1,466,11234,1
8033,B,700000,700000,2,25,1,16953,17946,1
8034,A,1200000,1200000,2,32,1,296282,17069,1
8035,B,1200000,300000,7,53,1,,19916,1
8036,B,500000,500000,2,27,1,0,19980,1
8037,B,1000000,1000000,2,29,1,100696,4878,1
8038,B,600000,600000,2,24,0,15477,24138,1
8039,B,800000,800000,2,26,1,28986,69705,1
8040,B,700000,700000,2,35,1,35231,46638,1
8041,B,500000,300000,7,51,1,0,64083,1
8042,B,800000,300000,4,66,1,0,12139,1
8043,B,1000000,1000000,2,28,1,37145,50340,1
8044,B,700000,700000,10,59,0,3800,86328,1
8045,B,700000,700000,2,33,0,7410,19305,1
8046,B,600000,600000,2,29,1,51774,28970,1
8047,B,800000,800000,2,28,1,0,10995,1
8048,B,700000,700000,2,32,1,18908,12793,1
8049,B,800000,800000,2,28,1,15081,8820,1
8050,B,400000,400000,2,25,1,0,105145,1
8051,B,800000,800000,8,67,0,0,16940,1
8052,B,1200000,1200000,2,25,1,0,13262,1
8053,B,600000,600000,2,25,1,11694,21369,1
8054,B,800000,800000,10,52,0,,180000,1
8055,B,1100000,1100000,2,26,1,35268,16503,1
8056,B,1300000,1300000,2,35,1,71883,2777,1
8057,B,700000,700000,2,26,1,15591,13464,1
8058,B,1200000,1200000,2,30,1,19568,11673,1
8059,B,800000,800000,2,33,0,0,26058,1
8060,B,200000,200000,2,25,1,88024,9218,1
8061,B,200000,200000,6,21,1,85320,18612,1
8062,B,1100000,1100000,2,24,1,26372,30422,1
8063,B,1000000,300000,6,25,1,157266,5501,1
8064,B,800000,800000,8,70,0,27484,58410,1
8065,B,800000,800000,5,57,1,21090,38790,1
8066,B,800000,800000,2,36,1,0,28800,1
8067,B,600000,600000,2,25,1,19406,16830,1
8068,B,300000,300000,7,36,1,64352,76487,1
8069,B,800000,800000,2,54,1,8480,10158,1
8070,B,1000000,400000,2,24,1,59666,13950,1
8071,B,1000000,1000000,2,31,1,24691,99468,1
8072,B,500000,500000,2,24,1,39860,38043,1
8073,B,1300000,1300000,2,34,0,4855,41886,1
8074,B,1000000,1000000,2,32,0,0,35937,1
8075,B,400000,400000,2,28,0,0,91624,1
8076,B,1300000,300000,7,29,1,0,2726,1
8077,B,700000,700000,7,32,1,67228,15200,1
8078,B,1000000,1000000,2,26,0,14013,19692,1
8079,B,700000,700000,4,40,1,11990,62522,1
8080,B,1000000,1000000,2,42,0,5973,14418,1
8081,B,800000,800000,2,30,0,29851,84636,1
8082,B,500000,500000,2,27,1,41770,48635,1
8083,B,1000000,1000000,2,26,0,79605,21042,1
8084,B,900000,900000,2,30,1,46677,7091,1
8085,B,800000,800000,4,58,1,50250,17712,1
8086,B,700000,700000,2,27,0,72135,11823,1
8087,B,500000,500000,2,43,1,3624,11772,1
8088,B,700000,700000,2,40,1,50181,41604,1
8089,B,700000,700000,2,30,1,30285,16168,1
8090,B,700000,300000,4,61,1,35753,19800,1
8091,B,600000,600000,2,25,1,56260,48330,1
8092,B,1300000,1300000,2,38,1,,21615,1
8093,B,300000,300000,2,31,0,175816,2178,1
8094,B,800000,500000,7,70,1,55832,6257,1
8095,B,800000,800000,5,40,1,56829,33611,1
8096,B,1100000,300000,6,22,1,0,23454,1
8097,B,400000,400000,2,24,1,0,16532,1
8098,B,700000,700000,2,30,1,28907,12444,1
8099,A,1300000,1300000,2,33,1,81756,15588,1
8100,B,600000,600000,2,25,1,0,11772,1
8101,B,200000,200000,6,21,0,5282,13139,1
8102,B,1200000,1200000,2,44,1,66076,58797,1
8103,B,1300000,1300000,2,40,0,17233,62648,1
8104,B,1500000,1500000,2,31,1,0,13168,1
8105,B,800000,800000,5,77,0,64283,6298,1
8106,B,1000000,1000000,2,31,0,59241,12951,1
8107,B,800000,800000,5,30,1,1727,180000,1
8108,B,900000,900000,2,26,0,0,42165,1
8109,A,1300000,300000,8,69,1,28811,11094,1
8110,B,600000,600000,3,56,1,47987,67320,1
8111,B,700000,700000,2,27,0,0,34894,1
8112,B,500000,300000,6,24,0,49710,24310,1
8113,B,200000,200000,5,26,0,32148,36577,1
8114,B,200000,200000,7,55,1,16949,15330,1
8115,B,1300000,1300000,1,55,1,0,35730,1
8116,B,500000,300000,6,23,1,2640,80280,1
8117,B,500000,500000,2,25,0,0,3555,1
8118,B,800000,800000,2,41,1,48330,53055,1
8119,B,800000,800000,2,67,1,653936,594,1
8120,R,200000,200000,1,48,1,19522,18326,1
8121,B,1300000,1300000,2,52,1,47510,180000,1
8122,B,800000,800000,2,29,1,3933,1080,1
8123,A,1300000,1300000,2,59,1,109960,1036,1
8124,B,700000,200000,6,23,1,0,17300,1
8125,B,1200000,1200000,2,26,1,10200,37908,1
8126,B,1000000,300000,7,40,1,33671,16024,1
8127,B,1000000,1000000,2,27,0,377178,24840,1
8128,B,600000,300000,6,22,1,21791,16011,1
8129,B,1300000,1300000,2,51,1,261562,34155,1
8130,B,1000000,1000000,3,60,1,0,44145,1
8131,B,1000000,1000000,2,26,1,0,23850,1
8132,B,1100000,300000,6,25,1,4703,27324,1
8133,B,1300000,1300000,5,54,1,149086,28566,1
8134,B,700000,700000,3,26,0,,9990,1
8135,B,800000,800000,2,58,1,0,59625,1
8136,B,1300000,1300000,2,25,1,44302,27622,1
8137,B,600000,300000,6,23,1,,43752,1
8138,B,400000,400000,2,25,0,,14940,1
8139,B,700000,200000,6,22,0,70963,6035,1
8140,B,1000000,1000000,2,25,1,17243,2982,1
8141,B,1100000,600000,13,62,1,0,26784,1
8142,B,600000,500000,2,51,1,27909,3414,1
8143,B,700000,700000,2,24,1,23701,28674,1
8144,B,1000000,1000000,2,32,0,0,83844,1
8145,B,1300000,1300000,2,50,1,111548,43264,1
8146,B,600000,500000,2,24,1,24389,9604,1
8147,B,700000,200000,7,64,1,101258,66420,1
8148,B,500000,500000,2,23,0,33982,18630,1
8149,A,1100000,300000,6,22,1,130533,11880,1
8150,B,1000000,1000000,3,61,0,26079,20016,1
8151,B,1000000,1000000,2,27,1,2616,15092,1
8152,B,1100000,1100000,2,29,1,25542,12564,1
8153,B,1100000,300000,2,54,1,0,28107,1
8154,B,800000,800000,3,24,1,0,9445,1
8155,B,400000,400000,2,24,0,57857,14100,1
8156,B,800000,800000,2,26,1,76238,27591,1
8157,B,900000,300000,7,54,1,0,0,1
8158,B,500000,300000,6,21,1,0,5667,1
8159,B,1000000,1000000,2,26,0,16308,2356,1
8160,B,500000,500000,2,52,1,31308,2772,1
8161,B,800000,800000,2,45,0,0,50094,1
8162,B,400000,300000,7,30,1,13471,14521,1
8163,B,1000000,1000000,2,24,1,35686,5257,1
8164,B,500000,300000,6,20,0,246935,16109,1
8165,B,500000,500000,2,23,1,0,17191,1
8166,B,1200000,1200000,2,34,0,7902,64047,1
8167,A,1200000,1200000,2,25,1,34376,79386,1
8168,B,700000,700000,2,34,0,33241,16940,1
8169,B,700000,700000,2,25,1,29260,29256,1
8170,B,800000,800000,2,32,1,0,46323,1
8171,B,200000,200000,2,26,1,26523,213921,1
8172,A,700000,700000,2,26,1,265762,39482,1
8173,B,700000,700000,2,53,1,0,60552,1
8174,B,1100000,1100000,1,54,1,133519,53343,1
8175,A,800000,800000,2,32,1,398088,54945,1
8176,B,600000,600000,2,29,1,81480,67914,1
8177,R,800000,800000,8,72,0,75941,1917,0
8178,A,800000,800000,4,54,1,2993,12904,0
8179,A,800000,500000,8,67,1,2398,103063,0
8180,B,700000,700000,4,62,1,470470,7980,0
8181,A,800000,800000,7,48,1,9424,14754,0
8182,A,1000000,1000000,2,50,1,500949,69160,0
8183,A,800000,800000,5,55,1,53803,190000,0
8184,A,700000,700000,4,47,1,3605,62583,0
8185,R,1200000,1200000,2,60,0,263140,16507,0
8186,A,1200000,1200000,4,48,1,441739,38247,0
8187,B,600000,300000,7,49,1,17803,38665,0
8188,B,700000,700000,2,55,1,93958,12825,0
8189,R,1300000,300000,13,57,1,16889,44172,0
8190,R,1300000,1300000,4,66,1,14487,39092,0
8191,B,1200000,1200000,2,47,1,15025,29213,0
8192,R,800000,800000,12,46,1,251173,25118,0
8193,A,800000,800000,3,41,1,18175,190000,0
8194,R,800000,800000,8,74,1,11433,12081,0
8195,A,800000,300000,7,45,1,6000,11077,0
8196,A,1200000,1200000,2,44,1,352440,8360,0
8197,B,800000,300000,7,54,1,72795,9348,0
8198,A,500000,300000,7,54,1,0,6270,0
8199,A,1300000,1200000,2,64,1,118400,22188,0
8200,B,1300000,1300000,1,72,1,132712,36889,0
8201,A,800000,800000,2,55,1,148622,83600,0
8202,R,800000,800000,10,61,0,8702,10496,0
8203,A,1000000,1000000,2,58,0,25133,12834,0
8204,A,800000,800000,2,52,1,127062,66206,0
8205,B,1200000,300000,4,77,1,91888,21051,0
8206,B,1100000,1100000,8,86,0,124949,41402,0
8207,B,800000,800000,2,53,0,4209,28396,0
8208,A,1000000,1000000,2,43,1,112765,7515,0
8209,B,1100000,1100000,2,44,1,88541,51530,0
8210,A,700000,700000,4,43,1,0,95268,0
8211,A,1200000,300000,7,51,1,68757,3159,0
8212,R,800000,800000,2,53,1,8417,16245,0
8213,A,1000000,1000000,10,53,1,0,33725,0
8214,B,700000,700000,4,53,1,22411,13538,0
8215,A,1300000,300000,4,58,1,86856,32543,0
8216,R,500000,500000,2,43,1,3077,33440,0
8217,B,1000000,1000000,5,77,1,57058,52902,0
8218,R,800000,800000,2,45,0,29175,104556,0
8219,A,1100000,1100000,4,42,1,307863,38515,0
8220,R,600000,600000,2,40,1,8495,33896,0
8221,A,700000,500000,8,80,0,10000,2556,0
8222,B,1300000,1300000,4,70,1,129491,27800,0
8223,A,700000,200000,8,80,1,10127,38295,0
8224,B,800000,300000,8,74,1,9831,25517,0
8225,A,1200000,1200000,4,62,1,12254,2804,0
8226,R,800000,300000,7,69,1,25439,6232,0
8227,A,500000,300000,8,72,1,27538,2458,0
8228,B,1200000,1200000,2,43,1,258956,13043,0
8229,B,700000,300000,4,88,1,,17106,0
8230,A,800000,700000,7,50,1,127524,207532,0
8231,A,1300000,1300000,10,51,1,13489,15962,0
8232,R,900000,600000,2,70,1,3877,25787,0
8233,A,900000,400000,8,67,1,0,30237,0
8234,B,1100000,700000,2,24,1,209198,0,0
8235,B,800000,800000,2,61,1,18428,314,0
8236,A,1000000,1000000,2,39,1,105423,15609,0
8237,R,800000,200000,2,48,1,21695,18905,0
8238,B,800000,800000,2,42,0,423727,9500,0
8239,R,800000,300000,5,72,1,,16198,0
8240,A,1100000,300000,4,40,1,55443,5736,0
8241,R,800000,800000,2,37,1,43250,87289,0
8242,A,700000,700000,12,69,1,33556,14897,0
8243,A,600000,600000,8,79,1,34501,8157,0
8244,R,800000,800000,1,50,0,10643,9071,0
8245,A,1100000,1100000,2,41,1,67285,0,0
8246,A,800000,800000,2,47,1,20001,8641,0
8247,B,700000,700000,8,90,1,2501,4632,0
8248,A,1300000,1300000,2,49,1,113222,20331,0
8249,B,1200000,1200000,2,43,0,135149,65907,0
8250,R,800000,800000,3,47,0,5824,90965,0
8251,A,800000,800000,2,40,1,166386,4054,0
8252,A,800000,800000,2,66,1,0,0,0
8253,A,600000,600000,8,84,1,15202,2180,0
8254,A,1100000,1100000,2,65,1,349883,26044,0
8255,A,1300000,300000,7,62,1,5586,84347,0
8256,R,800000,800000,2,52,1,22507,24056,0
8257,A,800000,800000,1,44,0,79525,118085,0
8258,B,800000,300000,4,72,1,25223,1321,0
8259,R,800000,500000,2,35,1,10916,47543,0
8260,B,700000,700000,2,39,1,143225,76856,0
8261,A,800000,800000,3,54,1,0,182818,0
8262,R,1300000,1300000,10,59,0,137319,83653,0
8263,A,800000,800000,1,62,0,30358,100111,0
8264,B,800000,800000,1,43,0,3264,122265,0
8265,B,1000000,1000000,2,42,1,63358,12730,0
8266,B,1200000,1200000,2,43,1,59701,31398,0
8267,A,800000,800000,2,34,0,33280,38105,0
8268,B,800000,800000,3,42,0,8798,59831,0
8269,R,1200000,300000,7,55,1,214568,42365,0
8270,A,800000,300000,4,64,1,,59090,0
8271,A,1300000,1300000,4,51,1,33465,26458,0
8272,R,1100000,300000,4,70,1,50905,76947,0
8273,B,700000,700000,10,32,1,5316,34637,0
8274,B,800000,300000,7,62,1,2918,1937,0
8275,R,1100000,300000,13,45,1,45480,5231,0
8276,A,1100000,1100000,2,48,1,362947,69388,0
8277,A,1200000,1200000,2,43,1,80706,20425,0
8278,A,800000,800000,4,43,1,48235,36679,0
8279,B,700000,300000,4,73,1,0,21423,0
8280,A,800000,800000,2,31,1,24843,27721,0
8281,R,1200000,1200000,1,52,0,220344,0,0
8282,A,800000,800000,3,62,1,2432,138192,0
8283,A,400000,300000,8,78,1,7387,941,0
8284,A,700000,700000,2,34,1,328,23200,0
8285,B,800000,800000,2,58,0,6368,17243,0
8286,B,1300000,1300000,2,33,0,200674,85824,0
8287,A,800000,800000,2,44,1,7695,60052,0
8288,A,800000,500000,2,28,1,2717,59275,0
8289,R,1300000,1300000,2,35,0,8047,23273,0
8290,R,800000,0,7,37,1,28076,101413,0
8291,A,600000,600000,1,41,1,78323,200003,0
8292,R,1200000,300000,5,42,1,178605,100320,0
8293,R,1200000,300000,5,42,1,,100320,0
8294,A,800000,800000,2,58,1,3078,32918,0
8295,B,800000,300000,4,70,1,18508,4882,0
8296,A,800000,300000,7,54,1,7942,190000,0
8297,R,700000,700000,2,30,1,,11495,0
8298,A,800000,800000,3,35,1,31107,28536,0
8299,R,800000,800000,8,73,1,29791,3558,0
8300,A,500000,300000,11,30,1,2470,12797,0
8301,R,1300000,1300000,2,54,1,235562,27275,0
8302,A,800000,800000,2,39,1,6277,18644,0
8303,B,800000,800000,4,70,1,35883,92749,0
8304,R,800000,800000,3,59,1,35889,1672,0
8305,B,800000,800000,2,37,0,44757,14374,0
8306,A,1300000,800000,2,32,1,35373,20483,0
8307,A,800000,800000,2,51,1,140839,57469,0
8308,B,500000,500000,2,45,0,0,15932,0
8309,B,500000,500000,2,28,1,14150,6631,0
8310,A,700000,700000,2,40,0,940,55699,0
8311,A,800000,800000,3,57,1,,63536,0
8312,R,1200000,300000,2,25,1,54450,32965,0
8313,R,700000,700000,2,38,1,109030,2451,0
8314,R,1000000,1000000,7,64,1,0,22050,0
8315,R,1300000,1300000,3,54,1,49775,134858,0
8316,R,800000,800000,2,31,1,,2258,0
8317,B,1300000,1300000,2,56,1,92235,44042,0
8318,A,500000,500000,2,27,0,76081,6046,0
8319,R,700000,700000,2,26,1,22820,35055,0
8320,R,400000,400000,5,44,1,32941,47169,0
8321,A,1200000,1200000,2,23,1,488871,8910,0
8322,R,800000,800000,3,30,1,44367,50958,0
8323,B,700000,700000,3,34,1,8376,47595,0
8324,R,500000,500000,2,23,1,51596,7524,0
8325,A,800000,800000,2,31,1,111926,181830,0
8326,A,1200000,1200000,2,33,1,193268,96140,0
8327,B,800000,800000,2,37,1,800,64363,0
8328,A,700000,700000,3,40,1,22572,28215,0
8329,B,800000,800000,7,42,1,48040,52250,0
8330,R,800000,800000,2,36,1,30302,142411,0
8331,A,800000,800000,2,35,0,87258,21233,0
8332,A,600000,600000,2,31,1,38594,56430,0
8333,A,1200000,1200000,7,59,1,274216,49742,0
8334,A,700000,700000,2,28,0,0,47025,0
8335,R,1100000,1100000,2,32,1,13771,8930,0
8336,B,1300000,1300000,3,28,1,188192,56062,0
8337,R,700000,700000,2,28,1,9405,28738,0
8338,A,1100000,1100000,1,61,0,67351,62416,0
8339,R,700000,500000,2,28,1,8392,10670,0
8340,A,800000,800000,2,30,1,,8360,0
8341,A,500000,300000,12,50,1,9507,13167,0
8342,R,700000,700000,2,33,1,18499,10984,0
8343,B,800000,800000,2,28,0,130693,12009,0
8344,A,1100000,600000,5,54,1,126430,70015,0
8345,A,600000,600000,2,29,1,,57998,0
8346,A,1300000,1300000,2,31,1,230094,2166,0
8347,A,300000,300000,2,30,1,193065,21622,0
8348,A,1200000,1200000,2,38,1,18288,21713,0
8349,A,1100000,1100000,2,30,1,,33231,0
8350,B,1100000,1100000,2,25,1,17364,51907,0
8351,A,1200000,1200000,2,32,1,21977,2376,0
8352,A,800000,800000,2,31,0,27264,19855,0
8353,A,800000,800000,2,33,1,,18867,0
8354,B,800000,800000,2,28,1,15922,47933,0
8355,R,1000000,1000000,2,28,1,15678,22515,0
8356,R,800000,800000,4,64,1,8656,9405,0
8357,A,1200000,1200000,2,56,1,239474,17313,0
8358,A,800000,800000,3,58,1,0,29612,0
8359,A,1300000,1300000,2,58,0,328474,11590,0
8360,A,1100000,300000,2,33,1,13003,10921,0
8361,A,700000,700000,8,87,1,16286,1992,0
8362,A,1200000,1200000,2,35,1,58682,36908,0
8363,A,200000,200000,6,21,1,,25265,0
8364,B,600000,600000,2,38,1,1891,12839,0
8365,R,600000,600000,3,34,1,31177,1891,0
8366,A,700000,700000,2,64,0,2143,2592,0
8367,A,900000,300000,8,81,0,41340,5221,0
8368,R,800000,800000,2,38,0,,11452,0
8369,R,600000,600000,2,30,1,16122,26255,0
8370,R,200000,200000,2,37,1,,14839,0
8371,R,1300000,300000,7,39,1,130202,6984,0
8372,A,400000,300000,7,29,1,34440,12540,0
8373,B,700000,300000,7,63,1,10828,5127,0
8374,A,800000,800000,2,30,1,37040,38171,0
8375,A,1100000,300000,4,64,1,73650,4654,0
8376,B,1500000,1500000,2,53,1,1052129,4978,0
8377,R,1300000,800000,2,51,1,50526,0,0
8378,B,1300000,1300000,2,26,1,20390,56421,0
8379,R,1100000,1100000,2,25,1,50455,24407,0
8380,B,1200000,900000,2,25,1,450035,84979,0
8381,A,1100000,300000,2,25,1,296515,1302,0
8382,B,1300000,300000,2,53,1,155155,102972,0
8383,R,1300000,1300000,2,48,1,70833,16616,0
8384,B,700000,700000,2,25,1,0,7219,0
8385,B,800000,800000,2,29,0,0,9056,0
8386,A,800000,800000,2,29,1,38292,0,0
8387,R,1200000,1200000,3,33,1,2090,12841,0
8388,B,700000,700000,2,24,1,50704,26829,0
8389,A,800000,300000,2,36,1,19664,55006,0
8390,R,800000,500000,2,31,1,164068,44717,0
8391,B,200000,200000,6,23,1,44085,6375,0
8392,R,500000,500000,2,26,0,3021,20900,0
8393,A,200000,200000,6,20,0,18427,7912,0
8394,A,200000,200000,6,20,1,25014,10375,0
8395,R,400000,300000,6,21,1,3000,12350,0
8396,R,800000,800000,2,27,1,8939,20691,0
8397,R,700000,200000,6,19,1,81822,24083,0
8398,A,800000,800000,2,49,1,170162,190000,0
8399,B,600000,600000,5,25,1,16016,37331,0
8400,B,700000,700000,2,24,1,7700,13272,0
8401,A,800000,800000,5,42,1,,31085,0
8402,R,700000,300000,7,50,1,19510,9405,0
8403,A,500000,500000,2,23,1,72155,17765,0
8404,A,800000,300000,6,23,1,61809,22415,0
8405,A,600000,600000,1,54,0,62033,32186,0
8406,A,600000,300000,7,49,1,117338,14754,0
8407,A,500000,500000,2,26,0,,26125,0
8408,A,1000000,300000,6,21,1,24279,31498,0
8409,A,200000,200000,5,26,1,7710,21685,0
8410,A,800000,800000,2,51,1,105,49505,0
8411,A,1100000,800000,2,28,1,37725,60401,0
8412,B,800000,800000,2,29,1,,83705,0
8413,R,800000,800000,2,42,1,90516,190000,0
8414,B,1300000,1300000,2,46,0,51595,36575,0
8415,A,1000000,1000000,3,46,1,23504,672,0
8416,R,800000,300000,2,49,1,116470,190000,0
8417,A,700000,700000,2,27,1,7266,44441,0
8418,A,700000,200000,6,20,1,204335,9217,0
8419,B,400000,400000,2,28,1,24292,3715,0
8420,B,800000,300000,4,53,1,,87049,0
8421,A,1300000,1300000,2,45,0,58311,18810,0
8422,R,500000,300000,6,22,1,63169,20900,0
8423,A,1000000,1000000,2,48,1,121421,7838,0
8424,B,1100000,800000,7,24,1,3040,10346,0
8425,R,700000,600000,2,23,1,57638,12208,0
8426,A,1300000,1300000,4,57,1,22465,637,0
8427,A,800000,800000,8,75,0,7071,3667,0
8428,R,800000,800000,2,47,1,29681,26555,0
8429,A,800000,800000,5,57,1,295221,57756,0
8430,A,800000,800000,5,57,1,,57756,0
8431,A,800000,300000,7,57,1,9955,11492,0
8432,R,1300000,1300000,2,32,1,410950,6661,0
8433,A,1100000,1100000,2,38,1,88022,43720,0
8434,R,1300000,1300000,7,57,1,22693,6451,0
8435,B,800000,800000,2,32,1,14807,16779,0
8436,A,1300000,1300000,2,60,1,196848,46287,0
8437,A,700000,700000,3,22,1,0,38368,0
8438,R,800000,800000,2,61,1,172987,1558,0
8439,A,1000000,300000,8,91,1,189233,18771,0
8440,A,1300000,1300000,2,68,0,75512,18336,0
8441,A,800000,800000,2,24,1,3477,20492,0
8442,B,600000,600000,2,61,1,1564,27889,0
8443,B,500000,500000,8,78,1,0,1891,0
8444,R,800000,800000,2,61,1,13459,3004,0
8445,B,1200000,300000,7,63,1,90063,826,0
8446,A,1200000,700000,8,67,1,67496,5197,0
8447,A,600000,300000,8,82,1,3781,10626,0
8448,A,500000,500000,5,49,1,16979,9140,0
8449,A,700000,700000,2,24,1,72456,9109,0
8450,A,900000,500000,1,62,1,43200,23826,0
8451,B,1200000,1200000,2,24,1,44993,7128,0
8452,A,1100000,1100000,5,54,1,214225,149639,0
8453,A,1300000,1300000,4,59,1,54459,26844,0
8454,B,600000,600000,2,30,1,2986,1805,0
8455,A,1000000,1000000,2,32,1,76920,120968,0
8456,R,800000,800000,2,55,0,8664,74610,0
8457,B,1300000,1300000,2,41,1,12214,20520,0
8458,B,800000,800000,2,52,1,30822,26474,0
8459,A,700000,700000,2,27,0,95211,6489,0
8460,A,1300000,1300000,2,44,0,362380,84992,0
8461,B,1200000,900000,2,25,1,23617,14022,0
8462,R,700000,700000,2,28,1,59565,104544,0
8463,A,800000,800000,10,24,1,20028,46078,0
8464,A,900000,900000,2,26,1,74443,1615,0
8465,B,800000,800000,2,29,0,341000,149580,0
8466,A,800000,800000,3,53,1,14342,11004,0
8467,A,500000,300000,12,36,1,4560,41800,0
8468,A,700000,700000,5,53,0,19855,30096,0
8469,A,1300000,1300000,1,50,1,84878,0,0
8470,A,700000,700000,2,41,1,7499,21318,0
8471,B,1300000,1300000,3,38,1,0,12601,0
8472,A,1300000,1300000,2,51,1,27433,83010,0
8473,A,1100000,1100000,2,46,1,54889,22990,0
8474,B,1200000,1100000,2,34,1,188668,40660,0
8475,B,600000,500000,12,56,1,17918,156750,0
8476,A,700000,700000,2,28,1,19903,76285,0
8477,R,800000,800000,2,58,1,0,4750,0
8478,R,700000,700000,2,36,1,,12227,0
8479,R,800000,300000,7,58,1,6270,30908,0
8480,A,600000,600000,10,30,0,,64676,0
8481,B,700000,700000,7,52,1,50691,22301,0
8482,B,1200000,1200000,2,50,1,103202,87487,0
8483,A,800000,800000,3,31,1,,63749,0
8484,R,600000,600000,12,42,1,35180,5168,0
8485,A,1000000,1000000,2,45,0,67779,47025,0
8486,R,1200000,1200000,2,23,1,27475,922,0
8487,A,700000,700000,2,40,0,14203,165231,0
8488,A,800000,800000,2,54,1,0,198601,0
8489,R,800000,800000,2,27,1,57475,47701,0
8490,B,1000000,300000,4,50,1,,133903,0
8491,R,1100000,1100000,2,23,0,21367,80278,0
8492,R,1300000,800000,2,52,1,163589,32220,0
8493,A,800000,800000,2,60,0,124727,5225,0
8494,A,600000,600000,2,34,1,209295,99545,0
8495,A,700000,700000,2,58,1,,182875,0
8496,B,1200000,1200000,10,29,1,378926,81301,0
8497,R,1100000,1100000,3,44,1,20330,5273,0
8498,A,1000000,1000000,1,51,1,81220,58311,0
8499,A,1100000,300000,6,22,0,162268,17820,0
8500,R,900000,900000,2,25,1,81354,104025,0
8501,R,800000,300000,11,61,0,42137,8883,0
8502,A,700000,700000,2,30,0,0,22677,0
8503,A,800000,800000,2,43,1,,155705,0
8504,R,1300000,1300000,2,31,1,215466,67492,0
8505,A,700000,700000,4,47,1,81044,134900,0
8506,A,500000,500000,10,31,0,42850,84788,0
8507,A,800000,800000,2,29,1,12166,66639,0
8508,R,900000,900000,2,28,1,141399,3800,0
8509,A,500000,500000,2,35,1,,158318,0
8510,R,1000000,300000,7,49,1,357286,44935,0
8511,R,600000,600000,2,35,1,,14108,0
8512,B,700000,700000,2,29,1,64960,2734,0
8513,A,1100000,1100000,2,24,1,274802,51243,0
8514,A,800000,300000,4,59,1,,20216,0
8515,A,700000,300000,7,57,1,26004,21470,0
8516,R,1200000,1200000,10,26,1,3031,6261,0
8517,R,500000,500000,2,45,1,12556,8151,0
8518,B,800000,800000,2,53,1,26476,9586,0
8519,R,1300000,300000,7,50,1,24619,24988,0
8520,R,1300000,1300000,2,41,0,20000,71060,0
8521,B,1100000,1100000,2,26,1,28631,3355,0
8522,B,1100000,1100000,2,42,1,246844,1741,0
8523,A,800000,800000,2,25,0,82665,15968,0
8524,A,800000,800000,10,35,1,43061,82608,0
8525,A,700000,700000,2,57,1,157313,58802,0
8526,R,800000,400000,7,52,1,109593,190000,0
8527,R,200000,200000,6,24,1,122059,45777,0
8528,A,600000,600000,2,58,1,47918,45980,0
8529,B,800000,800000,2,61,1,30250,2832,0
8530,R,600000,600000,2,27,1,18701,75497,0
8531,B,800000,800000,2,23,1,37296,21998,0
8532,B,700000,700000,2,33,1,9301,84588,0
8533,A,1200000,1200000,10,24,1,99670,3818,0
8534,R,1100000,1100000,2,26,1,120844,1045,0
8535,A,500000,300000,11,32,1,56821,8374,0
8536,A,600000,600000,2,30,1,0,75392,0
8537,B,1300000,1300000,2,54,1,90915,65835,0
8538,R,1300000,1300000,2,44,1,55300,40755,0
8539,A,700000,700000,2,38,1,13844,51249,0
8540,B,800000,800000,2,29,1,28300,72675,0
8541,A,1000000,700000,2,28,1,0,48841,0
8542,A,1100000,1100000,2,27,1,30935,10811,0
8543,R,1300000,1300000,2,26,1,183099,16408,0
8544,B,800000,500000,1,44,1,5984,12635,0
8545,B,1100000,1100000,3,27,1,7585,21946,0
8546,R,1200000,1200000,2,27,1,152803,8712,0
8547,A,600000,400000,7,35,1,,57000,0
8548,B,500000,500000,5,56,1,141230,23247,0
8549,B,700000,700000,4,50,1,,36053,0
8550,A,500000,500000,2,25,1,577452,1254,0
8551,B,1200000,1200000,10,26,1,134876,9343,0
8552,B,600000,600000,1,37,0,21000,47025,0
8553,A,1300000,1300000,2,29,1,41861,47025,0
8554,A,1300000,1300000,10,32,1,20864,72105,0
8555,A,800000,800000,1,44,1,87500,27777,0
8556,R,1200000,1200000,2,24,1,55971,19437,0
8557,A,1200000,1200000,2,34,1,5795,41487,0
8558,A,700000,700000,2,23,1,3821,5871,0
8559,R,700000,700000,2,47,0,,17641,0
8560,R,700000,700000,2,25,1,0,17601,0
8561,R,400000,400000,2,30,1,45954,57475,0
8562,A,1300000,1300000,2,28,1,158871,68824,0
8563,B,700000,700000,3,29,1,12083,23513,0
8564,B,600000,300000,8,72,1,1881,2974,0
8565,A,700000,700000,2,31,0,6646,33963,0
8566,A,200000,200000,2,23,1,84858,8235,0
8567,A,900000,900000,2,24,0,8602,13442,0
8568,A,800000,800000,2,35,1,56126,6059,0
8569,A,500000,500000,7,27,1,17626,7781,0
8570,R,1100000,1100000,2,29,1,28870,51229,0
8571,B,800000,800000,2,24,1,304505,26371,0
8572,A,500000,500000,5,35,0,6105,40615,0
8573,R,300000,300000,7,29,1,,11934,0
8574,R,1100000,1100000,2,25,1,96317,3083,0
8575,A,700000,700000,2,26,1,117306,11903,0
8576,A,1100000,1100000,2,40,1,94330,19909,0
8577,A,700000,200000,6,20,1,107765,12996,0
8578,A,700000,200000,6,20,1,,12996,0
8579,A,1200000,1200000,2,30,1,269728,78423,0
8580,A,700000,200000,6,20,1,69599,45777,0
8581,R,1000000,1000000,2,39,0,76230,1264,0
8582,A,700000,700000,2,24,1,44048,13581,0
8583,A,800000,800000,2,47,0,321037,30410,0
8584,R,800000,800000,2,54,1,5827,12678,0
8585,A,600000,600000,2,25,1,,28827,0
8586,B,1100000,900000,2,24,1,40031,7373,0
8587,R,700000,200000,6,19,1,42680,11861,0
8588,A,800000,800000,2,66,1,2831,751,0
8589,A,1100000,300000,12,32,0,164095,13332,0
8590,B,800000,800000,4,63,1,22662,3269,0
8591,B,1200000,300000,4,57,1,0,45074,0
8592,B,800000,800000,10,27,1,51359,36416,0
8593,A,1000000,1000000,3,26,0,42810,42183,0
8594,R,600000,600000,2,52,1,41211,0,0
8595,A,1300000,1300000,4,59,1,32783,33459,0
8596,A,800000,800000,2,36,0,,114840,0
8597,B,500000,300000,6,22,1,2952,9472,0
8598,R,1300000,300000,7,61,1,58281,26230,0
8599,A,800000,800000,3,27,1,0,2822,0
8600,A,1000000,1000000,2,25,1,165312,12122,0
8601,B,700000,300000,2,24,1,24272,64411,0
8602,A,800000,500000,2,24,1,96691,36946,0
8603,A,400000,300000,6,20,1,2822,15345,0
8604,B,500000,500000,2,25,1,2876,14706,0
8605,A,800000,800000,2,33,1,,63568,0
8606,B,800000,800000,3,31,1,31089,3861,0
8607,A,1000000,500000,2,34,1,546029,24403,0
8608,A,1000000,500000,2,34,1,,24403,0
8609,R,800000,800000,2,51,0,0,4598,0
8610,A,1300000,1300000,4,53,1,28383,42029,0
8611,B,400000,300000,6,23,1,6589,19979,0
8612,B,800000,700000,5,40,1,84728,15153,0
8613,B,800000,800000,2,27,1,,6061,0
8614,B,900000,900000,2,44,1,229107,14787,0
8615,B,300000,300000,12,31,1,27153,1235,0
8616,A,600000,600000,2,28,1,56115,11208,0
8617,A,1200000,1200000,3,25,1,190412,72762,0
8618,B,1000000,1000000,2,27,1,231253,17461,0
8619,A,700000,700000,2,30,1,23342,38046,0
8620,A,1100000,1100000,2,25,1,79286,15675,0
8621,B,1200000,1200000,2,28,1,83134,22781,0
8622,A,700000,700000,2,22,1,215253,14713,0
8623,R,1300000,1300000,2,31,1,57657,137213,0
8624,A,200000,200000,2,35,1,211270,35392,0
8625,R,1100000,300000,8,64,1,116686,7447,0
8626,B,200000,200000,3,21,1,70103,30191,0
8627,R,500000,500000,2,25,1,0,7733,0
8628,A,1000000,900000,2,24,1,155255,53846,0
8629,R,700000,700000,2,29,1,43890,38456,0
8630,A,700000,700000,13,27,1,121771,190000,0
8631,A,1200000,1200000,2,29,1,122209,40755,0
8632,B,500000,500000,2,24,1,2299,16462,0
8633,A,1300000,1300000,2,56,0,54444,7025,0
8634,A,1200000,1200000,2,28,1,60959,29149,0
8635,B,200000,200000,2,22,1,39155,1900,0
8636,B,500000,500000,3,24,1,13363,4891,0
8637,R,700000,300000,2,20,1,115613,11099,0
8638,B,700000,200000,6,21,1,65980,13971,0
8639,A,1100000,1100000,3,24,1,104895,22593,0
8640,A,300000,300000,7,24,0,1650,12588,0
8641,B,700000,700000,2,24,1,0,2822,0
8642,B,700000,700000,2,27,1,1800,16198,0
8643,A,1000000,300000,7,49,1,170506,7847,0
8644,A,600000,600000,2,24,1,31400,2765,0
8645,B,800000,800000,2,36,1,28738,33858,0
8646,A,1000000,1000000,2,31,1,40036,8197,0
8647,R,700000,200000,6,21,1,138306,62816,0
8648,A,900000,300000,6,21,1,29888,27950,0
8649,R,900000,900000,2,21,0,23812,4427,0
8650,A,800000,300000,7,56,1,0,19855,0
8651,B,700000,300000,7,64,1,27861,1078,0
8652,B,200000,200000,2,24,1,18905,39397,0
8653,A,900000,300000,6,22,1,162979,16407,0
8654,A,700000,200000,6,20,1,197411,9294,0
8655,A,700000,700000,2,24,1,57647,1359,0
8656,B,600000,300000,7,28,1,28069,17102,0
8657,A,700000,200000,6,19,1,42006,3040,0
8658,A,1200000,1200000,3,33,1,63853,5653,0
8659,A,700000,200000,6,19,1,63160,15174,0
8660,B,1100000,1100000,2,29,1,57134,21830,0
8661,B,1300000,1300000,2,59,1,114608,13397,0
8662,A,700000,200000,6,20,1,97318,10450,0
8663,A,800000,300000,6,20,1,82879,18341,0
8664,B,1300000,1300000,2,55,0,124042,21090,0
8665,B,200000,200000,2,25,1,4661,110787,0
8666,A,400000,300000,6,22,1,42369,16473,0
8667,A,1100000,1100000,4,40,1,11259,43206,0
8668,B,600000,300000,11,83,1,22717,28085,0
8669,B,800000,800000,2,28,0,,190000,0
8670,R,900000,900000,4,28,1,148980,190000,0
8671,A,900000,300000,6,23,1,112172,0,0
8672,A,300000,300000,6,21,1,0,12065,0
8673,A,900000,900000,2,22,1,49786,33554,0
8674,R,200000,200000,2,26,1,,14155,0
8675,A,700000,700000,8,82,0,6852,9485,0
8676,A,500000,500000,7,31,1,0,5215,0
8677,R,800000,800000,3,61,1,,11904,0
8678,A,500000,300000,6,21,1,75987,2182,0
8679,A,800000,800000,5,78,0,0,26220,0
8680,A,500000,500000,2,48,1,3392,9301,0
8681,A,500000,500000,2,47,1,51625,25802,0
8682,A,800000,800000,4,65,1,21647,4042,0
8683,A,1100000,300000,2,53,1,131560,0,0
8684,R,700000,700000,3,26,1,47190,144210,0
8685,A,900000,300000,6,22,1,35596,36193,0
8686,R,700000,700000,3,26,1,0,4959,0
8687,R,1200000,300000,4,51,1,239429,20294,0
8688,A,1100000,1100000,2,26,1,45888,22038,0
8689,R,1200000,700000,3,24,1,18772,15772,0
8690,R,800000,800000,3,35,0,36000,2508,0
8691,A,1200000,300000,7,40,1,44390,27662,0
8692,A,200000,200000,6,20,1,249956,9092,0
8693,A,500000,300000,6,21,1,38382,16198,0
8694,A,800000,800000,2,55,1,69884,65610,0
8695,A,200000,200000,6,20,0,,5466,0
8696,R,600000,600000,2,25,1,9032,6260,0
8697,R,500000,500000,2,26,1,55111,26805,0
8698,B,600000,600000,8,83,1,26622,12776,0
8699,A,700000,200000,6,20,1,296330,74243,0
8700,A,700000,700000,2,51,0,345822,2299,0
8701,R,800000,800000,3,50,1,38646,122330,0
8702,A,800000,300000,4,69,1,36529,10479,0
8703,A,1200000,1200000,3,36,0,0,6270,0
8704,B,800000,800000,2,25,1,3621,10821,0
8705,R,1100000,1100000,2,24,0,78200,35225,0
8706,A,700000,400000,2,27,1,92706,72628,0
8707,A,1000000,1000000,2,33,1,26857,116309,0
8708,B,1200000,1200000,2,29,1,56889,5225,0
8709,R,500000,500000,2,34,1,12214,52250,0
8710,B,1100000,1100000,2,33,1,33161,57827,0
8711,A,800000,800000,2,59,0,6834,13680,0
8712,A,500000,300000,11,30,1,93451,163638,0
8713,R,1300000,300000,2,53,1,79037,30714,0
8714,A,600000,300000,7,23,1,40860,12854,0
8715,B,600000,600000,5,35,1,,21423,0
8716,A,600000,600000,2,25,1,,63424,0
8717,A,1300000,700000,2,25,1,90849,10968,0
8718,R,700000,700000,2,58,1,0,8778,0
8719,A,700000,700000,2,24,1,67203,13841,0
8720,B,300000,300000,7,24,1,59618,3915,0
8721,A,500000,500000,2,24,1,7469,11826,0
8722,A,600000,600000,2,65,1,228224,42845,0
8723,A,500000,500000,2,28,1,23681,20514,0
8724,R,600000,300000,8,69,1,18000,27170,0
8725,R,600000,300000,8,69,1,,27170,0
8726,B,1300000,300000,7,61,1,124363,37106,0
8727,R,700000,700000,2,56,1,2979,13475,0
8728,A,300000,300000,2,23,0,,29260,0
8729,A,700000,700000,2,25,1,105898,20255,0
8730,B,1300000,300000,7,62,1,125025,73299,0
8731,R,800000,800000,1,55,1,7106,20061,0
8732,A,700000,700000,2,28,1,137560,30828,0
8733,B,800000,800000,2,55,1,,9803,0
8734,R,1200000,1200000,2,35,0,220770,43796,0
8735,A,700000,200000,6,22,0,48680,47880,0
8736,B,700000,700000,10,25,1,77100,11769,0
8737,R,400000,400000,2,25,0,45980,49115,0
8738,R,800000,800000,2,53,1,,48559,0
8739,A,500000,300000,2,24,0,251359,146626,0
8740,A,700000,700000,2,27,1,7084,4076,0
8741,A,700000,300000,5,42,1,86955,24035,0
8742,R,700000,300000,6,23,1,,19143,0
8743,A,200000,200000,3,20,1,,47998,0
8744,A,500000,500000,2,25,1,94988,14156,0
8745,A,200000,200000,6,23,0,67115,78375,0
8746,A,1000000,1000000,3,24,1,12140,34380,0
8747,A,700000,700000,5,32,1,45439,48145,0
8748,R,1200000,1200000,2,49,1,113824,25499,0
8749,A,400000,400000,4,37,1,7524,29412,0
8750,B,1200000,1200000,2,30,1,143476,48750,0
8751,A,1000000,1000000,13,27,1,68110,17480,0
8752,A,1300000,1300000,2,47,1,81691,59351,0
8753,B,700000,700000,13,56,1,2366,19855,0
8754,A,600000,600000,5,56,1,0,86213,0
8755,A,700000,700000,2,30,1,65340,61655,0
8756,A,600000,600000,10,53,1,862659,116171,0
8757,A,1300000,1300000,2,32,1,43681,75810,0
8758,R,800000,800000,2,31,1,9462,38665,0
8759,A,1000000,300000,6,22,0,20691,27531,0
8760,A,600000,600000,2,24,1,14629,64762,0
8761,B,600000,600000,2,25,1,577700,67137,0
8762,A,500000,500000,3,23,1,20480,21446,0
8763,B,1100000,1100000,2,34,1,101804,24118,0
8764,B,800000,800000,2,26,1,0,21660,0
8765,R,700000,700000,2,25,1,140140,20900,0
8766,A,900000,900000,2,26,1,4703,35993,0
8767,R,600000,600000,2,27,0,,4106,0
8768,A,300000,300000,2,26,1,7681,43525,0
8769,A,900000,300000,6,19,0,56269,15707,0
8770,R,600000,600000,2,27,1,41382,16720,0
8771,B,1000000,1000000,2,24,1,89377,22347,0
8772,R,200000,200000,4,58,1,,12065,0
8773,B,600000,600000,2,26,1,,42323,0
8774,B,500000,400000,2,24,1,82524,0,0
8775,A,200000,200000,6,20,1,,3344,0
8776,B,1200000,300000,4,46,1,15342,15447,0
8777,A,800000,800000,2,46,1,,1450,0
8778,A,800000,800000,2,65,1,51539,29260,0
8779,R,1000000,1000000,2,28,1,,35635,0
8780,R,1100000,1100000,5,35,1,39185,53295,0
8781,A,200000,200000,3,19,1,54578,16245,0
8782,R,600000,600000,4,55,1,25121,22259,0
8783,A,800000,800000,2,32,0,,3392,0
8784,R,1300000,300000,7,39,1,75830,47291,0
8785,R,1000000,1000000,8,78,1,55586,29362,0
8786,A,400000,400000,2,23,1,210722,3155,0
8787,R,600000,300000,7,29,1,10862,9405,0
8788,A,700000,700000,7,22,1,228121,19513,0
8789,R,500000,300000,6,28,0,191930,17622,0
8790,A,1300000,500000,2,47,1,32111,10755,0
8791,A,700000,700000,2,34,0,10015,46455,0
8792,B,1100000,1100000,2,36,0,100713,1988,0
8793,A,1000000,300000,6,21,1,43666,45552,0
8794,B,1100000,300000,6,22,1,36179,183791,0
8795,A,900000,300000,6,20,0,260720,15096,0
8796,B,1100000,1100000,2,38,1,283380,22202,0
8797,A,1200000,1200000,3,24,1,150613,16342,0
8798,R,700000,600000,7,57,1,69181,28500,0
8799,B,600000,300000,4,42,1,118454,54341,0
8800,A,600000,600000,10,30,1,5757,16293,0
8801,A,1000000,900000,2,24,1,68961,1891,0
8802,A,500000,500000,3,24,1,96630,21769,0
8803,B,500000,300000,6,23,1,64683,494,0
8804,B,600000,600000,2,33,0,,21993,0
8805,B,700000,700000,2,26,1,6971,26752,0
8806,B,300000,300000,2,48,1,321418,99224,0
8807,B,500000,500000,10,21,1,0,20112,0
8808,B,800000,300000,7,59,1,12290,71630,0
8809,R,800000,300000,4,61,1,282089,23580,0
8810,B,700000,700000,2,59,0,9000,2613,0
8811,R,700000,700000,2,25,1,7734,6631,0
8812,B,1000000,1000000,2,25,1,162070,25790,0
8813,B,600000,600000,2,28,0,0,68805,0
8814,R,500000,500000,12,59,1,41019,37687,0
8815,A,600000,600000,2,53,1,34508,67014,0
8816,A,700000,700000,2,24,1,163147,30305,0
8817,A,1000000,1000000,2,45,1,138699,17395,0
8818,A,1100000,1100000,2,26,1,94124,2242,0
8819,A,600000,300000,7,43,1,8757,8883,0
8820,A,700000,700000,2,49,1,100980,179427,0
8821,B,1200000,800000,2,26,1,331103,8864,0
8822,A,1100000,1100000,3,23,1,127984,22990,0
8823,R,200000,200000,6,21,0,130449,7820,0
8824,A,700000,700000,2,32,1,,15393,0
8825,R,200000,200000,6,20,0,,9928,0
8826,A,600000,300000,11,27,1,173864,71584,0
8827,A,1100000,300000,6,24,1,131135,30681,0
8828,B,1000000,1000000,2,25,1,30180,10355,0
8829,A,700000,700000,4,55,1,18751,4515,0
8830,B,200000,200000,6,23,1,18763,14892,0
8831,B,200000,200000,6,19,1,4636,19561,0
8832,B,200000,200000,6,21,0,27630,6793,0
8833,A,700000,700000,8,83,1,27881,6573,0
8834,A,1000000,800000,2,28,1,44127,10764,0
8835,A,1100000,900000,4,63,1,180200,16675,0
8836,R,1100000,1100000,2,54,1,172470,14544,0
8837,A,1300000,900000,2,51,1,151703,38321,0
8838,B,800000,800000,2,46,0,29488,11353,0
8839,B,700000,700000,2,26,1,11286,15048,0
8840,B,1000000,1000000,2,24,1,62805,23523,0
8841,A,1000000,1000000,2,55,1,169893,23756,0
8842,A,800000,300000,4,54,1,1020,26144,0
8843,B,800000,800000,5,49,1,14047,29722,0
8844,R,1000000,1000000,11,27,1,158371,114896,0
8845,A,700000,200000,7,21,1,97788,31398,0
8846,A,700000,200000,7,20,1,177767,29753,0
8847,B,800000,800000,2,64,0,0,42845,0
8848,R,1100000,1100000,1,52,1,132616,5918,0
8849,B,800000,800000,2,47,1,57730,25493,0
8850,R,700000,700000,5,61,0,2463,13652,0
8851,A,200000,200000,7,30,1,9206,190000,0
8852,B,1200000,300000,2,28,1,38134,8845,0
8853,R,600000,600000,2,57,1,24389,75362,0
8854,B,1200000,1200000,5,54,1,702676,14365,0
8855,B,1100000,1100000,3,29,1,395978,17790,0
8856,B,1300000,1300000,2,66,1,279685,1787,0
8857,A,200000,200000,6,19,1,209476,1872,0
8858,B,900000,900000,2,24,1,85057,16854,0
8859,R,1300000,1300000,2,43,1,86294,34694,0
8860,B,1000000,300000,2,45,1,68675,16046,0
8861,A,900000,300000,6,21,1,14218,7044,0
8862,A,600000,600000,2,25,1,16190,5692,0
8863,A,600000,600000,12,32,1,26134,39224,0
8864,A,800000,800000,2,32,1,8199,63270,0
8865,A,1300000,500000,12,60,1,173580,51149,0
8866,B,1200000,1200000,4,44,1,314931,49663,0
8867,R,1200000,1200000,2,27,0,14630,13823,0
8868,R,500000,300000,2,23,1,49000,13737,0
8869,B,400000,300000,6,23,1,48212,13737,0
8870,A,500000,500000,4,38,1,10537,27459,0
8871,A,600000,600000,1,57,1,,58618,0
8872,A,500000,300000,6,22,0,0,14368,0
8873,B,700000,300000,4,41,1,2287,83909,0
8874,A,600000,500000,7,47,1,20844,31711,0
8875,R,1100000,300000,6,22,0,17948,47025,0
8876,R,800000,800000,2,27,0,0,51859,0
8877,A,1200000,300000,7,50,1,0,24083,0
8878,B,1100000,1000000,2,27,1,8600,42057,0
8879,R,1200000,1200000,2,38,1,76568,8505,0
8880,R,1000000,1000000,2,33,1,74250,109250,0
8881,R,1000000,300000,6,23,1,32552,24129,0
8882,A,800000,800000,2,30,1,0,10498,0
8883,R,1200000,500000,7,57,1,38429,43810,0
8884,R,700000,700000,2,29,1,35503,0,0
8885,R,700000,700000,2,26,1,0,12065,0
8886,B,700000,700000,2,30,1,4807,23874,0
8887,B,1000000,1000000,2,33,0,110398,2955,0
8888,A,200000,200000,6,20,1,,60328,0
8889,R,1300000,600000,4,56,1,233734,0,0
8890,A,1200000,900000,2,24,1,38737,9405,0
8891,A,700000,700000,2,34,0,14418,30875,0
8892,R,700000,200000,6,20,1,3135,116962,0
8893,B,700000,700000,2,29,0,,7263,0
8894,A,800000,800000,13,57,1,15937,61655,0
8895,A,600000,600000,2,31,1,52401,13785,0
8896,A,800000,800000,1,64,0,246040,11029,0
8897,A,1200000,300000,2,64,1,221522,26220,0
8898,A,700000,700000,2,26,1,0,11952,0
8899,A,700000,700000,2,26,1,36197,47005,0
8900,R,800000,300000,7,56,1,7796,125400,0
8901,R,200000,200000,2,33,0,65442,80578,0
8902,A,700000,700000,2,29,1,36577,113704,0
8903,R,1000000,700000,2,24,1,89317,33195,0
8904,B,1300000,1300000,2,52,0,298132,3496,0
8905,A,600000,600000,2,30,1,56383,48137,0
8906,B,600000,600000,2,26,1,0,18896,0
8907,A,800000,400000,2,29,1,9032,21945,0
8908,R,800000,800000,2,29,1,227689,26040,0
8909,R,500000,500000,2,25,1,8339,15519,0
8910,R,200000,200000,2,24,1,0,25394,0
8911,B,1200000,1200000,4,59,1,134323,38105,0
8912,R,800000,800000,2,42,0,,88816,0
8913,A,800000,800000,2,55,1,,17447,0
8914,R,700000,300000,7,57,1,,17765,0
8915,A,1300000,1300000,2,44,1,289449,39991,0
8916,A,1100000,1100000,2,35,1,23877,0,0
8917,R,700000,700000,2,24,1,,5225,0
8918,A,1200000,1200000,2,54,1,66630,37620,0
8919,R,1200000,1200000,2,26,1,226893,7357,0
8920,B,700000,700000,2,28,0,0,155288,0
8921,A,700000,700000,2,28,1,68349,37620,0
8922,A,1300000,1300000,4,51,1,144340,23722,0
8923,A,800000,800000,2,60,1,0,38665,0
8924,A,1000000,1000000,2,57,1,85140,13585,0
8925,A,1100000,1100000,2,26,0,2078,57152,0
8926,R,1300000,1300000,2,28,1,0,10545,0
8927,A,1000000,500000,2,25,1,206386,5011,0
8928,A,1200000,1200000,2,32,1,60235,27022,0
8929,R,800000,800000,2,42,1,760,190000,0
8930,R,1000000,1000000,2,26,1,0,29868,0
8931,A,1200000,1200000,2,41,0,109286,16093,0
8932,R,700000,300000,2,24,0,160865,41696,0
8933,A,800000,800000,2,56,0,76616,131148,0
8934,R,800000,800000,4,34,1,7662,23608,0
8935,R,800000,800000,2,53,1,20713,29365,0
8936,B,1100000,1100000,2,24,1,101428,24646,0
8937,B,400000,400000,2,24,1,14523,26184,0
8938,A,600000,600000,7,47,1,71241,12331,0
8939,A,1300000,300000,7,50,1,137307,64790,0
8940,B,600000,600000,2,24,1,23855,43890,0
8941,R,1200000,300000,7,35,1,10803,32993,0
8942,A,800000,800000,4,41,1,9879,2451,0
8943,B,200000,200000,7,29,1,,19793,0
8944,B,200000,200000,7,29,1,,19793,0
8945,A,600000,600000,2,25,1,15162,20002,0
8946,R,500000,500000,2,23,1,42400,36366,0
8947,R,600000,400000,2,25,1,57736,28777,0
8948,R,900000,900000,2,23,1,36609,19855,0
8949,A,700000,300000,7,53,1,1312,40024,0
8950,A,800000,800000,2,54,1,7990,4836,0
8951,R,600000,600000,13,75,1,24118,64059,0
8952,B,800000,800000,2,31,0,49627,80570,0
8953,B,700000,700000,2,27,1,9791,10070,0
8954,B,200000,200000,6,20,1,60296,33423,0
8955,B,800000,800000,2,24,1,7106,6208,0
8956,B,1000000,1000000,3,56,1,12613,57057,0
8957,R,1300000,1300000,3,27,1,255189,73245,0
8958,R,600000,600000,2,29,1,9271,35479,0
8959,A,600000,600000,2,28,1,0,12227,0
8960,A,200000,200000,2,24,1,0,18810,0
8961,A,1200000,700000,2,25,1,36840,2404,0
8962,R,500000,500000,2,26,1,,24074,0
8963,B,700000,700000,2,24,1,0,20896,0
8964,A,400000,400000,11,57,1,524213,26471,0
8965,R,700000,700000,2,32,1,,42988,0
8966,A,900000,300000,6,35,1,94758,15200,0
8967,A,400000,300000,6,27,1,9784,6897,0
8968,R,700000,700000,2,26,1,48442,35269,0
8969,A,400000,400000,2,29,1,18810,8883,0
8970,A,200000,200000,6,22,1,43122,1599,0
8971,B,800000,800000,2,24,1,62749,24721,0
8972,B,700000,700000,4,60,1,0,21280,0
8973,R,1000000,1000000,3,25,1,86906,8888,0
8974,R,700000,700000,2,28,1,21576,9881,0
8975,B,700000,700000,5,22,0,94566,28424,0
8976,A,300000,300000,6,21,1,20287,7334,0
8977,R,700000,300000,6,23,1,0,43881,0
8978,R,1000000,1000000,2,27,1,73801,34659,0
8979,A,300000,300000,7,25,1,32581,15723,0
8980,B,1100000,1100000,2,27,1,146574,18615,0
8981,B,700000,700000,2,32,1,4320,132310,0
8982,B,600000,600000,2,33,1,11704,28493,0
8983,A,600000,600000,2,29,1,,39235,0
8984,A,700000,200000,6,19,1,105508,8256,0
8985,A,200000,200000,6,21,1,246078,19300,0
8986,A,1000000,1000000,2,28,1,141011,43263,0
8987,A,500000,500000,2,23,1,0,21214,0
8988,A,200000,200000,6,19,1,,15932,0
8989,B,900000,900000,2,25,1,45566,21204,0
8990,B,1200000,1100000,2,26,1,108085,24871,0
8991,A,500000,500000,2,27,1,0,57615,0
8992,A,500000,500000,2,27,1,7059,3620,0
8993,R,700000,700000,2,24,0,71569,21945,0
8994,B,200000,200000,6,23,0,3754,77045,0
8995,A,500000,300000,2,25,1,17158,20948,0
8996,B,1300000,1100000,2,24,1,16972,34444,0
8997,R,700000,200000,6,21,1,175722,4076,0
8998,A,700000,700000,2,27,1,107900,16622,0
8999,A,300000,300000,2,24,1,42749,9871,0
9000,A,500000,500000,2,25,1,48936,52772,0
9001,R,1100000,1100000,2,27,1,163208,40587,0
9002,A,1000000,1000000,2,24,1,122265,38704,0
9003,A,800000,800000,2,38,1,,40095,0
9004,B,200000,200000,2,25,1,33795,0,0
9005,A,600000,600000,2,24,1,21036,19192,0
9006,B,1000000,300000,6,22,1,80328,24083,0
9007,A,50000,0,5,53,1,1399,25211,0
9008,B,700000,200000,6,22,1,112581,19646,0
9009,R,1000000,1000000,13,32,1,160834,20580,0
9010,A,500000,300000,2,22,1,64244,11286,0
9011,R,1100000,1100000,3,25,0,88193,47548,0
9012,B,700000,400000,7,33,1,4657,42225,0
9013,A,800000,800000,2,33,1,27338,21794,0
9014,R,700000,700000,2,27,1,79322,8930,0
9015,B,1300000,900000,2,42,1,399704,9019,0
9016,B,500000,500000,2,27,1,6782,10217,0
9017,R,600000,600000,2,26,0,21000,32670,0
9018,R,600000,600000,2,26,1,38674,6642,0
9019,A,500000,400000,2,23,1,2090,6897,0
9020,R,600000,600000,3,28,1,,15550,0
9021,A,400000,300000,6,20,1,,21333,0
9022,R,500000,500000,2,25,1,45083,19084,0
9023,B,600000,600000,2,33,0,47385,43890,0
9024,B,800000,300000,7,61,1,,99275,0
9025,B,500000,300000,6,23,1,11874,4389,0
9026,A,700000,700000,2,23,1,45143,17974,0
9027,R,1200000,1200000,2,48,1,77057,17721,0
9028,A,400000,300000,6,20,0,188085,107825,0
9029,B,1100000,1100000,2,24,1,162273,19767,0
9030,B,200000,200000,2,24,1,135840,8465,0
9031,A,1000000,300000,4,55,1,85938,47757,0
9032,R,1300000,900000,2,27,1,118680,27110,0
9033,A,200000,200000,2,24,1,202791,9458,0
9034,R,500000,500000,2,25,1,225638,13205,0
9035,A,1200000,1200000,2,52,1,183726,62700,0
9036,B,800000,800000,2,25,1,82011,18241,0
9037,R,1100000,1100000,3,31,1,100522,40699,0
9038,B,1100000,1100000,2,28,1,43819,17385,0
9039,A,700000,700000,2,28,1,0,14526,0
9040,B,500000,500000,2,27,1,103900,34538,0
9041,B,200000,200000,2,22,1,,17501,0
9042,A,300000,300000,7,26,1,14850,34485,0
9043,A,500000,500000,3,27,1,50552,13311,0
9044,A,600000,600000,2,24,1,6137,15924,0
9045,A,600000,600000,2,24,1,44757,32421,0
9046,B,1300000,1300000,3,37,1,49876,39100,0
9047,R,200000,200000,6,20,1,0,7106,0
9048,A,600000,600000,2,27,1,,27218,0
9049,B,800000,800000,2,28,1,52534,20900,0
9050,R,1300000,1300000,2,31,1,369779,33545,0
9051,A,500000,300000,6,23,1,6592,16078,0
9052,B,1000000,1000000,2,24,1,108934,12331,0
9053,A,900000,900000,2,26,1,23222,13272,0
9054,A,700000,200000,6,20,1,76352,5995,0
9055,A,600000,600000,2,24,1,33917,4076,0
9056,R,700000,700000,2,28,1,47520,9652,0
9057,R,800000,800000,2,30,1,2729,22572,0
9058,B,700000,700000,2,22,1,26995,21747,0
9059,R,200000,200000,2,62,0,136836,3449,0
9060,R,700000,200000,6,20,1,60335,30303,0
9061,A,200000,200000,6,20,1,,6479,0
9062,A,700000,200000,6,20,1,50523,9196,0
9063,A,400000,400000,2,23,1,5041,17480,0
9064,A,400000,400000,2,23,1,10727,17480,0
9065,A,500000,300000,6,23,0,22337,6641,0
9066,R,600000,600000,2,30,1,,23722,0
9067,A,400000,400000,2,24,1,75502,0,0
9068,A,1100000,1100000,2,32,1,139824,19487,0
9069,R,200000,200000,2,26,1,0,9817,0
9070,B,1000000,1000000,2,24,1,270917,5216,0
9071,A,700000,700000,2,24,1,,3895,0
9072,A,600000,300000,6,22,1,82046,10165,0
9073,A,800000,300000,3,33,1,1293,28012,0
9074,A,200000,200000,6,21,1,50388,17661,0
9075,B,700000,200000,6,20,1,38923,3639,0
9076,A,500000,300000,11,27,0,110018,1891,0
9077,A,400000,300000,6,21,1,17600,27788,0
9078,R,500000,500000,13,59,0,499034,169290,0
9079,B,300000,300000,6,21,1,24974,9301,0
9080,A,700000,200000,6,20,1,130535,13585,0
9081,A,800000,800000,3,25,1,9044,31834,0
9082,A,200000,200000,6,22,1,13586,18079,0
9083,B,900000,900000,2,26,1,89921,24205,0
9084,R,200000,200000,6,20,1,11599,18633,0
9085,R,1100000,1100000,2,26,1,59238,26593,0
9086,A,1000000,1000000,2,24,1,197640,21318,0
9087,A,1200000,1200000,2,25,1,106960,26447,0
9088,A,700000,700000,2,23,1,17072,11590,0
9089,B,200000,200000,2,23,1,44156,21527,0
9090,R,900000,900000,2,25,1,29590,77984,0
9091,R,500000,500000,2,30,0,1010197,184965,0
9092,B,800000,800000,8,78,0,117749,47331,0
9093,R,600000,600000,2,26,1,0,28559,0
9094,B,800000,800000,7,62,1,1435,0,0
9095,A,800000,800000,2,53,1,34485,10465,0
9096,A,500000,500000,2,24,1,18710,23147,0
9097,B,1000000,1000000,2,62,1,17974,4285,0
9098,A,700000,200000,6,21,1,0,89746,0
9099,A,500000,500000,2,26,1,17713,5273,0
9100,A,800000,800000,2,29,1,27729,35365,0
9101,B,600000,600000,2,26,1,31614,10082,0
9102,B,700000,700000,2,29,1,16931,10555,0
9103,A,1000000,1000000,3,23,1,20242,10973,0
9104,B,1200000,1200000,3,35,1,107110,3465,0
9105,A,1300000,1300000,4,57,1,76401,8987,0
9106,A,700000,700000,2,46,0,52156,190000,0
9107,R,200000,200000,6,21,1,9643,3135,0
9108,R,200000,200000,7,30,1,37614,16720,0
9109,A,900000,900000,3,27,1,66704,37858,0
9110,A,400000,400000,2,24,1,1349,30191,0
9111,A,800000,800000,2,30,1,4703,46503,0
9112,B,600000,600000,10,26,1,62528,14873,0
9113,A,700000,700000,3,24,1,78473,13890,0
9114,R,1200000,1200000,2,31,1,115914,178794,0
9115,R,200000,200000,5,28,1,74620,38310,0
9116,A,1200000,1200000,3,24,1,398739,15770,0
9117,B,1300000,1300000,3,25,1,92319,46734,0
9118,R,800000,800000,2,60,1,0,7425,0
9119,A,700000,200000,6,20,0,67500,10450,0
9120,A,800000,800000,12,51,1,6352,17463,0
9121,B,800000,800000,3,48,1,94092,26097,0
9122,R,1300000,1300000,2,53,1,50624,25593,0
9123,R,1300000,600000,2,38,1,105573,60318,0
9124,A,1000000,1000000,2,49,0,42311,74772,0
9125,A,500000,500000,2,24,1,138923,13665,0
9126,A,600000,600000,3,23,1,9662,10450,0
9127,A,400000,400000,2,25,1,4305,14725,0
9128,A,200000,200000,6,22,1,34697,5058,0
9129,A,800000,800000,2,28,1,26168,22814,0
9130,R,500000,300000,8,77,1,,11102,0
9131,B,800000,800000,2,26,1,41069,36575,0
9132,B,700000,700000,2,31,1,69062,95605,0
9133,B,1000000,1000000,2,43,1,33785,81263,0
9134,A,500000,500000,7,47,1,188726,68905,0
9135,A,1300000,300000,4,58,1,58624,10032,0
9136,A,1100000,900000,2,23,1,58059,25118,0
9137,B,700000,200000,6,22,1,184188,19610,0
9138,R,1200000,1200000,2,26,1,6449,28978,0
9139,B,600000,300000,6,22,1,13868,4076,0
9140,R,1000000,300000,6,22,1,26304,5121,0
9141,A,1000000,1000000,2,36,1,127835,22506,0
9142,A,1200000,300000,7,62,1,68733,10811,0
9143,B,1100000,300000,6,22,1,29147,8731,0
9144,B,1300000,500000,3,23,1,5828,2356,0
9145,A,700000,700000,2,38,1,29260,24558,0
9146,A,1300000,1300000,2,28,1,74293,49532,0
9147,B,800000,800000,2,45,1,48436,29056,0
9148,A,1000000,500000,2,56,1,332040,50944,0
9149,A,800000,800000,2,35,0,28560,77748,0
9150,B,400000,400000,2,24,1,4510,2594,0
9151,B,1000000,1000000,2,32,0,119251,34622,0
9152,R,700000,700000,2,26,1,36722,57475,0
9153,B,700000,700000,4,57,1,22442,19124,0
9154,B,500000,500000,2,30,1,14712,8360,0
9155,R,1300000,1300000,2,44,1,89780,31817,0
9156,B,800000,800000,3,31,1,,3867,0
9157,A,300000,300000,3,21,1,4180,4168,0
9158,R,700000,300000,6,24,0,,6688,0
9159,R,1300000,1300000,2,35,1,76373,41069,0
9160,A,800000,800000,2,30,1,35714,60674,0
9161,R,500000,500000,1,34,1,41870,27484,0
9162,B,700000,300000,4,58,1,10555,14369,0
9163,B,1200000,1200000,3,36,1,32552,77227,0
9164,A,800000,300000,4,59,1,30932,88700,0
9165,B,500000,300000,6,21,1,,24381,0
9166,B,200000,200000,2,24,1,23511,8313,0
9167,B,500000,500000,2,24,1,21078,8815,0
9168,A,800000,800000,2,24,1,44904,87958,0
9169,R,800000,800000,2,28,1,16131,57855,0
9170,R,200000,200000,7,25,1,6688,28672,0
9171,A,400000,400000,2,22,1,0,3867,0
9172,A,1200000,1200000,2,30,1,50989,16550,0
9173,B,800000,800000,2,49,1,,29051,0
9174,A,600000,300000,2,43,1,22044,70538,0
9175,B,1000000,1000000,2,26,1,66507,48279,0
9176,A,1000000,1000000,2,24,1,69163,8204,0
9177,R,1000000,1000000,2,26,1,41498,32395,0
9178,A,800000,800000,5,51,1,56406,20900,0
9179,A,1300000,300000,4,57,1,81565,20915,0
9180,B,600000,600000,2,25,1,31396,20169,0
9181,A,700000,300000,2,23,1,,32840,0
9182,R,800000,800000,2,35,1,31452,13585,0
9183,A,1100000,500000,7,40,1,118224,171998,0
9184,R,1100000,1100000,2,27,1,97215,11590,0
9185,A,700000,700000,2,24,1,212101,19855,0
9186,A,600000,600000,4,34,1,31126,58501,0
9187,A,1200000,1200000,2,30,1,22489,190000,0
9188,B,700000,700000,12,32,1,15068,4703,0
9189,A,1000000,1000000,2,49,1,58890,18905,0
9190,A,1000000,300000,7,55,1,230406,48218,0
9191,R,600000,600000,12,32,1,53991,14364,0
9192,A,500000,300000,6,26,1,143061,11286,0
9193,B,700000,700000,3,25,1,45342,722,0
9194,R,900000,900000,4,27,1,69414,40442,0
9195,A,700000,300000,7,49,1,,40770,0
9196,B,1300000,1300000,2,56,1,31925,31113,0
9197,A,700000,600000,2,25,1,95985,23846,0
9198,A,800000,800000,2,26,1,7549,11861,0
9199,A,700000,700000,2,36,0,58385,51644,0
9200,B,1200000,1200000,2,27,1,,7838,0
9201,R,850000,800000,2,27,1,85458,20353,0
9202,R,500000,500000,2,27,1,44902,40291,0
9203,R,1000000,1000000,3,27,1,,58045,0
