No,card,credit1,credit2,work,age,sex,90days,14days,CP
1,A,1000000,1000000,3,61,1,27525,5633,1
2,A,1000000,300000,8,81,1,47927,14994,1
3,A,1000000,1000000,1,69,0,5216,10800,1
4,A,500000,500000,7,62,1,143892,26820,1
5,A,1000000,1000000,8,96,1,,7173,1
6,A,700000,700000,8,86,0,26082,10665,1
7,A,1000000,1000000,2,57,0,129315,40446,1
8,B,1000000,700000,7,63,1,,26730,1
9,A,600000,300000,4,63,1,101315,2466,1
10,A,700000,700000,2,47,0,318380,138600,1
11,A,1000000,300000,8,69,1,53574,6228,1
12,A,700000,700000,2,50,1,33110,63846,1
13,A,500000,500000,5,69,0,15347,16666,1
14,A,1000000,1000000,2,61,1,,62370,1
15,A,1000000,300000,4,64,1,138788,74596,1
16,A,700000,600000,8,76,0,38658,10456,1
17,A,1000000,1000000,1,65,0,89810,37661,1
18,A,500000,500000,8,86,0,9172,1530,1
19,A,1000000,1000000,1,73,0,31660,51697,1
20,A,600000,600000,7,76,1,16940,18367,1
21,A,1000000,1000000,2,58,0,175270,2049,1
22,A,1000000,1000000,8,76,0,1511,2151,1
23,A,700000,300000,7,70,1,14800,27358,1
24,A,600000,600000,8,80,1,63076,7104,1
25,A,600000,600000,5,61,0,21414,61470,1
26,A,700000,700000,8,82,0,4065,2259,1
27,A,1000000,1000000,8,77,0,25228,6117,1
28,A,1000000,300000,4,65,1,68302,49500,1
29,A,1000000,1000000,12,75,0,8642,3227,1
30,A,1000000,1000000,2,53,1,0,63017,1
31,A,1000000,1000000,2,54,1,7048,2198,1
32,A,1000000,1000000,2,55,1,0,49338,1
33,A,700000,700000,2,58,1,809,25085,1
34,A,1000000,300000,7,55,1,28968,2707,1
35,A,700000,500000,8,80,1,6218,62335,1
36,A,1000000,300000,2,58,1,22561,4948,1
37,A,400000,400000,8,85,1,9852,19890,1
38,A,600000,300000,8,78,1,4278,933,1
39,A,1000000,1000000,2,61,1,30034,19764,1
40,A,1000000,800000,7,57,1,11211,43263,1
41,A,700000,300000,7,57,1,22990,25740,1
42,A,1000000,1000000,2,54,1,151554,40065,1
43,A,700000,700000,4,48,1,17654,112950,1
44,A,1000000,1000000,1,57,0,2188,86495,1
45,A,1000000,1000000,2,53,1,0,19512,1
46,A,700000,700000,2,52,1,8597,7452,1
47,A,700000,300000,4,51,1,85983,39981,1
48,A,1000000,300000,7,51,1,192836,16765,1
49,A,1000000,300000,8,76,1,157566,35834,1
50,A,1000000,1000000,2,66,1,5026,51570,1
51,A,700000,700000,8,72,0,33689,8874,1
52,A,1000000,1000000,7,64,1,48000,19508,1
53,A,1000000,1000000,2,45,1,33431,64350,1
54,A,1000000,300000,7,51,1,21167,13934,1
55,A,1000000,1000000,2,59,1,6479,11970,1
56,A,600000,300000,7,56,1,78526,38085,1
57,A,1000000,1000000,7,48,1,3896,36585,1
58,A,1000000,1000000,4,54,1,4162,22860,1
59,A,1000000,300000,7,46,1,19391,24015,1
60,A,1000000,1000000,2,62,0,2356,1436,1
61,A,1000000,1000000,2,60,1,12885,693,1
62,A,700000,700000,2,59,1,0,53820,1
63,A,1000000,1000000,2,53,1,158856,55314,1
64,A,700000,300000,7,52,1,46994,10790,1
65,A,500000,500000,2,48,1,27704,24674,1
66,A,1000000,300000,7,54,1,1474,26169,1
67,A,1000000,1000000,4,54,1,24505,31890,1
68,A,500000,500000,2,56,1,77104,8853,1
69,A,400000,400000,2,53,1,25000,61470,1
70,A,400000,400000,2,50,0,184333,49349,1
71,A,400000,300000,8,68,1,0,19538,1
72,A,400000,300000,8,68,1,35922,19538,1
73,A,1000000,300000,7,61,1,34416,45210,1
74,A,1000000,800000,2,57,1,20483,48375,1
75,A,1000000,900000,2,51,1,18681,16920,1
76,A,700000,700000,7,66,1,38720,8319,1
77,A,1000000,300000,7,51,1,49526,14850,1
78,A,1000000,300000,7,54,1,30500,1618,1
79,A,1000000,300000,1,48,1,0,25137,1
80,A,1000000,500000,4,58,1,15120,23825,1
81,A,1000000,1000000,2,50,1,92594,9560,1
82,A,400000,300000,12,65,1,130207,18405,1
83,A,700000,300000,7,65,1,68664,28079,1
84,A,1000000,1000000,3,54,1,1600,10253,1
85,A,500000,300000,4,73,1,7635,1286,1
86,A,600000,600000,8,85,0,40106,7350,1
87,A,1000000,1000000,2,56,1,53226,13983,1
88,A,500000,300000,4,70,1,0,14951,1
89,A,600000,500000,5,47,1,6234,4950,1
90,A,600000,600000,4,52,1,128280,49672,1
91,A,1500000,1500000,12,63,1,9405,5382,1
92,B,1000000,300000,4,64,1,6793,6905,1
93,A,700000,700000,1,56,1,3417,5257,1
94,A,1000000,300000,7,52,1,96722,36317,1
95,A,1000000,300000,8,82,1,32506,30323,1
96,A,600000,600000,5,53,1,99773,217998,1
97,A,1000000,1000000,4,59,1,0,8081,1
98,A,1000000,300000,8,76,1,134370,3423,1
99,A,600000,600000,8,74,1,22770,14543,1
100,A,1000000,800000,12,51,1,76379,12625,1
101,A,1000000,1000000,4,56,1,20786,48196,1
102,A,600000,500000,2,46,1,203449,7610,1
103,A,1000000,1000000,4,53,1,317247,35355,1
104,A,600000,300000,7,78,1,13337,80784,1
105,A,500000,500000,4,47,1,101468,5454,1
106,A,1000000,300000,7,56,1,0,13455,1
107,A,1000000,1000000,8,65,0,64301,8265,1
108,A,400000,300000,7,57,1,16604,20259,1
109,A,1000000,300000,4,57,1,84570,34461,1
110,A,1000000,300000,4,58,1,15599,15030,1
111,A,1000000,300000,4,70,1,524,16062,1
112,A,1000000,1000000,2,46,1,1549,96615,1
113,A,1000000,1000000,2,58,1,32309,11259,1
114,A,1000000,300000,7,58,1,3325,33983,1
115,B,1000000,300000,4,67,1,18889,140333,1
116,A,700000,700000,3,48,1,0,25434,1
117,A,1000000,1000000,4,53,1,36190,9459,1
118,A,700000,400000,2,48,1,7356,53640,1
119,A,1000000,1000000,4,54,1,163759,9928,1
120,A,1000000,1000000,7,53,1,2092,452,1
121,A,1000000,300000,7,55,1,16149,35640,1
122,A,1000000,300000,4,75,1,8192,2628,1
123,A,300000,300000,2,61,1,230352,104449,1
124,A,700000,700000,2,43,1,18288,61380,1
125,A,600000,300000,7,65,1,107730,83586,1
126,A,1000000,1000000,2,50,1,59526,19095,1
127,A,700000,700000,2,46,1,409171,82593,1
128,A,1000000,300000,7,50,1,3819,1782,1
129,A,1000000,1000000,2,59,1,22781,2880,1
130,A,1000000,300000,7,47,1,3592,19248,1
131,A,1000000,1000000,3,63,1,411157,6446,1
132,A,700000,300000,4,78,1,19077,43263,1
133,A,400000,300000,7,49,1,74079,5979,1
134,A,700000,300000,5,45,1,0,56520,1
135,A,1000000,900000,7,46,1,11464,37710,1
136,A,600000,500000,5,44,1,69563,64647,1
137,A,1000000,1000000,12,56,1,103699,68065,1
138,A,700000,700000,2,52,1,1178,130680,1
139,A,1000000,1000000,2,61,1,16562,15983,1
140,A,1000000,1000000,2,62,0,31662,6215,1
141,A,600000,600000,1,46,0,0,43650,1
142,A,1000000,1000000,2,45,1,79323,10403,1
143,A,1000000,1000000,7,49,1,0,16002,1
144,A,700000,700000,7,46,0,13492,47268,1
145,A,1000000,1000000,2,53,1,75165,13860,1
146,A,700000,300000,12,55,1,29809,20182,1
147,A,700000,300000,4,51,1,57340,58941,1
148,R,1000000,300000,4,61,1,36952,52744,1
149,A,700000,700000,2,51,1,0,28710,1
150,A,1000000,1000000,2,50,1,3800,61182,1
151,A,1000000,1000000,4,45,1,0,141515,1
152,A,1000000,600000,12,42,1,22944,34905,1
153,A,1000000,1000000,2,52,0,113980,5110,1
154,A,1000000,1000000,2,52,0,32302,5110,1
155,B,1000000,300000,7,52,1,22640,32933,1
156,A,1000000,1000000,2,59,1,297599,12035,1
157,A,600000,600000,13,77,1,3567,11835,1
158,A,1000000,1000000,2,45,1,8091,11583,1
159,A,1000000,300000,7,49,1,3249,4510,1
160,A,700000,700000,2,47,1,34260,46305,1
161,A,1000000,300000,7,61,1,524,169380,1
162,A,600000,600000,4,73,1,13034,5793,1
163,A,700000,300000,7,48,1,37194,209880,1
164,A,1000000,1000000,4,48,1,37774,19638,1
165,A,1000000,300000,7,71,1,10096,2387,1
166,A,1000000,300000,7,52,1,39211,32067,1
167,A,400000,300000,7,61,1,151667,0,1
168,A,500000,500000,2,49,1,0,23677,1
169,A,1000000,1000000,4,76,1,98713,886,1
170,A,1000000,1000000,4,62,1,37193,91170,1
171,A,1000000,1000000,3,56,1,0,33309,1
172,A,1000000,1000000,4,56,1,0,21573,1
173,A,1000000,1000000,2,61,1,35659,70769,1
174,A,1000000,1000000,13,85,1,458,288,1
175,A,1000000,300000,7,57,1,22635,18905,1
176,A,700000,700000,5,80,1,60206,2934,1
177,A,600000,600000,4,71,1,43655,71399,1
178,A,1000000,1000000,3,50,1,0,3159,1
179,A,1000000,1000000,2,56,0,49600,3060,1
180,A,1000000,300000,5,65,1,11894,52566,1
181,A,700000,700000,5,45,1,17005,83160,1
182,A,1000000,1000000,4,52,1,42019,55440,1
183,A,1000000,300000,8,82,1,23210,39599,1
184,A,700000,300000,7,51,1,25080,47766,1
185,A,500000,300000,7,48,1,2644,58860,1
186,A,1000000,1000000,2,52,1,82231,78957,1
187,A,1000000,1000000,4,48,1,299651,78404,1
188,A,600000,600000,7,50,1,7584,4257,1
189,A,700000,700000,2,44,1,21878,22860,1
190,A,700000,700000,4,48,1,60769,3465,1
191,A,1000000,300000,7,64,1,4180,11970,1
192,A,700000,700000,4,77,1,85030,62447,1
193,A,500000,500000,4,53,1,34621,4741,1
194,A,600000,600000,5,49,0,5178,42176,1
195,A,700000,700000,2,46,0,0,127800,1
196,A,1000000,1000000,2,41,0,0,30384,1
197,A,1000000,1000000,4,43,1,4703,18100,1
198,A,1000000,1000000,8,77,0,1901,4248,1
199,A,600000,300000,4,44,1,66310,4941,1
200,A,1000000,1000000,2,47,0,0,54540,1
201,A,700000,700000,4,67,1,3302,11200,1
202,A,1000000,1000000,2,48,1,27682,25650,1
203,A,1000000,300000,7,60,1,381,4140,1
204,A,200000,200000,7,43,1,82678,42570,1
205,A,400000,400000,7,45,1,5016,9847,1
206,A,1000000,300000,7,46,1,159660,180000,1
207,A,1000000,300000,4,45,1,118123,44000,1
208,A,1000000,1000000,2,53,1,112411,35859,1
209,A,600000,600000,5,53,1,150260,58682,1
210,A,700000,700000,2,43,0,23000,51480,1
211,A,1000000,1000000,2,48,1,68675,29944,1
212,A,1000000,1000000,2,52,1,0,64350,1
213,A,1000000,1000000,2,64,1,924,3186,1
214,A,700000,300000,4,42,1,0,30444,1
215,A,700000,700000,2,52,1,16570,13311,1
216,A,1000000,1000000,2,44,1,105320,153900,1
217,A,1000000,1000000,2,44,1,0,11750,1
218,A,600000,300000,11,52,1,117431,17811,1
219,A,1000000,300000,7,55,1,13481,36027,1
220,A,700000,700000,2,43,0,19751,14346,1
221,A,1000000,1000000,3,49,1,77240,44468,1
222,A,400000,400000,5,47,1,10515,51363,1
223,A,1000000,300000,12,68,1,95189,8910,1
224,A,1000000,1000000,4,58,1,42012,12087,1
225,A,600000,300000,8,77,1,22819,3240,1
226,A,700000,300000,8,69,1,0,16211,1
227,A,1000000,1000000,2,50,0,192264,3191,1
228,A,1000000,1000000,1,66,1,7900,21753,1
229,A,1000000,1000000,2,59,1,24322,40680,1
230,A,1000000,1000000,2,48,0,,81963,1
231,A,1000000,300000,7,43,1,180762,6126,1
232,A,700000,300000,7,49,1,50315,32564,1
233,A,400000,400000,1,59,1,20237,125887,1
234,A,1000000,1000000,2,58,1,21092,11209,1
235,A,700000,300000,6,45,1,14022,3098,1
236,A,700000,700000,2,55,1,67978,126315,1
237,A,1000000,1000000,2,64,1,113151,66220,1
238,A,1000000,300000,13,53,1,0,4311,1
239,A,1000000,1000000,2,53,0,0,27795,1
240,A,1000000,1000000,2,53,1,12436,23697,1
241,A,1000000,1000000,7,64,1,93700,30282,1
242,A,1000000,1000000,2,47,0,15191,28710,1
243,A,1000000,1000000,8,69,1,96718,2061,1
244,A,1000000,1000000,2,43,1,50935,13832,1
245,A,700000,700000,1,48,0,0,74736,1
246,A,1000000,1000000,2,47,0,0,44046,1
247,A,600000,600000,2,63,1,14129,55289,1
248,A,1000000,1000000,11,59,0,75232,18078,1
249,A,600000,600000,2,43,1,37725,82006,1
250,A,1000000,300000,7,55,1,97081,13740,1
251,A,1000000,1000000,2,53,1,2884,39492,1
252,A,1000000,1000000,2,53,1,41618,45187,1
253,A,1000000,1000000,2,51,1,25473,40239,1
254,A,1000000,1000000,2,48,1,34810,33399,1
255,A,600000,600000,2,46,1,0,20484,1
256,A,500000,300000,7,41,1,31905,31770,1
257,A,1000000,500000,7,70,1,1600,20986,1
258,A,1000000,1000000,2,44,1,0,56988,1
259,A,1000000,300000,7,45,1,12455,15818,1
260,A,1000000,1000000,2,43,1,338699,83880,1
261,A,700000,300000,4,49,1,8276,5028,1
262,A,1000000,1000000,2,56,1,86257,6030,1
263,A,1000000,1000000,2,52,1,31905,1662,1
264,A,1000000,1000000,2,55,1,56951,62370,1
265,A,1000000,1000000,2,45,0,,35532,1
266,A,1000000,300000,7,51,1,19158,12346,1
267,A,1000000,1000000,2,44,0,164240,180000,1
268,A,1000000,1000000,2,44,1,3297,31690,1
269,A,1000000,1000000,2,55,1,5539,112362,1
270,A,1000000,1000000,2,51,1,1888,18810,1
271,A,600000,600000,2,47,1,21130,160380,1
272,A,1000000,1000000,4,51,1,9979,35928,1
273,A,500000,300000,8,84,1,5880,70969,1
274,A,600000,600000,11,77,1,8550,5400,1
275,A,1000000,1000000,2,58,1,45277,150570,1
276,A,1000000,1000000,3,64,1,28518,2033,1
277,A,700000,700000,2,44,1,43063,35693,1
278,A,1000000,1000000,7,67,1,4807,18900,1
279,A,1000000,300000,4,56,1,3725,18715,1
280,A,700000,700000,8,83,1,26178,28116,1
281,A,700000,700000,8,81,1,6629,9306,1
282,A,400000,300000,8,80,1,39024,1008,1
283,A,1000000,1000000,8,86,0,48809,19437,1
284,A,1000000,1000000,8,73,0,5691,33750,1
285,A,700000,300000,8,79,1,43342,3473,1
286,A,1000000,1000000,1,66,0,9662,40482,1
287,A,1000000,1000000,4,76,1,106521,14593,1
288,A,1000000,1000000,10,54,0,26371,10543,1
289,A,1000000,300000,7,50,1,0,22860,1
290,A,600000,600000,4,73,1,33951,12840,1
291,A,700000,700000,2,49,0,10374,27515,1
292,A,1000000,300000,8,68,1,147365,7091,1
293,A,1000000,1000000,2,55,1,19307,10341,1
294,A,1000000,1000000,2,48,0,153340,70785,1
295,A,1500000,1500000,2,47,0,104,5382,1
296,A,1000000,1000000,2,49,1,18810,68310,1
297,A,700000,700000,5,55,1,4940,58575,1
298,A,500000,500000,2,46,1,0,9990,1
299,A,1000000,1000000,2,49,0,18210,7470,1
300,B,600000,300000,7,44,1,9576,49745,1
301,A,1000000,1000000,1,55,0,33483,55710,1
302,A,700000,700000,1,71,0,77015,68078,1
303,A,700000,700000,2,43,1,941,41721,1
304,A,700000,700000,2,57,0,2907,15930,1
305,B,700000,700000,1,42,0,40674,9873,1
306,A,1000000,500000,5,52,1,104705,389,1
307,A,1000000,300000,4,47,1,680,26805,1
308,A,1000000,1000000,2,55,1,23403,17262,1
309,A,600000,600000,7,54,1,23317,14940,1
310,A,1000000,1000000,2,50,1,75775,30231,1
311,A,1000000,1000000,2,40,1,13633,10501,1
312,A,1000000,1000000,3,53,1,12246,55035,1
313,A,700000,300000,8,75,1,9790,4523,1
314,A,600000,600000,2,77,1,94122,9611,1
315,A,700000,700000,8,74,1,32971,4095,1
316,A,1000000,1000000,2,55,1,38769,180000,1
317,A,1000000,300000,7,54,1,27216,9001,1
318,A,1000000,1000000,2,51,1,230045,366773,1
319,A,1000000,300000,11,51,1,53085,32859,1
320,A,600000,300000,7,50,1,79707,60480,1
321,A,1000000,1000000,8,62,0,1520,2664,1
322,A,1000000,1000000,8,66,1,6924,59760,1
323,A,1000000,300000,8,66,1,19244,2025,1
324,A,700000,300000,8,64,0,18329,50120,1
325,A,1000000,300000,8,77,1,90914,9089,1
326,A,1000000,1000000,2,59,0,111950,285,1
327,A,1000000,1000000,4,70,1,7078,734,1
328,A,1000000,1000000,10,39,0,100811,181988,1
329,A,1000000,1000000,1,63,1,7404,45540,1
330,A,1000000,1000000,2,53,0,343432,9341,1
331,A,1000000,1000000,2,59,0,15755,7403,1
332,A,1000000,1000000,2,62,0,36520,12648,1
333,A,1000000,900000,8,68,0,9239,5498,1
334,A,1000000,1000000,2,50,1,32566,42773,1
335,A,700000,300000,7,57,1,47600,62937,1
336,A,1000000,1000000,3,48,1,0,123840,1
337,A,1000000,300000,7,48,1,85562,8806,1
338,A,700000,700000,2,44,1,39907,731,1
339,A,1000000,1000000,2,50,0,4480,298870,1
340,A,1000000,300000,7,49,1,1235,16760,1
341,A,1000000,1000000,4,65,1,4389,176121,1
342,A,600000,300000,13,44,1,0,17860,1
343,A,1000000,300000,7,71,1,16805,24365,1
344,A,600000,300000,7,43,1,19903,17257,1
345,A,1000000,1000000,2,40,1,2090,32445,1
346,A,600000,600000,4,46,1,37928,11996,1
347,A,1000000,1000000,4,40,1,1796,28232,1
348,A,1000000,300000,8,74,1,0,4455,1
349,A,700000,700000,2,54,1,5889,19131,1
350,A,1000000,1000000,4,55,1,99083,18900,1
351,A,1000000,1000000,2,40,1,0,55890,1
352,A,1000000,1000000,4,66,1,1736,248,1
353,A,1000000,1000000,2,78,0,5998,22642,1
354,A,1000000,1000000,2,59,0,0,11880,1
355,A,1000000,1000000,8,86,0,125284,5616,1
356,A,500000,400000,8,82,1,33041,42602,1
357,A,400000,400000,8,90,0,17549,29882,1
358,A,1000000,300000,7,46,1,0,86130,1
359,A,1000000,1000000,2,47,1,613,47610,1
360,A,700000,700000,2,51,0,102416,27810,1
361,A,1000000,1000000,3,40,0,1416,11880,1
362,A,600000,300000,4,52,1,0,25632,1
363,A,1000000,1000000,5,72,1,4874,2529,1
364,A,300000,0,2,51,1,14952,73245,1
365,A,1000000,1000000,2,49,1,11215,7623,1
366,A,1000000,1000000,4,54,1,26371,125631,1
367,A,1000000,300000,7,54,1,12532,9720,1
368,A,1000000,900000,4,69,1,28826,23097,1
369,A,600000,300000,4,62,1,44072,11468,1
370,A,600000,600000,4,79,1,74656,15656,1
371,A,1000000,1000000,2,44,0,0,41670,1
372,A,1000000,1000000,2,56,0,5225,17338,1
373,A,1000000,1000000,2,55,0,18099,4955,1
374,A,1000000,1000000,7,68,1,6000,10152,1
375,A,1000000,1000000,2,41,1,230398,24754,1
376,A,700000,700000,4,40,1,889,19080,1
377,A,1000000,1000000,2,48,1,2041,14192,1
378,A,1000000,1000000,2,40,1,128771,19060,1
379,A,1000000,1000000,4,51,1,19454,5589,1
380,A,1000000,300000,7,59,1,65880,17217,1
381,A,500000,300000,7,42,1,8930,12810,1
382,A,700000,300000,7,50,1,12750,12402,1
383,A,600000,300000,4,38,1,26944,23038,1
384,A,700000,300000,7,46,1,20422,16380,1
385,A,1000000,700000,2,69,1,0,13455,1
386,A,1000000,1000000,2,41,0,25080,105624,1
387,A,1000000,1000000,2,56,1,58081,14030,1
388,A,700000,700000,8,89,1,27017,2528,1
389,A,1000000,1000000,4,55,1,60179,42522,1
390,A,600000,600000,4,75,1,33085,3284,1
391,B,600000,600000,2,46,1,166608,225269,1
392,A,1000000,1000000,2,40,1,31198,14204,1
393,A,1000000,300000,7,53,1,,80628,1
394,A,1200000,300000,2,63,1,106404,16830,1
395,A,1000000,1000000,8,82,0,70708,1287,1
396,A,700000,700000,2,43,1,4798,9900,1
397,A,1000000,1000000,2,54,1,46290,19089,1
398,A,1000000,1000000,2,50,0,323255,77394,1
399,A,1000000,1000000,13,60,1,4298,47965,1
400,A,1000000,1000000,2,43,1,18402,13959,1
401,A,700000,700000,2,55,0,88409,29448,1
402,A,600000,300000,7,41,1,31576,62073,1
403,B,700000,700000,2,38,1,39223,98505,1
404,A,600000,400000,2,46,1,2299,66564,1
405,A,1000000,300000,7,67,1,29341,6230,1
406,A,1000000,1000000,7,39,1,9298,25079,1
407,A,1000000,1000000,8,75,1,20324,4494,1
408,A,700000,300000,4,63,1,0,12375,1
409,A,700000,300000,7,63,1,33855,1976,1
410,R,1000000,1000000,7,67,1,49713,5562,1
411,A,1000000,1000000,7,53,1,0,21852,1
412,A,1000000,300000,7,65,1,0,20682,1
413,A,700000,300000,7,45,1,8121,29539,1
414,A,1000000,1000000,2,57,1,134137,31011,1
415,A,500000,500000,2,42,1,666149,221812,1
416,A,1000000,1000000,4,53,1,19516,17820,1
417,A,1000000,1000000,2,45,1,85662,3555,1
418,A,400000,300000,7,43,1,334300,68400,1
419,A,1000000,1000000,2,55,1,24401,132724,1
420,A,600000,600000,2,40,0,0,3135,1
421,A,600000,600000,5,46,1,45990,40581,1
422,A,700000,700000,2,54,1,7685,2543,1
423,A,1000000,1000000,2,42,1,469533,126388,1
424,A,700000,700000,2,51,1,28681,55827,1
425,A,600000,300000,7,56,1,58673,20088,1
426,A,1000000,1000000,3,37,1,20477,315,1
427,A,1000000,1000000,3,42,0,18000,42660,1
428,A,1000000,300000,8,75,1,2730,14289,1
429,A,1000000,1000000,2,46,1,4056,24275,1
430,R,1000000,300000,4,42,1,49199,60111,1
431,A,1000000,1000000,4,43,1,62660,46599,1
432,R,1000000,700000,2,41,1,13285,10025,1
433,A,1000000,900000,2,38,1,176340,8307,1
434,A,1000000,800000,7,47,1,16976,2623,1
435,A,1000000,1000000,4,44,1,1188,49590,1
436,A,1000000,1000000,2,46,0,734643,11970,1
437,A,1000000,300000,4,66,1,11461,2961,1
438,A,700000,700000,3,48,1,82001,15544,1
439,A,1000000,1000000,1,71,1,598443,243368,1
440,A,700000,700000,8,74,0,6375,18009,1
441,B,1000000,1000000,2,52,1,216620,30690,1
442,A,600000,600000,2,44,1,0,14382,1
443,A,1000000,1000000,5,70,1,10655,644,1
444,A,1000000,1000000,2,43,0,105049,5306,1
445,A,1000000,1000000,2,44,0,565,52619,1
446,A,1000000,1000000,2,42,1,1546,360,1
447,A,700000,300000,7,57,1,110703,7443,1
448,A,1000000,300000,7,68,1,28022,125927,1
449,A,1000000,300000,7,43,1,51894,15872,1
450,A,600000,600000,5,51,1,1639,57510,1
451,B,700000,700000,4,47,1,2176,29571,1
452,A,1500000,1500000,1,54,1,22427,6633,1
453,A,1000000,1000000,3,45,1,0,22770,1
454,A,1000000,1000000,4,49,1,197057,153095,1
455,A,1000000,1000000,7,59,1,0,55277,1
456,A,1500000,1500000,2,53,0,524,41991,1
457,A,1000000,1000000,2,63,1,0,21369,1
458,A,1000000,1000000,2,63,1,56980,21369,1
459,A,1000000,1000000,2,53,1,46284,9833,1
460,A,1000000,1000000,2,52,0,191129,51734,1
461,A,1000000,1000000,2,65,0,27285,18905,1
462,A,1000000,1000000,2,48,1,0,88953,1
463,A,1000000,1000000,2,49,0,23869,18450,1
464,A,1000000,1000000,10,69,0,6891,6590,1
465,A,1000000,1000000,4,46,1,5938,17019,1
466,A,600000,300000,4,83,1,3467,9307,1
467,A,1100000,1100000,4,69,1,14600,6992,1
468,A,1000000,1000000,2,61,0,445448,17253,1
469,A,1000000,1000000,4,67,1,10551,16830,1
470,A,1000000,1000000,8,73,0,20727,29005,1
471,A,1000000,1000000,3,42,0,7109,25209,1
472,A,1000000,1000000,2,60,0,2169,27810,1
473,A,1000000,1000000,2,61,1,41368,47891,1
474,A,1000000,1000000,4,73,1,23900,4262,1
475,A,1000000,300000,4,62,1,1693,15732,1
476,A,1000000,1000000,1,63,1,0,18099,1
477,A,700000,300000,7,69,1,25989,27101,1
478,A,700000,700000,2,62,1,22848,114041,1
479,A,1000000,300000,4,77,1,8484,12790,1
480,A,1000000,1000000,2,41,1,0,73267,1
481,A,1000000,1000000,2,49,1,34948,4998,1
482,A,700000,700000,2,44,1,144642,84543,1
483,A,1000000,1000000,5,71,0,36801,48510,1
484,A,600000,600000,2,41,0,94622,6239,1
485,A,1500000,1500000,1,50,1,26617,157162,1
486,A,1000000,1000000,2,52,0,25060,71991,1
487,A,1000000,1000000,2,52,0,0,71991,1
488,A,1000000,1000000,2,49,1,10128,89100,1
489,A,200000,200000,2,51,1,252045,46176,1
490,A,1000000,1000000,2,45,1,110059,40387,1
491,A,500000,500000,7,44,1,62831,1276,1
492,A,700000,300000,4,47,1,15692,58761,1
493,A,1000000,1000000,4,44,1,0,86418,1
494,A,700000,300000,7,57,1,0,21819,1
495,A,200000,200000,7,46,1,61757,42838,1
496,A,1000000,1000000,10,49,1,5229,88620,1
497,A,1000000,1000000,2,49,1,92103,156510,1
498,A,1000000,1000000,2,40,1,0,31680,1
499,A,500000,300000,7,40,1,87192,38260,1
500,A,1000000,1000000,2,42,1,220960,67977,1
501,A,1000000,1000000,2,44,0,75683,21726,1
502,A,1000000,300000,4,38,1,7376,47520,1
503,A,600000,600000,2,44,1,26490,13959,1
504,A,600000,600000,5,36,1,2700,108000,1
505,A,600000,600000,2,43,1,38091,66528,1
506,A,700000,300000,4,49,1,147365,109980,1
507,A,200000,200000,2,36,1,198264,18812,1
508,A,600000,600000,4,81,1,1861,17523,1
509,A,1000000,1000000,2,42,1,22712,122417,1
510,A,1000000,1000000,3,46,1,5510,64899,1
511,A,1000000,1000000,3,66,1,8709,35442,1
512,A,1000000,1000000,4,46,1,38457,108702,1
513,A,700000,300000,7,47,1,224646,13023,1
514,A,600000,600000,2,39,1,84349,20187,1
515,A,1500000,300000,7,50,1,0,65521,1
516,A,1000000,1000000,2,46,1,4860,14940,1
517,A,1000000,1000000,2,51,1,13767,48249,1
518,A,1000000,300000,4,57,1,1386,11228,1
519,A,1000000,1000000,4,40,1,3826,52407,1
520,A,700000,300000,12,59,1,106348,166803,1
521,A,1000000,300000,4,56,1,30183,17223,1
522,A,700000,700000,8,79,1,332199,3041,1
523,A,700000,700000,2,40,1,4789,13700,1
524,A,600000,600000,4,44,1,29940,21060,1
525,A,700000,700000,2,43,1,57635,27828,1
526,A,400000,400000,2,49,1,188611,90260,1
527,A,1000000,300000,4,50,1,574,32310,1
528,A,1000000,300000,7,46,1,2822,1520,1
529,A,1000000,1000000,2,38,1,0,5031,1
530,A,1000000,1000000,2,42,1,19163,19602,1
531,A,1000000,1000000,4,57,1,4579,17779,1
532,A,1000000,900000,5,61,1,43677,53487,1
533,A,1000000,600000,2,56,1,56247,16673,1
534,A,1000000,1000000,2,58,1,276454,54883,1
535,A,1000000,1000000,2,56,1,33881,42521,1
536,A,1000000,1000000,1,70,0,27434,6371,1
537,A,600000,300000,8,84,1,0,918,1
538,A,1000000,300000,4,59,1,17621,83605,1
539,A,700000,700000,2,47,0,175645,53460,1
540,A,600000,600000,4,79,1,16446,19594,1
541,A,1000000,1000000,8,75,0,1586,6985,1
542,B,700000,700000,7,51,1,8782,31516,1
543,A,600000,600000,13,49,1,3151,7930,1
544,A,700000,700000,2,39,1,60106,15345,1
545,A,1000000,500000,7,51,1,51918,0,1
546,A,1000000,1000000,2,51,1,17082,60471,1
547,B,700000,700000,2,43,1,4545,72192,1
548,A,1000000,300000,8,70,1,3384,2304,1
549,A,700000,600000,7,63,1,0,98176,1
550,A,1000000,1000000,2,40,1,477699,42887,1
551,A,1000000,300000,8,78,1,399,24994,1
552,A,600000,600000,7,70,1,15168,11079,1
553,A,700000,300000,7,45,1,0,180000,1
554,A,700000,300000,4,78,1,23942,692,1
555,A,1000000,300000,7,65,1,11997,33687,1
556,A,1000000,1000000,2,49,0,23422,11880,1
557,A,1500000,1500000,4,58,1,38312,10575,1
558,A,1000000,1000000,2,48,0,44043,59490,1
559,A,1000000,1000000,2,51,1,5121,14805,1
560,A,1000000,1000000,2,59,1,198015,21456,1
561,A,1000000,1000000,10,57,1,27707,4771,1
562,A,700000,300000,8,81,1,36871,3164,1
563,A,600000,600000,4,54,1,5461,5630,1
564,A,1000000,1000000,1,77,0,6280,8712,1
565,A,1000000,1000000,2,54,1,7846,7623,1
566,A,700000,700000,8,83,0,63933,8745,1
567,A,1000000,1000000,2,51,1,149470,112077,1
568,A,700000,300000,8,76,1,25737,35037,1
569,A,1000000,300000,7,53,1,65377,103013,1
570,A,1000000,1000000,2,57,0,112657,67070,1
571,A,1000000,1000000,2,53,1,1099,68833,1
572,A,1000000,300000,4,76,1,13182,40038,1
573,A,1000000,1000000,2,44,0,9741,18076,1
574,A,1000000,1000000,2,41,1,605,2430,1
575,A,200000,200000,2,51,0,0,168739,1
576,A,1000000,900000,2,35,1,18700,24975,1
577,A,1000000,1000000,2,36,1,250036,2561,1
578,A,1000000,300000,7,53,1,4233,30231,1
579,A,1000000,1000000,7,67,1,45878,21693,1
580,A,500000,500000,13,44,1,42763,19933,1
581,A,500000,500000,3,54,1,,64521,1
582,A,1000000,300000,7,49,1,66512,73867,1
583,A,1000000,300000,7,62,1,9654,6680,1
584,A,1000000,300000,7,59,1,202994,10973,1
585,A,600000,600000,4,66,1,4655,15016,1
586,A,500000,500000,2,42,1,16589,17190,1
587,A,1000000,1000000,2,45,1,0,45387,1
588,A,700000,700000,7,45,1,104738,59184,1
589,A,600000,600000,5,44,1,48645,39368,1
590,A,1000000,1000000,2,53,1,157354,12312,1
591,A,400000,400000,7,38,1,3705,941,1
592,A,1000000,300000,11,68,1,48666,6782,1
593,A,1000000,1000000,2,46,0,65501,21422,1
594,A,700000,300000,4,43,1,16324,162360,1
595,A,600000,300000,4,45,1,30055,61380,1
596,A,700000,700000,2,39,1,0,5824,1
597,A,1000000,300000,7,59,1,4536,10782,1
598,A,700000,700000,4,66,1,10530,9050,1
599,A,200000,200000,6,20,1,11905,2574,1
600,A,1000000,1000000,8,66,0,4056,722,1
601,A,1000000,1000000,2,52,1,2850,95853,1
602,A,500000,500000,2,24,1,17861,17085,1
603,A,700000,700000,2,47,1,163186,21330,1
604,A,1000000,1000000,4,66,1,35563,910,1
605,A,400000,400000,5,55,0,203743,18828,1
606,A,600000,300000,8,91,1,86801,30724,1
607,A,1000000,300000,7,53,1,71244,13078,1
608,A,1000000,300000,11,63,1,17855,5660,1
609,A,500000,500000,8,67,1,10393,8421,1
610,A,1000000,300000,7,48,1,62762,2264,1
611,A,700000,700000,2,45,1,21300,32923,1
612,A,1000000,1000000,3,39,0,0,31770,1
613,A,1000000,300000,7,42,1,17899,16425,1
614,A,1000000,300000,7,59,1,30170,32670,1
615,A,600000,600000,5,46,1,4886,42340,1
616,A,1000000,1000000,2,44,1,290470,52560,1
617,A,1000000,1000000,2,46,1,24230,36225,1
618,A,1000000,1000000,2,42,1,13376,73251,1
619,A,1000000,1000000,8,66,0,40004,19287,1
620,A,1000000,300000,4,49,1,77470,10839,1
621,A,1000000,1000000,2,48,0,17260,2744,1
622,A,700000,700000,2,54,1,20080,18900,1
623,A,1000000,300000,7,52,1,8073,15345,1
624,A,1000000,1000000,2,64,1,2707,3159,1
625,A,1000000,1000000,2,42,0,0,39225,1
626,A,700000,700000,10,38,1,295870,80303,1
627,A,1500000,800000,3,36,1,21995,107866,1
628,A,600000,300000,12,58,1,0,23296,1
629,A,1000000,1000000,2,42,1,137627,34740,1
630,A,500000,500000,1,51,1,90557,216900,1
631,A,1000000,800000,2,63,0,1378,27621,1
632,A,500000,500000,5,81,1,51252,7716,1
633,A,1000000,300000,4,47,1,8800,33948,1
634,A,600000,600000,4,77,1,3397,39015,1
635,A,700000,700000,2,60,1,6926,21612,1
636,A,1000000,1000000,2,43,0,68329,161361,1
637,A,1000000,1000000,2,64,0,648,53856,1
638,A,700000,700000,2,40,1,41878,16981,1
639,A,1500000,1500000,7,68,0,0,8361,1
640,A,1000000,1000000,7,72,0,143048,11730,1
641,A,1000000,1000000,3,40,1,84860,56520,1
642,A,1000000,1000000,8,79,1,0,44459,1
643,A,1000000,1000000,5,62,0,79086,87935,1
644,A,1000000,1000000,2,48,0,76786,45459,1
645,A,1000000,1000000,8,78,1,30000,41580,1
646,A,1000000,1000000,2,59,0,84831,15946,1
647,A,1000000,1000000,2,52,1,3079,32562,1
648,A,1000000,1000000,1,56,1,325833,9014,1
649,A,1000000,1000000,2,55,1,2557,594,1
650,B,500000,500000,2,41,1,7007,9801,1
651,A,1000000,1000000,8,63,0,7277,26010,1
652,A,1000000,1000000,2,52,0,69070,84850,1
653,A,1000000,1000000,2,68,1,6947,32421,1
654,A,1000000,1000000,2,52,0,2040,33948,1
655,A,1000000,300000,4,46,1,7640,9309,1
656,A,400000,400000,8,80,0,20000,37354,1
657,A,500000,500000,4,59,1,1463,139959,1
658,A,700000,700000,2,39,1,89676,14602,1
659,A,1000000,1000000,2,53,0,111055,23850,1
660,A,1000000,300000,8,84,1,16099,31900,1
661,A,1000000,1000000,5,56,0,48009,6999,1
662,A,1500000,1500000,2,54,1,0,62018,1
663,A,1000000,300000,2,47,1,51080,93235,1
664,A,1200000,700000,8,69,1,16580,67113,1
665,A,1000000,1000000,2,40,1,13349,12465,1
666,A,700000,300000,7,59,1,282720,11691,1
667,A,1000000,300000,4,74,1,48745,64296,1
668,A,1000000,1000000,2,59,0,20397,6273,1
669,A,1000000,300000,4,67,1,42131,47205,1
670,A,1000000,1000000,2,37,0,260240,58662,1
671,A,1000000,1000000,2,52,1,39904,45543,1
672,A,1000000,1000000,2,47,0,129000,80280,1
673,A,1000000,300000,7,53,1,18842,716,1
674,A,700000,700000,4,62,1,5184,18840,1
675,A,400000,400000,10,39,0,88668,12465,1
676,A,1000000,1000000,5,52,0,26562,9542,1
677,A,1000000,600000,11,71,1,41303,104040,1
678,A,1000000,1000000,2,38,1,36836,10746,1
679,A,700000,300000,11,38,1,10828,16322,1
680,A,700000,300000,8,79,1,10420,102168,1
681,A,700000,700000,2,44,1,230480,28404,1
682,A,1000000,1000000,4,40,1,14925,63979,1
683,A,700000,700000,2,43,1,15215,45848,1
684,A,700000,700000,2,35,1,,97020,1
685,A,1000000,1000000,2,35,1,120613,48240,1
686,A,600000,600000,2,37,1,13585,51927,1
687,A,1000000,1000000,2,60,1,6085,16632,1
688,A,500000,500000,2,55,1,29260,37620,1
689,A,1000000,1000000,12,61,1,4551,20502,1
690,A,700000,700000,7,51,1,82983,8343,1
691,A,1000000,1000000,2,38,1,27645,8073,1
692,A,1000000,500000,12,52,1,55385,12906,1
693,A,1000000,1000000,2,45,1,0,59490,1
694,A,1000000,1000000,3,58,1,15000,28755,1
695,A,1200000,300000,7,61,1,0,11506,1
696,A,1000000,300000,7,55,1,11059,2327,1
697,A,700000,700000,2,41,1,0,74250,1
698,A,1000000,1000000,2,36,1,62123,5307,1
699,B,1000000,500000,1,52,1,4917,74250,1
700,A,700000,700000,2,43,1,904,46203,1
701,A,1000000,1000000,2,36,1,3534,39415,1
702,B,600000,600000,5,41,1,10019,63207,1
703,A,700000,700000,4,52,1,3590,47115,1
704,A,1000000,300000,7,44,1,4901,30634,1
705,A,200000,200000,13,61,1,15675,99090,1
706,A,1000000,1000000,4,46,1,54903,12812,1
707,A,700000,700000,2,46,1,18764,47358,1
708,A,1000000,300000,7,50,1,21604,5237,1
709,A,1000000,1000000,2,39,1,6166,98100,1
710,A,1000000,300000,4,61,1,7417,11652,1
711,B,1000000,1000000,2,36,1,81005,4581,1
712,A,700000,700000,2,55,1,6887,83250,1
713,A,1000000,1000000,2,43,1,68814,315,1
714,A,700000,700000,2,49,0,24035,33879,1
715,A,1000000,1000000,2,45,1,24220,27828,1
716,A,1000000,1000000,2,49,1,110543,308880,1
717,A,1000000,1000000,2,53,1,249184,49442,1
718,A,1000000,1000000,2,58,1,2252,34228,1
719,A,1000000,800000,4,82,1,44765,7116,1
720,A,400000,300000,8,70,1,25043,6722,1
721,A,200000,200000,8,78,1,183381,3023,1
722,A,1000000,1000000,2,50,1,127557,82062,1
723,A,1000000,300000,4,64,1,0,89190,1
724,A,1000000,1000000,2,40,0,10013,47107,1
725,B,1000000,1000000,10,37,1,0,11880,1
726,A,700000,700000,2,38,0,0,101070,1
727,A,1000000,1000000,2,39,0,113875,138600,1
728,A,1000000,1000000,2,50,0,34352,11610,1
729,A,1000000,300000,7,38,1,26430,42570,1
730,A,1000000,1000000,2,64,1,53085,20368,1
731,A,1000000,1000000,2,54,1,39231,10692,1
732,A,600000,600000,7,70,1,4424,41015,1
733,A,1000000,1000000,1,53,1,145875,25347,1
734,A,200000,200000,1,52,1,134221,94190,1
735,A,700000,300000,8,74,1,62013,11604,1
736,A,1000000,1000000,2,41,0,38102,8480,1
737,A,400000,300000,5,45,1,22368,39204,1
738,A,600000,300000,7,45,1,25948,2601,1
739,A,700000,700000,5,55,0,0,123840,1
740,A,1000000,1000000,2,44,1,34666,64789,1
741,A,1000000,1000000,1,59,0,7260,1188,1
742,A,1000000,1000000,2,52,1,0,21411,1
743,A,700000,300000,2,53,1,20618,71865,1
744,A,1000000,1000000,2,49,1,1537,55268,1
745,A,1000000,1000000,1,51,1,29055,59490,1
746,A,1000000,1000000,5,56,0,39648,180000,1
747,A,1000000,1000000,1,41,0,51367,53460,1
748,A,1000000,1000000,3,45,0,126629,78300,1
749,A,1000000,1000000,3,58,1,27741,7425,1
750,A,1000000,300000,1,82,1,657,40522,1
751,A,700000,700000,2,40,1,35531,44946,1
752,A,1000000,1000000,1,63,1,0,23850,1
753,A,1000000,1000000,4,67,1,12806,5162,1
754,A,1000000,1000000,2,49,0,9110,4834,1
755,A,600000,600000,2,52,0,145560,29562,1
756,A,1000000,1000000,3,42,0,49105,5436,1
757,A,1000000,1000000,3,50,1,10819,62064,1
758,A,1000000,1000000,5,70,1,177150,28314,1
759,A,600000,600000,2,45,0,80000,76230,1
760,A,600000,600000,12,42,1,17619,11817,1
761,A,1000000,1000000,2,55,1,17529,60074,1
762,A,400000,400000,2,43,1,65330,12564,1
763,A,600000,600000,2,36,0,12070,30483,1
764,A,700000,300000,7,48,1,60121,24287,1
765,A,600000,300000,4,41,1,30305,11970,1
766,B,1000000,1000000,2,40,1,14056,52164,1
767,A,1000000,1000000,3,42,1,0,7169,1
768,A,1000000,800000,2,61,1,21034,33290,1
769,A,500000,500000,2,35,1,65926,66389,1
770,A,1000000,1000000,2,53,1,0,65430,1
771,A,700000,700000,2,41,1,4405,13500,1
772,A,700000,700000,5,35,1,16407,59582,1
773,A,1000000,300000,2,36,1,7975,88481,1
774,A,1000000,1000000,2,33,1,16463,19080,1
775,A,700000,700000,2,49,1,19038,49033,1
776,A,600000,600000,7,52,1,10545,42797,1
777,A,1000000,300000,4,55,1,3000,13851,1
778,A,1000000,1000000,4,58,1,1511,9891,1
779,A,1000000,1000000,2,47,0,686,42525,1
780,A,1000000,1000000,4,49,1,356996,49500,1
781,A,1000000,1000000,2,54,1,3924,8271,1
782,R,1000000,1000000,2,43,1,73918,107624,1
783,A,1000000,1000000,2,69,1,19861,4995,1
784,A,1000000,1000000,7,61,1,44419,19449,1
785,A,1000000,1000000,2,55,1,550,96939,1
786,A,1500000,1500000,4,68,1,5034,8082,1
787,A,1000000,1000000,7,67,1,138800,36374,1
788,A,700000,700000,2,41,1,41961,159366,1
789,A,600000,600000,2,47,1,20141,75330,1
790,A,1000000,300000,4,53,1,153669,234225,1
791,A,1000000,1000000,2,45,0,0,128700,1
792,A,1000000,300000,4,37,1,27993,55164,1
793,A,1000000,1000000,4,60,1,2508,4752,1
794,A,1000000,300000,12,56,1,141180,24951,1
795,A,1000000,300000,7,62,1,9196,23763,1
796,A,1000000,1000000,2,52,1,13139,5544,1
797,A,1000000,1000000,5,72,1,1891,0,1
798,A,600000,300000,4,78,1,39863,3841,1
799,A,1000000,1000000,2,55,1,18124,10745,1
800,A,1000000,1000000,2,38,1,149261,24564,1
801,A,700000,700000,2,36,1,255498,24371,1
802,B,1000000,1000000,2,40,1,256100,76275,1
803,A,1000000,300000,5,51,1,3702,10350,1
804,A,1000000,900000,1,74,1,8208,1242,1
805,A,600000,600000,1,48,0,43163,7686,1
806,A,1000000,1000000,2,66,1,3762,7535,1
807,A,1000000,300000,4,59,1,35146,4894,1
808,A,1000000,1000000,2,61,1,118789,12960,1
809,A,600000,600000,4,38,1,1349,140428,1
810,A,1000000,300000,7,57,1,1846,39240,1
811,A,700000,700000,4,48,1,2015,13455,1
812,A,1000000,300000,8,65,1,23209,14166,1
813,A,1000000,300000,4,56,1,9000,45639,1
814,A,700000,700000,7,62,1,5414,1485,1
815,A,1000000,1000000,2,47,0,282048,110487,1
816,A,1000000,1000000,2,47,1,79192,15315,1
817,A,700000,300000,7,49,1,51805,61988,1
818,A,600000,300000,7,51,1,218466,10791,1
819,A,1000000,1000000,4,55,1,20566,93501,1
820,A,500000,500000,2,35,1,165119,40335,1
821,A,1000000,1000000,2,52,1,23917,33136,1
822,A,1000000,1000000,2,34,0,18591,38412,1
823,A,600000,600000,13,33,1,1767,7119,1
824,A,1000000,1000000,4,60,1,43760,20995,1
825,A,700000,700000,4,50,1,4180,34155,1
826,A,1000000,1000000,2,56,1,9084,31257,1
827,A,700000,700000,2,33,1,65495,35253,1
828,A,1000000,1000000,4,60,1,,34344,1
829,A,1000000,1000000,2,35,0,8343,19231,1
830,A,1500000,1500000,2,41,0,1539,35037,1
831,A,600000,600000,2,34,1,11746,39746,1
832,B,1000000,300000,7,59,1,75489,52965,1
833,A,1000000,300000,7,57,1,3220,53460,1
834,A,700000,700000,5,39,1,7228,85326,1
835,A,700000,700000,2,51,1,0,46530,1
836,A,1500000,1500000,2,40,1,20482,22266,1
837,A,500000,500000,3,35,1,215929,47894,1
838,A,1000000,1000000,2,42,1,8580,16365,1
839,A,700000,700000,2,44,1,60074,8496,1
840,A,500000,500000,7,44,0,0,57420,1
841,A,1000000,1000000,2,54,1,45980,22860,1
842,A,600000,600000,2,78,0,136282,37373,1
843,A,1000000,1000000,2,61,1,9374,25470,1
844,A,1000000,1000000,2,47,0,37060,36720,1
845,A,200000,200000,2,45,1,182718,42673,1
846,A,700000,700000,2,44,1,,31779,1
847,A,1000000,1000000,2,62,1,61658,138600,1
848,A,700000,700000,2,31,1,11268,84599,1
849,A,700000,700000,2,40,1,45445,56826,1
850,A,400000,400000,4,64,1,6113,1600,1
851,A,1000000,1000000,2,33,1,22990,52560,1
852,A,1000000,300000,7,56,1,2366,25521,1
853,A,1000000,300000,13,58,1,10080,720,1
854,A,1000000,1000000,2,29,0,0,70380,1
855,A,700000,700000,2,28,1,4244,9520,1
856,A,700000,700000,2,58,1,107759,23871,1
857,A,500000,500000,7,22,0,16249,14672,1
858,A,700000,700000,2,35,1,94368,23949,1
859,A,700000,700000,2,36,1,2901,55212,1
860,A,1000000,1000000,2,47,1,156357,35117,1
861,A,600000,600000,10,34,1,20573,14862,1
862,A,1000000,1000000,5,77,1,13429,72270,1
863,A,1000000,1000000,2,57,0,0,17325,1
864,A,1000000,300000,7,44,1,15677,29952,1
865,A,600000,600000,2,44,1,94963,24306,1
866,A,600000,600000,4,52,1,340482,44772,1
867,A,1000000,1000000,3,52,1,18310,65430,1
868,A,1000000,300000,4,37,1,43381,165420,1
869,A,1000000,500000,5,60,1,148802,17262,1
870,A,600000,600000,2,36,1,41791,7119,1
871,A,700000,300000,7,56,1,751,14850,1
872,A,1000000,1000000,4,45,1,39456,44271,1
873,A,1000000,300000,7,48,1,3617,59202,1
874,A,400000,400000,8,75,1,2070,3515,1
875,A,600000,600000,3,46,1,1406,101889,1
876,A,500000,500000,5,43,1,7434,65164,1
877,A,600000,600000,2,33,1,0,43007,1
878,A,1000000,1000000,2,33,1,2732,41605,1
879,A,1000000,1000000,8,67,0,3289,5787,1
880,A,1000000,1000000,2,53,1,15000,180000,1
881,R,200000,200000,7,53,1,56971,45838,1
882,A,600000,300000,4,44,1,12438,25662,1
883,A,700000,700000,2,54,0,53354,5815,1
884,A,1000000,1000000,1,51,0,281780,180000,1
885,B,700000,700000,5,33,1,193147,64123,1
886,A,600000,600000,4,45,1,31664,89190,1
887,A,1000000,1000000,3,33,0,161446,39332,1
888,A,500000,500000,2,32,1,138710,21108,1
889,A,1000000,1000000,2,43,0,466,8073,1
890,A,1000000,1000000,2,54,1,6355,48501,1
891,A,700000,700000,1,60,0,0,41829,1
892,A,1500000,1500000,2,45,1,1101,72656,1
893,A,300000,300000,2,29,0,0,633,1
894,A,500000,500000,2,27,1,9707,6327,1
895,A,700000,700000,12,32,1,198431,6365,1
896,A,700000,700000,2,58,1,62767,3105,1
897,A,1000000,1000000,2,58,1,262,27315,1
898,A,700000,700000,2,41,1,113015,91678,1
899,A,1000000,1000000,2,47,0,66137,75519,1
900,A,1000000,300000,7,56,1,32046,24840,1
901,A,1000000,500000,2,46,1,35569,28150,1
902,A,1500000,1500000,2,39,0,28529,29790,1
903,A,1000000,1000000,3,55,1,12310,3465,1
904,A,1500000,1500000,10,47,0,9063,77013,1
905,A,600000,600000,2,32,1,577601,27819,1
906,A,1000000,1000000,2,53,1,37124,26021,1
907,A,600000,600000,7,39,1,109245,1777,1
908,A,1000000,1000000,2,38,1,56370,40767,1
909,A,1000000,300000,11,54,0,197946,25245,1
910,B,1000000,1000000,2,52,0,5240,123849,1
911,A,1000000,1000000,2,31,0,0,68310,1
912,A,1000000,1000000,2,47,0,26241,142650,1
913,A,1000000,300000,7,53,1,7942,35103,1
914,A,1000000,300000,7,50,1,325212,74373,1
915,A,1000000,1000000,2,34,1,19267,14277,1
916,A,1100000,300000,7,61,1,53133,94724,1
917,A,700000,700000,2,42,1,0,81576,1
918,A,700000,300000,11,58,1,0,6605,1
919,A,1000000,1000000,2,33,1,101456,66420,1
920,A,1000000,1000000,2,36,1,4770,35625,1
921,A,1000000,800000,3,53,1,39862,25213,1
922,A,500000,500000,3,37,1,1500,138402,1
923,A,1000000,1000000,4,54,1,30070,34050,1
924,A,1000000,1000000,2,33,1,35153,0,1
925,A,1000000,1000000,2,34,1,30735,105930,1
926,A,1000000,1000000,2,33,1,816,3780,1
927,A,1000000,1000000,2,39,1,44589,13635,1
928,A,1000000,1000000,3,51,1,4073,53623,1
929,A,500000,500000,2,39,1,127111,36445,1
930,A,700000,700000,2,50,1,589,84348,1
931,A,1000000,1000000,2,33,1,143849,9976,1
932,A,1000000,1000000,2,47,1,0,122702,1
933,A,600000,600000,2,62,1,23729,39690,1
934,A,1000000,1000000,3,43,0,8408,49104,1
935,A,1000000,1000000,5,52,1,4038,13269,1
936,A,1000000,1000000,2,49,1,16562,27418,1
937,A,400000,400000,13,43,1,104677,78248,1
938,A,1000000,1000000,4,68,1,72831,11091,1
939,A,1000000,1000000,2,54,1,26766,40140,1
940,A,1000000,1000000,2,52,1,24132,28754,1
941,A,700000,700000,13,73,1,12534,29553,1
942,A,1000000,300000,4,42,1,22536,54774,1
943,A,500000,500000,2,33,1,40128,105238,1
944,A,500000,500000,2,33,1,60479,5274,1
945,A,1000000,1000000,2,37,1,0,75573,1
946,A,600000,600000,2,51,1,64400,32834,1
947,A,1000000,1000000,2,37,1,84541,50382,1
948,A,700000,700000,2,49,1,58620,61470,1
949,A,600000,600000,2,34,1,94839,170865,1
950,A,700000,700000,2,60,1,39393,24601,1
951,A,700000,700000,2,47,1,26505,132215,1
952,A,500000,500000,1,42,1,31216,20538,1
953,A,1000000,1000000,2,33,1,92025,12098,1
954,A,700000,700000,2,31,1,34067,35082,1
955,A,1000000,800000,2,52,1,30972,52866,1
956,A,700000,400000,2,40,1,0,10395,1
957,A,1000000,1000000,2,35,1,20378,136993,1
958,A,700000,300000,7,59,1,5872,12443,1
959,A,1000000,1000000,2,60,1,22273,5593,1
960,A,1000000,1000000,1,53,1,95991,11198,1
961,A,500000,500000,7,55,1,81177,37888,1
962,A,300000,300000,2,54,1,11349,44185,1
963,A,700000,500000,7,64,1,10126,173043,1
964,A,1000000,1000000,2,47,1,39710,110770,1
965,A,500000,500000,1,49,0,85141,48334,1
966,A,700000,700000,8,76,1,0,57420,1
967,A,1000000,1000000,2,57,1,89352,47710,1
968,A,1000000,1000000,2,60,0,40501,149871,1
969,A,1000000,1000000,2,49,1,0,71865,1
970,A,1000000,1000000,1,60,0,227651,4743,1
971,A,1000000,1000000,2,61,0,3101,27325,1
972,A,1000000,1000000,3,45,0,4688,37834,1
973,A,1000000,1000000,12,55,1,0,57600,1
974,A,500000,500000,2,35,1,4598,29699,1
975,A,1000000,300000,7,54,1,0,76888,1
976,A,1000000,1000000,2,34,1,1321,2223,1
977,A,1000000,500000,7,51,1,34829,24411,1
978,A,1000000,1000000,2,50,1,104900,36720,1
979,A,1000000,1000000,1,41,0,103231,133740,1
980,R,600000,600000,2,32,1,0,116384,1
981,A,600000,600000,4,50,1,4205,47115,1
982,A,1000000,300000,7,55,1,70557,6244,1
983,A,600000,600000,2,33,1,18099,18603,1
984,A,1000000,1000000,2,48,1,0,87750,1
985,A,1000000,1000000,2,37,0,0,83250,1
986,A,500000,300000,7,42,1,0,168329,1
987,A,1000000,300000,4,72,1,218261,24858,1
988,A,1000000,1000000,4,46,1,0,6770,1
989,A,1000000,1000000,2,32,1,34117,78822,1
990,A,500000,500000,4,35,1,40862,87210,1
991,A,1000000,1000000,2,48,1,779555,76230,1
992,A,1000000,1000000,2,44,1,0,148837,1
993,A,600000,600000,2,45,1,212777,159390,1
994,A,1200000,1200000,1,65,0,1719,51851,1
995,A,700000,300000,7,62,1,258850,33811,1
996,A,1000000,1000000,2,50,1,37481,45981,1
997,A,400000,400000,13,41,1,0,81045,1
998,A,700000,700000,2,35,1,,58239,1
999,A,500000,500000,2,25,1,20435,18504,1
1000,A,700000,300000,7,65,1,11083,43506,1
1001,A,600000,300000,2,56,1,85990,42570,1
1002,A,600000,600000,2,36,1,66260,71551,1
1003,A,700000,300000,8,81,0,121915,23466,1
1004,A,1000000,1000000,2,56,1,15920,21970,1
1005,A,1500000,300000,4,56,1,14981,52560,1
1006,A,1000000,300000,7,47,1,209247,31947,1
1007,A,1000000,1000000,2,38,1,18079,25821,1
1008,A,700000,700000,2,54,0,4997,137214,1
1009,A,1000000,1000000,2,57,1,1232,42611,1
1010,A,1000000,1000000,2,49,1,62681,13554,1
1011,A,1500000,1500000,2,57,0,579,3316,1
1012,A,1500000,1500000,10,58,1,110342,58849,1
1013,A,700000,300000,7,51,1,0,58410,1
1014,A,1000000,1000000,1,85,1,12096,36157,1
1015,A,1200000,1200000,2,67,1,167386,1824,1
1016,A,700000,700000,10,40,0,59565,98100,1
1017,A,1000000,1000000,5,62,1,136678,69300,1
1018,A,700000,700000,4,49,1,47996,7223,1
1019,A,1000000,1000000,2,35,1,152631,47610,1
1020,A,1000000,1000000,7,67,0,14962,3809,1
1021,A,600000,600000,2,48,1,41278,152550,1
1022,A,1000000,1000000,2,36,0,150731,132510,1
1023,A,1000000,1000000,4,44,1,7742,33046,1
1024,A,700000,700000,2,32,1,307329,34699,1
1025,A,700000,300000,4,38,1,571429,179702,1
1026,B,1000000,1000000,2,31,1,137477,51444,1
1027,A,1000000,1000000,2,32,1,43764,57510,1
1028,A,600000,600000,5,59,1,51709,36999,1
1029,A,700000,700000,4,56,1,20206,19365,1
1030,A,1000000,1000000,2,44,0,3343,23094,1
1031,A,700000,700000,2,31,1,5785,97310,1
1032,A,700000,700000,2,45,1,158485,18545,1
1033,A,1000000,1000000,3,41,1,66918,11576,1
1034,A,500000,300000,4,54,1,17452,44130,1
1035,A,1000000,1000000,2,34,1,3000,4869,1
1036,A,1000000,1000000,2,51,1,,54144,1
1037,A,600000,300000,7,52,1,14421,63810,1
1038,A,1000000,1000000,3,65,0,0,981,1
1039,A,1000000,1000000,2,29,0,20880,103239,1
1040,A,1000000,1000000,3,32,1,3860,42660,1
1041,A,1000000,1000000,2,32,1,0,185102,1
1042,A,300000,300000,5,35,1,,48501,1
1043,A,1000000,300000,7,53,1,13040,40725,1
1044,A,600000,600000,2,49,0,137679,162360,1
1045,A,1000000,300000,7,41,1,0,39074,1
1046,A,1000000,300000,7,52,1,,5310,1
1047,A,1000000,1000000,4,59,1,73393,69579,1
1048,A,700000,700000,2,54,0,13396,111714,1
1049,R,1000000,1000000,2,34,1,72584,70385,1
1050,A,200000,200000,2,29,1,12901,33115,1
1051,R,1000000,500000,2,33,1,129754,2322,1
1052,A,700000,700000,2,30,1,1900,39591,1
1053,A,1000000,1000000,2,36,1,4273,54169,1
1054,A,1000000,400000,2,37,1,100030,56052,1
1055,A,600000,300000,7,45,1,204562,4257,1
1056,A,1000000,1000000,2,57,1,75663,5267,1
1057,A,1000000,1000000,2,35,1,7838,6461,1
1058,A,1000000,800000,2,31,1,33098,40086,1
1059,A,700000,700000,2,31,1,0,80028,1
1060,A,200000,200000,2,66,1,0,68470,1
1061,A,700000,700000,2,53,1,0,36539,1
1062,R,1500000,1500000,2,47,1,11696,9766,1
1063,A,1000000,1000000,2,35,1,1207,2871,1
1064,A,1000000,300000,7,60,1,37464,21426,1
1065,R,1000000,1000000,2,35,1,741,31072,1
1066,A,1000000,400000,2,37,1,288840,55614,1
1067,A,1000000,1000000,2,57,0,166460,19122,1
1068,A,1000000,300000,4,56,1,0,4950,1
1069,A,1000000,300000,7,68,1,3010,18515,1
1070,A,1000000,1000000,4,50,1,16720,67257,1
1071,A,1000000,1000000,5,45,1,6524,29394,1
1072,A,1000000,1000000,2,38,1,7175,1350,1
1073,A,1000000,1000000,2,39,0,21750,140877,1
1074,A,600000,600000,2,50,0,32319,42134,1
1075,A,1000000,500000,4,54,1,31132,66536,1
1076,A,1500000,800000,2,52,1,,12564,1
1077,A,600000,300000,7,68,1,5852,64589,1
1078,A,1000000,1000000,2,33,1,139598,33396,1
1079,A,1000000,1000000,2,65,0,107335,40742,1
1080,A,500000,500000,5,48,1,47025,9220,1
1081,A,700000,700000,1,53,0,389144,110275,1
1082,A,700000,700000,2,32,1,77510,51975,1
1083,A,800000,700000,7,79,1,51000,12244,1
1084,A,1000000,1000000,2,32,1,32532,12393,1
1085,A,700000,700000,2,47,1,838660,30305,1
1086,A,1000000,1000000,2,34,1,53502,33120,1
1087,A,1000000,1000000,2,35,1,4769,7533,1
1088,A,1000000,1000000,3,50,1,55538,8573,1
1089,A,1000000,1000000,3,34,1,84175,119790,1
1090,A,600000,600000,2,42,1,13965,110970,1
1091,A,1000000,1000000,2,37,1,28708,25830,1
1092,A,700000,700000,10,43,0,64311,29830,1
1093,A,1000000,1000000,2,36,1,22360,44488,1
1094,A,500000,400000,2,33,1,193843,67365,1
1095,A,1000000,800000,5,50,1,2927,28530,1
1096,A,1000000,1000000,2,46,1,2704,24840,1
1097,B,1000000,300000,4,49,1,22977,0,1
1098,A,700000,700000,2,30,1,87048,7623,1
1099,A,1000000,1000000,4,60,1,18280,41319,1
1100,A,1000000,1000000,2,30,1,137244,154636,1
1101,A,1000000,1000000,7,58,1,12426,2310,1
1102,B,1000000,1000000,2,36,1,912,37183,1
1103,A,1000000,1000000,2,31,1,33359,40680,1
1104,A,600000,300000,7,42,1,18810,68877,1
1105,A,600000,600000,5,66,1,454117,41877,1
1106,A,1000000,1000000,1,67,1,56690,12429,1
1107,A,1000000,1000000,2,31,1,15180,12158,1
1108,A,700000,700000,2,42,0,95630,29652,1
1109,A,1000000,1000000,3,34,1,4560,133899,1
1110,A,1000000,1000000,2,50,1,39307,4134,1
1111,A,1000000,400000,7,53,1,8113,13455,1
1112,A,1000000,500000,2,53,1,10872,19197,1
1113,A,1000000,1000000,7,53,1,19873,35360,1
1114,A,1000000,1000000,2,58,1,32519,25275,1
1115,A,1000000,1000000,2,34,1,0,22500,1
1116,A,1000000,1000000,2,31,1,34277,75420,1
1117,A,600000,600000,4,37,1,28004,77311,1
1118,A,1000000,1000000,2,41,1,28188,15676,1
1119,A,500000,500000,2,39,1,278951,134586,1
1120,A,200000,200000,2,32,1,15007,5228,1
1121,A,700000,700000,2,46,1,27338,45531,1
1122,A,700000,700000,2,37,1,4693,130896,1
1123,A,1000000,1000000,2,48,0,120605,53100,1
1124,A,1200000,1200000,2,32,1,1321,50094,1
1125,A,1000000,1000000,4,62,1,45200,3868,1
1126,A,1000000,1000000,4,76,1,14798,45343,1
1127,A,1000000,1000000,4,51,1,1864,151560,1
1128,A,1000000,300000,2,52,1,5364,33642,1
1129,A,1000000,300000,4,59,1,6793,79200,1
1130,A,1000000,1000000,2,39,1,52611,15521,1
1131,A,200000,200000,10,41,0,38968,33274,1
1132,A,1000000,300000,4,74,1,1701,23675,1
1133,A,500000,500000,7,35,1,4995,6552,1
1134,A,1000000,1000000,2,38,1,69585,9369,1
1135,A,1000000,1000000,2,52,0,172546,42590,1
1136,A,700000,700000,2,41,1,,98406,1
1137,A,600000,500000,5,72,1,11120,1880,1
1138,A,1000000,1000000,3,37,0,20345,62279,1
1139,A,1000000,1000000,2,53,1,68400,29598,1
1140,A,700000,700000,2,32,1,32213,18545,1
1141,A,700000,700000,2,47,1,109478,30725,1
1142,A,700000,700000,4,55,1,10818,102135,1
1143,A,700000,700000,3,32,1,0,19570,1
1144,A,1000000,1000000,2,55,0,113665,61579,1
1145,A,600000,300000,8,70,1,3000,13860,1
1146,A,700000,300000,7,57,1,0,46620,1
1147,A,700000,700000,2,49,1,0,68400,1
1148,A,1000000,1000000,2,45,1,0,20369,1
1149,A,1000000,300000,7,60,1,79258,56815,1
1150,A,1000000,1000000,3,56,1,1631,5337,1
1151,A,600000,300000,8,74,1,23572,25929,1
1152,A,1000000,300000,4,75,1,44659,45630,1
1153,A,1000000,1000000,4,56,1,36085,31252,1
1154,A,1000000,300000,4,62,1,1072490,114759,1
1155,A,1000000,1000000,10,47,1,31870,4614,1
1156,A,1000000,1000000,2,36,0,75000,108851,1
1157,A,1000000,1000000,2,35,0,65883,20385,1
1158,A,700000,500000,2,52,1,2945,72226,1
1159,A,1000000,1000000,2,62,0,11428,3418,1
1160,A,1000000,1000000,1,54,1,156969,38779,1
1161,A,1000000,1000000,2,59,1,106229,82260,1
1162,R,600000,600000,8,76,0,33052,180000,1
1163,A,1000000,1000000,4,49,1,4950,24831,1
1164,A,700000,700000,8,79,1,0,127132,1
1165,A,600000,300000,7,35,1,0,10782,1
1166,B,1000000,300000,4,49,1,29952,63117,1
1167,A,1000000,1000000,2,29,1,4230,32421,1
1168,A,600000,600000,2,43,1,23857,77340,1
1169,A,700000,700000,2,28,1,79862,56430,1
1170,A,500000,500000,7,35,1,0,13950,1
1171,A,600000,600000,1,55,1,48123,39294,1
1172,R,1000000,1000000,5,61,1,34362,39600,1
1173,B,700000,700000,5,30,1,62624,17034,1
1174,A,1000000,1000000,2,31,0,24404,44523,1
1175,A,1000000,1000000,7,48,1,76588,45837,1
1176,R,500000,500000,13,29,0,6779,26042,1
1177,A,1000000,1000000,4,59,1,469347,6912,1
1178,B,700000,700000,2,33,1,513,53757,1
1179,A,700000,300000,7,40,1,19354,2043,1
1180,A,600000,600000,4,52,1,47236,80874,1
1181,A,1000000,300000,4,51,1,27721,42012,1
1182,A,1000000,1000000,7,74,1,7360,6208,1
1183,B,600000,600000,5,40,1,31942,72103,1
1184,R,700000,700000,3,31,1,92142,18432,1
1185,A,1000000,1000000,2,32,1,6480,59025,1
1186,A,1000000,1000000,3,58,1,0,12069,1
1187,A,1000000,1000000,3,60,1,22928,5404,1
1188,A,1000000,1000000,2,29,1,24831,24870,1
1189,A,700000,700000,4,35,1,296654,41472,1
1190,A,700000,700000,1,33,0,118016,181368,1
1191,A,1000000,1000000,2,37,1,37620,149796,1
1192,A,1000000,1000000,2,63,1,285,60390,1
1193,A,1000000,1000000,11,30,1,34253,10127,1
1194,A,700000,700000,2,43,1,16815,37234,1
1195,A,1500000,1500000,5,57,0,238502,153104,1
1196,A,700000,700000,4,60,1,156312,47594,1
1197,R,1500000,1500000,2,34,0,319703,8495,1
1198,A,500000,300000,7,61,1,25056,8180,1
1199,A,1000000,1000000,1,63,0,37675,2521,1
1200,A,700000,700000,2,52,1,15000,128284,1
1201,B,700000,700000,2,38,1,72432,72921,1
1202,A,500000,500000,2,37,1,11941,69182,1
1203,A,1500000,1500000,1,60,0,741994,16920,1
1204,A,1000000,1000000,2,45,1,85114,123120,1
1205,A,700000,700000,11,33,1,130973,12474,1
1206,A,1000000,1000000,8,73,1,11384,3324,1
1207,A,1000000,1000000,3,51,1,5000,5202,1
1208,A,1000000,1000000,3,54,1,41169,57708,1
1209,R,700000,700000,2,30,0,31744,68868,1
1210,A,1000000,1000000,4,62,1,1539,1683,1
1211,A,1000000,1000000,2,58,1,22040,83745,1
1212,R,1000000,1000000,2,43,0,0,14310,1
1213,A,1000000,1000000,2,29,1,10699,1971,1
1214,A,1200000,1200000,2,29,1,22020,12960,1
1215,A,1000000,1000000,2,29,1,,12573,1
1216,A,700000,700000,2,31,1,40464,20187,1
1217,A,500000,500000,2,29,1,39929,146115,1
1218,A,1000000,1000000,2,40,1,172170,65529,1
1219,A,1000000,1000000,2,49,1,74950,10394,1
1220,A,500000,500000,2,34,0,23484,232187,1
1221,A,1000000,800000,8,68,1,21050,15858,1
1222,A,1000000,1000000,2,48,1,86421,248490,1
1223,A,700000,600000,7,51,1,330,27810,1
1224,A,700000,700000,2,33,0,754,210960,1
1225,A,1000000,1000000,2,47,0,126276,12142,1
1226,A,500000,500000,2,51,1,195685,11025,1
1227,R,1000000,1000000,2,48,1,3762,28123,1
1228,A,500000,500000,2,38,1,104500,95670,1
1229,A,1000000,1000000,2,30,0,5672,66150,1
1230,A,600000,500000,7,53,1,8095,50184,1
1231,A,700000,300000,4,63,1,17685,54795,1
1232,A,1000000,900000,2,36,1,112850,50109,1
1233,A,1000000,300000,7,58,1,231111,46769,1
1234,A,700000,300000,8,76,1,1454,10741,1
1235,B,600000,600000,1,55,1,61649,55341,1
1236,A,500000,500000,2,35,1,105239,26009,1
1237,A,1000000,300000,7,58,1,0,53996,1
1238,A,600000,600000,4,44,1,5643,56520,1
1239,A,700000,300000,7,47,1,84964,80857,1
1240,A,1000000,1000000,4,36,1,60050,37129,1
1241,A,1000000,300000,4,63,1,,88110,1
1242,A,600000,300000,7,33,1,0,34424,1
1243,A,500000,300000,7,47,1,,41580,1
1244,A,1000000,1000000,4,57,1,72667,30123,1
1245,A,600000,600000,2,42,1,24074,38393,1
1246,A,700000,700000,2,71,1,23920,6340,1
1247,A,1000000,300000,2,51,1,6247,28305,1
1248,A,1000000,300000,4,57,1,0,14544,1
1249,A,600000,600000,2,58,1,13335,38514,1
1250,A,500000,300000,7,45,1,71379,34103,1
1251,A,700000,700000,4,66,1,51205,35640,1
1252,A,1000000,300000,4,33,1,48000,67410,1
1253,B,1000000,1000000,2,32,1,31534,29186,1
1254,A,700000,700000,2,28,1,72956,91080,1
1255,A,700000,700000,2,29,1,0,102424,1
1256,A,600000,600000,2,30,1,14422,27507,1
1257,A,1000000,1000000,2,46,1,35620,52795,1
1258,A,1000000,1000000,2,48,1,,31365,1
1259,A,700000,700000,4,49,1,11840,49805,1
1260,A,1000000,1000000,4,65,1,0,165420,1
1261,A,700000,700000,2,37,0,74933,8831,1
1262,R,1000000,1000000,2,49,1,0,121667,1
1263,A,700000,700000,2,51,1,117534,180000,1
1264,A,1000000,500000,2,52,1,21034,16059,1
1265,A,1000000,900000,3,62,0,0,8225,1
1266,A,1000000,1000000,2,58,1,0,70974,1
1267,A,700000,700000,7,50,1,0,34155,1
1268,A,600000,600000,12,45,1,32851,45689,1
1269,A,1000000,1000000,2,38,1,0,13554,1
1270,A,400000,300000,7,53,1,22322,23850,1
1271,A,700000,700000,2,55,1,40792,74052,1
1272,A,1000000,1000000,2,57,1,60905,62865,1
1273,A,1500000,1500000,2,65,0,23890,1599,1
1274,A,1000000,1000000,2,39,1,0,11277,1
1275,A,700000,300000,5,51,1,52369,45432,1
1276,A,1000000,1000000,2,37,0,,15029,1
1277,R,1000000,1000000,2,31,1,49296,47520,1
1278,A,1000000,1000000,2,27,1,5239,40204,1
1279,A,1000000,1000000,4,47,1,18041,13103,1
1280,A,500000,300000,7,32,1,59689,52898,1
1281,A,400000,400000,13,30,1,46379,78993,1
1282,A,1000000,1000000,2,64,1,10117,15570,1
1283,A,1000000,1000000,2,55,0,4481,5918,1
1284,A,1000000,1000000,2,34,1,0,13036,1
1285,A,600000,600000,2,30,1,3473,62325,1
1286,A,1000000,1000000,2,38,0,61590,49815,1
1287,A,1000000,1000000,3,50,1,21554,90270,1
1288,A,700000,700000,2,30,1,82736,25547,1
1289,A,700000,700000,5,68,0,3261,1512,1
1290,A,1000000,1000000,1,44,0,40000,110673,1
1291,A,1000000,1000000,2,55,1,50581,12595,1
1292,A,1000000,1000000,2,34,0,2498,192600,1
1293,A,500000,500000,5,70,1,2149,23109,1
1294,A,600000,600000,2,30,0,86330,8019,1
1295,A,1000000,1000000,1,34,0,18309,2567,1
1296,A,1000000,300000,4,55,1,0,12201,1
1297,A,700000,700000,2,33,1,27009,35849,1
1298,A,600000,600000,3,27,1,10545,52560,1
1299,A,700000,700000,2,49,1,66524,262350,1
1300,A,700000,700000,2,34,0,197893,137250,1
1301,A,1000000,1000000,2,43,1,46888,2601,1
1302,A,700000,700000,2,30,1,129713,16038,1
1303,A,200000,200000,1,31,1,91960,18801,1
1304,A,700000,700000,4,44,1,19975,32292,1
1305,R,600000,600000,2,36,1,9936,57024,1
1306,A,1000000,1000000,2,59,1,63926,21814,1
1307,A,700000,700000,2,33,1,627,27692,1
1308,A,600000,300000,7,50,1,7038,46943,1
1309,A,1000000,1000000,10,49,1,85690,71370,1
1310,R,1000000,1000000,2,49,1,78084,46035,1
1311,B,200000,200000,2,38,1,27672,10125,1
1312,A,700000,700000,2,46,1,6010,33957,1
1313,A,700000,700000,2,49,1,215885,23784,1
1314,A,1000000,1000000,2,32,1,42478,49184,1
1315,A,1000000,1000000,2,33,1,96426,55233,1
1316,A,700000,700000,2,34,1,73060,17548,1
1317,A,1000000,300000,7,40,1,58776,37216,1
1318,R,1000000,1000000,2,50,1,45095,85940,1
1319,A,700000,500000,2,40,1,6645,28152,1
1320,A,600000,600000,13,31,1,10888,77430,1
1321,A,1000000,300000,7,54,1,7458,4094,1
1322,A,200000,200000,2,31,1,12331,15244,1
1323,A,1000000,1000000,2,29,1,23082,32688,1
1324,A,1000000,600000,12,48,1,30450,11208,1
1325,A,1000000,1000000,3,33,1,36461,16128,1
1326,A,600000,600000,2,29,1,3000,18315,1
1327,A,1000000,1000000,3,39,1,0,34612,1
1328,A,500000,500000,7,47,1,1406,104352,1
1329,A,1000000,1000000,2,42,1,0,68340,1
1330,A,1000000,1000000,2,28,1,9639,3304,1
1331,R,700000,300000,7,60,1,35091,24948,1
1332,A,700000,300000,7,36,1,7241,99000,1
1333,A,1000000,1000000,2,30,1,96241,16790,1
1334,A,1000000,1000000,2,43,1,0,67095,1
1335,A,600000,600000,5,41,0,52297,43016,1
1336,A,1000000,1000000,2,34,0,31498,52560,1
1337,A,1000000,1000000,1,65,0,53744,22968,1
1338,A,1000000,1000000,1,50,0,62197,170280,1
1339,A,1000000,1000000,2,47,0,161518,57510,1
1340,A,1000000,1000000,2,43,1,0,50225,1
1341,A,600000,600000,5,50,1,1235,24723,1
1342,A,700000,300000,7,62,1,0,64718,1
1343,A,600000,600000,3,26,1,132613,46040,1
1344,A,500000,500000,12,29,1,0,37305,1
1345,A,500000,300000,7,55,1,50799,100874,1
1346,A,600000,600000,2,30,0,90195,82803,1
1347,A,400000,400000,12,33,1,99864,5040,1
1348,A,700000,700000,2,57,0,63924,144540,1
1349,A,700000,700000,2,36,1,280006,735,1
1350,A,1000000,1000000,2,28,1,51780,58530,1
1351,A,500000,500000,3,28,1,26515,99290,1
1352,A,700000,700000,2,31,1,26711,26429,1
1353,B,1000000,1000000,2,30,1,11266,34650,1
1354,A,500000,500000,2,29,1,0,49500,1
1355,A,1000000,300000,7,65,1,0,1822,1
1356,A,1000000,1000000,3,53,1,31635,6921,1
1357,A,700000,700000,2,41,0,0,58203,1
1358,A,400000,400000,2,26,1,4646,98109,1
1359,A,600000,600000,2,39,1,1321,11697,1
1360,A,1000000,300000,7,65,1,0,26910,1
1361,A,700000,700000,1,45,0,0,93368,1
1362,A,1000000,1000000,3,32,0,4754,4955,1
1363,A,1000000,1000000,2,34,0,20772,44640,1
1364,A,700000,700000,2,46,1,0,97110,1
1365,A,1000000,300000,7,58,1,4865,17669,1
1366,A,1000000,1000000,2,54,1,0,84861,1
1367,A,600000,600000,2,30,0,112837,30780,1
1368,A,1000000,300000,8,73,1,20659,21645,1
1369,A,1000000,1000000,2,38,0,7125,38898,1
1370,A,1000000,1000000,2,42,1,56308,74241,1
1371,A,200000,200000,5,38,1,36100,39510,1
1372,A,1000000,1000000,3,30,1,1547,35244,1
1373,A,700000,500000,2,50,1,225941,10791,1
1374,A,400000,300000,7,53,1,116206,8917,1
1375,A,700000,300000,7,61,1,40602,10704,1
1376,A,1000000,1000000,4,41,1,19018,47808,1
1377,A,1000000,1000000,2,31,1,39501,31569,1
1378,A,700000,700000,10,28,1,0,180000,1
1379,A,1000000,600000,2,29,1,0,21261,1
1380,A,1000000,1000000,2,57,1,142976,29064,1
1381,A,600000,600000,2,30,0,0,64845,1
1382,A,600000,600000,2,40,0,0,26325,1
1383,A,1000000,1000000,2,55,1,850240,8897,1
1384,A,500000,300000,5,43,1,123773,29913,1
1385,A,1000000,900000,2,32,1,6324,59956,1
1386,B,1000000,1000000,2,27,1,86874,27621,1
1387,A,1000000,1000000,2,45,1,42250,35640,1
1388,A,700000,300000,7,49,1,60286,64818,1
1389,A,700000,700000,2,30,1,18676,18377,1
1390,A,500000,500000,2,34,1,36690,30013,1
1391,A,1000000,300000,4,42,1,10081,41731,1
1392,A,1000000,1000000,2,37,1,145671,13860,1
1393,A,200000,200000,2,27,1,43890,61470,1
1394,A,700000,700000,3,31,1,22707,4722,1
1395,A,600000,300000,11,56,1,2841,8712,1
1396,A,500000,500000,2,29,1,133573,61748,1
1397,B,600000,600000,2,33,1,16800,13320,1
1398,A,600000,600000,2,29,1,243356,48276,1
1399,A,1000000,1000000,2,31,1,40850,12564,1
1400,A,700000,700000,2,30,1,58502,368370,1
1401,A,1000000,1000000,2,35,1,68563,26757,1
1402,A,1000000,1000000,2,35,1,0,26757,1
1403,R,700000,700000,2,30,1,42471,97020,1
1404,A,700000,700000,2,31,1,27911,69516,1
1405,A,600000,600000,2,27,0,171,52110,1
1406,A,1000000,1000000,2,29,0,107329,23805,1
1407,A,700000,700000,2,27,1,24239,17774,1
1408,A,1000000,1000000,2,47,1,174722,29357,1
1409,A,500000,500000,2,28,1,105944,21798,1
1410,R,1000000,1000000,5,54,1,156349,27978,1
1411,A,600000,300000,7,69,1,846,37291,1
1412,A,1000000,1000000,2,66,0,54470,3485,1
1413,A,1000000,1000000,10,30,1,2556,43657,1
1414,A,600000,600000,2,28,1,9311,29592,1
1415,A,1000000,1000000,2,30,1,78548,44793,1
1416,B,1000000,1000000,2,31,1,0,29778,1
1417,A,1000000,1000000,2,30,0,0,112761,1
1418,A,700000,700000,4,34,1,37402,1659,1
1419,A,1000000,1000000,2,32,0,12290,8586,1
1420,A,1000000,1000000,2,34,1,23859,59490,1
1421,A,400000,400000,5,44,1,398265,89190,1
1422,A,1000000,1000000,4,46,1,94863,267984,1
1423,R,1000000,1000000,3,40,1,217441,76131,1
1424,A,700000,700000,2,30,0,104843,22770,1
1425,A,500000,500000,2,28,1,28875,13257,1
1426,A,1000000,1000000,2,55,1,1177,60579,1
1427,A,1000000,300000,5,33,1,13591,8588,1
1428,A,1000000,1000000,2,51,1,36552,50085,1
1429,A,600000,600000,1,46,0,0,43452,1
1430,A,700000,700000,2,50,1,0,73350,1
1431,A,500000,500000,2,29,1,32095,18877,1
1432,A,1000000,300000,7,53,1,5206,16048,1
1433,A,1000000,1000000,2,51,0,119415,180000,1
1434,A,1000000,300000,8,77,1,25542,18801,1
1435,A,500000,500000,2,63,0,185280,17910,1
1436,A,600000,600000,2,36,1,2241,15668,1
1437,A,1000000,1000000,3,29,1,20939,14504,1
1438,A,700000,700000,2,35,1,14908,5541,1
1439,A,700000,700000,2,28,1,10000,18810,1
1440,A,1000000,1000000,2,43,0,0,39501,1
1441,A,1000000,1000000,2,51,1,0,42462,1
1442,A,1000000,1000000,3,54,1,1256,120875,1
1443,A,1000000,1000000,2,31,1,70000,7812,1
1444,A,1000000,1000000,2,48,1,36848,23391,1
1445,R,1000000,1000000,2,65,1,181125,5719,1
1446,A,1000000,1000000,2,43,0,21411,5272,1
1447,A,1000000,1000000,2,31,1,46340,47610,1
1448,A,1000000,1000000,2,32,1,3280,56263,1
1449,A,1000000,1000000,2,50,0,21000,25281,1
1450,A,600000,600000,2,32,1,15868,27691,1
1451,A,200000,200000,5,36,1,17479,36720,1
1452,A,1000000,300000,7,47,1,22079,64202,1
1453,A,1000000,1000000,2,32,0,20654,32760,1
1454,A,600000,600000,2,37,0,164920,16067,1
1455,A,700000,700000,2,62,0,0,15264,1
1456,A,1000000,1000000,2,35,0,32395,145620,1
1457,A,300000,300000,2,46,1,351333,75018,1
1458,A,1000000,1000000,2,30,1,185389,29421,1
1459,A,700000,700000,7,29,1,33759,15920,1
1460,A,1000000,1000000,2,30,1,40034,74502,1
1461,A,200000,200000,2,28,1,566,37557,1
1462,A,700000,700000,2,28,1,60323,10584,1
1463,A,500000,500000,2,29,1,0,99991,1
1464,A,500000,500000,2,31,1,1808,11673,1
1465,A,1000000,300000,4,73,1,941,8560,1
1466,A,1000000,1000000,12,59,1,804,100170,1
1467,A,700000,300000,2,52,1,47257,9798,1
1468,A,1000000,1000000,2,37,0,28424,12635,1
1469,A,1000000,1000000,4,36,1,8500,17182,1
1470,A,700000,700000,2,47,1,28050,39526,1
1471,A,1000000,1000000,2,37,1,64369,131491,1
1472,A,1000000,1000000,3,30,1,5225,18900,1
1473,A,600000,600000,10,31,0,27275,168300,1
1474,R,700000,300000,7,62,1,74768,20499,1
1475,A,700000,700000,2,41,1,37820,40680,1
1476,A,700000,700000,2,49,1,36757,7218,1
1477,A,1000000,1000000,2,51,1,580,114498,1
1478,A,600000,600000,4,57,1,63062,57024,1
1479,A,700000,300000,4,50,1,49101,832,1
1480,A,600000,600000,2,28,1,107322,34245,1
1481,A,600000,600000,7,31,1,5415,9703,1
1482,A,1000000,1000000,2,56,1,64877,25645,1
1483,A,1000000,1000000,3,30,0,14085,4950,1
1484,A,700000,700000,11,36,1,64513,12020,1
1485,A,1000000,1000000,2,29,1,16875,11970,1
1486,A,1500000,1500000,2,43,1,70000,107829,1
1487,A,700000,700000,2,32,1,40098,81270,1
1488,A,1000000,1000000,2,33,1,3934,7782,1
1489,A,1000000,1000000,2,27,1,65857,13005,1
1490,A,600000,600000,3,33,1,12648,17064,1
1491,A,1000000,1000000,2,29,1,45559,3735,1
1492,A,1500000,1300000,2,56,1,52116,14890,1
1493,A,1000000,1000000,2,32,0,3401,36630,1
1494,A,500000,500000,3,32,1,459473,87929,1
1495,A,1000000,900000,2,33,1,3000,37452,1
1496,A,1000000,1000000,3,28,1,3910,173151,1
1497,A,700000,700000,2,28,1,173302,34002,1
1498,A,500000,500000,2,29,1,23630,25929,1
1499,A,1000000,1000000,2,43,0,14606,10634,1
1500,A,1000000,1000000,4,73,1,7475,48501,1
1501,A,700000,300000,5,50,1,20725,18900,1
1502,A,1000000,1000000,2,35,1,36358,39510,1
1503,A,1000000,1000000,1,44,1,214643,5940,1
1504,A,500000,500000,2,29,1,45237,43254,1
1505,A,1000000,1000000,2,33,0,52213,58530,1
1506,A,1000000,1000000,2,64,0,109885,7585,1
1507,A,1000000,1000000,2,53,1,34352,6922,1
1508,A,1000000,1000000,3,33,1,24800,83250,1
1509,A,1000000,1000000,2,31,1,78141,41670,1
1510,A,700000,700000,2,31,1,18720,38036,1
1511,B,1000000,1000000,2,50,0,25236,26235,1
1512,A,1000000,1000000,2,59,1,7002,154521,1
1513,A,500000,500000,2,43,1,7177,67611,1
1514,A,700000,300000,7,59,1,15321,22464,1
1515,B,1000000,1000000,2,30,1,0,0,1
1516,A,700000,700000,7,52,1,72673,10032,1
1517,A,1000000,1000000,2,31,1,18031,108000,1
1518,A,600000,600000,2,27,1,2805,6016,1
1519,A,600000,600000,2,27,0,,684,1
1520,A,1000000,300000,7,49,1,23716,13682,1
1521,A,1000000,300000,7,35,1,618,43848,1
1522,A,700000,700000,7,43,1,9326,79749,1
1523,A,700000,700000,2,27,0,189905,54306,1
1524,A,700000,700000,4,48,1,0,98964,1
1525,A,600000,600000,2,41,1,0,27357,1
1526,A,600000,600000,2,27,1,0,9500,1
1527,A,1000000,1000000,3,33,1,5972,4496,1
1528,A,700000,700000,2,29,1,105264,39663,1
1529,A,1000000,1000000,2,38,0,6265,9000,1
1530,A,600000,600000,2,30,0,132741,34257,1
1531,A,1000000,1000000,3,33,0,175336,67419,1
1532,A,1000000,1000000,2,34,1,0,17019,1
1533,A,600000,300000,11,33,1,140017,69519,1
1534,A,600000,300000,7,27,1,3658,71657,1
1535,A,1000000,1000000,2,62,1,4411,41949,1
1536,A,1000000,300000,4,61,1,44532,12389,1
1537,A,1000000,1000000,3,66,1,7826,32433,1
1538,A,1000000,1000000,2,40,1,0,19635,1
1539,A,600000,600000,2,57,1,0,17298,1
1540,A,1000000,1000000,2,28,1,0,54360,1
1541,R,700000,700000,2,30,1,,107798,1
1542,A,1000000,1000000,2,28,1,10575,13412,1
1543,A,500000,500000,2,27,1,29914,12149,1
1544,B,500000,500000,2,30,1,17090,25938,1
1545,A,700000,700000,2,31,1,156465,14000,1
1546,A,1000000,1000000,2,34,0,51928,96732,1
1547,A,500000,500000,2,27,1,25910,25041,1
1548,A,700000,700000,2,66,1,15344,10775,1
1549,A,1000000,1000000,3,54,1,95590,11169,1
1550,A,1000000,1000000,2,31,1,32380,38700,1
1551,A,700000,700000,2,27,1,13920,53859,1
1552,R,500000,500000,2,28,1,6668,11345,1
1553,A,1200000,1200000,2,33,1,22049,26820,1
1554,A,1000000,300000,7,55,1,12280,32175,1
1555,A,600000,600000,2,27,1,220601,133922,1
1556,A,500000,500000,2,26,1,4298,29140,1
1557,A,700000,700000,2,25,1,32287,11970,1
1558,A,1000000,1000000,2,36,0,10443,20394,1
1559,A,400000,400000,2,32,1,162563,9611,1
1560,A,1000000,1000000,2,34,1,2670,42750,1
1561,A,700000,700000,7,49,1,1100,109827,1
1562,A,500000,500000,2,38,1,0,3240,1
1563,A,1000000,1000000,5,40,1,103532,157963,1
1564,A,1000000,1000000,2,45,0,26756,7664,1
1565,A,1000000,1000000,2,40,1,64094,35613,1
1566,A,300000,300000,2,51,1,66836,23375,1
1567,A,400000,200000,2,30,1,252261,10989,1
1568,A,700000,300000,7,64,1,87212,2271,1
1569,A,1000000,1000000,2,31,1,59147,160380,1
1570,A,600000,300000,12,45,1,10808,29612,1
1571,A,1000000,1000000,2,44,0,0,44739,1
1572,A,600000,600000,2,34,1,1287,71981,1
1573,A,700000,300000,4,63,1,0,57123,1
1574,A,1000000,1000000,3,66,1,25529,27996,1
1575,A,1000000,1000000,2,39,1,0,49023,1
1576,A,700000,300000,7,62,1,16152,8565,1
1577,A,1000000,1000000,1,32,1,33440,190000,1
1578,R,1000000,1000000,2,35,0,8905,2952,1
1579,A,800000,500000,7,35,1,9910,11536,1
1580,A,1000000,1000000,2,47,1,18151,17204,1
1581,A,1000000,1000000,2,30,1,45906,70420,1
1582,A,1000000,1000000,2,26,1,53707,5602,1
1583,A,700000,700000,2,32,1,6603,61500,1
1584,A,1000000,1000000,2,38,0,29178,79122,1
1585,A,500000,500000,2,27,0,222715,33531,1
1586,A,1000000,1000000,2,30,0,4052,138600,1
1587,A,1000000,600000,7,29,1,93561,43281,1
1588,A,700000,700000,2,30,0,3198,45729,1
1589,A,300000,300000,2,43,0,0,25137,1
1590,A,600000,600000,2,27,1,236740,53640,1
1591,A,700000,700000,2,27,1,38363,47935,1
1592,A,1000000,1000000,2,36,1,0,36225,1
1593,A,700000,700000,4,50,1,19972,22675,1
1594,A,1500000,300000,4,55,1,8800,2367,1
1595,A,1500000,300000,7,32,1,4337,10044,1
1596,A,1000000,1000000,2,29,1,1691,7199,1
1597,A,700000,700000,2,30,0,20045,57335,1
1598,A,1000000,1000000,2,41,1,1338,15930,1
1599,A,700000,700000,2,63,0,442907,51183,1
1600,A,500000,500000,5,58,1,126645,9360,1
1601,A,600000,600000,2,32,1,40000,151560,1
1602,A,700000,300000,4,52,1,96133,990,1
1603,A,700000,300000,7,64,1,9405,22761,1
1604,A,700000,700000,2,26,1,0,92160,1
1605,A,500000,500000,2,29,1,62152,3457,1
1606,A,1000000,900000,2,47,1,3267,346900,1
1607,A,600000,600000,1,38,1,955572,91091,1
1608,A,1000000,1000000,2,30,0,21907,91377,1
1609,A,1000000,1000000,2,26,1,92111,45480,1
1610,A,500000,500000,2,36,1,45360,17403,1
1611,A,500000,500000,2,26,0,0,56565,1
1612,A,1000000,300000,7,71,1,6616,16645,1
1613,A,600000,600000,2,35,0,0,21870,1
1614,A,1000000,1000000,2,42,1,36784,6822,1
1615,A,600000,600000,2,30,1,94255,9018,1
1616,A,1000000,1000000,2,50,0,17604,20504,1
1617,A,1000000,1000000,2,58,0,0,180000,1
1618,A,500000,500000,2,30,1,4667,17622,1
1619,R,1500000,1500000,2,37,1,22312,37620,1
1620,A,1000000,1000000,3,58,1,0,92745,1
1621,A,500000,500000,2,27,1,91950,135810,1
1622,A,1000000,1000000,7,55,1,58729,87615,1
1623,A,1000000,800000,7,53,0,23020,4585,1
1624,A,600000,600000,2,29,1,43870,48770,1
1625,A,300000,300000,6,22,1,2810,15101,1
1626,A,700000,700000,2,25,1,8360,19643,1
1627,A,1000000,1000000,2,42,1,54654,61074,1
1628,A,1000000,300000,3,51,1,16142,8802,1
1629,A,1000000,1000000,2,44,0,0,82620,1
1630,B,1000000,1000000,2,50,1,52992,6495,1
1631,A,1000000,300000,4,36,1,34186,36819,1
1632,A,1000000,1000000,2,26,1,29711,18195,1
1633,A,1000000,1000000,2,37,1,168429,143658,1
1634,A,1000000,1000000,2,33,1,0,18900,1
1635,R,500000,500000,2,26,1,261296,17820,1
1636,A,1000000,1000000,2,47,0,2923,19557,1
1637,A,1000000,1000000,1,53,0,35235,166292,1
1638,A,1000000,500000,4,65,1,140305,26346,1
1639,A,1000000,1000000,2,46,1,45758,527,1
1640,A,1000000,1000000,2,41,0,72260,67950,1
1641,A,1000000,1000000,5,42,1,68934,179905,1
1642,A,1500000,1400000,2,67,1,18149,12086,1
1643,A,700000,700000,2,32,1,47762,20880,1
1644,A,1000000,1000000,2,44,0,2717,5803,1
1645,A,1000000,1000000,2,40,0,60610,42066,1
1646,A,1000000,1000000,2,33,1,0,8037,1
1647,A,1000000,1000000,3,34,0,121040,19861,1
1648,A,600000,300000,7,58,1,33598,78044,1
1649,A,700000,700000,2,32,1,0,52560,1
1650,A,600000,600000,2,28,1,17138,10466,1
1651,A,1000000,1000000,3,39,1,758,13959,1
1652,A,700000,700000,3,32,1,21641,23875,1
1653,A,700000,700000,2,26,1,78697,10526,1
1654,A,1000000,300000,4,50,1,12760,61470,1
1655,A,1000000,1000000,4,41,1,109436,63064,1
1656,A,1000000,1000000,4,57,1,29421,5346,1
1657,A,600000,600000,2,26,1,35815,55530,1
1658,A,700000,700000,10,55,1,12883,1206,1
1659,A,600000,600000,3,61,1,521116,5742,1
1660,A,700000,700000,2,28,1,13365,19276,1
1661,A,700000,700000,2,27,1,19272,33033,1
1662,A,700000,700000,2,30,0,166431,42174,1
1663,A,1000000,1000000,2,30,1,43767,62262,1
1664,A,1000000,400000,2,27,1,135020,7222,1
1665,A,500000,500000,7,32,1,60473,21774,1
1666,A,500000,500000,2,27,1,7410,32463,1
1667,A,500000,500000,2,29,1,103697,69797,1
1668,A,1000000,1000000,2,52,1,1031,15292,1
1669,A,600000,300000,11,47,1,250590,86823,1
1670,A,1000000,1000000,2,49,1,32348,24651,1
1671,A,200000,200000,2,25,1,0,7763,1
1672,A,700000,700000,2,27,1,6300,20052,1
1673,A,600000,600000,2,25,1,31323,41254,1
1674,A,400000,400000,2,28,1,107508,59163,1
1675,A,700000,700000,2,27,0,3902,18504,1
1676,A,600000,600000,2,24,1,34628,69489,1
1677,A,1000000,1000000,2,58,1,0,84150,1
1678,A,600000,600000,2,28,1,70341,6030,1
1679,A,1000000,1000000,2,55,0,13975,37557,1
1680,A,200000,200000,2,23,1,16961,55948,1
1681,A,1000000,1000000,2,54,1,20969,9710,1
1682,A,1000000,300000,7,43,1,36813,7020,1
1683,A,1000000,300000,2,50,1,8190,19341,1
1684,A,600000,300000,6,24,1,143736,31329,1
1685,A,700000,700000,2,30,1,4775,177300,1
1686,A,1000000,1000000,2,46,1,9492,9723,1
1687,A,1000000,300000,7,49,1,45980,54540,1
1688,A,1000000,1000000,2,37,1,3000,16920,1
1689,R,700000,700000,2,40,1,306461,69894,1
1690,A,700000,700000,2,39,1,6365,375597,1
1691,A,1000000,1000000,2,32,1,4085,71005,1
1692,A,1000000,1000000,2,27,1,1791,39115,1
1693,A,700000,300000,6,24,1,17706,47340,1
1694,A,1000000,1000000,10,39,1,2223,40293,1
1695,A,1000000,300000,7,50,1,13088,5643,1
1696,A,600000,300000,2,42,1,94783,23058,1
1697,A,700000,700000,7,29,1,10764,31532,1
1698,A,500000,500000,2,30,1,92892,59490,1
1699,A,1000000,1000000,2,36,0,2052,1102,1
1700,A,1000000,1000000,2,30,1,68360,28086,1
1701,A,500000,500000,2,49,1,3000,120286,1
1702,A,1000000,1000000,2,35,1,12394,22860,1
1703,A,400000,400000,2,34,1,,16983,1
1704,A,200000,200000,7,53,1,1240,55440,1
1705,A,200000,200000,2,25,1,33835,66774,1
1706,A,700000,700000,2,41,1,0,60444,1
1707,A,1000000,1000000,2,34,1,14180,0,1
1708,B,600000,600000,2,42,0,87236,21042,1
1709,A,1000000,900000,3,46,1,44247,13514,1
1710,A,600000,600000,2,30,1,64015,26557,1
1711,A,700000,300000,4,62,1,10896,74340,1
1712,A,1000000,1000000,2,36,1,25855,14490,1
1713,A,500000,500000,2,26,1,0,34020,1
1714,A,1000000,300000,4,59,1,273686,69981,1
1715,A,700000,700000,1,46,1,35380,11045,1
1716,A,600000,600000,2,33,0,67554,179424,1
1717,A,500000,500000,2,30,0,29887,60480,1
1718,A,1000000,1000000,2,31,0,55440,158400,1
1719,A,700000,700000,5,36,1,364970,117900,1
1720,A,700000,700000,2,30,0,41000,25569,1
1721,A,1000000,1000000,2,39,1,187507,10584,1
1722,A,1000000,1000000,2,31,0,123941,27486,1
1723,A,700000,700000,8,69,1,0,79430,1
1724,A,700000,700000,2,28,1,3616,8111,1
1725,A,700000,700000,2,34,1,4497,50580,1
1726,A,1000000,300000,7,46,1,0,1773,1
1727,A,1000000,1000000,2,29,0,96298,29601,1
1728,A,1000000,1000000,2,54,1,7582,45865,1
1729,A,1000000,1000000,3,49,1,26670,8739,1
1730,A,700000,700000,5,59,1,23409,19159,1
1731,A,700000,300000,4,66,1,4048,34444,1
1732,A,1000000,1000000,2,33,1,19352,99268,1
1733,A,700000,700000,7,33,1,39943,7361,1
1734,A,700000,700000,2,30,1,59710,4352,1
1735,A,700000,700000,2,28,1,0,55713,1
1736,A,1000000,1000000,2,50,1,13341,146790,1
1737,A,1000000,1000000,2,63,0,291,44550,1
1738,A,700000,700000,2,32,1,7371,25057,1
1739,A,700000,700000,2,29,1,0,90322,1
1740,A,1000000,1000000,2,35,0,50422,126810,1
1741,A,700000,300000,7,51,1,51500,5661,1
1742,A,500000,500000,13,48,1,35403,10087,1
1743,A,600000,600000,2,30,1,58517,142343,1
1744,A,1200000,400000,7,35,1,168762,18845,1
1745,A,700000,700000,2,41,0,0,118487,1
1746,A,700000,700000,2,32,0,37433,7758,1
1747,A,700000,700000,2,30,1,28360,50014,1
1748,A,1000000,1000000,2,40,1,2284,62673,1
1749,A,1000000,1000000,2,35,0,3135,25376,1
1750,A,700000,700000,10,28,0,225639,12078,1
1751,A,1000000,1000000,2,26,1,30412,29210,1
1752,A,1500000,1500000,4,60,1,105279,72549,1
1753,A,400000,400000,2,25,1,83678,15138,1
1754,A,1000000,1000000,10,28,1,9976,42552,1
1755,A,1000000,1000000,2,32,1,26941,28062,1
1756,A,1000000,1000000,8,78,0,16425,20742,1
1757,A,1000000,1000000,2,26,1,111630,20880,1
1758,A,1000000,1000000,2,36,1,101913,159016,1
1759,A,700000,700000,2,26,1,941,6634,1
1760,A,700000,300000,2,56,1,37182,16326,1
1761,A,500000,500000,2,31,1,0,45630,1
1762,A,200000,200000,2,26,1,28424,66002,1
1763,A,700000,300000,7,47,1,0,61025,1
1764,A,500000,300000,2,25,1,0,12312,1
1765,A,1000000,1000000,2,49,1,6840,86121,1
1766,A,600000,600000,2,31,1,0,42372,1
1767,A,400000,400000,4,42,1,280222,35313,1
1768,A,1000000,300000,7,54,1,69713,15577,1
1769,A,1200000,1200000,2,27,0,659,64715,1
1770,A,1000000,1000000,2,32,0,18000,14450,1
1771,A,500000,500000,2,26,1,54942,34650,1
1772,A,1000000,1000000,4,31,1,24276,97669,1
1773,A,1000000,1000000,2,37,0,50000,37800,1
1774,A,600000,600000,2,25,1,29166,23268,1
1775,A,1000000,300000,4,68,1,0,22167,1
1776,A,1000000,1000000,2,29,1,80126,30092,1
1777,R,600000,600000,2,42,1,118724,3762,1
1778,A,600000,300000,6,24,1,84681,39551,1
1779,A,400000,300000,6,23,1,8129,17316,1
1780,A,700000,700000,2,27,1,69640,47795,1
1781,A,1000000,1000000,2,33,0,14874,34740,1
1782,A,600000,600000,2,28,1,30000,62010,1
1783,A,1000000,1000000,2,41,0,39974,17910,1
1784,A,400000,400000,2,26,1,3768,11643,1
1785,A,700000,700000,2,26,1,62520,21870,1
1786,B,600000,600000,2,25,1,96470,32229,1
1787,A,500000,300000,6,22,1,6620,4774,1
1788,A,500000,500000,2,26,1,34527,88547,1
1789,A,600000,300000,7,51,1,113678,26044,1
1790,A,500000,500000,12,28,1,24649,53847,1
1791,A,1000000,300000,2,62,1,345175,19107,1
1792,A,600000,600000,2,26,1,0,37255,1
1793,R,1000000,1000000,1,48,1,0,54358,1
1794,A,400000,400000,2,27,1,94347,1986,1
1795,A,500000,300000,11,24,1,0,2790,1
1796,A,400000,300000,7,38,1,28310,62757,1
1797,A,500000,500000,2,24,1,55501,28873,1
1798,A,700000,700000,2,29,0,0,106586,1
1799,A,700000,300000,7,65,1,108327,13180,1
1800,A,700000,300000,2,26,1,5434,9000,1
1801,A,200000,200000,2,24,1,35475,1737,1
1802,A,500000,500000,3,25,1,,40114,1
1803,A,600000,600000,2,27,1,173456,77949,1
1804,A,600000,600000,2,27,1,0,77949,1
1805,A,300000,300000,6,33,1,133066,36225,1
1806,A,1000000,600000,1,51,1,81393,133057,1
1807,A,300000,300000,6,22,1,13899,38352,1
1808,A,200000,200000,6,21,1,66704,30087,1
1809,A,700000,700000,2,29,1,0,18117,1
1810,A,600000,600000,2,26,1,10595,32265,1
1811,A,1000000,300000,7,61,1,18726,12870,1
1812,A,1000000,300000,7,64,1,511,19741,1
1813,R,600000,300000,7,47,1,10547,0,1
1814,A,1000000,1000000,4,56,1,22333,7532,1
1815,A,500000,500000,2,26,0,9628,12177,1
1816,A,400000,400000,5,64,0,5151,1772,1
1817,A,1000000,1000000,4,62,1,51567,37571,1
1818,A,1000000,1000000,4,70,1,6459,17001,1
1819,A,200000,200000,7,23,1,43929,584,1
1820,A,600000,300000,7,50,1,66056,14673,1
1821,A,700000,700000,7,66,1,239365,10529,1
1822,A,400000,400000,2,29,1,7486,17276,1
1823,A,1000000,1000000,1,72,1,8180,17361,1
1824,A,600000,300000,4,57,1,28000,2591,1
1825,R,600000,600000,2,45,1,81826,15111,1
1826,A,1000000,300000,4,57,1,10232,12512,1
1827,A,1000000,300000,4,70,1,11260,5238,1
1828,A,600000,500000,7,61,1,7639,10622,1
1829,A,600000,600000,4,42,1,76280,16627,1
1830,A,700000,700000,4,50,1,24945,32439,1
1831,A,1000000,1000000,3,50,1,2587,30987,1
1832,A,1000000,300000,2,58,1,36156,5940,1
1833,A,1000000,700000,7,53,1,71923,18831,1
1834,A,700000,700000,2,24,1,119048,5752,1
1835,A,1000000,300000,4,56,1,27305,882,1
1836,A,1000000,1000000,3,34,1,776140,4653,1
1837,A,600000,600000,8,79,1,0,3960,1
1838,A,500000,300000,7,42,1,118105,85747,1
1839,A,1000000,1000000,1,76,0,24729,505,1
1840,A,1000000,1000000,2,31,0,6090,16311,1
1841,A,1000000,1000000,2,56,1,217999,15597,1
1842,A,500000,500000,2,28,1,912,6180,1
1843,A,1000000,1000000,2,45,1,17106,8099,1
1844,A,400000,300000,5,62,1,148660,76495,1
1845,A,1000000,1000000,2,30,1,3606,4149,1
1846,A,500000,500000,12,70,1,33115,5130,1
1847,A,700000,700000,2,27,0,61116,21996,1
1848,A,700000,700000,2,25,1,34105,33464,1
1849,A,1000000,1000000,4,55,1,0,11070,1
1850,A,700000,700000,8,78,1,8398,6642,1
1851,A,600000,600000,2,46,1,12334,17846,1
1852,A,1000000,1000000,3,28,0,19933,1733,1
1853,A,300000,300000,13,82,1,20882,11932,1
1854,A,600000,600000,4,31,1,14703,7119,1
1855,A,1000000,1000000,4,63,1,1847,2184,1
1856,A,400000,300000,8,80,1,0,3092,1
1857,A,700000,300000,8,90,1,,1457,1
1858,A,700000,300000,8,75,1,33911,3697,1
1859,A,1000000,300000,7,60,1,7260,4491,1
1860,A,700000,300000,4,71,1,941,15741,1
1861,R,1000000,1000000,4,76,1,16426,9792,1
1862,A,1000000,1000000,2,56,1,2427,1827,1
1863,A,700000,500000,8,75,1,1824,4878,1
1864,A,600000,300000,7,46,1,14139,6559,1
1865,A,1000000,1000000,4,67,1,8603,30366,1
1866,A,700000,700000,8,88,0,1418,4509,1
1867,A,700000,700000,2,45,1,91289,20070,1
1868,A,600000,300000,5,65,1,10000,6315,1
1869,A,1000000,1000000,4,48,1,11669,3476,1
1870,A,500000,300000,6,22,1,38247,3956,1
1871,A,500000,500000,7,58,1,0,14832,1
1872,A,600000,600000,2,66,1,2959,18829,1
1873,A,1000000,1000000,11,58,1,53486,4799,1
1874,A,1000000,1000000,4,51,1,,3031,1
1875,A,500000,300000,8,80,1,203309,26063,1
1876,A,1000000,1000000,5,53,1,82067,180000,1
1877,A,500000,500000,8,77,0,5729,4392,1
1878,A,400000,400000,2,47,1,31873,54868,1
1879,A,1000000,1000000,10,52,1,9289,64772,1
1880,A,1000000,1000000,2,34,1,35470,14657,1
1881,A,1000000,600000,3,55,1,13056,15985,1
1882,A,1000000,1000000,7,51,1,178052,13903,1
1883,A,1000000,1000000,4,65,1,26048,14328,1
1884,A,700000,700000,2,55,1,48548,5155,1
1885,A,1000000,300000,7,51,1,0,21801,1
1886,A,600000,600000,2,25,1,158725,21928,1
1887,A,1000000,1000000,7,62,1,998,81912,1
1888,A,700000,700000,2,44,0,10451,39664,1
1889,A,1000000,1000000,2,41,1,72465,79398,1
1890,A,1000000,1000000,4,56,1,0,7207,1
1891,A,600000,600000,8,82,0,5700,7192,1
1892,A,600000,300000,8,82,1,4719,21680,1
1893,A,700000,300000,8,75,1,32475,5942,1
1894,R,500000,500000,1,54,0,58400,16009,1
1895,A,500000,500000,8,86,1,7470,6074,1
1896,A,500000,500000,2,30,1,25133,19074,1
1897,A,200000,200000,2,23,0,18022,10222,1
1898,A,200000,200000,6,19,0,81126,55391,1
1899,B,700000,700000,3,29,1,18101,1045,1
1900,A,600000,600000,2,27,1,37350,11736,1
1901,A,1000000,1000000,4,69,1,7781,7089,1
1902,A,600000,300000,8,85,1,18395,3873,1
1903,A,1000000,1000000,2,51,0,9707,11405,1
1904,A,700000,700000,8,83,0,71566,32268,1
1905,A,1000000,300000,6,23,1,43465,19890,1
1906,A,1000000,1000000,2,60,0,300771,96255,1
1907,A,400000,300000,6,20,0,118090,2979,1
1908,A,500000,500000,2,27,1,73514,45291,1
1909,A,1000000,700000,8,73,1,4977,0,1
1910,A,600000,600000,8,77,1,8602,2124,1
1911,A,1000000,1000000,4,49,1,0,27971,1
1912,A,1000000,300000,5,40,1,186323,12559,1
1913,A,1000000,1000000,4,77,1,44190,14478,1
1914,A,200000,200000,8,80,1,30800,6583,1
1915,A,1000000,1000000,1,67,1,53088,5947,1
1916,A,600000,600000,5,74,1,108612,39341,1
1917,A,1000000,1000000,2,60,0,191306,20323,1
1918,B,1000000,1000000,2,45,1,182847,180000,1
1919,A,700000,700000,4,61,1,23553,23058,1
1920,A,600000,600000,5,69,1,7718,32473,1
1921,A,700000,700000,4,82,1,38383,34339,1
1922,A,1000000,1000000,8,76,1,12012,103066,1
1923,A,1000000,300000,8,76,1,17592,20475,1
1924,A,1000000,1000000,4,66,1,35654,18839,1
1925,A,600000,300000,7,58,1,10379,18527,1
1926,A,700000,500000,5,45,0,191755,15571,1
1927,A,400000,400000,11,52,1,20317,20691,1
1928,A,1000000,300000,2,57,0,20642,9800,1
1929,A,1000000,800000,4,75,1,5983,12843,1
1930,A,700000,300000,7,55,1,140820,36243,1
1931,A,500000,300000,7,45,1,29669,8287,1
1932,A,1000000,1000000,4,61,1,25781,35384,1
1933,A,700000,700000,13,69,1,74320,5511,1
1934,A,1000000,1000000,2,53,1,1112,10215,1
1935,A,1000000,1000000,8,73,1,4181,12260,1
1936,A,600000,600000,8,72,1,113414,25923,1
1937,A,1000000,1000000,5,78,1,63035,22588,1
1938,R,700000,700000,1,52,1,138291,15125,1
1939,A,700000,300000,7,57,1,7086,17055,1
1940,A,1000000,600000,2,53,1,257292,46529,1
1941,A,700000,700000,7,71,0,9776,12179,1
1942,A,700000,700000,7,65,1,62203,7017,1
1943,R,700000,700000,4,53,1,86488,25740,1
1944,A,1000000,300000,7,66,1,211256,8704,1
1945,A,1000000,1000000,8,72,1,148054,30271,1
1946,A,700000,700000,8,79,1,27542,76128,1
1947,A,1000000,1000000,2,33,1,113349,22033,1
1948,R,1000000,1000000,1,70,0,21611,8415,1
1949,A,1000000,1000000,2,74,1,10136,5634,1
1950,A,500000,500000,3,26,0,199426,42561,1
1951,A,400000,300000,6,20,1,10903,15930,1
1952,A,1000000,1000000,4,55,1,4625,15048,1
1953,R,700000,700000,2,56,1,67062,17157,1
1954,R,1000000,1000000,2,35,1,585664,22227,1
1955,A,1000000,1000000,2,35,1,47269,6415,1
1956,A,400000,400000,5,48,1,136666,49139,1
1957,A,1000000,300000,7,64,1,104247,14287,1
1958,A,1000000,1000000,2,33,1,77452,84810,1
1959,A,200000,200000,6,22,1,150080,66405,1
1960,A,500000,500000,2,70,1,449720,39297,1
1961,A,700000,300000,4,55,1,2358,117184,1
1962,A,700000,600000,7,66,1,7763,3800,1
1963,A,1000000,1000000,2,33,1,31080,3587,1
1964,A,500000,300000,8,77,1,5201,22635,1
1965,A,400000,300000,4,53,1,75645,11590,1
1966,A,1000000,1000000,5,87,0,2831,0,1
1967,A,500000,300000,6,25,0,161540,0,1
1968,A,700000,700000,2,27,1,13608,367,1
1969,A,500000,500000,2,27,1,49483,18675,1
1970,A,1000000,1000000,1,68,0,52299,11880,1
1971,A,500000,500000,5,53,0,15000,9406,1
1972,A,500000,300000,6,23,1,70568,33930,1
1973,A,1000000,1000000,2,49,0,0,10787,1
1974,A,1000000,1000000,2,48,1,402564,3351,1
1975,A,200000,200000,6,23,1,7064,44004,1
1976,A,700000,700000,4,53,1,0,17480,1
1977,A,500000,500000,2,38,1,54371,44471,1
1978,A,200000,200000,6,21,1,15798,16146,1
1979,A,500000,500000,13,55,0,21021,29562,1
1980,A,500000,500000,13,55,0,16894,29562,1
1981,A,1000000,900000,3,64,1,17647,19451,1
1982,A,500000,300000,7,63,1,100719,15840,1
1983,A,700000,700000,3,27,1,79917,84398,1
1984,A,500000,500000,2,26,1,302174,6470,1
1985,A,700000,300000,4,41,1,89857,108702,1
1986,A,1000000,1000000,2,50,1,89459,49590,1
1987,A,1000000,300000,4,71,1,20815,22659,1
1988,A,1000000,1000000,2,64,0,20497,17910,1
1989,A,1000000,1000000,2,51,1,41822,44173,1
1990,A,1000000,1000000,2,48,1,1588372,14399,1
1991,A,500000,300000,6,23,1,62363,23849,1
1992,A,700000,300000,4,57,1,50298,9191,1
1993,A,200000,200000,6,22,1,27056,9261,1
1994,A,1000000,300000,7,52,1,46518,64323,1
1995,A,500000,500000,2,26,1,53783,17325,1
1996,A,700000,300000,8,43,1,5994,30740,1
1997,A,600000,600000,2,39,1,135665,63540,1
1998,B,1000000,1000000,2,29,1,30904,5030,1
1999,A,1000000,1000000,2,56,0,0,18983,1
2000,A,600000,300000,7,49,1,14503,13032,1
2001,A,600000,300000,5,47,1,59041,24234,1
2002,A,700000,400000,4,64,1,2649,1080,1
2003,A,1000000,1000000,2,40,1,3250,28827,1
2004,A,500000,300000,7,32,1,0,63570,1
2005,A,600000,600000,1,61,1,86496,10132,1
2006,A,1000000,1000000,3,43,1,117113,5400,1
2007,A,600000,300000,6,23,1,54445,3976,1
2008,A,1000000,1000000,7,42,1,33358,5501,1
2009,A,1000000,300000,4,53,1,22131,1773,1
2010,A,600000,600000,3,33,1,35347,30458,1
2011,A,600000,600000,2,28,0,18872,18459,1
2012,A,1000000,1000000,12,50,1,96517,43956,1
2013,A,700000,700000,3,28,1,37747,17862,1
2014,A,1000000,1000000,2,33,1,24120,80020,1
2015,A,1000000,1000000,4,71,1,40119,56497,1
2016,A,1000000,300000,7,62,1,0,31011,1
2017,A,700000,700000,2,42,1,40134,46095,1
2018,A,400000,300000,7,64,1,56588,41637,1
2019,A,1000000,1000000,4,56,1,0,6282,1
2020,A,1000000,300000,4,54,1,10213,172260,1
2021,A,1000000,300000,4,65,1,9005,6930,1
2022,A,1000000,1000000,2,35,0,4853,12060,1
2023,A,1000000,1000000,13,62,1,11011,22044,1
2024,A,1000000,1000000,5,51,0,880,22122,1
2025,A,700000,700000,2,47,1,23586,2985,1
2026,A,200000,200000,6,20,1,0,6939,1
2027,A,200000,200000,2,81,1,35119,2266,1
2028,A,700000,300000,7,56,1,90025,3748,1
2029,A,1000000,1000000,2,55,0,56327,10044,1
2030,A,1000000,1000000,4,70,1,22772,1683,1
2031,A,700000,300000,7,80,1,23884,5215,1
2032,B,200000,200000,6,21,0,15864,16686,1
2033,A,1000000,1000000,2,38,1,22329,13772,1
2034,A,1000000,1000000,2,57,0,13903,21726,1
2035,A,1000000,1000000,4,51,1,6524,8010,1
2036,A,1000000,1000000,4,63,1,7517,52560,1
2037,A,1000000,1000000,2,43,0,41639,1566,1
2038,R,1000000,1000000,3,41,1,92375,108468,1
2039,A,1000000,1000000,2,39,1,177321,3555,1
2040,A,600000,600000,2,29,1,31293,14273,1
2041,A,500000,500000,2,29,1,0,30150,1
2042,A,1000000,1000000,2,38,1,42585,111222,1
2043,B,500000,500000,2,58,1,0,1749,1
2044,B,400000,400000,2,43,1,202947,20232,1
2045,A,700000,700000,2,31,1,73803,41006,1
2046,A,500000,300000,7,29,0,18602,18434,1
2047,A,600000,600000,2,33,1,17376,3951,1
2048,A,600000,600000,2,32,1,13187,40574,1
2049,A,1000000,1000000,8,69,0,38549,6836,1
2050,A,1000000,1000000,10,44,1,131272,56520,1
2051,A,500000,300000,2,26,1,9899,100345,1
2052,A,1000000,1000000,2,28,1,148103,13545,1
2053,A,600000,600000,2,49,1,9196,4959,1
2054,A,700000,700000,2,28,1,33896,27711,1
2055,A,1000000,300000,7,55,1,1400,10380,1
2056,A,400000,400000,2,28,1,100221,5382,1
2057,A,1000000,300000,7,53,1,12502,5893,1
2058,A,700000,300000,8,77,1,60196,6621,1
2059,R,600000,600000,2,59,0,113384,3162,1
2060,A,1000000,1000000,3,32,1,73800,11203,1
2061,A,700000,700000,2,39,1,143799,16920,1
2062,A,100000,50000,7,47,1,17187,36202,1
2063,A,600000,400000,2,26,1,109317,8639,1
2064,A,600000,600000,2,29,1,17768,14902,1
2065,A,500000,500000,3,24,1,169895,12939,1
2066,A,600000,600000,2,27,1,81560,127506,1
2067,A,1000000,1000000,2,41,0,18174,12020,1
2068,A,500000,500000,2,50,1,66864,19692,1
2069,A,1000000,1000000,2,56,0,44175,97578,1
2070,A,600000,600000,10,24,1,16313,11061,1
2071,A,1000000,1000000,2,42,1,41907,11011,1
2072,A,1000000,1000000,2,45,0,129242,60480,1
2073,A,700000,700000,2,46,1,13674,12420,1
2074,B,500000,500000,2,55,1,539220,6291,1
2075,B,1000000,1000000,4,55,1,55646,999,1
2076,A,600000,300000,7,63,1,,1039,1
2077,A,600000,500000,8,85,1,69727,93226,1
2078,A,300000,300000,13,27,1,30444,15849,1
2079,A,1000000,1000000,2,29,0,59890,56520,1
2080,A,400000,400000,2,47,1,61141,17204,1
2081,A,1000000,1000000,8,79,0,94116,16268,1
2082,B,1000000,1000000,2,47,1,60430,10544,1
2083,A,700000,700000,7,48,1,40604,40978,1
2084,A,600000,300000,12,23,1,11978,5483,1
2085,A,600000,300000,7,52,1,1430,15981,1
2086,A,1000000,1000000,3,48,0,57935,50580,1
2087,A,200000,200000,5,39,1,2959,57321,1
2088,A,200000,200000,2,61,0,253164,62938,1
2089,A,700000,700000,2,29,1,32149,7911,1
2090,A,1000000,1000000,7,35,1,9587,4950,1
2091,A,700000,700000,5,83,1,28767,19305,1
2092,A,700000,700000,5,70,1,31999,14195,1
2093,A,500000,300000,4,71,1,45176,1238,1
2094,A,300000,300000,8,77,1,15900,7107,1
2095,A,500000,500000,2,38,0,380957,23272,1
2096,A,1000000,300000,8,66,1,19904,20675,1
2097,A,600000,600000,2,65,1,29949,6758,1
2098,A,1000000,1000000,13,67,1,33408,6317,1
2099,A,700000,300000,4,49,1,8735,7763,1
2100,A,700000,700000,12,47,1,7768,28115,1
2101,A,600000,300000,7,52,1,31144,2079,1
2102,A,1000000,1000000,4,43,1,3762,1230,1
2103,A,700000,700000,2,44,1,8795,5715,1
2104,A,500000,500000,7,36,1,69415,10551,1
2105,A,700000,700000,2,28,1,61465,2070,1
2106,A,1000000,800000,3,56,1,135285,4308,1
2107,A,1000000,1000000,2,49,0,18821,23256,1
2108,A,700000,700000,2,37,1,69455,5665,1
2109,A,1000000,1000000,2,59,1,6848,11188,1
2110,A,700000,700000,2,33,0,51368,8316,1
2111,A,1000000,300000,5,76,1,4765,11132,1
2112,A,700000,700000,8,74,1,1917,7007,1
2113,A,600000,600000,2,27,1,65268,58687,1
2114,A,500000,500000,5,44,1,192448,37926,1
2115,A,1000000,1000000,2,33,1,167640,29281,1
2116,A,700000,700000,2,58,1,47054,6640,1
2117,A,700000,700000,3,24,1,109152,29279,1
2118,A,200000,200000,7,43,1,22841,5418,1
2119,A,600000,300000,6,26,0,0,5070,1
2120,A,1000000,1000000,11,79,0,177719,127912,1
2121,A,700000,700000,1,59,1,28376,12231,1
2122,A,600000,300000,7,27,1,56233,15290,1
2123,A,1000000,1000000,2,45,1,15512,15275,1
2124,A,400000,300000,6,25,0,7643,5715,1
2125,A,1000000,1000000,7,72,0,17280,10708,1
2126,A,500000,500000,2,26,1,25006,25988,1
2127,R,1000000,1000000,3,27,1,22910,70807,1
2128,A,600000,600000,2,27,1,0,21963,1
2129,A,500000,500000,2,25,1,0,77310,1
2130,A,600000,300000,6,22,0,0,28422,1
2131,A,500000,500000,2,40,1,14773,44872,1
2132,A,700000,700000,2,30,1,110510,47934,1
2133,A,700000,700000,4,39,1,1500,1038,1
2134,A,700000,700000,3,24,1,2546,32931,1
2135,R,500000,500000,2,29,1,17765,14850,1
2136,A,700000,700000,2,28,1,82887,115932,1
2137,A,1000000,1000000,4,48,1,61109,34344,1
2138,A,400000,400000,2,44,1,19417,27000,1
2139,B,700000,700000,2,29,1,0,31320,1
2140,A,600000,600000,11,26,1,154752,26820,1
2141,A,500000,500000,2,31,1,245411,79513,1
2142,A,1000000,1000000,2,47,1,45150,48233,1
2143,A,500000,300000,6,21,1,7211,4807,1
2144,A,1000000,1000000,2,54,1,8217,26028,1
2145,A,600000,300000,4,58,1,34879,36855,1
2146,A,200000,200000,1,41,1,186085,186170,1
2147,A,1000000,1000000,5,31,1,21921,129820,1
2148,A,200000,200000,6,19,1,130492,31230,1
2149,A,1000000,1000000,2,28,1,32845,59427,1
2150,A,400000,400000,2,38,1,82024,8873,1
2151,A,600000,600000,2,28,0,84280,195318,1
2152,A,700000,700000,2,53,0,34983,58698,1
2153,A,200000,200000,2,32,0,122148,665,1
2154,A,600000,600000,3,24,1,10670,15138,1
2155,B,1000000,300000,7,48,1,49833,50160,1
2156,A,1000000,1000000,2,57,1,2052,28951,1
2157,A,600000,300000,7,53,1,58696,46620,1
2158,R,1000000,1000000,2,39,0,270175,39204,1
2159,A,1000000,1000000,2,46,1,4758,168426,1
2160,A,600000,600000,2,28,1,7605,23400,1
2161,A,700000,700000,2,25,1,0,53480,1
2162,A,600000,300000,2,23,1,78830,141174,1
2163,A,500000,500000,2,31,0,76818,8400,1
2164,A,700000,700000,2,41,1,0,62370,1
2165,A,500000,500000,2,32,1,37562,2299,1
2166,A,500000,500000,2,29,1,36490,18702,1
2167,A,500000,400000,7,41,1,553060,0,1
2168,A,200000,200000,2,24,1,137114,10367,1
2169,A,600000,600000,7,31,1,19475,58410,1
2170,A,600000,600000,4,48,1,,35485,1
2171,A,600000,600000,2,36,1,14709,35557,1
2172,A,700000,700000,2,28,1,23565,241518,1
2173,A,700000,700000,2,58,1,90884,10980,1
2174,A,1000000,1000000,2,27,1,27243,45432,1
2175,A,500000,500000,2,28,1,,144810,1
2176,A,600000,300000,6,22,0,8800,5387,1
2177,A,700000,700000,5,46,0,146500,152460,1
2178,A,1000000,300000,7,48,1,225797,6817,1
2179,A,200000,200000,7,21,1,36025,27117,1
2180,A,200000,200000,7,38,1,98351,181046,1
2181,A,500000,300000,6,19,1,20477,27482,1
2182,A,500000,300000,6,23,0,144847,48600,1
2183,A,500000,500000,12,43,1,73264,13783,1
2184,A,700000,700000,2,34,1,2200,63450,1
2185,A,1000000,300000,7,46,1,109169,141405,1
2186,A,700000,500000,7,28,1,4180,2367,1
2187,R,600000,600000,4,56,1,87467,162975,1
2188,R,500000,500000,2,34,0,344284,33174,1
2189,A,200000,200000,6,21,0,133619,26370,1
2190,A,600000,300000,11,34,1,24307,53280,1
2191,A,1000000,1000000,2,42,1,141008,16821,1
2192,A,600000,300000,5,48,1,34779,387972,1
2193,A,1000000,1000000,4,54,1,71335,56309,1
2194,A,500000,500000,2,30,1,0,24897,1
2195,A,200000,200000,12,27,1,5255,12627,1
2196,A,700000,300000,4,49,1,26529,129600,1
2197,A,700000,700000,7,61,1,5002,670,1
2198,A,700000,700000,2,30,1,24506,3852,1
2199,A,700000,300000,6,22,1,48890,11142,1
2200,A,700000,700000,2,54,0,48509,42284,1
2201,A,500000,500000,1,49,1,72029,63063,1
2202,A,600000,300000,6,22,0,0,26820,1
2203,R,600000,600000,5,31,1,7524,130732,1
2204,R,1000000,1000000,2,36,1,50124,9437,1
2205,A,200000,200000,2,43,1,37004,166320,1
2206,A,600000,600000,3,32,1,31219,116524,1
2207,A,700000,600000,2,24,1,6100,2871,1
2208,A,500000,500000,2,25,1,0,61470,1
2209,A,1000000,1000000,1,43,1,0,177876,1
2210,R,1000000,1000000,2,54,1,562238,76329,1
2211,A,600000,300000,4,58,1,65413,73108,1
2212,A,1000000,1000000,4,45,1,5339,5238,1
2213,A,600000,600000,2,38,1,37900,66222,1
2214,A,700000,700000,5,43,1,20256,14850,1
2215,A,700000,700000,5,49,1,41800,47610,1
2216,A,600000,600000,2,41,0,38946,158151,1
2217,A,600000,600000,7,38,1,6532,64223,1
2218,A,700000,700000,1,58,1,36045,70290,1
2219,A,1000000,1000000,2,35,0,17101,20900,1
2220,A,700000,700000,7,41,1,0,37918,1
2221,A,600000,600000,2,33,1,128420,66119,1
2222,A,700000,700000,2,45,1,16189,99422,1
2223,A,1000000,1000000,2,44,1,238,52824,1
2224,A,1000000,1000000,2,40,1,16894,78201,1
2225,A,600000,600000,2,45,1,13140,2841,1
2226,A,700000,700000,2,28,1,34650,41121,1
2227,A,200000,200000,7,36,1,1750,46620,1
2228,A,500000,500000,2,34,1,26063,30420,1
2229,A,600000,600000,3,55,1,2614,47610,1
2230,A,700000,700000,2,33,1,48254,10567,1
2231,A,400000,400000,2,39,0,12794,157500,1
2232,A,700000,700000,5,48,1,0,19071,1
2233,A,600000,600000,5,33,1,27797,44937,1
2234,A,600000,600000,2,28,0,295310,29128,1
2235,A,600000,600000,2,59,0,9196,25830,1
2236,A,600000,600000,2,26,1,48513,24075,1
2237,A,1000000,1000000,2,49,1,100497,126244,1
2238,A,500000,500000,2,28,0,149452,43650,1
2239,A,700000,700000,2,30,1,224710,121680,1
2240,A,600000,600000,2,39,1,26535,27414,1
2241,A,1000000,1000000,2,44,1,191416,173340,1
2242,A,1000000,1000000,2,36,1,20660,57736,1
2243,A,1000000,1000000,2,48,1,3951,77589,1
2244,A,1000000,1000000,2,60,1,63745,184883,1
2245,A,700000,700000,2,30,0,172714,99684,1
2246,A,1000000,1000000,2,52,1,0,76527,1
2247,A,700000,700000,2,43,1,6580,104634,1
2248,A,1000000,1000000,2,48,1,14281,98307,1
2249,A,600000,600000,2,29,1,5225,59718,1
2250,A,700000,700000,2,26,1,54863,113742,1
2251,A,600000,600000,2,49,1,36240,83790,1
2252,A,500000,500000,2,25,1,6800,22860,1
2253,A,600000,600000,2,24,0,5398,72587,1
2254,A,400000,300000,2,44,1,0,20880,1
2255,A,1000000,1000000,2,50,1,10560,180000,1
2256,A,1000000,1000000,2,36,1,123690,129001,1
2257,A,600000,400000,6,28,1,69769,32958,1
2258,R,1000000,1000000,2,57,0,20905,544500,1
2259,A,700000,700000,2,29,1,113105,31388,1
2260,A,1000000,1000000,1,56,1,0,102697,1
2261,A,400000,400000,2,31,1,186038,80928,1
2262,A,1000000,300000,4,63,1,76020,12978,1
2263,A,1000000,1000000,2,50,1,4760,51660,1
2264,A,500000,300000,7,59,1,54144,16605,1
2265,A,600000,600000,2,29,0,6960,28800,1
2266,A,1000000,1000000,2,36,1,14155,18900,1
2267,A,300000,300000,2,26,1,227064,67392,1
2268,A,1000000,1000000,2,52,1,34406,16746,1
2269,A,700000,700000,2,27,1,0,8307,1
2270,B,500000,500000,2,48,0,24000,44550,1
2271,A,600000,600000,2,31,0,48485,26969,1
2272,A,700000,500000,2,28,1,7106,78340,1
2273,A,1000000,1000000,2,27,0,58133,45160,1
2274,A,1000000,1000000,1,63,1,75247,80660,1
2275,A,1000000,1000000,2,61,0,0,58500,1
2276,A,700000,700000,2,32,1,902,8208,1
2277,A,1000000,1000000,2,31,1,3000,89190,1
2278,A,600000,600000,2,44,1,17414,145435,1
2279,A,200000,200000,6,20,1,12676,11466,1
2280,A,600000,600000,2,26,1,11326,34740,1
2281,A,400000,400000,2,30,1,73644,88200,1
2282,A,1000000,1000000,1,50,0,226136,122850,1
2283,A,1000000,300000,4,70,1,0,67762,1
2284,A,700000,700000,2,44,1,44307,46875,1
2285,A,600000,600000,2,23,1,7878,133740,1
2286,A,1000000,1000000,2,30,0,0,698733,1
2287,A,1000000,1000000,2,50,1,66097,66420,1
2288,A,600000,600000,5,41,1,99528,37036,1
2289,A,1000000,300000,6,24,1,11231,34740,1
2290,A,600000,600000,2,47,1,0,82701,1
2291,A,500000,500000,2,37,1,53581,58050,1
2292,A,1000000,1000000,4,52,1,0,68706,1
2293,A,600000,600000,2,38,1,152835,27334,1
2294,A,1000000,1000000,1,61,0,2052,38214,1
2295,A,1000000,1000000,2,33,1,32921,131643,1
2296,A,600000,600000,11,34,1,69489,48150,1
2297,A,500000,500000,2,28,0,17435,41670,1
2298,A,600000,300000,2,24,1,20480,5643,1
2299,A,500000,300000,4,80,1,24225,67950,1
2300,A,600000,600000,2,34,1,35618,23850,1
2301,A,700000,700000,5,35,1,16000,44145,1
2302,B,500000,300000,6,23,1,284527,40590,1
2303,A,1000000,1000000,2,29,1,306990,68536,1
2304,A,300000,300000,2,45,1,284928,35730,1
2305,A,700000,700000,2,25,1,39026,19423,1
2306,A,600000,600000,2,26,1,5423,79389,1
2307,A,1000000,1000000,1,49,1,31106,98100,1
2308,A,500000,300000,6,21,1,22026,23751,1
2309,A,600000,600000,13,34,1,0,180000,1
2310,A,1000000,1000000,7,31,1,14925,13950,1
2311,A,1000000,1000000,2,41,1,69225,20880,1
2312,A,600000,600000,2,30,1,31433,87236,1
2313,A,600000,600000,2,30,1,23083,10989,1
2314,A,600000,600000,4,41,1,29051,37768,1
2315,A,1000000,1000000,3,26,0,61298,8118,1
2316,A,700000,700000,4,45,1,2090,70353,1
2317,A,1000000,1000000,2,32,1,121533,23688,1
2318,A,500000,500000,2,25,1,27414,42038,1
2319,A,1000000,1000000,2,30,1,596736,80190,1
2320,A,1000000,1000000,2,54,0,2242,73350,1
2321,A,700000,700000,2,30,0,128451,109224,1
2322,A,700000,300000,13,73,1,37649,8201,1
2323,A,700000,700000,2,26,1,18398,3713,1
2324,A,1000000,300000,4,62,1,19871,76716,1
2325,A,700000,700000,10,34,0,22316,152460,1
2326,B,700000,700000,2,52,1,32264,50119,1
2327,A,700000,700000,2,36,1,371667,164639,1
2328,B,700000,700000,2,32,0,90101,143550,1
2329,A,700000,300000,6,23,1,23000,18167,1
2330,A,500000,500000,2,24,1,20879,46912,1
2331,A,600000,600000,2,28,1,115120,102001,1
2332,A,400000,400000,2,34,1,0,282113,1
2333,A,600000,600000,2,39,0,74015,155430,1
2334,A,700000,700000,2,29,0,139780,172260,1
2335,A,1000000,1000000,2,51,0,164440,104528,1
2336,A,1000000,1000000,2,51,1,15000,41616,1
2337,A,1000000,1000000,3,38,1,0,27265,1
2338,A,600000,600000,1,56,1,73929,21582,1
2339,A,1000000,300000,5,50,1,13544,26790,1
2340,A,1000000,1000000,2,50,1,60985,27720,1
2341,A,1000000,1000000,2,65,1,17831,58410,1
2342,A,700000,700000,2,28,0,44370,802,1
2343,A,1000000,1000000,10,61,1,35707,54540,1
2344,A,400000,400000,2,23,1,498450,33894,1
2345,A,600000,600000,2,39,1,39190,22275,1
2346,A,700000,700000,4,42,1,19965,63099,1
2347,A,1000000,1000000,2,31,0,103700,31374,1
2348,A,500000,500000,2,47,1,,20900,1
2349,A,1000000,300000,7,55,1,21120,45980,1
2350,A,600000,600000,2,30,1,23271,33366,1
2351,A,1000000,1000000,2,60,1,0,45036,1
2352,A,600000,300000,5,61,1,8742,41670,1
2353,A,200000,200000,6,25,0,274703,85253,1
2354,B,700000,300000,4,45,1,95363,84243,1
2355,A,400000,400000,1,64,1,10718,117728,1
2356,R,1000000,1000000,3,32,0,60660,54551,1
2357,A,1000000,1000000,3,34,1,36290,180000,1
2358,A,700000,300000,11,64,1,73725,751,1
2359,A,700000,300000,7,62,1,52434,0,1
2360,A,1000000,1000000,2,50,0,0,74340,1
2361,R,1000000,1000000,2,41,0,187770,2841,1
2362,A,600000,300000,4,57,1,84050,49590,1
2363,A,300000,300000,6,23,1,392314,24750,1
2364,A,1000000,900000,2,34,1,10273,81495,1
2365,A,1000000,300000,4,72,1,46868,16955,1
2366,A,1000000,1000000,2,33,1,22259,22820,1
2367,A,500000,500000,4,51,1,19855,69300,1
2368,A,400000,300000,7,39,1,14860,171450,1
2369,A,200000,200000,13,26,0,22098,65521,1
2370,A,600000,600000,2,40,0,82614,64143,1
2371,A,500000,300000,6,23,0,498103,16088,1
2372,A,1000000,1000000,2,53,0,2090,85230,1
2373,A,1000000,300000,4,46,1,10379,61470,1
2374,A,1000000,300000,4,64,1,5230,4209,1
2375,A,1000000,1000000,12,28,1,108871,161353,1
2376,R,1000000,1000000,1,44,0,,98505,1
2377,A,500000,500000,4,60,1,41670,40860,1
2378,R,700000,700000,2,23,1,135728,99981,1
2379,A,1000000,1000000,2,52,1,163141,28530,1
2380,A,200000,200000,6,21,1,8624,16920,1
2381,A,1000000,1000000,2,55,0,20378,74436,1
2382,A,200000,200000,2,30,1,3315,18302,1
2383,A,1000000,1000000,4,35,1,931,73143,1
2384,A,300000,300000,2,56,0,115706,87630,1
2385,A,200000,200000,6,25,0,4389,79695,1
2386,A,1000000,1000000,8,67,1,23909,4275,1
2387,A,1000000,1000000,2,64,0,105639,40779,1
2388,A,400000,400000,5,26,0,357258,40810,1
2389,A,300000,300000,6,22,1,61352,19395,1
2390,A,1000000,1000000,10,31,0,177800,98339,1
2391,A,700000,700000,2,29,1,316118,6633,1
2392,A,500000,500000,5,66,0,30807,48816,1
2393,A,1000000,1000000,2,28,1,25935,61470,1
2394,A,1000000,1000000,2,54,0,42700,142007,1
2395,A,700000,700000,3,27,1,144525,111418,1
2396,A,700000,300000,7,57,1,72602,38334,1
2397,A,700000,700000,2,37,1,52844,32760,1
2398,A,1000000,1000000,2,63,1,,147708,1
2399,A,1000000,1000000,2,41,1,0,98100,1
2400,A,700000,300000,4,54,1,0,63959,1
2401,A,1000000,1000000,5,43,1,278666,162450,1
2402,A,600000,600000,2,33,0,144530,71856,1
2403,A,1000000,1000000,5,68,1,27651,65029,1
2404,A,600000,600000,2,29,0,165967,32760,1
2405,A,1000000,300000,4,43,1,7438,80536,1
2406,A,500000,500000,2,28,1,353882,15194,1
2407,A,700000,700000,2,34,1,5790,84240,1
2408,B,600000,300000,4,55,1,722151,44005,1
2409,A,1000000,1000000,5,58,1,,11871,1
2410,A,500000,300000,6,22,0,11391,26055,1
2411,A,700000,700000,2,34,0,48763,23765,1
2412,A,1000000,1000000,2,53,1,10868,26096,1
2413,A,600000,300000,6,23,1,289948,26217,1
2414,A,400000,400000,2,24,1,127013,9198,1
2415,B,400000,400000,2,28,1,0,91803,1
2416,A,1000000,1000000,3,54,0,19000,296100,1
2417,A,500000,300000,6,23,0,98230,10980,1
2418,A,1000000,1000000,3,31,1,197214,16020,1
2419,A,500000,500000,2,53,1,87891,177300,1
2420,A,500000,500000,2,25,1,50016,493,1
2421,A,600000,600000,2,26,1,104059,94946,1
2422,A,600000,600000,2,57,1,28477,10287,1
2423,A,600000,600000,2,42,1,6636,15732,1
2424,A,700000,300000,4,51,1,40737,5535,1
2425,A,500000,500000,11,54,1,110699,142752,1
2426,B,1000000,1000000,2,43,1,23959,42720,1
2427,A,600000,600000,2,25,1,64313,4059,1
2428,A,600000,600000,2,32,1,110000,38700,1
2429,A,700000,700000,2,31,0,0,160551,1
2430,R,1000000,300000,4,69,1,30828,47340,1
2431,A,1000000,1000000,2,29,1,7882,3966,1
2432,A,600000,600000,2,24,1,6470,24037,1
2433,A,1000000,1000000,2,39,0,17036,44550,1
2434,A,500000,500000,2,29,1,140833,6097,1
2435,A,1000000,300000,4,61,1,38348,28201,1
2436,A,1000000,1000000,2,54,0,5038,19741,1
2437,A,400000,400000,2,24,1,78888,53460,1
2438,A,700000,700000,2,26,1,50000,24444,1
2439,A,700000,700000,2,43,0,67612,3060,1
2440,A,1000000,1000000,2,54,1,12012,2178,1
2441,A,1000000,1000000,2,57,0,92831,59490,1
2442,A,1000000,1000000,2,40,1,26410,35640,1
2443,A,1000000,1000000,2,31,1,37098,98100,1
2444,A,500000,300000,6,20,1,96244,1922,1
2445,A,1000000,1000000,2,51,0,167060,43650,1
2446,B,600000,300000,6,23,1,14542,14652,1
2447,A,1000000,1000000,3,27,1,1140,26730,1
2448,A,200000,200000,6,26,0,18086,117900,1
2449,A,700000,300000,7,46,1,119696,77574,1
2450,A,600000,600000,2,24,1,9662,19655,1
2451,A,1000000,1000000,2,34,1,25333,3312,1
2452,R,200000,200000,2,28,0,13690,92070,1
2453,A,700000,700000,5,38,0,150584,223443,1
2454,A,1000000,1000000,2,60,0,15484,30780,1
2455,A,1000000,1000000,2,30,0,143600,35910,1
2456,A,700000,300000,11,52,0,0,60742,1
2457,A,200000,200000,2,27,0,2470,23571,1
2458,A,1000000,1000000,2,33,1,80737,28875,1
2459,A,700000,700000,3,23,1,28890,37845,1
2460,A,700000,700000,2,29,1,69270,61344,1
2461,A,500000,500000,2,31,0,125590,42849,1
2462,A,1000000,1000000,2,56,1,91610,1584,1
2463,R,700000,700000,2,29,1,,19107,1
2464,A,1000000,1000000,2,30,1,80000,86090,1
2465,A,400000,400000,4,29,1,15902,115374,1
2466,A,600000,600000,2,44,1,5343,24840,1
2467,A,1000000,1000000,2,34,1,50814,100530,1
2468,A,700000,700000,3,29,1,0,20560,1
2469,A,1000000,1000000,2,34,1,68596,3020,1
2470,A,1000000,500000,7,33,1,54823,84706,1
2471,A,700000,700000,4,59,1,154273,127800,1
2472,A,700000,700000,4,49,1,174198,42750,1
2473,A,500000,500000,2,27,1,108273,46620,1
2474,A,700000,700000,2,26,1,3940,91194,1
2475,A,500000,500000,2,26,0,0,33660,1
2476,A,1000000,300000,7,60,1,472544,140267,1
2477,A,1000000,1000000,2,63,0,0,145530,1
2478,A,1000000,1000000,2,54,0,129249,142650,1
2479,A,700000,700000,2,36,1,0,19935,1
2480,A,1000000,1000000,2,35,1,58906,98100,1
2481,A,1000000,1000000,2,42,1,113502,34740,1
2482,B,1000000,1000000,2,30,1,325763,108900,1
2483,A,400000,400000,2,29,1,88752,58410,1
2484,A,500000,500000,10,26,0,2120,7475,1
2485,A,600000,600000,2,56,1,37934,30888,1
2486,A,700000,300000,7,54,1,22596,59350,1
2487,A,600000,600000,2,33,0,4160,67320,1
2488,A,1000000,1000000,2,56,0,0,4869,1
2489,A,1000000,1000000,2,33,1,9000,32534,1
2490,A,1000000,1000000,2,60,1,9694,3015,1
2491,A,1000000,300000,4,36,1,29094,18920,1
2492,A,1000000,1000000,2,24,1,7553,42660,1
2493,A,400000,400000,12,25,1,81176,43254,1
2494,A,1000000,1000000,2,57,1,51815,95637,1
2495,A,1000000,1000000,2,53,0,161670,143550,1
2496,A,400000,400000,2,32,0,311835,36720,1
2497,A,1000000,1000000,2,29,0,64743,146115,1
2498,A,400000,400000,2,31,0,1881,77310,1
2499,A,1000000,1000000,5,66,0,172369,157401,1
2500,A,700000,700000,3,30,0,9385,45144,1
2501,A,600000,300000,4,53,1,24368,166320,1
2502,A,1000000,300000,7,57,1,0,51570,1
2503,A,1000000,1000000,5,60,1,30859,16880,1
2504,A,1000000,1000000,2,39,1,48070,14940,1
2505,A,600000,600000,2,58,1,12291,24880,1
2506,A,1000000,1000000,2,37,1,28661,51174,1
2507,A,500000,500000,2,25,1,95891,35999,1
2508,A,1000000,1000000,2,40,1,24808,50067,1
2509,A,300000,300000,6,19,1,140592,27256,1
2510,A,1000000,700000,8,76,1,20324,38097,1
2511,A,600000,300000,6,23,1,20469,1080,1
2512,A,1000000,1000000,2,49,0,162370,76320,1
2513,A,1000000,1000000,4,51,1,0,22860,1
2514,A,600000,600000,3,25,1,107582,11673,1
2515,A,700000,300000,4,56,1,0,40284,1
2516,A,700000,700000,2,38,1,111981,44154,1
2517,B,500000,500000,7,37,1,37854,95040,1
2518,A,500000,500000,4,52,1,71531,79290,1
2519,A,700000,300000,4,53,1,84764,50688,1
2520,A,1000000,1000000,4,62,1,6061,5352,1
2521,A,1000000,1000000,5,67,1,6033,10746,1
2522,A,500000,300000,7,51,1,26230,23760,1
2523,A,1000000,1000000,5,73,1,21613,8208,1
2524,A,200000,200000,6,21,1,271270,15237,1
2525,A,500000,500000,7,53,1,276755,32805,1
2526,A,700000,700000,2,40,1,2613,86130,1
2527,B,400000,400000,3,25,0,148560,58410,1
2528,A,600000,600000,2,55,1,23180,101909,1
2529,A,500000,500000,2,34,1,429154,17679,1
2530,A,1000000,1000000,2,31,1,3202,17601,1
2531,A,1000000,1000000,5,65,0,1881,1773,1
2532,A,1000000,1000000,4,45,1,0,71500,1
2533,A,700000,700000,1,44,0,182065,154764,1
2534,A,1000000,300000,7,42,1,0,68310,1
2535,A,600000,600000,2,52,1,36167,20319,1
2536,A,600000,300000,2,55,1,37968,4307,1
2537,R,600000,600000,3,24,0,195987,99644,1
2538,A,600000,600000,2,29,1,24153,10782,1
2539,A,1000000,300000,6,24,0,0,34740,1
2540,A,600000,600000,4,44,1,341178,10812,1
2541,A,500000,300000,12,44,1,22840,4199,1
2542,A,1000000,300000,4,64,1,7441,6797,1
2543,A,500000,500000,2,25,1,7234,129870,1
2544,B,1000000,1000000,2,36,1,38261,67122,1
2545,B,1000000,1000000,2,54,0,2952,128700,1
2546,B,600000,600000,2,29,1,24819,61380,1
2547,A,700000,700000,2,30,1,162893,224400,1
2548,A,600000,600000,2,27,0,133352,41175,1
2549,A,1000000,300000,4,60,1,0,9000,1
2550,A,1000000,1000000,2,24,1,0,44882,1
2551,A,1000000,1000000,2,24,1,73181,44882,1
2552,A,600000,600000,2,32,1,0,33750,1
2553,A,700000,700000,2,27,1,12276,22410,1
2554,A,1000000,1000000,2,31,1,8863,37620,1
2555,A,1000000,1000000,2,29,1,27987,85860,1
2556,A,700000,700000,2,30,1,47387,11590,1
2557,A,1000000,1000000,2,73,1,8368,1926,1
2558,A,1000000,1000000,10,43,1,80155,7622,1
2559,A,1000000,1000000,2,29,1,159029,5550,1
2560,A,1000000,1000000,2,28,1,34749,56088,1
2561,A,1000000,1000000,2,33,1,12518,24246,1
2562,A,1000000,1000000,2,40,0,,41821,1
2563,A,1000000,1000000,2,23,1,66006,73350,1
2564,A,500000,300000,4,49,1,143348,180000,1
2565,A,1000000,1000000,4,56,1,0,4455,1
2566,A,500000,500000,2,34,1,80982,160021,1
2567,A,700000,700000,2,28,1,1463,59031,1
2568,A,500000,500000,5,62,1,13903,135781,1
2569,A,1000000,300000,4,41,1,9926,30914,1
2570,A,1000000,1000000,3,40,0,7640,6300,1
2571,A,1000000,1000000,8,79,0,76324,22555,1
2572,A,700000,700000,3,26,1,15675,10440,1
2573,A,700000,700000,2,30,0,2033,26334,1
2574,A,1000000,1000000,2,30,1,61240,23849,1
2575,A,1000000,1000000,2,47,0,55134,66877,1
2576,A,1000000,1000000,1,44,0,0,72270,1
2577,A,1000000,1000000,4,43,1,10591,35640,1
2578,A,1000000,1000000,2,37,1,9719,51573,1
2579,A,500000,500000,2,26,0,201882,1350,1
2580,A,600000,600000,1,31,1,18508,9198,1
2581,A,1000000,900000,7,68,1,2029,8465,1
2582,A,1000000,1000000,2,32,0,18996,56520,1
2583,A,1000000,1000000,2,41,0,124169,31892,1
2584,A,700000,700000,3,25,1,47982,37245,1
2585,A,600000,300000,4,57,1,1805,26884,1
2586,A,1000000,1000000,2,57,1,154462,30780,1
2587,A,500000,500000,2,25,0,90256,22860,1
2588,A,1200000,1200000,2,34,1,0,10553,1
2589,A,1000000,1000000,2,31,0,67868,4644,1
2590,R,700000,700000,2,25,1,53071,45320,1
2591,A,700000,700000,3,25,1,43082,128790,1
2592,A,1000000,1000000,2,59,1,27170,56520,1
2593,R,600000,600000,5,64,1,224955,16480,1
2594,A,500000,500000,2,24,1,22784,5616,1
2595,A,1000000,1000000,2,44,0,0,20286,1
2596,R,1000000,1000000,2,30,1,26955,17019,1
2597,A,1200000,1200000,2,29,1,75847,32457,1
2598,A,1000000,1000000,2,30,0,11835,34466,1
2599,B,700000,700000,2,30,1,79203,37888,1
2600,A,700000,700000,2,44,1,500203,180000,1
2601,A,1000000,1000000,2,31,1,,9396,1
2602,A,1000000,900000,2,23,1,39042,8010,1
2603,A,1000000,1000000,12,45,1,3734,3150,1
2604,A,700000,700000,2,27,1,89523,34452,1
2605,A,500000,500000,4,36,1,473307,128564,1
2606,A,1000000,1000000,3,28,1,8408,19791,1
2607,A,1000000,1000000,3,29,1,23248,22240,1
2608,A,700000,700000,2,28,0,24937,78300,1
2609,A,1000000,1000000,3,56,1,0,17675,1
2610,A,1000000,1000000,2,33,0,2299,148086,1
2611,A,1500000,1500000,1,54,1,214000,23850,1
2612,A,1000000,1000000,2,64,0,14807,9169,1
2613,A,700000,700000,2,28,1,49011,7599,1
2614,A,700000,700000,2,27,1,8256,82785,1
2615,A,600000,600000,2,52,0,3297,171390,1
2616,A,700000,700000,3,29,1,10833,26028,1
2617,A,600000,600000,2,23,0,20718,672,1
2618,A,200000,200000,3,26,1,8271,23693,1
2619,A,1000000,1000000,2,28,1,107467,59355,1
2620,A,1000000,300000,7,71,1,54010,19791,1
2621,A,700000,700000,1,35,0,87906,23355,1
2622,A,1000000,1000000,2,28,1,0,75870,1
2623,A,1000000,1000000,2,37,1,114309,35303,1
2624,A,500000,300000,5,44,1,34570,17903,1
2625,A,600000,600000,2,24,1,132636,18121,1
2626,A,1000000,1000000,4,38,1,6700,8543,1
2627,A,1000000,1000000,2,31,0,8243,22447,1
2628,A,1000000,1000000,2,35,1,48619,29205,1
2629,A,1000000,1000000,2,30,0,53116,152361,1
2630,R,700000,700000,2,25,1,4264,36018,1
2631,A,1000000,1000000,2,27,1,4741,16677,1
2632,A,1000000,300000,7,58,1,21290,108403,1
2633,A,1000000,1000000,2,51,0,12540,32913,1
2634,A,1000000,300000,7,53,1,10848,28963,1
2635,A,1000000,1000000,2,27,1,20447,52650,1
2636,A,600000,600000,5,36,1,25000,47520,1
2637,B,1200000,1200000,2,27,1,80073,48456,1
2638,A,600000,600000,2,49,1,230674,178290,1
2639,A,700000,700000,2,56,1,45640,22122,1
2640,A,600000,600000,2,29,1,4500,3857,1
2641,A,1000000,1000000,2,65,1,171946,37735,1
2642,A,500000,500000,7,54,1,53350,144630,1
2643,A,1000000,1000000,2,32,1,9750,3159,1
2644,B,700000,700000,2,26,0,145856,52250,1
2645,B,600000,600000,2,26,1,168798,166815,1
2646,A,700000,700000,2,25,1,1702,27156,1
2647,A,1000000,1000000,2,31,1,3515,21789,1
2648,A,700000,700000,2,28,1,62793,15845,1
2649,A,200000,200000,2,34,1,2587,16611,1
2650,A,500000,500000,2,32,1,104216,28003,1
2651,A,1000000,1000000,2,47,0,9230,25146,1
2652,A,1000000,1000000,2,34,1,53317,97529,1
2653,A,300000,300000,2,30,1,51901,6474,1
2654,A,600000,300000,6,23,1,4368,38160,1
2655,A,1000000,1000000,2,56,0,809679,47907,1
2656,A,200000,200000,6,22,1,37332,47457,1
2657,A,600000,300000,6,23,0,0,157410,1
2658,A,500000,500000,2,26,1,45337,6747,1
2659,A,1000000,1000000,2,35,0,30794,13828,1
2660,A,700000,300000,6,22,1,20152,17811,1
2661,A,300000,300000,6,21,1,137194,4802,1
2662,A,400000,400000,2,24,1,125933,40845,1
2663,A,400000,400000,3,26,0,126300,21870,1
2664,A,500000,500000,2,22,0,66923,41950,1
2665,A,1000000,1000000,2,42,1,0,194813,1
2666,A,500000,300000,6,22,1,12519,15129,1
2667,A,300000,0,6,21,1,39739,39807,1
2668,A,600000,300000,4,68,1,0,8010,1
2669,A,700000,700000,2,24,1,27302,89167,1
2670,A,700000,300000,6,30,1,210202,192897,1
2671,A,700000,300000,4,66,1,73175,21569,1
2672,A,300000,300000,2,27,1,0,6173,1
2673,A,1000000,1000000,2,47,0,31837,6472,1
2674,A,700000,300000,8,79,1,2777,15333,1
2675,A,700000,700000,2,23,1,30450,33830,1
2676,A,600000,300000,6,23,1,29907,42750,1
2677,A,1500000,1500000,10,52,1,56928,12756,1
2678,A,700000,700000,2,33,0,109687,45673,1
2679,A,1000000,1000000,2,29,0,5454,12020,1
2680,A,1000000,1000000,2,30,1,16826,84330,1
2681,A,600000,600000,2,27,0,35577,33984,1
2682,A,300000,300000,5,59,1,0,20790,1
2683,A,1000000,1000000,4,59,1,0,64049,1
2684,A,500000,500000,12,26,1,22261,15139,1
2685,A,700000,700000,2,26,0,62811,71172,1
2686,A,600000,300000,7,67,1,17224,2089,1
2687,A,1000000,1000000,2,28,0,52218,12672,1
2688,A,1000000,1000000,2,35,1,0,86715,1
2689,A,700000,300000,2,41,1,8787,3726,1
2690,A,700000,700000,2,26,1,1254,28766,1
2691,A,1000000,1000000,4,55,1,48524,17910,1
2692,A,600000,600000,2,24,1,0,66533,1
2693,A,700000,300000,7,53,1,158391,12641,1
2694,A,200000,200000,7,47,1,267926,3933,1
2695,A,1000000,1000000,2,29,1,2451,16524,1
2696,A,700000,700000,5,79,1,14589,57211,1
2697,A,700000,200000,6,22,1,17185,35195,1
2698,A,1000000,1000000,4,61,1,7148,4869,1
2699,A,600000,600000,2,26,0,28424,5103,1
2700,A,1000000,1000000,4,60,1,646,15138,1
2701,A,1000000,1000000,2,62,1,6867,10650,1
2702,A,700000,300000,6,22,1,,8010,1
2703,A,1000000,1000000,10,48,1,49710,46883,1
2704,A,1000000,500000,2,63,1,5644,3852,1
2705,A,1000000,1000000,2,36,0,4750,20495,1
2706,A,600000,600000,2,27,1,63066,27156,1
2707,A,1000000,1000000,2,28,0,63327,25350,1
2708,A,800000,800000,2,24,0,10450,20880,1
2709,A,1000000,1000000,2,28,0,19941,186466,1
2710,A,1000000,1000000,2,26,1,29602,33957,1
2711,A,1000000,1000000,7,63,1,6872,720000,1
2712,A,1000000,300000,4,67,1,102775,66330,1
2713,A,1000000,1000000,10,46,1,26867,39636,1
2714,A,600000,300000,1,44,1,136996,58964,1
2715,A,500000,500000,3,25,1,27112,16616,1
2716,A,400000,300000,6,21,1,24158,20637,1
2717,A,1000000,500000,2,42,1,297135,55287,1
2718,A,700000,700000,2,54,1,10533,13455,1
2719,A,300000,300000,2,24,1,2832,21061,1
2720,A,500000,500000,2,28,1,10545,158400,1
2721,A,500000,300000,6,24,1,66056,15921,1
2722,A,500000,500000,12,23,1,3762,9605,1
2723,A,500000,500000,2,24,1,57949,3867,1
2724,A,200000,200000,6,22,1,41269,37668,1
2725,A,300000,300000,6,25,0,266,42419,1
2726,A,700000,700000,2,24,1,136853,19115,1
2727,A,200000,200000,13,29,1,27870,180000,1
2728,A,700000,700000,7,31,1,128277,32017,1
2729,A,500000,500000,2,24,1,50611,14051,1
2730,A,500000,500000,2,24,1,32676,10453,1
2731,A,500000,500000,2,41,0,9574,88695,1
2732,A,600000,600000,2,30,0,72230,42120,1
2733,A,600000,400000,2,24,1,59634,22770,1
2734,A,500000,300000,2,45,1,112518,4233,1
2735,A,1000000,1000000,4,59,1,6301,47120,1
2736,A,1000000,1000000,2,32,1,15784,11011,1
2737,A,700000,300000,7,43,1,0,21790,1
2738,A,400000,400000,2,28,1,8817,29183,1
2739,A,500000,500000,2,23,1,64979,19351,1
2740,A,700000,300000,2,24,1,20549,20335,1
2741,A,700000,700000,7,65,1,25299,29700,1
2742,A,1000000,1000000,2,51,1,8105,179699,1
2743,A,700000,700000,12,28,1,19664,8324,1
2744,A,1000000,900000,2,30,1,41945,1980,1
2745,A,1000000,500000,12,55,1,31757,4137,1
2746,A,1000000,1000000,3,31,1,137182,7315,1
2747,A,700000,700000,2,31,1,55330,22904,1
2748,A,1000000,300000,7,57,1,81463,37925,1
2749,A,1000000,1000000,2,36,0,250864,24840,1
2750,A,200000,200000,2,25,1,44202,16956,1
2751,A,1000000,600000,2,50,1,50346,5151,1
2752,A,600000,600000,3,26,1,0,43254,1
2753,A,500000,500000,2,23,1,20796,10859,1
2754,A,700000,300000,7,47,1,21092,62370,1
2755,A,700000,700000,2,41,1,689881,78012,1
2756,B,700000,700000,2,24,1,61749,19286,1
2757,A,600000,600000,2,25,1,90138,154877,1
2758,A,500000,500000,2,36,1,224220,81961,1
2759,A,600000,600000,2,27,1,133080,40140,1
2760,A,600000,300000,7,49,1,19971,21231,1
2761,A,600000,600000,2,28,1,4532,12926,1
2762,A,200000,200000,2,25,0,143874,37710,1
2763,A,200000,200000,6,23,1,154466,31132,1
2764,B,700000,700000,2,47,0,92605,155628,1
2765,A,700000,300000,4,53,1,31819,92070,1
2766,A,1000000,1000000,2,51,1,123402,19008,1
2767,A,200000,200000,6,20,1,10305,16326,1
2768,A,300000,300000,6,19,1,132663,74489,1
2769,A,1000000,1000000,2,43,1,3056,11520,1
2770,A,700000,700000,2,29,0,30899,19890,1
2771,A,1000000,1000000,2,34,0,69093,33473,1
2772,A,400000,300000,6,21,1,4938,24979,1
2773,A,700000,700000,3,50,1,282697,60273,1
2774,R,700000,700000,2,33,1,1159,49179,1
2775,A,500000,500000,2,23,1,53264,16303,1
2776,A,700000,700000,2,24,1,4128,17385,1
2777,A,700000,700000,2,37,0,6809,124650,1
2778,A,1000000,1000000,2,27,1,1986,52164,1
2779,A,300000,300000,7,24,0,85033,15295,1
2780,A,1000000,300000,6,22,1,443283,5166,1
2781,A,500000,500000,2,29,1,90396,23652,1
2782,A,500000,300000,7,40,1,0,14273,1
2783,A,600000,600000,3,23,0,3828,28800,1
2784,R,700000,700000,2,27,1,147855,45684,1
2785,A,700000,700000,2,30,1,38622,1934,1
2786,A,1000000,1000000,2,34,1,18973,41875,1
2787,A,400000,400000,2,28,1,7923,13863,1
2788,A,600000,600000,2,34,0,241040,54918,1
2789,A,600000,600000,2,23,1,150496,12113,1
2790,A,500000,500000,2,24,1,5016,48798,1
2791,A,700000,700000,2,26,1,71400,46998,1
2792,A,500000,500000,2,25,1,44196,6898,1
2793,A,1000000,1000000,2,49,1,0,13212,1
2794,A,200000,200000,6,20,1,0,25605,1
2795,A,1000000,1000000,2,34,0,2822,120808,1
2796,A,700000,700000,2,47,1,388747,27690,1
2797,A,1000000,300000,7,62,1,160879,57312,1
2798,A,1000000,1000000,2,45,1,204785,114435,1
2799,A,700000,700000,2,52,1,63419,74240,1
2800,A,600000,600000,2,47,1,74555,39505,1
2801,A,600000,300000,7,42,1,100032,34622,1
2802,A,700000,700000,2,46,0,111620,137363,1
2803,A,600000,300000,7,26,1,22135,184395,1
2804,A,700000,700000,2,52,1,75539,51932,1
2805,A,600000,300000,6,22,1,12584,0,1
2806,A,400000,300000,7,25,1,138198,69696,1
2807,A,600000,600000,7,39,1,90246,26148,1
2808,B,1000000,1000000,3,33,1,22463,103950,1
2809,A,1000000,1000000,2,36,1,20165,48252,1
2810,A,600000,600000,2,27,0,237059,76380,1
2811,A,600000,300000,6,22,1,59753,21879,1
2812,A,400000,300000,6,21,1,42255,9562,1
2813,A,600000,600000,2,25,1,115661,80206,1
2814,A,200000,200000,7,59,1,153200,69111,1
2815,A,700000,500000,2,23,1,38298,27027,1
2816,A,200000,200000,2,29,1,8208,12411,1
2817,A,700000,700000,2,27,1,61815,16920,1
2818,A,600000,600000,2,26,1,0,15789,1
2819,A,1000000,1000000,2,50,0,0,95267,1
2820,A,600000,300000,7,56,1,35407,11880,1
2821,A,1000000,1000000,2,72,0,23378,31739,1
2822,A,600000,600000,2,27,1,41821,16978,1
2823,A,500000,300000,6,21,1,35525,19751,1
2824,A,300000,300000,2,25,1,51551,3259,1
2825,A,1000000,1000000,2,54,0,,31042,1
2826,A,200000,200000,6,22,1,105132,21954,1
2827,A,1000000,1000000,2,34,0,98324,180000,1
2828,A,700000,300000,7,53,1,33240,171589,1
2829,A,600000,600000,2,26,1,102994,25531,1
2830,A,600000,300000,7,42,1,22018,23850,1
2831,A,500000,500000,1,62,1,2769,36641,1
2832,A,200000,200000,7,26,1,44544,41695,1
2833,A,1000000,1000000,2,49,0,32691,47006,1
2834,A,1000000,1000000,2,30,1,11543,5756,1
2835,A,1000000,300000,3,30,1,688391,52082,1
2836,A,400000,400000,2,32,0,34924,178032,1
2837,A,700000,600000,7,43,1,59234,8901,1
2838,A,600000,600000,5,36,1,0,141327,1
2839,A,1000000,1000000,4,49,1,54670,100539,1
2840,A,200000,200000,6,19,1,72558,20125,1
2841,A,500000,500000,2,25,1,0,33223,1
2842,A,200000,200000,6,21,1,89281,0,1
2843,A,200000,200000,6,21,1,40076,2691,1
2844,A,700000,700000,2,32,1,26345,23574,1
2845,A,300000,300000,7,22,0,123085,14234,1
2846,A,600000,300000,4,43,1,139340,67062,1
2847,A,200000,200000,6,21,1,213902,13500,1
2848,A,1000000,300000,7,68,1,8398,69390,1
2849,A,600000,600000,2,26,1,63062,6732,1
2850,A,300000,300000,7,53,1,154897,22482,1
2851,B,200000,200000,6,20,1,87505,20598,1
2852,A,600000,600000,2,29,1,164166,67262,1
2853,A,600000,600000,2,28,1,112365,54085,1
2854,A,600000,600000,2,24,1,,36916,1
2855,A,500000,500000,11,25,1,36400,15138,1
2856,A,500000,300000,13,35,1,43573,27755,1
2857,A,500000,300000,6,21,1,19318,6925,1
2858,A,200000,200000,6,22,1,63900,19899,1
2859,A,600000,600000,2,29,1,34913,39792,1
2860,A,200000,200000,2,25,1,169480,22949,1
2861,A,500000,500000,7,35,1,127183,179433,1
2862,A,500000,300000,6,24,0,46712,18153,1
2863,A,700000,700000,2,26,1,0,26550,1
2864,A,300000,300000,2,25,1,114622,12564,1
2865,A,500000,500000,4,28,1,123156,9415,1
2866,A,1000000,300000,11,36,1,25796,53124,1
2867,A,1000000,1000000,3,28,1,0,9792,1
2868,A,1000000,1000000,4,56,1,0,24026,1
2869,A,700000,700000,4,41,1,7590,78102,1
2870,A,1000000,1000000,2,62,0,100626,38194,1
2871,A,200000,200000,7,23,0,17739,54896,1
2872,A,700000,700000,2,52,0,1000,19080,1
2873,A,600000,600000,2,63,1,42626,75741,1
2874,A,500000,500000,2,24,1,40853,18306,1
2875,A,200000,200000,6,20,1,216073,22796,1
2876,A,1000000,1000000,2,67,1,2090,56520,1
2877,A,500000,400000,2,24,1,13680,9261,1
2878,A,200000,200000,2,35,1,10480,64930,1
2879,A,600000,600000,2,24,1,1564,20286,1
2880,A,1000000,1000000,2,37,1,4698,76521,1
2881,A,1000000,300000,7,47,1,8722,23315,1
2882,A,500000,300000,6,22,1,43856,15770,1
2883,B,1000000,1000000,2,33,1,30877,17686,1
2884,A,400000,300000,6,20,1,57537,2613,1
2885,A,400000,300000,6,20,1,31668,19098,1
2886,A,1000000,300000,7,51,1,151731,80585,1
2887,A,1000000,1000000,3,55,1,44154,30176,1
2888,A,1000000,1000000,5,51,0,338433,70459,1
2889,A,600000,600000,4,43,1,24346,182772,1
2890,A,1000000,1000000,2,33,1,20193,94041,1
2891,A,500000,500000,2,26,1,85279,105980,1
2892,A,1000000,300000,11,59,1,12689,11242,1
2893,A,700000,300000,7,43,1,83328,57510,1
2894,A,700000,700000,2,25,1,0,21298,1
2895,A,600000,600000,2,27,1,79528,38235,1
2896,A,700000,700000,2,41,0,84521,48510,1
2897,A,500000,300000,7,39,1,8319,53225,1
2898,A,600000,600000,2,25,1,1000,15770,1
2899,A,200000,200000,11,29,1,229159,40650,1
2900,A,500000,500000,10,24,0,43010,3168,1
2901,A,1000000,1000000,2,50,1,19309,40878,1
2902,A,600000,600000,2,40,0,20221,15287,1
2903,A,1000000,1000000,3,40,1,115643,86706,1
2904,A,500000,500000,7,35,1,232694,46984,1
2905,A,200000,200000,2,55,1,6660,43650,1
2906,A,300000,300000,2,27,1,35719,58830,1
2907,A,700000,700000,2,25,1,2451,2774,1
2908,A,700000,700000,2,32,1,5918,18853,1
2909,A,600000,600000,2,24,1,94693,26334,1
2910,A,700000,700000,3,24,1,59483,16781,1
2911,A,700000,300000,7,29,1,25507,9495,1
2912,A,600000,300000,7,34,1,36917,41715,1
2913,A,500000,500000,10,25,1,8000,27105,1
2914,A,400000,300000,6,23,1,148043,9549,1
2915,A,700000,700000,2,25,1,97392,5649,1
2916,A,600000,600000,2,25,1,69652,20736,1
2917,A,1000000,1000000,2,35,0,23825,40095,1
2918,A,600000,300000,2,35,1,32465,16949,1
2919,A,1000000,300000,6,26,0,0,8055,1
2920,A,1000000,1000000,2,25,1,9681,24246,1
2921,A,1000000,1000000,2,55,1,15205,43403,1
2922,A,200000,200000,2,51,1,29249,57420,1
2923,A,500000,500000,2,26,1,44136,51956,1
2924,A,1000000,300000,4,45,1,104285,178200,1
2925,A,300000,300000,4,35,1,50223,39411,1
2926,A,600000,300000,4,57,1,1596,30227,1
2927,A,1000000,1000000,2,62,1,8366,36225,1
2928,A,1000000,500000,2,38,1,18556,37567,1
2929,A,1000000,1000000,3,60,1,4651,34128,1
2930,A,1000000,1000000,2,50,1,353577,25801,1
2931,A,1000000,1000000,8,74,0,18135,2691,1
2932,A,1000000,1000000,4,56,1,81185,15978,1
2933,A,200000,200000,7,29,1,42712,66761,1
2934,A,200000,200000,2,22,1,0,34542,1
2935,A,500000,500000,2,24,1,46536,20781,1
2936,R,700000,700000,2,23,1,93109,21826,1
2937,A,500000,500000,2,41,1,44768,17037,1
2938,A,700000,700000,2,32,1,100801,13842,1
2939,A,600000,600000,2,43,1,41325,27513,1
2940,A,400000,400000,7,48,1,0,22770,1
2941,A,500000,300000,6,21,1,70500,41175,1
2942,A,300000,300000,7,24,1,0,9000,1
2943,A,600000,600000,2,25,1,0,30780,1
2944,A,1000000,400000,2,36,1,14390,22145,1
2945,A,600000,300000,2,32,1,14970,16813,1
2946,A,700000,600000,2,24,1,57020,63715,1
2947,A,500000,300000,7,38,0,181884,15475,1
2948,A,600000,500000,11,73,1,264801,30285,1
2949,A,500000,500000,2,25,1,82203,34866,1
2950,A,1000000,1000000,2,24,1,9310,53640,1
2951,A,400000,400000,4,36,1,101629,39471,1
2952,A,600000,300000,4,74,1,30388,1226,1
2953,A,400000,400000,1,56,1,66422,0,1
2954,A,1000000,1000000,4,52,1,0,34493,1
2955,A,200000,200000,6,20,1,49199,11405,1
2956,A,500000,300000,6,20,1,461517,16967,1
2957,A,600000,600000,4,59,1,28842,24291,1
2958,A,200000,200000,7,26,1,4791,15300,1
2959,A,400000,400000,2,31,0,2000,109539,1
2960,A,700000,700000,1,55,1,5200,143451,1
2961,B,1000000,1000000,3,42,0,18848,180000,1
2962,A,600000,600000,2,26,1,0,17415,1
2963,A,500000,500000,5,50,1,26648,79920,1
2964,A,600000,600000,2,24,1,11700,32895,1
2965,A,400000,400000,13,62,1,0,45639,1
2966,A,1000000,1000000,3,67,0,6897,23303,1
2967,A,700000,700000,2,28,1,99959,14818,1
2968,A,1000000,1000000,2,38,1,0,17316,1
2969,A,200000,200000,6,21,1,1000,12960,1
2970,A,700000,700000,2,29,1,20022,24623,1
2971,A,500000,500000,2,33,1,114734,189585,1
2972,A,1000000,1000000,7,68,1,72301,10782,1
2973,A,500000,300000,8,65,1,29438,2139,1
2974,A,500000,500000,2,24,1,230806,56027,1
2975,A,200000,200000,6,22,1,18368,8019,1
2976,A,300000,300000,6,23,1,30968,26892,1
2977,A,400000,400000,2,26,1,43822,37760,1
2978,A,1000000,400000,4,67,1,71575,109135,1
2979,A,600000,300000,7,55,1,2464,1494,1
2980,A,1000000,300000,7,46,1,15431,11481,1
2981,A,1000000,300000,11,59,1,0,7020,1
2982,A,1000000,300000,11,59,1,197686,7020,1
2983,A,200000,200000,6,21,1,0,15734,1
2984,A,400000,300000,2,25,1,9000,26325,1
2985,A,500000,500000,2,23,1,104538,25155,1
2986,A,500000,500000,2,29,1,0,3713,1
2987,A,600000,300000,2,24,1,181844,30638,1
2988,A,1000000,1000000,2,32,1,121741,40885,1
2989,A,500000,300000,6,22,1,10358,37575,1
2990,A,700000,700000,3,33,0,2822,3910,1
2991,A,500000,500000,2,32,1,23839,86240,1
2992,A,500000,500000,2,45,1,214534,53946,1
2993,A,200000,200000,6,20,1,2700,111988,1
2994,A,200000,200000,6,20,1,12969,28494,1
2995,A,200000,200000,6,20,1,6868,33552,1
2996,A,500000,300000,6,23,1,25806,59040,1
2997,A,500000,200000,7,34,1,27271,54324,1
2998,A,1000000,1000000,2,64,1,3762,38916,1
2999,A,200000,200000,6,21,1,409980,14982,1
3000,A,400000,400000,2,22,1,42669,19080,1
3001,A,400000,300000,6,21,1,12331,16920,1
3002,A,1000000,1000000,2,26,1,9455,12072,1
3003,A,500000,500000,2,30,1,173799,0,1
3004,A,700000,700000,2,34,1,438331,95481,1
3005,A,1000000,1000000,1,62,0,0,183794,1
3006,A,1000000,1000000,3,27,1,26392,25983,1
3007,A,700000,700000,2,23,1,22274,46954,1
3008,A,700000,300000,6,25,1,5000,5390,1
3009,B,500000,300000,7,57,1,146974,43362,1
3010,A,1000000,1000000,4,51,1,33076,125028,1
3011,A,600000,600000,4,41,1,82159,180000,1
3012,A,700000,700000,2,46,0,0,86904,1
3013,A,1000000,1000000,3,41,0,0,23670,1
3014,A,700000,700000,2,34,1,48727,75436,1
3015,A,600000,600000,3,42,0,0,137700,1
3016,A,500000,300000,7,40,1,19160,19957,1
3017,A,700000,300000,7,63,1,49564,23612,1
3018,A,1000000,1000000,4,55,1,196831,25724,1
3019,A,1000000,1000000,2,31,1,7902,12780,1
3020,A,1000000,1000000,2,25,1,42458,11931,1
3021,A,700000,700000,4,54,1,11495,28692,1
3022,A,700000,500000,2,25,1,3031,11298,1
3023,A,700000,700000,3,30,1,38913,18900,1
3024,A,1000000,1000000,2,53,1,2926,21859,1
3025,A,600000,600000,2,30,1,99932,8617,1
3026,A,500000,500000,2,43,0,29235,900,1
3027,A,500000,300000,6,20,1,18911,8208,1
3028,A,700000,300000,7,46,1,17278,41377,1
3029,A,700000,700000,2,24,1,21210,5931,1
3030,A,600000,300000,11,24,1,46197,14796,1
3031,A,300000,300000,2,24,1,260104,47564,1
3032,A,700000,300000,7,41,1,81372,27720,1
3033,A,1000000,1000000,7,62,1,66897,21604,1
3034,A,300000,300000,6,26,1,42410,5718,1
3035,A,1000000,1000000,2,45,1,568200,45090,1
3036,A,700000,300000,11,26,1,36220,14471,1
3037,A,600000,300000,6,22,0,124232,22909,1
3038,A,1000000,1000000,5,60,1,4418,14589,1
3039,A,500000,500000,2,25,1,112852,19039,1
3040,A,400000,400000,2,24,1,110066,91225,1
3041,R,500000,500000,10,26,1,53801,69117,1
3042,A,200000,200000,7,20,1,12147,9900,1
3043,A,600000,200000,2,35,1,0,87210,1
3044,A,1000000,500000,12,50,1,14759,40554,1
3045,A,200000,200000,6,21,1,56903,12568,1
3046,A,700000,700000,5,56,1,71932,58942,1
3047,A,600000,600000,3,25,1,4038,64391,1
3048,A,600000,600000,2,25,1,88392,11178,1
3049,A,200000,200000,7,27,1,78983,36873,1
3050,A,200000,200000,7,23,1,38414,35820,1
3051,A,1000000,1000000,3,27,1,33635,23008,1
3052,A,700000,700000,3,28,1,20764,21402,1
3053,A,700000,300000,6,23,1,10529,10584,1
3054,A,200000,200000,6,19,1,4114,8406,1
3055,A,700000,300000,7,54,1,16080,56398,1
3056,A,200000,200000,6,20,1,32840,10971,1
3057,A,600000,600000,2,25,1,8170,21780,1
3058,A,700000,700000,2,27,1,20784,11364,1
3059,A,1000000,1000000,2,24,1,18106,11789,1
3060,A,500000,500000,2,30,1,3657,29298,1
3061,A,700000,700000,2,30,1,42365,11745,1
3062,A,500000,500000,5,23,1,25985,19890,1
3063,A,200000,200000,6,19,1,94280,8010,1
3064,A,600000,300000,6,23,1,194258,33447,1
3065,A,1000000,1000000,2,60,1,9373,4694,1
3066,A,500000,500000,2,31,1,20984,19805,1
3067,A,200000,200000,6,22,1,28703,18516,1
3068,A,500000,500000,2,47,1,101045,10764,1
3069,A,1000000,500000,2,54,1,75501,20881,1
3070,A,500000,400000,2,22,1,87077,22968,1
3071,R,600000,600000,1,33,0,636509,71885,1
3072,A,200000,200000,2,24,1,17622,28721,1
3073,A,700000,700000,5,63,0,,69390,1
3074,A,1000000,1000000,2,64,1,7100,86900,1
3075,A,400000,300000,4,53,1,48676,13950,1
3076,A,1000000,300000,7,54,1,21945,13455,1
3077,A,1000000,1000000,2,56,1,0,2735,1
3078,A,200000,200000,5,40,1,83905,19962,1
3079,A,1000000,1000000,2,61,1,35518,2223,1
3080,A,700000,700000,3,26,1,346241,25561,1
3081,A,200000,200000,7,24,1,45542,25283,1
3082,A,1000000,1000000,2,45,1,0,147432,1
3083,A,700000,300000,7,50,1,16657,5518,1
3084,A,700000,700000,1,45,0,14422,180000,1
3085,A,500000,300000,7,45,1,91757,34389,1
3086,A,1000000,1000000,4,75,1,3077,585,1
3087,A,500000,300000,6,23,1,86274,4581,1
3088,A,700000,700000,2,35,1,22015,1552,1
3089,R,600000,600000,2,32,0,25413,22696,1
3090,A,1000000,900000,2,31,1,33024,22968,1
3091,A,400000,400000,2,45,1,37960,6346,1
3092,B,1000000,800000,2,31,1,0,33047,1
3093,A,700000,700000,2,45,1,105345,120074,1
3094,A,700000,700000,2,33,0,15544,180000,1
3095,A,600000,600000,2,45,1,10509,49478,1
3096,A,600000,300000,6,23,1,52250,2961,1
3097,A,1000000,300000,4,70,1,19226,2268,1
3098,A,200000,200000,7,25,1,18611,3915,1
3099,A,500000,500000,2,25,1,76604,42817,1
3100,A,200000,200000,6,19,1,0,11970,1
3101,A,500000,300000,7,46,1,7236,33732,1
3102,A,500000,500000,1,53,0,33243,40482,1
3103,A,200000,200000,7,25,1,21067,68412,1
3104,A,200000,200000,6,20,1,122462,65077,1
3105,A,1000000,300000,4,65,1,58500,10980,1
3106,A,1000000,900000,7,52,1,0,3766,1
3107,A,600000,600000,1,47,1,18734,104509,1
3108,A,600000,300000,6,23,0,40560,42246,1
3109,A,1000000,1000000,2,28,1,71385,23157,1
3110,A,1000000,1000000,3,26,1,20119,11970,1
3111,A,700000,300000,7,54,1,7229,30396,1
3112,A,1000000,1000000,2,61,0,4573,162450,1
3113,A,700000,700000,2,26,1,55000,31761,1
3114,A,400000,400000,2,24,1,21859,13950,1
3115,A,700000,700000,2,29,1,482,11376,1
3116,A,200000,200000,6,19,1,88227,7911,1
3117,A,700000,400000,2,24,0,3420,29595,1
3118,A,700000,700000,3,24,1,56264,8813,1
3119,A,1000000,1000000,10,30,1,25270,33497,1
3120,A,500000,300000,6,22,1,43538,17820,1
3121,A,1000000,1000000,3,56,1,7613,13860,1
3122,A,700000,700000,3,27,1,14336,21600,1
3123,A,600000,600000,5,26,1,0,16778,1
3124,A,500000,500000,2,27,1,20533,45162,1
3125,A,700000,700000,2,25,1,89827,37360,1
3126,A,600000,300000,12,53,1,47166,68895,1
3127,A,500000,300000,7,41,1,69696,9000,1
3128,A,200000,200000,7,38,1,,116575,1
3129,A,200000,200000,2,24,1,30227,39229,1
3130,A,700000,700000,2,27,1,0,49617,1
3131,A,1000000,1000000,2,46,0,19030,71205,1
3132,A,200000,200000,6,20,1,11691,69129,1
3133,A,600000,300000,11,47,1,37589,64632,1
3134,A,700000,300000,6,22,0,4870,5486,1
3135,A,500000,300000,6,22,1,28823,30469,1
3136,A,1000000,1000000,10,46,1,5539,15435,1
3137,A,500000,500000,2,45,0,520990,17415,1
3138,A,600000,300000,8,29,1,82141,46769,1
3139,A,700000,700000,12,73,1,0,2313,1
3140,A,500000,500000,2,24,1,15210,5445,1
3141,A,1000000,1000000,2,27,1,16834,21722,1
3142,A,700000,300000,4,40,1,19590,36000,1
3143,A,200000,200000,6,19,1,48228,14661,1
3144,A,500000,500000,5,31,1,240637,7904,1
3145,A,600000,600000,4,34,1,130119,45297,1
3146,A,200000,200000,6,20,1,209686,35433,1
3147,A,1000000,1000000,3,39,1,24149,72341,1
3148,A,700000,700000,2,31,1,140883,3268,1
3149,A,500000,500000,2,25,1,306542,572,1
3150,B,700000,300000,2,24,1,130555,22382,1
3151,A,700000,700000,2,28,1,16264,17165,1
3152,A,600000,600000,2,58,1,207100,66420,1
3153,A,600000,600000,2,26,1,4640,16128,1
3154,A,400000,300000,6,20,1,28708,2457,1
3155,A,600000,600000,2,26,1,28101,12739,1
3156,A,500000,300000,11,58,1,0,35631,1
3157,A,500000,300000,11,58,1,263194,35631,1
3158,A,1000000,1000000,2,52,0,50218,24662,1
3159,A,700000,300000,1,52,1,7040,13220,1
3160,A,400000,300000,6,22,0,0,44648,1
3161,A,400000,400000,12,24,1,49090,67320,1
3162,A,400000,400000,11,38,1,575463,86229,1
3163,A,600000,600000,2,33,1,15666,35658,1
3164,A,500000,500000,2,25,1,0,41016,1
3165,A,1000000,1000000,4,51,1,4837,186266,1
3166,A,200000,200000,6,22,1,28000,16920,1
3167,A,200000,200000,7,28,1,46592,7434,1
3168,A,200000,200000,7,46,1,3000,19665,1
3169,A,600000,600000,2,31,1,55057,60150,1
3170,A,700000,700000,10,30,1,0,74970,1
3171,A,600000,600000,2,25,1,64878,19800,1
3172,A,1000000,1000000,2,52,1,15789,62145,1
3173,A,700000,700000,10,30,1,0,27657,1
3174,A,1000000,300000,7,59,1,0,54122,1
3175,R,400000,300000,7,24,1,234934,42917,1
3176,A,700000,700000,2,27,1,98256,54720,1
3177,A,600000,600000,2,35,1,25598,86780,1
3178,A,1000000,1000000,5,35,1,1568,96919,1
3179,B,700000,300000,2,25,1,12088,40590,1
3180,A,600000,600000,2,28,1,0,49339,1
3181,A,600000,600000,7,25,0,,9349,1
3182,A,1000000,1000000,5,31,1,28560,177210,1
3183,A,500000,500000,2,47,1,53500,25290,1
3184,B,700000,700000,2,40,1,67303,12177,1
3185,A,200000,200000,2,23,1,38582,78816,1
3186,A,1000000,1000000,3,23,1,122031,45010,1
3187,A,400000,400000,2,28,1,11828,57074,1
3188,A,500000,500000,2,28,1,49369,16200,1
3189,A,500000,500000,2,24,1,19363,65590,1
3190,A,600000,600000,7,25,1,61711,51724,1
3191,A,700000,700000,2,26,0,135000,127794,1
3192,A,700000,700000,2,26,1,34158,30720,1
3193,A,500000,500000,2,60,1,10241,2520,1
3194,A,700000,700000,2,38,1,0,73420,1
3195,A,1000000,1000000,2,32,1,92195,46831,1
3196,A,500000,500000,2,25,1,6532,44946,1
3197,A,400000,400000,2,33,1,63638,127028,1
3198,A,500000,500000,2,24,1,0,38115,1
3199,A,1000000,1000000,2,24,1,31904,57726,1
3200,A,200000,200000,6,20,1,,20888,1
3201,A,600000,600000,2,28,1,0,57956,1
3202,R,400000,400000,6,26,1,297263,48718,1
3203,A,1000000,1000000,2,35,1,13139,53441,1
3204,A,500000,500000,2,31,0,73156,96030,1
3205,A,500000,300000,7,55,1,250210,111260,1
3206,B,700000,700000,2,26,1,60525,81732,1
3207,A,500000,500000,2,26,1,48761,9900,1
3208,A,1000000,1000000,2,37,1,20270,8010,1
3209,A,700000,700000,2,50,1,2185,41580,1
3210,A,1000000,1000000,2,34,1,187926,111472,1
3211,A,200000,200000,2,24,1,98334,10782,1
3212,A,600000,600000,3,23,1,49524,80749,1
3213,A,500000,500000,7,27,1,80412,48600,1
3214,A,600000,600000,2,32,1,76627,37041,1
3215,A,600000,600000,2,25,1,69381,41580,1
3216,A,600000,600000,2,29,1,0,46980,1
3217,A,600000,600000,2,29,1,45660,85770,1
3218,A,500000,500000,2,26,1,20056,27081,1
3219,A,1000000,1000000,3,49,1,28551,13899,1
3220,A,700000,700000,2,33,1,0,88110,1
3221,A,200000,200000,7,53,1,118625,70380,1
3222,A,1000000,1000000,2,29,1,32027,18153,1
3223,A,600000,600000,2,27,0,181801,133650,1
3224,A,600000,600000,2,29,1,115181,27837,1
3225,A,600000,600000,2,47,0,165839,147357,1
3226,A,700000,700000,2,27,1,8960,45000,1
3227,A,1000000,900000,2,25,1,24573,456,1
3228,A,1000000,1000000,2,57,1,192338,65317,1
3229,A,700000,700000,2,23,1,46447,17456,1
3230,A,200000,200000,2,28,1,1986,11590,1
3231,A,500000,500000,2,24,1,59404,26334,1
3232,A,700000,700000,3,27,1,0,44937,1
3233,A,1000000,1000000,2,32,1,133845,418,1
3234,A,700000,700000,13,35,1,53598,22023,1
3235,A,500000,500000,2,31,1,17556,143660,1
3236,A,200000,200000,2,25,1,6600,47610,1
3237,A,1000000,1000000,2,36,1,67971,61479,1
3238,A,200000,200000,2,29,1,0,29790,1
3239,A,500000,500000,2,34,1,14705,13950,1
3240,A,1000000,1000000,2,30,1,57797,25647,1
3241,A,400000,400000,3,24,1,105136,39105,1
3242,A,600000,600000,2,26,1,276897,30432,1
3243,A,600000,600000,2,26,1,22675,103050,1
3244,A,700000,700000,2,28,1,0,47259,1
3245,A,600000,600000,2,24,1,4684,28800,1
3246,A,500000,300000,6,23,1,151311,167050,1
3247,A,500000,500000,2,26,1,42485,19111,1
3248,A,200000,200000,2,23,1,35473,59667,1
3249,A,1000000,1000000,3,32,0,143393,58500,1
3250,A,600000,600000,2,33,1,9301,107081,1
3251,A,700000,700000,2,30,1,0,118494,1
3252,A,700000,700000,2,32,1,22497,100575,1
3253,A,700000,700000,2,41,1,99698,131904,1
3254,A,400000,300000,6,21,1,56759,5843,1
3255,A,1000000,1000000,3,55,0,,43507,1
3256,A,600000,600000,2,35,1,229207,145566,1
3257,A,500000,500000,1,32,1,362960,85230,1
3258,A,200000,200000,2,25,1,16388,8843,1
3259,A,700000,500000,7,48,1,7733,19890,1
3260,A,300000,300000,6,22,1,16093,10980,1
3261,A,600000,600000,7,31,1,0,43786,1
3262,A,300000,300000,7,26,1,16258,1311,1
3263,A,600000,400000,2,24,1,13100,0,1
3264,A,700000,700000,4,48,1,23623,101100,1
3265,A,600000,600000,2,29,1,93332,28809,1
3266,A,500000,300000,6,24,1,22004,6031,1
3267,A,700000,700000,1,53,1,17829,67410,1
3268,A,400000,400000,2,28,1,54345,12762,1
3269,A,400000,400000,10,25,1,142752,3344,1
3270,A,400000,400000,2,38,1,3344,35510,1
3271,A,500000,500000,7,40,1,67119,38920,1
3272,A,600000,600000,2,26,1,71743,70564,1
3273,A,600000,600000,2,41,0,8595,47157,1
3274,A,700000,300000,2,25,1,0,67410,1
3275,A,700000,700000,5,33,1,56873,16749,1
3276,A,600000,600000,2,31,1,2640,38730,1
3277,A,500000,300000,6,21,1,255332,55031,1
3278,A,1000000,1000000,2,38,1,203833,12019,1
3279,A,400000,400000,13,34,1,153146,31263,1
3280,A,1000000,1000000,2,36,1,20901,35640,1
3281,A,1000000,1000000,4,61,1,32802,16830,1
3282,A,600000,600000,2,28,1,15647,21780,1
3283,A,500000,500000,4,55,1,,23805,1
3284,A,500000,500000,2,27,1,0,19546,1
3285,A,400000,400000,2,30,1,47997,16407,1
3286,A,1000000,1000000,2,30,1,0,44705,1
3287,A,1000000,1000000,11,27,1,64502,22122,1
3288,A,400000,400000,2,37,1,174245,2394,1
3289,A,700000,700000,2,29,1,2800,111960,1
3290,A,1000000,1000000,3,30,1,6156,46719,1
3291,A,700000,700000,13,76,1,8049,16326,1
3292,A,1000000,300000,4,32,1,25318,73330,1
3293,A,500000,500000,2,26,1,0,36720,1
3294,A,500000,500000,2,28,1,0,109179,1
3295,A,1000000,1000000,2,33,1,0,45826,1
3296,A,700000,700000,2,33,1,7182,73350,1
3297,A,300000,300000,2,25,1,1188,13491,1
3298,A,500000,500000,7,24,0,37029,3468,1
3299,A,400000,400000,2,41,1,56271,85150,1
3300,A,700000,700000,3,30,1,14447,16722,1
3301,A,200000,200000,6,21,1,169102,14319,1
3302,A,200000,200000,6,22,1,1000,65502,1
3303,A,1000000,1000000,4,50,1,0,114070,1
3304,A,400000,300000,2,26,1,28875,52740,1
3305,A,200000,200000,6,20,1,52686,13388,1
3306,R,600000,600000,2,28,1,66996,49558,1
3307,A,500000,300000,7,28,1,38247,11880,1
3308,A,500000,500000,13,32,1,177723,38016,1
3309,A,1000000,300000,7,50,1,2613,82414,1
3310,A,700000,700000,4,50,1,12185,21573,1
3311,A,1000000,1000000,2,27,1,311021,52740,1
3312,A,600000,600000,5,47,1,46464,6750,1
3313,A,400000,400000,2,29,1,92683,46545,1
3314,A,700000,700000,2,28,1,99588,48452,1
3315,A,1000000,1000000,7,59,1,4000,48510,1
3316,A,700000,300000,4,50,1,0,63459,1
3317,A,600000,600000,2,25,1,22874,31680,1
3318,A,600000,600000,2,26,1,44964,15339,1
3319,A,600000,600000,2,29,1,81619,172554,1
3320,A,1000000,1000000,2,52,1,70712,2652,1
3321,A,1000000,1000000,2,34,1,0,82800,1
3322,A,1000000,1000000,3,39,1,19082,64440,1
3323,A,600000,600000,2,28,1,0,27414,1
3324,A,300000,300000,13,22,1,15970,49261,1
3325,A,500000,500000,2,24,1,57993,36718,1
3326,A,1000000,1000000,2,27,1,15000,23670,1
3327,A,400000,400000,2,34,1,1558,67860,1
3328,A,600000,600000,2,29,1,45603,57950,1
3329,A,200000,200000,2,44,1,2850,67233,1
3330,A,600000,300000,7,35,1,20293,46620,1
3331,A,500000,300000,7,44,1,5320,47898,1
3332,A,400000,400000,13,57,1,30170,53640,1
3333,A,600000,600000,2,27,1,27772,71172,1
3334,A,600000,600000,2,23,1,92011,16218,1
3335,A,500000,300000,8,41,1,101690,80856,1
3336,B,600000,300000,6,23,1,99597,6904,1
3337,A,1000000,1000000,2,50,1,8608,5958,1
3338,A,200000,200000,2,27,1,12878,98829,1
3339,A,200000,200000,6,22,0,197614,29297,1
3340,B,700000,700000,2,30,1,16337,64170,1
3341,A,600000,300000,7,40,1,0,45630,1
3342,A,1000000,1000000,2,26,1,29335,57159,1
3343,A,500000,500000,2,29,1,0,68400,1
3344,A,600000,600000,2,29,1,0,25920,1
3345,A,500000,500000,2,26,1,29450,50425,1
3346,A,600000,600000,2,28,1,13376,106214,1
3347,A,1000000,300000,12,41,1,11913,132975,1
3348,A,200000,200000,6,23,0,31027,79290,1
3349,A,1000000,1000000,2,25,1,27584,42700,1
3350,A,700000,700000,2,24,1,0,34056,1
3351,A,200000,200000,6,19,0,17259,29700,1
3352,A,600000,300000,7,51,1,82872,40478,1
3353,A,700000,700000,2,28,1,35850,45620,1
3354,A,600000,600000,2,25,1,31879,82071,1
3355,A,700000,700000,3,26,1,1102,38790,1
3356,A,200000,200000,6,20,1,56392,15840,1
3357,A,500000,500000,12,45,1,0,32760,1
3358,A,1000000,1000000,2,28,1,21182,48960,1
3359,A,700000,700000,2,26,1,49021,1849,1
3360,R,700000,700000,7,28,1,41351,31621,1
3361,A,200000,200000,2,27,1,24341,17721,1
3362,A,500000,500000,2,30,1,58449,43647,1
3363,A,700000,700000,10,45,0,23000,46620,1
3364,A,400000,400000,2,26,1,21120,34920,1
3365,A,600000,300000,6,24,1,1065,13966,1
3366,A,600000,600000,2,30,1,5410,31590,1
3367,A,600000,300000,6,21,1,37712,35347,1
3368,A,1000000,1000000,2,31,1,20321,15930,1
3369,A,500000,500000,2,25,1,5431,4446,1
3370,A,1000000,1000000,2,57,1,20713,56520,1
3371,A,600000,600000,2,29,1,0,34830,1
3372,A,1000000,1000000,2,52,1,3666,44550,1
3373,A,500000,500000,2,28,1,7957,9405,1
3374,A,400000,400000,2,33,1,240745,22682,1
3375,A,600000,600000,2,28,1,11611,5595,1
3376,A,600000,600000,2,27,1,17394,43790,1
3377,A,1000000,1000000,7,47,1,5016,24642,1
3378,A,600000,600000,2,26,1,,39807,1
3379,A,500000,300000,2,23,1,85461,99900,1
3380,A,700000,700000,2,27,1,156928,28254,1
3381,A,600000,500000,5,50,1,30757,5445,1
3382,A,200000,200000,6,20,1,121773,25195,1
3383,A,500000,300000,6,23,1,45100,35807,1
3384,A,300000,300000,13,29,1,14949,29655,1
3385,A,700000,700000,2,26,1,,48690,1
3386,A,200000,200000,6,20,1,11588,10710,1
3387,A,600000,300000,6,23,1,13756,27567,1
3388,A,1000000,1000000,2,45,1,25910,25830,1
3389,A,1000000,1000000,2,36,1,62250,15394,1
3390,A,500000,300000,7,41,1,0,29070,1
3391,A,600000,600000,5,36,1,21579,76667,1
3392,B,1000000,1000000,2,33,1,0,14850,1
3393,A,500000,500000,2,25,1,43164,122013,1
3394,R,700000,300000,2,53,1,17821,2673,1
3395,A,1000000,1000000,4,53,1,7356,51858,1
3396,A,1000000,300000,4,66,1,0,62142,1
3397,A,600000,300000,6,23,1,4285,15930,1
3398,A,1000000,1000000,4,67,1,72275,29736,1
3399,A,200000,200000,6,21,0,15153,46620,1
3400,A,500000,300000,6,23,1,391997,22580,1
3401,A,600000,600000,2,25,1,1169,5609,1
3402,A,500000,500000,5,25,1,77252,40507,1
3403,A,600000,600000,2,27,1,1777,59110,1
3404,A,400000,400000,2,23,1,27542,94257,1
3405,A,700000,700000,5,33,1,86636,57519,1
3406,A,600000,600000,2,32,1,20000,24614,1
3407,R,200000,200000,2,23,1,50808,53240,1
3408,A,700000,700000,2,24,1,106936,20571,1
3409,A,1000000,1000000,7,32,1,65818,52650,1
3410,A,600000,600000,2,26,1,0,18668,1
3411,B,700000,700000,2,28,0,22649,32670,1
3412,A,600000,600000,2,31,0,18810,27753,1
3413,A,700000,700000,2,55,1,2651,10622,1
3414,A,700000,300000,6,21,1,23935,72527,1
3415,A,700000,700000,2,24,1,2779,5427,1
3416,A,500000,500000,2,51,0,29146,16920,1
3417,A,700000,700000,2,30,1,9453,60570,1
3418,A,600000,600000,5,29,1,0,42750,1
3419,A,600000,600000,2,38,1,8392,53185,1
3420,A,600000,400000,2,22,1,542,35453,1
3421,R,1000000,1000000,2,38,1,20664,109476,1
3422,A,700000,700000,2,47,1,0,40343,1
3423,A,700000,700000,2,31,1,15884,14171,1
3424,A,1000000,1000000,2,38,1,86518,48690,1
3425,A,700000,700000,2,28,1,20880,12906,1
3426,A,600000,600000,2,35,1,24035,11295,1
3427,A,400000,400000,2,47,1,55402,21383,1
3428,A,600000,300000,6,23,1,8000,15237,1
3429,A,200000,200000,6,22,1,22715,15906,1
3430,A,200000,200000,6,22,1,68639,15906,1
3431,A,300000,300000,2,38,1,117001,49680,1
3432,A,700000,700000,2,24,1,3553,27810,1
3433,A,1000000,1000000,5,67,1,31856,15109,1
3434,A,400000,400000,12,36,1,44935,59490,1
3435,A,200000,200000,2,26,1,57509,26745,1
3436,A,500000,500000,2,25,1,7172,17541,1
3437,A,200000,200000,12,34,1,291527,32760,1
3438,A,600000,600000,3,26,1,36380,79100,1
3439,A,600000,600000,2,31,1,116381,20786,1
3440,A,200000,200000,2,30,1,120131,67714,1
3441,A,1000000,1000000,2,25,1,51244,19917,1
3442,A,700000,700000,2,25,1,468494,54831,1
3443,A,1000000,1000000,2,32,0,45270,168300,1
3444,A,700000,700000,2,28,1,1980,37071,1
3445,A,700000,700000,2,29,1,481583,13615,1
3446,A,1000000,1000000,2,27,1,13103,35820,1
3447,A,500000,300000,6,23,0,173538,34740,1
3448,A,500000,500000,6,31,1,319230,12960,1
3449,A,300000,300000,2,29,1,299822,14940,1
3450,A,700000,700000,2,23,1,0,25830,1
3451,A,600000,600000,1,39,0,147225,150480,1
3452,A,500000,300000,6,23,1,43474,13257,1
3453,A,1000000,1000000,2,30,1,1547,38520,1
3454,A,700000,300000,2,30,1,101385,40240,1
3455,A,600000,600000,2,34,1,193480,31671,1
3456,A,500000,500000,2,25,1,38697,63816,1
3457,R,1000000,1000000,2,40,1,56635,4602,1
3458,A,1000000,1000000,2,28,1,74642,41413,1
3459,A,600000,600000,12,39,1,13870,21638,1
3460,A,500000,500000,2,59,0,25813,40284,1
3461,A,400000,300000,6,21,1,25195,34920,1
3462,A,1000000,1000000,2,30,0,72533,27810,1
3463,A,400000,400000,2,51,1,185830,78300,1
3464,A,700000,700000,2,29,1,28695,15911,1
3465,A,1000000,1000000,2,26,1,26120,50985,1
3466,A,500000,500000,7,35,1,147679,24552,1
3467,A,700000,700000,8,30,1,112315,15264,1
3468,A,500000,500000,2,33,1,23809,12406,1
3469,A,600000,600000,2,24,1,59079,24750,1
3470,A,1000000,1000000,2,26,1,0,66402,1
3471,A,1000000,1000000,2,30,1,7653,61074,1
3472,A,600000,600000,2,25,1,23408,39474,1
3473,A,600000,600000,7,32,1,88140,48501,1
3474,R,700000,700000,10,27,0,91354,74844,1
3475,A,600000,600000,2,31,0,47888,92070,1
3476,A,700000,700000,2,24,1,30393,23742,1
3477,A,600000,600000,2,56,1,0,3132,1
3478,A,1000000,1000000,3,31,1,41411,16920,1
3479,A,600000,300000,6,27,0,19430,13455,1
3480,A,1000000,1000000,3,28,1,188878,43578,1
3481,A,1000000,1000000,3,29,1,27455,73260,1
3482,A,700000,700000,2,27,1,18000,13464,1
3483,A,700000,700000,2,29,0,68288,48827,1
3484,A,600000,600000,2,24,1,111506,30827,1
3485,A,500000,500000,2,25,1,20175,41076,1
3486,A,700000,700000,2,35,1,17765,14850,1
3487,R,300000,300000,2,26,1,28136,46264,1
3488,B,600000,600000,2,32,1,66401,26928,1
3489,A,300000,300000,2,26,1,6000,38030,1
3490,A,500000,500000,2,28,0,9367,28710,1
3491,A,400000,400000,2,43,1,74799,7578,1
3492,A,600000,600000,2,28,1,76296,198467,1
3493,A,600000,600000,7,26,1,55618,9990,1
3494,A,600000,600000,2,27,1,65003,61345,1
3495,A,1000000,1000000,1,32,0,17881,31140,1
3496,R,700000,700000,2,27,0,73796,17820,1
3497,B,1000000,1000000,2,37,1,14116,71802,1
3498,A,1000000,1000000,1,51,1,9353,21969,1
3499,A,700000,700000,2,30,1,0,42057,1
3500,A,600000,600000,2,28,0,286080,139590,1
3501,A,600000,600000,2,27,1,21686,12079,1
3502,A,1000000,1000000,2,30,1,0,39042,1
3503,A,700000,700000,3,34,1,12559,49599,1
3504,A,1000000,300000,7,29,1,6300,15930,1
3505,A,600000,600000,2,25,1,0,12834,1
3506,A,1000000,1000000,2,36,0,119643,88769,1
3507,A,600000,600000,2,28,1,28529,8171,1
3508,A,700000,300000,6,22,1,70147,32760,1
3509,A,700000,700000,2,61,0,29465,10594,1
3510,A,1000000,1000000,2,62,1,36575,46620,1
3511,A,700000,700000,2,56,1,219496,46978,1
3512,A,500000,300000,6,31,1,31144,29124,1
3513,A,1000000,1000000,2,41,1,25610,60480,1
3514,A,600000,600000,5,33,0,0,40680,1
3515,A,500000,500000,2,32,1,15941,15580,1
3516,A,1000000,1000000,2,40,1,2716,61372,1
3517,A,1000000,1000000,2,27,1,58708,8667,1
3518,A,1000000,1000000,2,31,0,7064,160965,1
3519,A,500000,500000,2,32,1,524,72025,1
3520,A,500000,500000,2,32,1,7695,72025,1
3521,A,300000,300000,2,26,1,23043,37153,1
3522,A,700000,300000,6,28,0,0,12420,1
3523,A,1000000,1000000,2,58,1,25809,19512,1
3524,A,300000,300000,2,30,1,190882,5387,1
3525,A,600000,600000,2,26,1,13431,53460,1
3526,A,700000,700000,7,48,1,0,77457,1
3527,A,500000,500000,2,25,1,31350,73350,1
3528,A,400000,400000,5,61,1,49112,0,1
3529,A,200000,200000,2,25,1,75821,2528,1
3530,A,300000,300000,6,27,1,61796,0,1
3531,A,1000000,1000000,2,38,1,50115,14940,1
3532,A,1000000,1000000,2,30,0,0,64440,1
3533,A,1000000,1000000,2,33,1,97610,47201,1
3534,A,700000,700000,3,37,1,72691,70851,1
3535,A,200000,200000,7,24,1,115166,26213,1
3536,B,1000000,1000000,1,46,0,154209,156519,1
3537,A,1000000,1000000,2,52,1,1881,37308,1
3538,A,600000,600000,2,29,1,11782,44847,1
3539,A,1000000,1000000,2,46,0,12917,13464,1
3540,A,700000,700000,2,29,1,4064,53630,1
3541,A,1000000,1000000,2,27,1,0,12110,1
3542,B,1000000,1000000,2,26,1,5000,24586,1
3543,A,1000000,1000000,2,39,1,41320,7673,1
3544,B,200000,200000,2,24,1,35230,84150,1
3545,A,500000,500000,2,28,1,0,42750,1
3546,A,1000000,1000000,2,27,1,8120,31033,1
3547,A,400000,400000,3,26,1,24121,14958,1
3548,A,1000000,1000000,3,34,1,2020,41035,1
3549,A,1000000,300000,12,62,1,31863,20219,1
3550,A,200000,200000,2,24,1,173619,40230,1
3551,A,600000,600000,2,44,1,8775,12168,1
3552,A,700000,700000,2,28,1,1359,48600,1
3553,A,700000,300000,6,24,1,9793,51987,1
3554,A,700000,700000,2,33,1,65300,59580,1
3555,A,600000,600000,2,26,1,0,41679,1
3556,A,700000,700000,2,33,1,14849,0,1
3557,A,700000,700000,2,26,1,67260,39870,1
3558,A,200000,200000,2,29,1,54341,39780,1
3559,A,700000,700000,2,26,1,103182,29187,1
3560,A,700000,700000,2,40,0,66125,66222,1
3561,A,500000,500000,2,25,1,26638,20880,1
3562,A,300000,300000,2,25,1,668,34920,1
3563,A,1000000,1000000,2,31,1,17870,9792,1
3564,A,400000,400000,2,48,1,0,26311,1
3565,A,1000000,1000000,1,61,1,26703,29646,1
3566,A,700000,700000,2,29,0,0,21780,1
3567,B,1000000,1000000,2,30,0,190169,20070,1
3568,A,700000,700000,2,31,1,51210,16920,1
3569,A,500000,500000,2,36,1,27170,63360,1
3570,A,700000,700000,2,27,1,109837,26542,1
3571,A,500000,500000,2,26,1,0,50200,1
3572,A,700000,300000,7,50,1,20900,28602,1
3573,A,400000,300000,6,21,1,151442,78300,1
3574,A,1000000,400000,7,45,1,28650,70110,1
3575,A,500000,500000,2,27,0,98306,48420,1
3576,A,1000000,1000000,2,37,0,16870,25830,1
3577,A,200000,200000,6,22,1,69608,12420,1
3578,A,600000,600000,2,24,1,22132,43227,1
3579,A,1000000,1000000,2,23,1,,10080,1
3580,A,200000,200000,3,26,1,60421,19940,1
3581,A,400000,400000,2,24,1,0,44325,1
3582,R,700000,700000,2,48,0,352437,81978,1
3583,A,1000000,1000000,2,44,1,0,33701,1
3584,A,600000,600000,2,23,1,138065,25563,1
3585,A,1000000,1000000,2,57,1,27957,8325,1
3586,A,600000,600000,2,26,1,42709,16177,1
3587,A,700000,700000,2,32,1,77350,53297,1
3588,A,700000,700000,2,34,1,4703,35730,1
3589,A,400000,400000,2,24,1,71026,22986,1
3590,A,1000000,1000000,2,28,1,0,14940,1
3591,A,500000,500000,2,25,1,21618,55908,1
3592,A,600000,600000,2,31,1,53975,28971,1
3593,A,1000000,1000000,3,30,1,165046,19083,1
3594,A,600000,600000,2,29,1,33000,32958,1
3595,A,500000,500000,2,44,0,69055,134928,1
3596,A,400000,400000,10,23,0,13571,10341,1
3597,A,700000,700000,10,24,1,71405,2295,1
3598,A,500000,500000,2,25,1,238449,30780,1
3599,A,400000,400000,2,28,1,21587,79839,1
3600,A,500000,500000,2,38,1,104805,44619,1
3601,B,200000,200000,2,25,1,89762,6751,1
3602,B,700000,700000,3,24,1,60138,31590,1
3603,A,200000,200000,7,33,1,46907,23580,1
3604,A,500000,500000,2,25,1,49566,50580,1
3605,A,200000,200000,13,24,1,52681,72081,1
3606,A,1000000,1000000,2,29,1,8179,51570,1
3607,A,400000,400000,2,34,1,18901,18217,1
3608,A,500000,500000,4,31,1,40893,7491,1
3609,A,1000000,1000000,3,29,1,14630,53460,1
3610,A,700000,700000,2,32,1,54380,144820,1
3611,R,700000,700000,2,29,1,19844,32175,1
3612,A,600000,600000,2,25,1,66577,83455,1
3613,A,1000000,1000000,2,27,1,0,24642,1
3614,A,300000,300000,2,25,1,0,92828,1
3615,A,600000,600000,2,28,1,134617,49140,1
3616,A,600000,300000,6,25,1,9748,15881,1
3617,A,1000000,1000000,2,47,0,24035,46353,1
3618,A,500000,500000,5,52,1,17765,54221,1
3619,A,1000000,1000000,2,27,0,39769,39195,1
3620,A,600000,600000,2,29,1,10458,22298,1
3621,A,700000,700000,2,38,1,61290,20790,1
3622,A,500000,500000,2,23,0,12960,36819,1
3623,A,1000000,1000000,2,25,1,0,46025,1
3624,A,1000000,1000000,2,28,0,58102,32760,1
3625,A,1000000,1000000,2,30,0,0,37830,1
3626,A,1000000,1000000,2,28,1,183954,58001,1
3627,A,600000,600000,2,26,1,3641,25164,1
3628,A,700000,700000,2,55,1,1840,44100,1
3629,A,500000,300000,13,29,1,5380,40680,1
3630,A,600000,600000,2,29,0,8756,56754,1
3631,A,1000000,1000000,2,39,1,23095,23652,1
3632,A,500000,300000,6,33,0,30360,17604,1
3633,A,500000,500000,2,38,1,18238,29196,1
3634,A,700000,700000,2,59,1,40087,13043,1
3635,A,400000,400000,2,28,1,47741,32917,1
3636,A,500000,300000,6,22,1,21715,41721,1
3637,R,500000,300000,7,59,1,68531,56430,1
3638,A,600000,600000,2,26,1,37316,29055,1
3639,A,700000,700000,2,34,1,2281,42930,1
3640,A,600000,300000,6,22,1,135596,65430,1
3641,A,1000000,800000,2,24,1,75129,35631,1
3642,A,200000,200000,6,21,1,139450,23504,1
3643,R,400000,300000,6,23,1,857,61758,1
3644,A,400000,300000,6,23,1,153801,31320,1
3645,A,400000,300000,7,27,1,297454,30691,1
3646,A,200000,200000,6,19,0,4076,19494,1
3647,A,600000,600000,2,25,1,99080,41966,1
3648,A,300000,300000,2,27,1,75141,47094,1
3649,A,1000000,1000000,4,35,1,504,5139,1
3650,A,600000,600000,2,35,1,121396,36680,1
3651,R,500000,500000,2,25,1,19908,49635,1
3652,A,500000,300000,7,25,1,0,18801,1
3653,A,600000,600000,2,31,1,3591,20358,1
3654,A,500000,500000,2,31,0,5927,17550,1
3655,R,700000,700000,2,25,1,421867,134145,1
3656,A,1000000,1000000,2,27,1,4238,51867,1
3657,A,500000,500000,2,26,1,39240,36720,1
3658,A,400000,400000,2,26,1,73149,33030,1
3659,A,600000,300000,6,23,1,0,27900,1
3660,A,700000,700000,2,27,1,31640,78885,1
3661,A,1000000,900000,2,25,1,9028,36369,1
3662,A,500000,500000,2,29,1,18255,94140,1
3663,A,600000,600000,2,31,1,75968,29477,1
3664,A,1000000,1000000,2,38,1,65200,26622,1
3665,A,1000000,1000000,5,40,1,16929,20910,1
3666,A,600000,600000,2,31,1,19271,15569,1
3667,R,1000000,1000000,2,50,0,,161370,1
3668,A,1000000,1000000,2,49,1,73950,109940,1
3669,A,200000,200000,6,21,1,65110,27900,1
3670,A,1000000,1000000,3,28,1,21194,72843,1
3671,A,1000000,1000000,2,54,0,40755,20138,1
3672,A,500000,500000,2,30,1,260199,38898,1
3673,A,1000000,1000000,2,27,1,37620,34740,1
3674,A,500000,500000,2,24,1,6270,24840,1
3675,A,700000,700000,2,33,1,66290,25830,1
3676,B,600000,600000,2,33,1,0,46530,1
3677,A,500000,300000,6,21,1,13421,5768,1
3678,A,700000,700000,2,32,1,177374,91080,1
3679,A,700000,700000,3,27,1,2209,32623,1
3680,A,500000,300000,7,35,1,127126,16709,1
3681,A,500000,500000,2,32,1,122909,1485,1
3682,R,1000000,300000,7,29,1,130930,78503,1
3683,A,400000,300000,6,20,1,219964,8291,1
3684,A,1000000,300000,7,51,1,3316,13455,1
3685,A,1000000,1000000,2,34,1,123554,117455,1
3686,A,300000,300000,2,26,1,,28046,1
3687,A,1000000,1000000,2,27,1,11020,51428,1
3688,A,600000,600000,2,26,1,9510,42750,1
3689,A,500000,300000,7,24,1,1596,25875,1
3690,A,600000,600000,2,23,1,14136,6732,1
3691,A,700000,700000,2,25,1,9344,81090,1
3692,B,700000,700000,10,26,1,31563,136440,1
3693,A,500000,300000,2,24,0,,4500,1
3694,R,200000,200000,2,26,1,55118,44550,1
3695,A,200000,200000,6,20,1,23370,12222,1
3696,A,500000,500000,2,36,1,,16920,1
3697,A,600000,600000,4,46,1,281889,62057,1
3698,A,1000000,1000000,2,27,1,0,170356,1
3699,A,700000,700000,2,29,1,53352,60966,1
3700,A,700000,300000,6,24,1,14250,48240,1
3701,A,500000,500000,7,25,1,29223,10980,1
3702,A,1000000,600000,5,33,1,28225,32670,1
3703,A,1000000,1000000,2,57,0,51469,54540,1
3704,A,600000,600000,2,25,1,146198,14256,1
3705,A,500000,500000,2,29,1,48884,37710,1
3706,A,600000,600000,2,24,1,20952,47520,1
3707,A,600000,600000,2,28,1,74197,5320,1
3708,A,700000,700000,2,30,1,0,38700,1
3709,A,1000000,300000,2,23,1,70959,5940,1
3710,A,700000,700000,2,27,1,64319,45630,1
3711,A,600000,600000,2,33,1,190181,5957,1
3712,A,500000,500000,2,32,1,0,32188,1
3713,B,1000000,1000000,2,36,0,12298,180000,1
3714,A,700000,700000,2,44,1,89494,42826,1
3715,A,700000,700000,2,31,1,3705,55495,1
3716,A,500000,500000,2,28,1,10230,43146,1
3717,A,1000000,1000000,2,31,1,33877,63520,1
3718,A,1000000,300000,7,48,1,42933,169083,1
3719,A,700000,300000,4,36,1,2189,32428,1
3720,A,400000,400000,2,36,1,113311,38251,1
3721,A,500000,500000,2,27,1,1177,72657,1
3722,B,300000,300000,12,27,1,103029,48026,1
3723,A,600000,600000,2,25,1,0,25047,1
3724,A,700000,700000,2,28,1,5170,2327,1
3725,A,600000,600000,2,34,1,5833,33495,1
3726,A,400000,300000,6,23,1,15322,18810,1
3727,A,500000,500000,2,58,1,371141,23760,1
3728,A,200000,200000,1,28,1,33963,46530,1
3729,B,400000,400000,4,36,1,1837,25740,1
3730,A,1000000,300000,4,66,1,8547,9415,1
3731,A,700000,700000,7,27,1,0,50985,1
3732,A,600000,600000,2,29,1,77770,47607,1
3733,A,200000,200000,6,22,1,198577,8118,1
3734,A,200000,200000,6,22,0,15289,51460,1
3735,A,200000,200000,6,21,1,36719,5490,1
3736,A,700000,700000,2,24,1,88638,22365,1
3737,A,1000000,1000000,2,37,1,0,30150,1
3738,A,500000,500000,2,24,1,155801,63915,1
3739,A,200000,200000,2,27,1,44668,43650,1
3740,A,1000000,1000000,2,39,0,53519,28830,1
3741,A,500000,300000,6,20,0,138667,37611,1
3742,A,500000,300000,6,22,1,42904,17145,1
3743,A,700000,300000,2,55,1,39784,48807,1
3744,A,200000,200000,6,21,1,7713,72135,1
3745,A,600000,600000,2,30,1,9405,41670,1
3746,B,600000,600000,2,30,1,56622,74250,1
3747,A,500000,500000,2,24,0,0,70380,1
3748,A,700000,700000,2,28,1,14774,77038,1
3749,A,300000,300000,7,55,1,127097,18405,1
3750,A,700000,700000,2,31,1,18019,5148,1
3751,A,600000,600000,10,24,1,236148,17393,1
3752,A,1000000,1000000,2,29,1,0,8730,1
3753,A,600000,600000,2,27,1,38991,19190,1
3754,A,1000000,1000000,2,31,1,,66150,1
3755,A,1000000,1000000,2,31,1,471,30591,1
3756,A,300000,300000,2,24,1,107883,33750,1
3757,A,200000,200000,2,25,1,109441,25830,1
3758,A,200000,200000,2,22,1,3173,77952,1
3759,A,600000,600000,2,24,1,0,46143,1
3760,A,200000,200000,6,21,1,199402,20880,1
3761,A,700000,700000,2,24,1,8465,21420,1
3762,A,500000,500000,2,24,1,168935,29450,1
3763,A,1000000,1000000,5,33,0,16995,59094,1
3764,A,200000,200000,5,44,0,90089,79704,1
3765,A,700000,700000,3,31,1,26565,10782,1
3766,A,700000,700000,2,30,1,319,43680,1
3767,A,1000000,1000000,2,38,1,151339,17820,1
3768,A,400000,400000,2,37,1,10704,38889,1
3769,A,400000,400000,2,24,1,16720,5666,1
3770,A,600000,600000,3,26,1,0,26370,1
3771,A,1000000,300000,2,36,1,14900,47477,1
3772,A,1000000,1000000,2,59,1,3600,3896,1
3773,A,1000000,1000000,3,32,1,62200,35623,1
3774,A,600000,600000,2,65,0,8996,949,1
3775,A,500000,500000,2,29,1,13517,755,1
3776,A,1000000,400000,2,56,1,29622,46215,1
3777,A,700000,700000,5,32,1,43472,8664,1
3778,A,700000,300000,6,21,1,8449,25379,1
3779,A,500000,300000,6,22,1,,25685,1
3780,A,600000,300000,7,53,1,0,11590,1
3781,A,400000,400000,5,40,0,340000,50569,1
3782,A,200000,200000,6,21,1,177265,11962,1
3783,A,300000,300000,6,21,1,91787,14355,1
3784,A,1000000,1000000,3,31,1,0,23894,1
3785,A,1000000,300000,4,53,1,0,43020,1
3786,A,500000,300000,6,23,1,210110,2061,1
3787,A,200000,200000,7,50,1,23512,7352,1
3788,A,500000,500000,2,27,1,3397,13554,1
3789,A,700000,300000,7,52,1,1569,18578,1
3790,A,1000000,1000000,2,32,1,58990,11505,1
3791,A,200000,200000,6,20,1,18676,7227,1
3792,A,300000,300000,6,21,1,258807,11286,1
3793,A,1000000,300000,7,55,1,95077,19347,1
3794,A,200000,200000,6,21,1,184176,41198,1
3795,A,600000,300000,6,22,1,13063,35499,1
3796,A,700000,700000,2,42,1,69217,22928,1
3797,A,400000,400000,2,26,0,9700,96917,1
3798,A,600000,300000,2,25,1,22111,12274,1
3799,A,200000,200000,6,20,1,51921,12870,1
3800,A,700000,700000,3,27,0,115500,45267,1
3801,A,1000000,1000000,3,29,1,12151,12276,1
3802,A,200000,200000,6,22,1,43535,12314,1
3803,A,700000,700000,2,32,0,129511,34182,1
3804,A,1000000,1000000,2,31,1,67308,39899,1
3805,A,1000000,1000000,4,57,1,0,65875,1
3806,A,400000,400000,2,26,1,28389,16335,1
3807,A,1000000,1000000,7,66,1,48112,5031,1
3808,A,600000,300000,6,21,1,0,67205,1
3809,A,400000,400000,2,30,1,67595,69804,1
3810,A,300000,300000,2,27,1,87982,17940,1
3811,A,200000,200000,6,20,1,97868,17756,1
3812,A,500000,300000,7,30,1,0,16340,1
3813,A,400000,400000,2,46,1,1000,59894,1
3814,A,1000000,1000000,2,39,1,22079,166047,1
3815,A,1000000,1000000,2,42,1,85500,44818,1
3816,A,200000,200000,6,20,1,39436,176602,1
3817,A,1000000,500000,2,44,1,109250,180000,1
3818,A,500000,300000,6,22,1,76059,57024,1
3819,A,700000,700000,4,49,1,38941,31878,1
3820,A,400000,300000,7,25,1,,5881,1
3821,A,200000,200000,4,26,1,47718,7335,1
3822,A,1000000,1000000,3,53,1,52810,41544,1
3823,A,200000,200000,6,20,0,40043,9792,1
3824,A,600000,600000,4,44,1,78839,59071,1
3825,B,700000,700000,2,37,1,22020,31185,1
3826,A,500000,500000,2,27,1,27661,10505,1
3827,A,700000,700000,2,30,1,6394,5425,1
3828,R,700000,700000,2,27,1,37390,16486,1
3829,A,500000,300000,7,28,1,162777,14274,1
3830,A,1000000,300000,7,61,1,65507,39726,1
3831,A,600000,300000,6,23,1,0,26567,1
3832,A,700000,700000,2,29,1,91346,33780,1
3833,A,700000,700000,2,33,0,7141,23824,1
3834,A,400000,400000,2,24,1,28582,10402,1
3835,A,1000000,1000000,2,49,1,13368,39056,1
3836,A,600000,600000,2,45,1,14933,125161,1
3837,A,700000,700000,2,24,1,9610,13571,1
3838,A,700000,700000,2,28,1,29415,71361,1
3839,A,1000000,1000000,3,31,0,52250,73747,1
3840,A,700000,700000,2,41,1,0,25137,1
3841,A,200000,200000,6,20,1,188864,93447,1
3842,A,1000000,300000,6,23,1,6260,39510,1
3843,B,600000,600000,2,47,1,97084,9069,1
3844,A,1000000,1000000,2,42,0,51406,25830,1
3845,A,700000,700000,3,44,1,105474,176309,1
3846,A,700000,700000,2,28,1,128308,10992,1
3847,B,400000,400000,2,36,1,17732,92966,1
3848,A,1000000,1000000,2,40,1,183742,205523,1
3849,B,500000,500000,2,48,0,24981,47548,1
3850,A,600000,600000,2,26,1,105820,70191,1
3851,A,600000,400000,2,52,1,390942,64944,1
3852,A,600000,300000,6,23,1,0,4941,1
3853,A,700000,700000,2,34,0,81791,21582,1
3854,A,400000,300000,6,20,1,54135,16788,1
3855,A,1000000,1000000,2,38,0,31681,18990,1
3856,A,1000000,1000000,2,31,1,6897,57420,1
3857,A,700000,700000,2,32,1,31507,15840,1
3858,A,300000,300000,6,20,1,114443,2508,1
3859,A,200000,200000,7,43,1,2073,165679,1
3860,A,700000,700000,2,31,0,26186,16020,1
3861,A,600000,600000,2,46,1,42563,55346,1
3862,A,500000,500000,2,27,1,22766,16664,1
3863,A,500000,500000,4,63,1,37550,55440,1
3864,A,600000,600000,2,24,1,74076,24086,1
3865,A,700000,700000,1,32,0,50252,68310,1
3866,A,1000000,1000000,2,52,1,6810,30096,1
3867,A,1000000,1000000,2,50,1,0,27364,1
3868,A,1000000,300000,2,49,1,103223,38610,1
3869,A,700000,700000,3,36,1,57040,7658,1
3870,A,400000,300000,6,21,1,14932,12861,1
3871,A,700000,700000,2,23,1,258510,11880,1
3872,A,1000000,1000000,2,38,1,150659,39612,1
3873,A,700000,700000,2,30,1,119120,23750,1
3874,A,300000,300000,6,21,1,3202,17038,1
3875,A,1000000,1000000,2,48,1,267090,127956,1
3876,A,700000,700000,2,61,0,14102,88123,1
3877,A,200000,200000,2,23,1,54205,38791,1
3878,A,300000,300000,2,25,0,24000,13215,1
3879,A,1000000,1000000,4,46,1,0,22501,1
3880,A,400000,300000,6,19,1,97142,15428,1
3881,A,500000,300000,6,22,0,2138,4455,1
3882,A,1000000,1000000,2,32,0,64068,31445,1
3883,A,1000000,1000000,2,50,1,3249,24948,1
3884,A,600000,600000,3,50,1,35015,60482,1
3885,A,600000,600000,2,25,1,435003,19443,1
3886,A,600000,300000,6,23,1,89969,51499,1
3887,R,700000,700000,3,24,1,37418,16177,1
3888,A,500000,300000,6,21,1,24699,9869,1
3889,R,600000,600000,2,29,1,51017,45327,1
3890,A,1000000,1000000,2,25,1,21643,28267,1
3891,A,500000,300000,8,55,1,138727,24166,1
3892,A,600000,300000,7,49,1,15151,52020,1
3893,A,500000,500000,2,27,1,0,54764,1
3894,A,500000,300000,6,22,1,107482,42496,1
3895,A,400000,400000,2,25,1,77906,79869,1
3896,A,700000,700000,4,65,1,206658,7779,1
3897,A,200000,200000,6,20,1,238354,14156,1
3898,A,1000000,1000000,2,27,1,0,10754,1
3899,A,700000,700000,10,29,1,39970,19371,1
3900,A,500000,300000,2,54,1,941,120820,1
3901,A,500000,500000,2,31,1,32127,30285,1
3902,A,700000,700000,2,55,1,55138,64861,1
3903,A,500000,500000,2,28,0,8285,23788,1
3904,A,700000,700000,2,25,1,32302,19775,1
3905,A,1000000,1000000,12,46,1,71558,39378,1
3906,A,1000000,300000,7,59,1,130048,38966,1
3907,A,200000,200000,6,20,1,46964,30690,1
3908,A,700000,700000,3,25,0,48070,43164,1
3909,A,500000,500000,8,86,1,0,13322,1
3910,A,1000000,1000000,2,50,1,37993,60480,1
3911,A,500000,500000,4,65,1,180507,190000,1
3912,A,1000000,1000000,2,32,1,22661,17869,1
3913,A,200000,200000,7,27,1,16678,15898,1
3914,A,700000,300000,8,70,1,5077,5753,1
3915,A,500000,500000,2,24,1,111955,102814,1
3916,A,1000000,1000000,4,55,1,54891,49969,1
3917,A,1000000,1000000,3,42,0,15637,13262,1
3918,A,200000,200000,7,62,1,7816,12929,1
3919,A,700000,700000,2,39,1,0,74856,1
3920,A,1000000,1000000,5,46,0,0,24363,1
3921,A,500000,300000,7,58,1,39456,25776,1
3922,A,700000,300000,7,53,1,12042,6163,1
3923,A,1000000,1000000,2,57,0,367822,23414,1
3924,A,400000,300000,6,23,1,95127,2917,1
3925,A,700000,700000,3,23,1,31631,41858,1
3926,A,600000,600000,2,24,1,6162,25088,1
3927,A,1000000,900000,4,57,1,32341,0,1
3928,A,300000,300000,2,27,1,31512,39551,1
3929,A,600000,300000,6,23,1,9405,22593,1
3930,A,600000,600000,2,24,1,106079,23133,1
3931,A,1000000,1000000,4,66,1,0,18075,1
3932,A,1000000,1000000,3,48,1,6252,17816,1
3933,R,500000,500000,2,48,1,141273,30789,1
3934,B,500000,500000,2,24,1,407541,23877,1
3935,A,500000,300000,6,21,1,24747,8010,1
3936,A,600000,600000,2,28,1,21740,42750,1
3937,A,1000000,300000,7,64,1,19849,70029,1
3938,A,600000,600000,2,45,0,20924,32851,1
3939,A,700000,700000,2,37,0,295496,5035,1
3940,B,300000,300000,4,49,1,95988,180000,1
3941,B,500000,300000,7,39,1,162279,158085,1
3942,A,1000000,1000000,2,58,1,182538,7508,1
3943,A,500000,500000,2,29,1,102955,23824,1
3944,A,700000,300000,4,48,1,41612,97780,1
3945,A,700000,300000,7,44,1,28692,33921,1
3946,A,500000,500000,7,50,1,49334,53460,1
3947,A,600000,300000,6,24,1,4731,14850,1
3948,A,1000000,300000,7,58,1,6707,3852,1
3949,A,700000,700000,2,59,0,5202,17104,1
3950,A,700000,700000,2,26,1,37797,18909,1
3951,A,1000000,1000000,2,38,0,0,103951,1
3952,A,400000,400000,5,43,1,0,59400,1
3953,A,600000,600000,2,33,0,96589,93589,1
3954,A,1000000,700000,2,29,1,80961,38243,1
3955,A,1000000,1000000,7,49,0,43439,119216,1
3956,A,700000,700000,1,33,1,53053,0,1
3957,R,1000000,1000000,3,40,1,0,180000,1
3958,A,200000,200000,6,20,1,208367,8010,1
3959,A,600000,600000,2,24,1,29005,49314,1
3960,A,200000,200000,6,23,1,83855,116226,1
3961,A,500000,300000,6,21,1,21109,46854,1
3962,A,700000,300000,4,69,1,0,157500,1
3963,A,200000,200000,6,22,1,70435,21582,1
3964,A,600000,300000,7,43,1,0,17498,1
3965,A,300000,300000,2,26,1,20113,12843,1
3966,A,500000,500000,8,76,1,4464,5823,1
3967,A,500000,500000,2,48,1,330404,65828,1
3968,A,200000,200000,7,33,1,13585,21780,1
3969,A,600000,600000,2,52,1,8820,50121,1
3970,A,600000,300000,4,35,1,292388,3960,1
3971,A,500000,300000,6,20,1,3990,10386,1
3972,A,700000,700000,4,40,1,29428,109055,1
3973,A,400000,300000,6,20,1,7030,12960,1
3974,A,600000,600000,2,25,1,17657,25323,1
3975,A,1000000,1000000,1,61,1,180955,133076,1
3976,A,1000000,1000000,10,39,1,127168,146650,1
3977,A,1000000,300000,4,43,1,20581,52739,1
3978,A,1000000,300000,6,22,1,6688,22500,1
3979,A,600000,300000,8,81,0,3541,1541,1
3980,A,700000,700000,5,83,0,33963,33354,1
3981,A,500000,500000,1,57,1,166457,8446,1
3982,A,700000,700000,5,37,1,0,9908,1
3983,A,1000000,300000,7,59,1,12854,14643,1
3984,A,500000,500000,2,28,1,45155,30780,1
3985,A,600000,600000,3,28,1,42674,58796,1
3986,A,400000,400000,13,28,1,26125,47610,1
3987,A,500000,500000,2,22,1,21731,18969,1
3988,A,500000,500000,8,70,0,4547,5715,1
3989,A,1000000,300000,5,66,1,26801,25974,1
3990,A,400000,400000,2,29,1,0,27117,1
3991,A,500000,500000,2,26,1,9170,5634,1
3992,A,700000,700000,4,35,1,28470,10011,1
3993,A,700000,700000,13,66,1,74355,34402,1
3994,A,1000000,1000000,4,56,1,0,24113,1
3995,A,1000000,1000000,4,52,1,93841,15118,1
3996,A,1000000,1000000,2,32,1,15482,50576,1
3997,A,500000,500000,2,46,1,70750,7344,1
3998,A,200000,200000,6,21,1,0,50565,1
3999,A,600000,600000,4,29,1,103594,35798,1
4000,A,200000,200000,4,26,1,524,23355,1
4001,A,300000,300000,6,20,1,150910,19620,1
4002,A,700000,400000,2,25,1,3972,44712,1
4003,A,400000,300000,5,24,1,320841,16591,1
4004,A,500000,500000,2,26,1,79711,16699,1
4005,A,700000,300000,4,75,1,0,17312,1
4006,A,500000,300000,6,20,1,93427,22841,1
4007,A,400000,300000,6,21,1,18350,31617,1
4008,A,600000,300000,7,48,1,8079,9891,1
4009,A,700000,700000,2,29,0,156717,18900,1
4010,A,700000,700000,3,24,1,41009,25852,1
4011,A,1000000,300000,4,54,1,9605,12762,1
4012,A,200000,200000,6,20,1,8292,15425,1
4013,A,700000,500000,2,26,1,41299,14364,1
4014,A,200000,200000,7,37,1,26297,35104,1
4015,A,700000,700000,3,27,1,8883,33432,1
4016,R,700000,500000,12,51,1,405583,14850,1
4017,A,700000,700000,2,58,1,269155,16920,1
4018,A,600000,300000,7,52,1,16772,43020,1
4019,A,500000,300000,6,23,1,239292,32373,1
4020,A,500000,500000,2,25,1,102043,31374,1
4021,A,200000,200000,6,19,1,20000,24117,1
4022,A,600000,600000,2,27,1,207107,37710,1
4023,A,500000,500000,7,57,1,29770,23481,1
4024,A,200000,200000,6,20,1,14669,17145,1
4025,A,700000,700000,3,23,1,25888,36369,1
4026,A,600000,300000,7,53,1,30452,8010,1
4027,A,1000000,1000000,2,58,0,8335,21821,1
4028,A,700000,700000,2,38,0,147750,50283,1
4029,A,600000,600000,2,32,1,32730,55688,1
4030,A,500000,500000,7,27,1,72023,14193,1
4031,A,500000,300000,6,23,1,52348,5904,1
4032,A,500000,300000,7,24,1,0,4432,1
4033,A,600000,600000,2,30,1,10000,40680,1
4034,A,500000,500000,2,28,0,158334,49221,1
4035,A,500000,500000,2,26,1,57036,52402,1
4036,A,200000,200000,2,58,1,202055,5781,1
4037,A,1000000,1000000,4,36,1,4582,42082,1
4038,A,1000000,1000000,2,41,1,15538,23329,1
4039,A,1000000,1000000,2,66,0,11118,18117,1
4040,A,600000,300000,4,35,1,52458,45011,1
4041,A,700000,300000,7,59,1,24887,2426,1
4042,A,1000000,500000,7,54,1,0,7193,1
4043,A,400000,400000,3,24,1,171653,47921,1
4044,A,700000,700000,2,24,1,1359,28350,1
4045,R,1000000,1000000,2,38,0,10702,134784,1
4046,A,200000,200000,6,20,1,251162,2021,1
4047,A,600000,600000,8,83,1,53575,20379,1
4048,A,700000,700000,2,28,1,4015,20156,1
4049,A,600000,600000,4,51,1,16292,67023,1
4050,A,1000000,300000,4,52,1,53201,2583,1
4051,A,400000,400000,2,25,1,0,18228,1
4052,A,1000000,1000000,2,45,1,235466,10731,1
4053,A,600000,600000,5,41,1,122242,4023,1
4054,A,500000,500000,4,40,1,627,4437,1
4055,A,200000,200000,6,20,1,,21349,1
4056,A,400000,400000,8,82,0,15461,6446,1
4057,A,1000000,300000,7,40,1,3382,123145,1
4058,A,700000,700000,2,39,1,118940,29939,1
4059,A,400000,300000,2,22,1,0,29961,1
4060,B,1000000,1000000,2,52,1,31295,13144,1
4061,A,700000,700000,4,46,1,44847,19202,1
4062,A,600000,300000,6,21,1,44079,14940,1
4063,A,200000,200000,2,31,1,15519,10772,1
4064,A,600000,300000,2,33,1,5225,0,1
4065,A,500000,300000,7,39,1,22423,9574,1
4066,A,600000,500000,12,67,1,12006,26077,1
4067,A,400000,300000,6,22,1,40190,11965,1
4068,A,200000,200000,2,28,1,111687,135205,1
4069,A,200000,200000,6,21,1,29279,4440,1
4070,A,300000,300000,6,20,1,24670,33120,1
4071,A,1000000,1000000,2,42,1,79475,29448,1
4072,A,600000,600000,8,69,1,4523,3827,1
4073,A,500000,500000,2,24,1,13016,21060,1
4074,A,1000000,1000000,2,62,0,2755,4500,1
4075,A,700000,700000,2,47,1,80684,40212,1
4076,A,600000,600000,2,31,0,17147,180000,1
4077,A,500000,300000,7,37,1,26840,36745,1
4078,A,500000,300000,4,58,1,41315,5535,1
4079,A,200000,200000,6,20,1,10586,25812,1
4080,A,400000,400000,3,47,0,102407,23760,1
4081,A,200000,200000,2,24,1,5707,11610,1
4082,A,500000,300000,6,22,1,55639,6759,1
4083,A,200000,200000,6,20,1,0,19080,1
4084,R,600000,600000,2,23,1,20443,13860,1
4085,A,1000000,700000,7,50,1,286605,31525,1
4086,A,600000,600000,2,25,1,31075,20880,1
4087,A,500000,500000,2,42,1,16720,13950,1
4088,A,700000,700000,2,50,1,30101,25866,1
4089,R,1000000,1000000,2,63,1,337005,675,1
4090,A,300000,300000,6,21,1,5121,14012,1
4091,A,500000,300000,6,21,1,9719,4257,1
4092,A,500000,500000,2,25,1,35031,32373,1
4093,A,200000,200000,6,21,1,119512,25632,1
4094,A,1000000,1000000,3,36,1,2679,70380,1
4095,A,700000,700000,2,47,1,20539,124740,1
4096,A,400000,400000,2,21,1,23836,34650,1
4097,A,700000,700000,2,52,1,53399,11447,1
4098,A,500000,300000,7,67,1,35070,39557,1
4099,A,1000000,1000000,2,28,1,44658,19178,1
4100,A,600000,600000,2,24,1,46441,12969,1
4101,A,200000,200000,6,19,1,85222,23652,1
4102,A,1000000,1000000,2,61,1,17593,9081,1
4103,A,700000,700000,2,41,1,0,54846,1
4104,A,700000,300000,4,63,1,97620,2754,1
4105,A,700000,700000,2,26,1,3135,27324,1
4106,A,700000,700000,2,29,1,28197,7463,1
4107,A,200000,200000,8,72,0,81376,16717,1
4108,A,700000,300000,12,30,1,25000,9918,1
4109,A,600000,600000,2,38,1,7694,17401,1
4110,A,500000,300000,6,25,1,79045,82190,1
4111,A,500000,500000,2,64,0,172812,18332,1
4112,A,500000,300000,4,52,1,80385,1692,1
4113,A,200000,200000,6,20,1,67632,24975,1
4114,A,1000000,1000000,2,53,0,47582,11754,1
4115,A,1000000,1000000,3,35,1,21976,19125,1
4116,A,500000,500000,5,39,0,61240,54564,1
4117,A,200000,0,3,40,1,13608,55440,1
4118,A,1000000,1000000,2,55,1,162595,11970,1
4119,A,600000,300000,6,23,0,77592,17478,1
4120,A,1000000,300000,2,32,1,,74142,1
4121,A,600000,600000,2,24,0,509941,68679,1
4122,A,1000000,1000000,2,57,0,0,42571,1
4123,A,1000000,500000,2,43,1,0,2808,1
4124,A,600000,600000,2,24,1,86311,48545,1
4125,A,1000000,1000000,2,34,1,89947,15233,1
4126,A,500000,500000,2,29,1,139048,24909,1
4127,A,500000,500000,2,27,1,113744,56982,1
4128,A,700000,700000,2,30,1,29005,13487,1
4129,A,1000000,1000000,2,50,1,4189,38493,1
4130,A,1000000,1000000,2,44,0,59576,166896,1
4131,A,700000,300000,2,32,1,97524,26801,1
4132,B,1000000,300000,7,56,1,141242,7069,1
4133,A,600000,600000,2,33,1,31200,21249,1
4134,A,600000,400000,2,25,1,45191,62054,1
4135,A,1000000,1000000,2,33,1,7667,60588,1
4136,R,700000,700000,2,27,1,17429,17523,1
4137,A,300000,300000,7,35,1,14056,13581,1
4138,A,1000000,300000,7,34,1,7040,44194,1
4139,A,200000,200000,6,22,1,4801,27675,1
4140,A,600000,600000,2,25,1,0,12276,1
4141,A,400000,400000,2,28,1,47025,33515,1
4142,A,700000,700000,2,25,1,0,27765,1
4143,A,300000,300000,2,27,1,32583,14742,1
4144,A,200000,200000,6,22,1,1998,22437,1
4145,A,700000,700000,7,50,1,56408,24375,1
4146,A,1000000,1000000,2,41,1,5881,31492,1
4147,A,1000000,1000000,2,24,1,941,7416,1
4148,A,1000000,1000000,2,26,1,48418,46414,1
4149,A,600000,600000,2,26,1,2366,19530,1
4150,A,1000000,1000000,2,56,1,0,79299,1
4151,A,600000,600000,2,26,1,33340,10499,1
4152,A,400000,300000,6,23,1,3606,3629,1
4153,A,700000,700000,3,25,1,34934,11497,1
4154,A,600000,300000,6,22,1,63274,55542,1
4155,A,400000,300000,6,21,1,30909,31593,1
4156,A,1000000,1000000,2,39,1,37104,2277,1
4157,A,500000,500000,2,23,1,49526,26742,1
4158,A,500000,300000,6,30,1,166153,3193,1
4159,A,700000,700000,12,65,1,46848,3841,1
4160,A,300000,300000,7,49,1,0,66349,1
4161,A,300000,300000,2,23,1,0,23553,1
4162,A,700000,700000,2,26,1,4389,14589,1
4163,A,200000,200000,6,20,1,65214,2079,1
4164,A,700000,700000,4,54,1,4012,16947,1
4165,A,500000,500000,7,31,1,19134,8937,1
4166,A,500000,500000,2,25,1,132450,83088,1
4167,A,700000,700000,3,33,1,119146,65442,1
4168,A,300000,300000,6,21,1,0,22401,1
4169,A,700000,600000,7,53,1,0,14396,1
4170,A,600000,600000,2,26,1,13706,22727,1
4171,B,700000,300000,5,45,1,108313,66917,1
4172,A,1000000,1000000,2,41,1,125606,46257,1
4173,A,400000,400000,2,24,1,17932,21897,1
4174,R,1000000,300000,7,64,1,9458,24750,1
4175,R,1000000,1000000,2,30,1,223242,88011,1
4176,A,200000,200000,2,22,1,164860,24534,1
4177,A,600000,300000,12,46,1,0,56025,1
4178,B,1000000,1000000,3,42,0,51285,180000,1
4179,A,1000000,1000000,2,31,0,0,35640,1
4180,A,1000000,1000000,4,58,1,264847,79380,1
4181,A,1000000,1000000,3,31,1,12806,47867,1
4182,A,1000000,300000,2,61,1,7565,7397,1
4183,A,600000,600000,2,24,1,3762,18990,1
4184,A,600000,600000,2,27,0,33929,16038,1
4185,B,600000,600000,2,50,1,29772,39780,1
4186,A,700000,700000,2,27,1,92330,26415,1
4187,A,400000,300000,7,46,1,0,43155,1
4188,A,600000,600000,2,24,0,5909,33993,1
4189,A,700000,700000,2,53,1,0,27720,1
4190,A,500000,300000,6,21,1,51044,16028,1
4191,A,1000000,300000,2,48,1,6000,46530,1
4192,A,400000,300000,6,20,1,209350,17755,1
4193,A,1000000,1000000,2,45,1,1108,135423,1
4194,A,600000,600000,3,21,1,66652,30285,1
4195,A,500000,500000,1,86,1,0,51165,1
4196,A,700000,700000,3,29,1,110183,2052,1
4197,A,1000000,1000000,2,28,0,0,32899,1
4198,A,600000,300000,5,56,1,54856,55804,1
4199,A,700000,700000,3,25,1,40295,21186,1
4200,A,700000,700000,10,33,1,18246,74730,1
4201,A,1000000,300000,7,56,1,7629,14544,1
4202,A,700000,700000,2,25,1,21795,20160,1
4203,A,200000,200000,6,19,1,0,17514,1
4204,R,1000000,1000000,3,25,1,140369,44451,1
4205,A,200000,200000,6,21,1,203625,26730,1
4206,A,500000,500000,2,35,0,68865,89496,1
4207,A,600000,300000,4,49,1,96540,34740,1
4208,A,1000000,1000000,2,38,0,63166,112428,1
4209,A,1000000,1000000,2,54,1,0,34740,1
4210,A,1000000,1000000,3,60,0,143320,24834,1
4211,A,200000,200000,6,21,1,25529,65033,1
4212,A,400000,400000,2,30,1,11495,45593,1
4213,A,900000,900000,2,24,1,46877,16567,1
4214,A,700000,700000,3,28,1,5424,49500,1
4215,A,1000000,1000000,4,54,1,35978,25938,1
4216,A,700000,700000,13,58,1,58180,22663,1
4217,A,600000,300000,7,44,1,78898,11472,1
4218,A,400000,300000,6,21,1,52256,15308,1
4219,A,500000,500000,3,26,1,59114,22461,1
4220,A,600000,600000,1,56,1,40564,180000,1
4221,B,500000,500000,2,26,1,0,27918,1
4222,A,700000,700000,2,49,1,29968,55044,1
4223,A,300000,300000,6,20,1,100823,370000,1
4224,A,1000000,300000,12,67,1,45232,87507,1
4225,A,700000,700000,4,27,1,39350,9534,1
4226,A,600000,300000,6,25,1,104983,28544,1
4227,A,1000000,1000000,2,29,1,35672,35949,1
4228,A,200000,200000,1,25,1,1866,5320,1
4229,A,1000000,1000000,3,27,1,72256,62972,1
4230,A,600000,600000,2,37,1,7168,19950,1
4231,A,200000,200000,2,28,0,0,67861,1
4232,A,1000000,300000,5,56,1,34873,40194,1
4233,A,600000,600000,2,33,1,75559,3135,1
4234,A,1000000,400000,2,61,1,0,32211,1
4235,A,200000,200000,2,24,1,198719,59181,1
4236,A,600000,600000,2,28,1,4000,10023,1
4237,A,400000,300000,6,22,1,34804,25542,1
4238,A,200000,200000,6,19,1,9702,0,1
4239,A,700000,500000,7,49,1,0,42407,1
4240,A,600000,600000,2,31,1,44204,7416,1
4241,A,700000,700000,2,26,1,62671,57564,1
4242,A,700000,700000,3,33,1,56505,23166,1
4243,A,1000000,1000000,3,26,1,26907,46857,1
4244,A,700000,700000,2,26,1,44641,21605,1
4245,A,1000000,300000,6,23,1,0,18362,1
4246,A,600000,600000,2,25,1,51237,19950,1
4247,A,1000000,900000,12,46,1,1330,41967,1
4248,A,1000000,1000000,2,54,1,0,52783,1
4249,A,1000000,1000000,2,53,1,64851,108405,1
4250,A,700000,700000,8,50,1,544247,178830,1
4251,A,200000,200000,6,21,1,29322,41318,1
4252,A,1000000,300000,7,50,1,0,27810,1
4253,A,700000,300000,6,22,1,15145,82884,1
4254,A,1000000,1000000,3,39,1,343092,56526,1
4255,A,1000000,1000000,2,54,1,66727,13167,1
4256,A,1000000,1000000,4,60,1,37598,84908,1
4257,A,700000,700000,2,24,1,15048,16110,1
4258,A,500000,500000,2,38,0,59262,15039,1
4259,A,500000,500000,2,28,1,227303,29822,1
4260,A,700000,700000,2,25,1,85200,38094,1
4261,A,1000000,900000,2,48,1,15998,2059,1
4262,B,1000000,300000,7,51,1,2318,5659,1
4263,A,700000,600000,8,66,1,31675,12698,1
4264,B,400000,400000,3,21,1,60072,24035,1
4265,A,500000,500000,2,34,1,3192,14392,1
4266,A,1000000,1000000,3,45,1,,13950,1
4267,A,200000,200000,2,23,1,93249,34243,1
4268,A,1000000,800000,2,56,0,,26730,1
4269,A,700000,300000,7,62,1,151426,51110,1
4270,A,200000,200000,8,40,1,202120,135927,1
4271,A,1000000,1000000,3,33,1,695552,105328,1
4272,A,1000000,1000000,4,53,1,31490,5172,1
4273,A,1000000,300000,6,23,1,0,9605,1
4274,A,600000,600000,2,28,1,27399,42930,1
4275,A,500000,300000,6,22,1,76504,5872,1
4276,A,600000,300000,6,23,1,0,46631,1
4277,A,400000,300000,6,21,1,5225,15930,1
4278,A,500000,500000,3,22,1,246804,75465,1
4279,A,700000,700000,3,24,1,25586,20771,1
4280,A,700000,700000,2,27,1,78906,64394,1
4281,A,1000000,1000000,2,49,1,47848,11592,1
4282,A,1000000,1000000,4,42,1,38976,22414,1
4283,A,1000000,1000000,4,55,1,29339,63172,1
4284,A,700000,300000,4,57,1,0,15975,1
4285,A,1000000,300000,7,42,1,16183,18711,1
4286,A,1000000,1000000,7,26,0,169014,22013,1
4287,A,1000000,1000000,3,50,1,229557,64350,1
4288,A,1000000,1000000,4,54,1,2926,58707,1
4289,A,400000,300000,6,20,1,3825,55034,1
4290,A,200000,200000,6,21,1,25781,21186,1
4291,A,400000,300000,6,22,1,6427,30400,1
4292,A,1000000,1000000,2,56,1,78848,7488,1
4293,A,600000,300000,7,57,1,8668,14782,1
4294,A,1000000,1000000,2,43,0,26315,113000,1
4295,A,1000000,300000,7,60,1,2932,42505,1
4296,A,1000000,800000,7,55,1,59154,9855,1
4297,A,500000,500000,2,23,0,130198,32706,1
4298,A,500000,500000,5,36,1,19401,138056,1
4299,A,700000,700000,2,26,1,0,15092,1
4300,A,500000,300000,6,22,1,12854,46719,1
4301,A,1000000,300000,7,58,1,73492,34740,1
4302,A,500000,500000,2,46,0,43606,49590,1
4303,A,700000,300000,7,54,1,73545,63090,1
4304,A,1000000,1000000,2,27,1,8151,20799,1
4305,A,200000,200000,6,22,1,58445,21411,1
4306,A,700000,300000,7,36,1,37098,70653,1
4307,A,1000000,300000,7,49,1,18906,9540,1
4308,A,700000,300000,1,53,1,0,22529,1
4309,A,700000,700000,3,26,0,31403,34740,1
4310,A,1000000,1000000,2,44,1,29220,41670,1
4311,A,1000000,1000000,3,64,0,0,18306,1
4312,A,600000,600000,7,74,1,22010,18900,1
4313,A,500000,500000,7,64,1,656,13005,1
4314,A,400000,300000,6,20,1,54067,14346,1
4315,A,500000,300000,6,20,0,3859,17010,1
4316,A,500000,500000,2,25,1,32308,17415,1
4317,A,1000000,1000000,2,27,1,52172,26804,1
4318,A,300000,300000,6,20,1,25189,30681,1
4319,A,200000,200000,6,20,1,0,30086,1
4320,A,600000,300000,6,21,1,90697,42912,1
4321,A,500000,300000,7,48,1,9909,6327,1
4322,A,1000000,400000,12,58,1,95724,19335,1
4323,A,500000,300000,7,49,1,7173,9279,1
4324,A,600000,300000,6,23,1,234370,0,1
4325,A,200000,200000,6,21,1,154609,18750,1
4326,A,700000,700000,2,47,1,14901,89397,1
4327,A,700000,300000,6,23,1,23240,32463,1
4328,A,500000,500000,2,24,1,41327,24453,1
4329,A,600000,300000,6,22,1,4642,29682,1
4330,A,300000,300000,6,22,1,36455,26427,1
4331,A,500000,500000,2,34,1,0,26235,1
4332,A,600000,600000,2,24,1,35662,13959,1
4333,A,400000,300000,6,22,1,10000,42878,1
4334,A,1000000,300000,2,29,1,,18191,1
4335,A,1000000,1000000,2,59,1,40492,68399,1
4336,A,1000000,300000,4,54,1,89883,23350,1
4337,A,200000,200000,6,20,1,144172,18702,1
4338,A,400000,400000,2,42,1,4470,14079,1
4339,A,600000,300000,7,41,1,13272,64524,1
4340,A,1000000,300000,7,57,1,0,4050,1
4341,A,700000,600000,5,24,0,0,39150,1
4342,A,600000,300000,7,54,1,350839,44680,1
4343,A,600000,600000,2,24,1,31465,21541,1
4344,A,1000000,1000000,4,50,1,32804,59670,1
4345,A,1000000,1000000,2,49,1,1881,27810,1
4346,A,200000,200000,2,25,1,6061,37350,1
4347,A,600000,600000,2,26,1,16564,45621,1
4348,A,200000,200000,6,19,1,141875,0,1
4349,A,500000,500000,2,28,1,88533,144342,1
4350,A,600000,600000,2,29,1,722,14940,1
4351,A,1000000,1000000,4,55,1,54000,15462,1
4352,A,1000000,1000000,2,26,1,1317,20880,1
4353,A,700000,300000,7,54,1,941,6624,1
4354,A,1000000,1000000,2,30,0,58439,9090,1
4355,A,1000000,1000000,2,61,1,52916,4696,1
4356,A,400000,400000,12,31,1,0,11741,1
4357,A,600000,600000,2,34,1,113120,41528,1
4358,A,1000000,1000000,2,52,1,78491,17138,1
4359,A,1000000,1000000,2,30,0,0,34740,1
4360,A,600000,300000,7,31,1,4389,48546,1
4361,A,700000,700000,2,24,1,104942,9000,1
4362,A,600000,600000,3,26,1,0,23850,1
4363,A,1000000,900000,7,48,1,3705,159113,1
4364,A,600000,300000,6,22,1,28664,11772,1
4365,A,600000,600000,2,27,1,0,5524,1
4366,A,600000,600000,2,30,1,21999,30789,1
4367,A,700000,700000,2,27,1,7351,24682,1
4368,A,1000000,1000000,2,32,1,52620,4133,1
4369,A,500000,300000,2,23,1,12065,12960,1
4370,A,700000,700000,2,35,0,2299,37464,1
4371,A,200000,200000,2,28,0,6470,6873,1
4372,A,1000000,1000000,2,38,1,4421,58500,1
4373,A,700000,300000,7,54,1,79448,8611,1
4374,A,1000000,300000,4,53,1,2581,12917,1
4375,A,200000,200000,2,37,1,34000,81675,1
4376,A,1000000,1000000,3,33,0,58384,12519,1
4377,A,1000000,1000000,2,29,1,8465,20870,1
4378,A,1000000,1000000,2,26,1,15175,116564,1
4379,A,700000,700000,2,26,1,524,12960,1
4380,A,1000000,1000000,2,29,1,0,57906,1
4381,A,600000,300000,7,31,1,29147,161865,1
4382,A,500000,500000,2,30,1,2028,10629,1
4383,A,1000000,1000000,2,26,1,33883,437,1
4384,A,400000,400000,2,25,1,10792,23355,1
4385,A,400000,400000,2,23,1,5500,47808,1
4386,A,400000,400000,2,29,1,122735,32625,1
4387,A,500000,500000,2,23,1,993,22860,1
4388,A,600000,600000,2,24,1,,11970,1
4389,A,200000,200000,5,38,1,96112,86349,1
4390,A,700000,700000,2,47,1,178162,27810,1
4391,A,1000000,300000,7,51,1,0,15480,1
4392,A,700000,700000,2,30,0,15343,0,1
4393,A,1000000,1000000,2,50,1,37449,13940,1
4394,A,500000,500000,2,52,0,5405,3393,1
4395,A,1000000,1000000,2,40,1,0,15079,1
4396,A,500000,500000,2,24,1,394677,15831,1
4397,A,1000000,1000000,2,44,0,7420,116118,1
4398,A,1000000,1000000,4,45,1,218900,19049,1
4399,A,1000000,1000000,4,63,1,5478,9180,1
4400,A,500000,500000,2,25,1,61250,26209,1
4401,A,200000,200000,6,20,0,0,16623,1
4402,A,700000,700000,2,23,1,44807,46125,1
4403,R,400000,300000,6,21,1,2850,15935,1
4404,A,700000,700000,2,24,1,6166,1895,1
4405,A,700000,700000,2,47,0,148092,180000,1
4406,A,500000,500000,2,23,1,7315,4320,1
4407,R,700000,700000,2,27,1,105865,18810,1
4408,A,1000000,1000000,3,36,1,8466,12509,1
4409,A,500000,500000,2,26,1,219,11751,1
4410,A,700000,700000,2,27,1,28529,22464,1
4411,A,700000,300000,7,33,1,137905,180000,1
4412,A,600000,600000,2,35,0,1340,61866,1
4413,A,1000000,1000000,2,30,1,260898,24493,1
4414,A,1000000,1000000,2,54,0,14630,38295,1
4415,A,1000000,1000000,2,35,1,17717,7149,1
4416,A,500000,500000,2,26,1,32401,5040,1
4417,A,500000,300000,6,22,1,19710,16821,1
4418,A,200000,200000,6,21,0,97991,35145,1
4419,A,500000,500000,2,25,1,4755,14742,1
4420,A,1000000,700000,2,44,1,49742,26469,1
4421,A,200000,200000,6,20,1,71403,39649,1
4422,A,700000,700000,4,56,1,20798,161370,1
4423,A,600000,600000,2,27,1,20765,20051,1
4424,A,500000,500000,2,31,1,4389,41562,1
4425,R,600000,600000,2,39,1,382146,19800,1
4426,A,700000,700000,2,52,1,56759,20267,1
4427,A,1000000,1000000,4,53,1,78406,9077,1
4428,A,200000,200000,6,22,1,156250,36945,1
4429,A,500000,500000,2,24,1,1359,44898,1
4430,A,1000000,1000000,2,46,1,225453,180000,1
4431,A,700000,700000,2,41,1,9559,49940,1
4432,A,400000,300000,6,20,1,41419,8006,1
4433,A,1000000,400000,12,55,1,26144,21978,1
4434,A,600000,600000,3,25,1,38115,26397,1
4435,A,700000,700000,4,56,1,9158,2070,1
4436,A,1000000,1000000,2,49,0,124663,58410,1
4437,A,1000000,700000,2,46,1,40992,14940,1
4438,A,700000,700000,2,33,0,5681,150840,1
4439,A,1000000,1000000,2,41,0,32918,32355,1
4440,A,1000000,900000,7,54,1,0,43650,1
4441,A,1000000,1000000,7,52,1,50374,113850,1
4442,A,700000,700000,2,50,1,48379,33427,1
4443,A,500000,500000,7,61,1,14692,67998,1
4444,A,400000,400000,2,26,1,88070,21285,1
4445,A,700000,700000,2,47,1,8978,27720,1
4446,A,700000,700000,2,27,1,5425,11956,1
4447,A,500000,500000,2,27,1,44622,16369,1
4448,A,1000000,300000,6,25,1,11000,22438,1
4449,A,600000,600000,2,29,1,39175,0,1
4450,A,400000,300000,6,19,1,24349,21474,1
4451,A,600000,600000,2,35,1,,14445,1
4452,A,600000,300000,6,20,1,34882,29997,1
4453,A,400000,400000,2,24,1,24027,40437,1
4454,A,700000,700000,2,27,1,27609,19890,1
4455,A,1000000,1000000,2,29,1,53255,10973,1
4456,B,700000,700000,2,29,1,30782,21582,1
4457,B,500000,500000,5,27,1,18881,14840,1
4458,A,500000,500000,2,26,1,212341,991,1
4459,A,600000,600000,2,46,1,27137,48825,1
4460,A,700000,300000,11,31,1,4598,19890,1
4461,A,700000,700000,7,39,1,57881,14508,1
4462,A,700000,700000,2,27,1,110061,65043,1
4463,A,700000,700000,2,25,1,24090,10980,1
4464,A,600000,600000,2,33,1,0,24300,1
4465,A,600000,600000,2,24,1,36053,25038,1
4466,A,200000,200000,7,36,1,26155,20874,1
4467,A,700000,700000,2,24,1,0,18722,1
4468,A,500000,500000,2,28,1,4307,5382,1
4469,A,1000000,300000,7,46,1,2830,6930,1
4470,A,400000,300000,6,21,1,31799,13950,1
4471,A,1000000,1000000,5,71,0,137212,84735,1
4472,A,1000000,1000000,2,28,1,4598,25286,1
4473,A,700000,700000,12,33,0,4055,15764,1
4474,A,200000,200000,7,27,1,13718,21436,1
4475,A,600000,600000,12,54,1,48543,81180,1
4476,A,700000,700000,2,27,1,105074,20429,1
4477,A,1000000,1000000,4,51,1,20755,95607,1
4478,A,200000,200000,6,21,1,143248,16198,1
4479,A,600000,600000,2,29,1,49045,34265,1
4480,A,400000,300000,6,20,1,58194,25686,1
4481,A,200000,200000,6,23,1,236556,18582,1
4482,A,1000000,1000000,2,32,1,4722,83955,1
4483,R,500000,300000,6,22,1,0,49229,1
4484,R,600000,600000,2,29,0,131740,16335,1
4485,A,600000,600000,2,29,0,22441,8991,1
4486,A,500000,300000,7,62,1,0,18226,1
4487,A,500000,500000,2,26,1,41384,12465,1
4488,A,700000,700000,2,25,1,122563,18801,1
4489,A,500000,500000,2,42,1,35551,20415,1
4490,A,400000,300000,6,22,1,3379,20301,1
4491,A,1000000,1000000,2,41,1,136305,127147,1
4492,A,400000,400000,2,24,1,188833,15321,1
4493,A,1000000,300000,2,56,1,20900,17910,1
4494,A,700000,700000,2,26,1,32441,25297,1
4495,A,600000,600000,2,41,1,55517,180000,1
4496,B,1000000,800000,2,33,1,0,7277,1
4497,A,1000000,300000,7,58,1,0,104940,1
4498,A,500000,500000,2,23,1,48531,11205,1
4499,A,500000,500000,2,24,1,19143,37620,1
4500,A,700000,300000,7,51,1,1374,19800,1
4501,A,300000,300000,11,28,1,108785,40464,1
4502,A,700000,300000,6,23,1,0,30384,1
4503,A,600000,600000,2,29,1,46066,12494,1
4504,A,700000,700000,2,26,1,57030,13950,1
4505,A,700000,700000,5,30,1,41779,24890,1
4506,A,700000,300000,6,22,1,65492,51272,1
4507,A,1000000,1000000,4,55,1,5549,14726,1
4508,A,500000,300000,6,22,1,2470,7001,1
4509,A,300000,300000,2,26,1,0,2673,1
4510,A,200000,200000,7,32,1,237183,40391,1
4511,R,400000,400000,2,26,1,34573,15345,1
4512,A,1000000,1000000,3,49,1,9446,40185,1
4513,A,200000,200000,2,22,0,,14445,1
4514,A,400000,400000,2,34,1,442385,64511,1
4515,A,500000,500000,3,26,1,79405,1031,1
4516,A,600000,600000,7,31,1,10586,4940,1
4517,A,200000,200000,6,20,1,5351,7551,1
4518,A,500000,300000,6,23,1,44681,1898,1
4519,A,600000,300000,4,61,1,24292,53658,1
4520,A,1000000,1000000,4,64,1,8492,83610,1
4521,A,700000,700000,2,70,1,465509,13977,1
4522,A,500000,300000,4,72,1,80729,40043,1
4523,A,1000000,1000000,2,48,0,256259,9348,1
4524,A,1000000,1000000,4,58,1,47763,9516,1
4525,A,1000000,300000,4,66,1,7730,6813,1
4526,A,400000,300000,7,24,1,0,22500,1
4527,A,400000,300000,7,24,1,131644,22500,1
4528,A,700000,700000,4,60,1,0,4860,1
4529,A,700000,700000,5,59,1,3590,7911,1
4530,A,700000,700000,2,31,1,0,43650,1
4531,A,600000,600000,2,55,0,32876,35039,1
4532,A,1000000,1000000,2,35,1,13979,24282,1
4533,A,500000,300000,7,53,1,88753,14724,1
4534,A,700000,700000,7,54,1,224955,5305,1
4535,A,400000,400000,2,24,1,139786,15996,1
4536,A,600000,600000,5,35,0,25580,7251,1
4537,A,500000,300000,6,20,1,25146,15324,1
4538,A,1000000,1000000,2,59,1,20712,15775,1
4539,A,700000,700000,2,24,1,18535,7812,1
4540,A,1000000,1000000,4,53,1,195099,9127,1
4541,A,700000,300000,7,53,1,184649,48222,1
4542,A,1000000,1000000,7,48,1,2822,7591,1
4543,A,1000000,700000,8,80,1,5681,14660,1
4544,A,1000000,700000,7,68,0,4741,5283,1
4545,A,1000000,1000000,2,53,1,44346,40076,1
4546,A,600000,600000,3,43,1,123668,3979,1
4547,A,1000000,1000000,4,71,1,34848,14245,1
4548,A,600000,600000,2,27,0,98482,28910,1
4549,A,1000000,1000000,2,52,0,111036,8253,1
4550,A,600000,300000,8,82,1,32455,15528,1
4551,A,500000,500000,2,29,0,17836,46469,1
4552,A,500000,300000,6,20,1,12431,0,1
4553,A,1000000,1000000,3,42,0,31941,16938,1
4554,A,700000,700000,2,23,1,194127,12131,1
4555,A,1000000,1000000,2,65,1,1799,9018,1
4556,A,700000,700000,2,35,1,8303,19150,1
4557,A,700000,700000,1,72,1,55000,3833,1
4558,A,1000000,1000000,2,55,1,63591,2979,1
4559,A,200000,200000,7,52,1,73988,1485,1
4560,A,1000000,300000,11,65,1,97179,18184,1
4561,A,600000,600000,2,28,1,54257,25464,1
4562,A,500000,500000,2,24,1,240324,16164,1
4563,A,600000,600000,2,23,1,35878,44940,1
4564,A,300000,300000,2,39,0,124899,29502,1
4565,A,1000000,500000,12,52,1,41336,6633,1
4566,A,700000,300000,7,44,1,14263,19840,1
4567,A,700000,700000,4,59,1,5748,15570,1
4568,A,1000000,1000000,2,56,0,51486,35038,1
4569,A,1000000,800000,2,33,1,20696,6831,1
4570,A,700000,500000,2,54,1,226069,9556,1
4571,A,1000000,300000,7,59,1,5675,4251,1
4572,A,200000,200000,8,80,1,1777,27198,1
4573,A,200000,200000,2,20,1,39898,42220,1
4574,A,1000000,1000000,2,56,0,43139,26685,1
4575,A,1000000,1000000,5,59,1,40957,14539,1
4576,A,1000000,1000000,2,37,1,0,14355,1
4577,A,700000,700000,4,58,1,1777,1556,1
4578,A,500000,500000,4,38,1,5667,28869,1
4579,A,700000,700000,2,24,1,7639,40626,1
4580,A,1000000,300000,4,57,1,1254,486,1
4581,A,1000000,300000,7,52,1,1670,14040,1
4582,A,1000000,700000,3,56,1,151824,16706,1
4583,A,500000,500000,2,49,0,14619,8325,1
4584,A,1000000,1000000,2,53,1,13281,6723,1
4585,A,1000000,1000000,2,65,0,66348,1701,1
4586,A,1000000,900000,7,70,1,7157,2754,1
4587,A,700000,700000,4,35,1,42599,12636,1
4588,A,600000,600000,8,79,0,9107,13653,1
4589,A,1000000,1000000,2,56,1,25870,20385,1
4590,R,1000000,1000000,1,51,0,73910,7448,1
4591,A,400000,300000,8,84,1,18217,681,1
4592,R,700000,300000,7,58,1,47664,11535,1
4593,A,600000,600000,3,24,1,99040,16731,1
4594,A,500000,300000,8,73,1,0,50778,1
4595,A,1000000,1000000,2,52,1,27226,7809,1
4596,A,700000,300000,7,57,1,13750,2444,1
4597,A,500000,300000,6,22,1,93261,12730,1
4598,A,600000,600000,12,72,1,25791,7263,1
4599,A,700000,700000,4,75,1,9361,1494,1
4600,A,1000000,1000000,2,39,1,21439,30293,1
4601,A,600000,300000,7,40,1,0,10943,1
4602,A,1000000,1000000,4,76,1,66505,28764,1
4603,A,700000,300000,7,56,1,19803,9688,1
4604,A,700000,300000,7,56,1,63227,9688,1
4605,A,700000,300000,8,73,1,101459,4649,1
4606,A,1000000,300000,8,78,1,4341,6498,1
4607,A,700000,700000,5,51,1,94850,4419,1
4608,A,1000000,1000000,1,66,0,81427,2223,1
4609,A,700000,700000,4,69,1,108519,23350,1
4610,A,1000000,500000,13,61,1,73785,10795,1
4611,A,700000,300000,7,61,1,52658,144922,1
4612,A,600000,300000,4,51,1,22151,19490,1
4613,A,1000000,1000000,2,55,1,6125,13605,1
4614,A,700000,300000,7,77,1,3630,2528,1
4615,A,200000,200000,5,46,1,155238,42679,1
4616,A,1000000,1000000,3,59,1,18871,5868,1
4617,A,500000,500000,2,25,1,52330,18384,1
4618,A,200000,200000,6,20,1,89399,19541,1
4619,A,200000,200000,6,20,1,0,19541,1
4620,A,700000,700000,2,26,1,24348,10451,1
4621,A,400000,400000,2,32,1,10676,17844,1
4622,R,600000,600000,2,42,0,10869,18261,1
4623,A,700000,700000,4,64,1,18263,12674,1
4624,A,700000,700000,8,81,1,3572,1766,1
4625,A,1000000,1000000,4,58,1,444446,34258,1
4626,A,1000000,400000,2,66,1,224195,11630,1
4627,A,1000000,1000000,4,57,1,16367,36808,1
4628,A,1000000,300000,8,69,1,23639,4789,1
4629,A,200000,200000,7,53,1,154893,4149,1
4630,A,1000000,1000000,8,79,1,26128,3618,1
4631,A,400000,400000,2,32,1,50355,10554,1
4632,A,1000000,1000000,4,61,1,52995,37710,1
4633,A,1000000,1000000,7,67,0,116742,900,1
4634,A,500000,500000,4,43,1,11368,77764,1
4635,A,1000000,1000000,2,37,1,23622,13157,1
4636,A,300000,300000,5,72,0,68000,38653,1
4637,A,400000,400000,4,55,1,83355,79154,1
4638,A,400000,300000,6,22,1,23394,5130,1
4639,A,1000000,1000000,2,29,1,565,4499,1
4640,A,1000000,400000,4,74,1,24698,6204,1
4641,A,1000000,300000,13,59,1,55299,61883,1
4642,A,1000000,300000,2,54,1,17770,26226,1
4643,A,700000,700000,2,27,1,7842,8440,1
4644,A,500000,500000,3,23,1,63394,9792,1
4645,A,1000000,300000,7,54,1,447914,11555,1
4646,A,1000000,1000000,2,47,1,104698,14238,1
4647,A,1000000,1000000,3,57,1,42997,5157,1
4648,A,700000,700000,2,30,0,52734,56064,1
4649,B,1000000,1000000,3,55,1,1026,48865,1
4650,A,1000000,1000000,4,61,1,32066,15976,1
4651,A,400000,400000,2,26,1,40102,3622,1
4652,A,1000000,1000000,2,53,1,1580,8010,1
4653,A,500000,300000,8,84,1,0,11083,1
4654,A,1000000,1000000,5,60,1,0,13356,1
4655,A,700000,700000,5,58,1,17388,26680,1
4656,A,1000000,1000000,5,63,1,1164,15291,1
4657,A,1000000,1000000,3,31,0,26457,16074,1
4658,A,500000,500000,12,29,1,65515,0,1
4659,A,200000,200000,6,21,1,88896,8239,1
4660,A,1000000,1000000,2,48,1,271003,27390,1
4661,R,700000,700000,2,63,0,141409,9640,1
4662,A,200000,200000,6,23,1,41003,6364,1
4663,A,1000000,1000000,7,75,1,108524,990,1
4664,A,700000,300000,7,60,1,25589,23472,1
4665,A,600000,600000,12,47,1,90785,2644,1
4666,A,1000000,300000,7,43,1,21382,12529,1
4667,A,400000,400000,2,24,0,66335,14283,1
4668,A,600000,300000,7,49,1,6593,37092,1
4669,B,500000,300000,7,25,1,91180,2666,1
4670,A,400000,400000,2,24,1,22040,39195,1
4671,A,700000,700000,2,30,1,1653,8049,1
4672,A,300000,300000,7,31,1,197132,8109,1
4673,A,400000,400000,2,25,1,0,3335,1
4674,A,500000,500000,2,24,1,23205,49798,1
4675,A,700000,700000,2,29,1,224135,6682,1
4676,A,400000,300000,2,22,1,121837,82633,1
4677,A,1000000,1000000,2,23,1,72581,100888,1
4678,A,1000000,1000000,2,23,1,524,100888,1
4679,A,1000000,300000,7,50,1,12496,32271,1
4680,A,200000,200000,6,21,1,174699,0,1
4681,A,400000,300000,6,26,1,0,132984,1
4682,A,600000,300000,6,22,1,3491,36951,1
4683,A,400000,300000,6,20,1,20710,46769,1
4684,A,500000,500000,2,24,1,,23760,1
4685,A,200000,200000,6,21,1,6925,17100,1
4686,A,500000,300000,7,25,1,0,14007,1
4687,A,200000,200000,2,25,1,25612,62157,1
4688,A,700000,700000,10,31,1,7269,64790,1
4689,A,200000,200000,6,21,1,80000,8010,1
4690,A,600000,600000,2,31,0,36258,101340,1
4691,A,400000,400000,2,23,1,1824,29171,1
4692,A,500000,300000,6,22,1,29465,14346,1
4693,A,500000,300000,7,45,1,0,37255,1
4694,A,1000000,1000000,5,71,0,24156,96830,1
4695,A,1000000,1000000,2,30,1,63479,80681,1
4696,A,500000,300000,6,21,1,0,34344,1
4697,A,700000,300000,4,48,1,531081,173843,1
4698,A,300000,300000,2,25,1,221668,15048,1
4699,A,300000,300000,6,23,1,27005,21633,1
4700,A,600000,600000,2,54,1,56847,28157,1
4701,A,200000,200000,2,24,1,68126,13267,1
4702,A,600000,300000,6,24,1,54045,37614,1
4703,A,600000,300000,6,23,1,1093,50355,1
4704,A,600000,300000,7,25,1,46572,51310,1
4705,A,400000,300000,6,21,0,64603,3705,1
4706,A,200000,200000,2,24,1,84956,82362,1
4707,A,600000,600000,2,27,1,13920,17909,1
4708,A,700000,700000,2,54,1,178418,1672,1
4709,A,400000,400000,2,27,1,0,30610,1
4710,A,400000,400000,2,22,1,29177,23715,1
4711,A,600000,600000,2,38,1,740787,44678,1
4712,A,400000,300000,6,22,1,134467,14621,1
4713,B,600000,600000,2,26,1,76667,34470,1
4714,A,500000,500000,12,25,1,17731,684,1
4715,A,300000,300000,6,21,1,112471,21897,1
4716,A,500000,500000,2,24,1,19329,38350,1
4717,A,600000,600000,2,30,1,29717,107569,1
4718,A,200000,200000,2,26,0,233386,21366,1
4719,A,200000,200000,2,19,1,3000,5510,1
4720,A,600000,600000,2,29,1,73222,43181,1
4721,A,600000,600000,2,26,1,0,56116,1
4722,A,1000000,1000000,2,63,1,3135,25256,1
4723,A,200000,200000,2,29,1,25940,20286,1
4724,A,700000,300000,7,50,1,0,73449,1
4725,A,400000,400000,2,27,1,2225,51615,1
4726,A,700000,700000,2,30,1,75577,39516,1
4727,A,600000,300000,2,24,0,16982,1463,1
4728,A,300000,300000,2,24,1,95726,19048,1
4729,A,200000,200000,6,25,1,464582,29774,1
4730,A,600000,600000,2,27,1,34381,42660,1
4731,A,500000,500000,2,25,1,15628,17307,1
4732,A,200000,200000,5,30,1,58316,32076,1
4733,A,300000,300000,6,21,1,15046,23503,1
4734,A,200000,200000,2,27,1,4237,60966,1
4735,A,700000,700000,2,57,1,36085,31596,1
4736,A,700000,700000,2,32,1,59030,41769,1
4737,A,700000,700000,2,32,1,6327,45828,1
4738,A,1000000,300000,2,23,1,94637,33620,1
4739,A,1000000,1000000,2,54,1,67855,18537,1
4740,A,300000,300000,13,26,1,58808,22049,1
4741,A,1000000,1000000,3,24,1,62674,2964,1
4742,A,600000,600000,3,23,1,46088,4286,1
4743,A,400000,400000,2,25,1,9980,2708,1
4744,A,400000,300000,6,21,0,24662,12332,1
4745,A,700000,700000,2,27,1,142036,23430,1
4746,A,700000,700000,2,24,1,3230,14913,1
4747,A,700000,700000,2,26,1,31278,187388,1
4748,A,200000,200000,6,23,1,55670,20995,1
4749,A,200000,200000,6,23,1,0,20995,1
4750,A,1000000,1000000,2,30,0,0,45531,1
4751,A,400000,400000,2,30,1,9616,30082,1
4752,A,600000,600000,2,29,1,3292,15295,1
4753,A,400000,400000,2,24,1,26000,17019,1
4754,A,500000,300000,6,20,1,1716,180000,1
4755,A,600000,600000,2,32,1,50968,14445,1
4756,A,600000,600000,2,25,1,22991,37288,1
4757,A,600000,600000,2,24,1,15331,22798,1
4758,A,400000,400000,2,32,1,20694,1636,1
4759,A,1000000,300000,7,55,1,30690,159372,1
4760,R,600000,600000,2,26,1,9900,32651,1
4761,B,500000,500000,2,25,1,16481,17078,1
4762,A,500000,500000,2,24,1,65000,32400,1
4763,A,300000,300000,2,24,1,267845,47705,1
4764,A,700000,700000,2,44,1,0,14058,1
4765,A,200000,200000,6,21,1,20205,18905,1
4766,A,600000,600000,2,28,1,873,47016,1
4767,A,700000,700000,2,27,1,52854,57929,1
4768,A,600000,600000,2,27,1,109872,62918,1
4769,A,600000,300000,6,23,1,2891,46835,1
4770,A,600000,600000,2,23,1,126728,27819,1
4771,A,600000,600000,2,51,1,459931,20900,1
4772,A,600000,600000,7,32,1,18000,27408,1
4773,A,300000,300000,2,24,1,92058,31017,1
4774,A,600000,600000,4,37,1,11829,31230,1
4775,A,600000,300000,6,23,1,49533,756,1
4776,A,300000,300000,6,23,1,0,47600,1
4777,A,500000,500000,2,28,1,197821,146916,1
4778,A,300000,300000,2,24,1,3501,22848,1
4779,A,700000,300000,6,24,1,0,31590,1
4780,A,500000,500000,2,28,1,42831,16702,1
4781,A,700000,300000,7,27,1,11450,30274,1
4782,A,700000,700000,3,24,1,215792,34010,1
4783,A,700000,700000,2,33,1,12736,35229,1
4784,A,600000,600000,2,25,1,6112,11590,1
4785,A,200000,200000,6,20,1,224790,1282,1
4786,A,1000000,1000000,2,51,1,277120,39583,1
4787,A,700000,700000,2,50,1,293567,86122,1
4788,A,1000000,300000,7,48,1,6153,61016,1
4789,A,400000,300000,2,24,1,5662,26553,1
4790,R,1000000,1000000,2,27,1,231910,27439,1
4791,A,500000,500000,2,27,1,13081,28310,1
4792,A,700000,700000,2,38,1,4868,44055,1
4793,A,1000000,1000000,2,56,1,108796,180000,1
4794,A,200000,200000,7,22,1,0,21054,1
4795,A,700000,700000,3,31,0,26730,70262,1
4796,A,500000,500000,2,24,1,7274,63845,1
4797,A,200000,200000,2,40,1,139765,62066,1
4798,A,600000,600000,3,44,1,51833,87147,1
4799,A,600000,600000,2,24,1,11505,48062,1
4800,A,200000,200000,6,20,1,51000,26125,1
4801,A,1000000,1000000,2,26,1,9830,13653,1
4802,A,300000,300000,2,29,1,23294,70974,1
4803,A,400000,300000,6,22,1,0,41060,1
4804,A,500000,300000,6,23,1,0,13006,1
4805,A,1000000,1000000,1,68,0,221050,66880,1
4806,A,600000,600000,2,25,1,18550,39977,1
4807,A,1000000,1000000,2,25,1,6375,14256,1
4808,A,500000,500000,3,25,1,0,9500,1
4809,A,700000,700000,2,37,1,16680,8978,1
4810,A,500000,500000,2,24,1,19020,6741,1
4811,A,500000,500000,2,33,1,30676,26984,1
4812,A,600000,600000,2,35,1,30661,20970,1
4813,A,600000,600000,2,33,1,70473,34941,1
4814,A,200000,200000,6,21,1,30808,45174,1
4815,A,600000,600000,2,26,1,125301,8503,1
4816,A,200000,200000,2,22,1,3762,15897,1
4817,A,600000,600000,2,31,1,20473,14748,1
4818,A,700000,700000,2,30,1,497025,47295,1
4819,A,1000000,1000000,2,38,0,70000,108000,1
4820,A,200000,200000,2,29,0,27150,15770,1
4821,A,700000,700000,2,31,1,87162,12911,1
4822,A,500000,500000,2,26,1,22173,30334,1
4823,A,700000,700000,2,25,1,36240,33807,1
4824,A,200000,200000,6,21,1,2718,4275,1
4825,A,200000,200000,2,25,1,0,29412,1
4826,A,200000,200000,2,55,1,17829,174158,1
4827,A,300000,300000,2,26,1,30164,4851,1
4828,R,300000,300000,6,21,1,1164,130878,1
4829,A,700000,700000,2,31,1,76042,55851,1
4830,A,500000,300000,6,23,1,69450,39443,1
4831,A,600000,300000,11,42,1,19140,14725,1
4832,A,200000,200000,6,20,1,30867,36472,1
4833,A,500000,300000,2,22,1,16103,31290,1
4834,A,600000,300000,6,27,0,31488,134694,1
4835,A,200000,200000,6,21,1,20900,5070,1
4836,A,600000,600000,2,34,0,11305,20484,1
4837,A,1000000,1000000,2,29,1,51211,55491,1
4838,A,400000,300000,6,23,1,13227,5947,1
4839,A,200000,200000,6,23,1,17372,8291,1
4840,A,600000,600000,2,24,1,37735,80982,1
4841,A,200000,200000,12,22,1,65455,69696,1
4842,A,600000,600000,2,24,1,100432,86207,1
4843,A,1000000,1000000,2,54,1,0,11381,1
4844,A,300000,300000,6,21,1,32267,29997,1
4845,A,700000,700000,2,30,1,24701,6534,1
4846,A,200000,200000,13,33,1,,29146,1
4847,A,400000,300000,6,22,1,10116,33363,1
4848,A,700000,700000,2,26,1,24943,65430,1
4849,A,400000,300000,6,20,1,47278,44457,1
4850,A,600000,600000,2,24,1,59002,10970,1
4851,A,400000,400000,2,28,1,0,5483,1
4852,A,400000,300000,6,27,1,132620,612,1
4853,B,700000,300000,2,23,1,5099,17765,1
4854,A,400000,400000,12,44,1,0,22216,1
4855,A,400000,300000,6,22,1,16380,13413,1
4856,A,600000,300000,2,24,1,2708,9918,1
4857,A,1000000,300000,4,48,1,2352,14940,1
4858,A,200000,200000,6,21,1,91304,30096,1
4859,A,1000000,1000000,2,61,0,276657,128700,1
4860,A,600000,300000,6,23,1,39710,36720,1
4861,A,200000,200000,5,65,1,163674,15273,1
4862,A,400000,400000,2,24,1,14345,108396,1
4863,A,700000,300000,6,23,1,42940,61428,1
4864,A,600000,600000,5,28,1,28604,31132,1
4865,A,500000,500000,2,26,1,46405,29637,1
4866,R,700000,300000,2,28,0,52041,69300,1
4867,A,200000,200000,6,19,1,20151,43329,1
4868,A,600000,600000,2,23,1,29279,19998,1
4869,A,600000,600000,2,32,1,70797,74299,1
4870,A,700000,700000,2,25,1,,22044,1
4871,A,500000,300000,6,22,1,16005,4636,1
4872,A,1000000,800000,3,48,1,14504,32584,1
4873,A,700000,300000,6,23,1,25897,21640,1
4874,A,700000,700000,2,32,1,0,77923,1
4875,A,500000,500000,6,27,0,6658,2736,1
4876,A,600000,600000,2,36,1,40123,17372,1
4877,A,600000,600000,2,26,1,76399,65780,1
4878,A,1000000,1000000,2,26,1,60420,13779,1
4879,A,700000,400000,2,24,1,136280,24741,1
4880,A,600000,600000,12,29,1,10433,24354,1
4881,A,200000,200000,2,24,1,217351,6320,1
4882,A,500000,300000,6,22,1,7292,5425,1
4883,A,400000,400000,2,24,1,11244,17910,1
4884,A,200000,200000,2,26,1,49059,7968,1
4885,A,600000,600000,2,50,0,282953,116063,1
4886,A,700000,700000,2,27,1,102754,40128,1
4887,A,1000000,1000000,2,29,1,0,42525,1
4888,A,500000,500000,2,24,1,70750,50454,1
4889,A,600000,300000,2,26,1,3759,44891,1
4890,A,600000,500000,13,24,1,6270,17127,1
4891,A,500000,500000,2,25,1,4578,36800,1
4892,A,500000,300000,6,21,1,10911,22275,1
4893,A,500000,500000,2,23,1,41882,39888,1
4894,A,600000,600000,2,29,1,54753,40447,1
4895,A,700000,700000,3,26,1,62860,55836,1
4896,A,1000000,1000000,2,41,1,6644,175085,1
4897,A,600000,600000,2,31,1,887341,23018,1
4898,A,500000,300000,6,20,1,85952,41969,1
4899,A,600000,400000,7,26,1,133088,94217,1
4900,A,200000,200000,6,24,1,151674,59252,1
4901,A,400000,400000,2,33,1,40393,32182,1
4902,A,600000,600000,2,24,1,4034,53591,1
4903,A,600000,600000,2,25,1,65273,39608,1
4904,B,1000000,1000000,2,34,1,301165,39600,1
4905,A,500000,500000,5,34,1,0,127800,1
4906,A,500000,500000,2,24,1,2432,59702,1
4907,B,700000,700000,2,34,0,87976,105039,1
4908,B,600000,600000,2,24,0,23932,13429,1
4909,A,600000,300000,6,23,1,0,10782,1
4910,A,600000,600000,12,28,1,0,20889,1
4911,A,700000,300000,6,26,1,47488,25532,1
4912,A,200000,200000,6,20,1,214792,40443,1
4913,A,1000000,1000000,2,24,1,91491,8622,1
4914,A,200000,200000,2,25,1,0,63598,1
4915,A,200000,200000,6,20,1,250512,59305,1
4916,A,700000,700000,5,55,1,113594,40320,1
4917,A,700000,700000,2,31,1,26251,19053,1
4918,A,700000,700000,2,25,1,57432,60648,1
4919,A,200000,200000,2,26,0,91971,42800,1
4920,A,600000,600000,2,28,1,9433,13513,1
4921,A,600000,600000,5,26,1,0,62767,1
4922,A,600000,300000,7,46,1,29311,37332,1
4923,A,400000,300000,6,21,0,45731,13178,1
4924,A,1000000,1000000,2,29,1,97717,44352,1
4925,A,1000000,1000000,2,36,0,43472,173448,1
4926,A,1000000,300000,7,57,1,154470,29799,1
4927,A,600000,300000,6,22,1,105361,18768,1
4928,A,500000,500000,4,32,1,,45990,1
4929,A,400000,300000,6,20,1,146215,29601,1
4930,A,1000000,1000000,2,36,1,6980,40581,1
4931,A,600000,600000,2,25,1,46841,10296,1
4932,A,200000,200000,6,20,1,27983,19080,1
4933,A,700000,300000,11,32,1,80221,49351,1
4934,A,200000,200000,1,25,1,278129,33669,1
4935,A,300000,300000,2,28,1,7095,3222,1
4936,A,600000,300000,6,24,0,0,13860,1
4937,B,200000,200000,7,25,1,88833,30195,1
4938,A,600000,300000,6,23,1,550275,18821,1
4939,R,600000,300000,6,23,1,183314,19250,1
4940,A,700000,700000,2,25,1,3322,18099,1
4941,A,500000,500000,3,25,0,68505,124920,1
4942,A,1000000,1000000,2,52,1,62856,40815,1
4943,A,1000000,1000000,2,30,1,14668,8451,1
4944,A,600000,600000,2,27,1,34067,93942,1
4945,A,1000000,1000000,5,51,0,634606,129483,1
4946,A,200000,200000,7,23,1,0,28949,1
4947,A,500000,300000,6,22,1,14621,5364,1
4948,A,500000,300000,2,24,1,265750,63153,1
4949,A,600000,600000,2,33,1,980,18405,1
4950,A,700000,600000,7,25,1,9554,26048,1
4951,A,200000,200000,6,20,1,8277,8910,1
4952,A,500000,300000,6,22,0,808,8010,1
4953,A,500000,500000,2,27,1,12540,10782,1
4954,A,600000,600000,2,32,1,28863,9990,1
4955,A,200000,200000,2,25,1,19577,14535,1
4956,A,600000,600000,2,26,1,9500,15930,1
4957,A,500000,500000,2,26,1,80520,11867,1
4958,A,700000,700000,2,23,1,12331,19710,1
4959,A,700000,700000,2,34,1,23098,45571,1
4960,A,1000000,300000,6,23,1,0,33557,1
4961,A,400000,300000,6,21,1,70519,31518,1
4962,A,1000000,1000000,2,50,1,0,26036,1
4963,A,600000,600000,7,28,1,20158,27351,1
4964,A,600000,600000,2,25,1,67542,34217,1
4965,A,700000,300000,6,23,0,3116,51966,1
4966,A,600000,600000,2,24,1,0,18900,1
4967,A,600000,600000,2,24,1,82319,11979,1
4968,A,1000000,1000000,1,52,1,50938,56502,1
4969,A,1000000,1000000,2,49,1,57036,45720,1
4970,A,600000,600000,2,31,1,8377,24385,1
4971,A,600000,300000,7,40,1,23209,61758,1
4972,A,500000,500000,2,24,1,95881,35500,1
4973,A,600000,300000,6,23,0,49946,31168,1
4974,A,700000,700000,2,24,1,33992,26127,1
4975,A,600000,600000,2,29,1,,11877,1
4976,A,200000,200000,6,22,1,120600,25497,1
4977,A,500000,500000,2,29,1,1786,25824,1
4978,A,200000,200000,6,22,0,10563,105013,1
4979,A,600000,600000,3,35,1,60861,7317,1
4980,A,400000,300000,6,20,1,,10603,1
4981,A,1000000,1000000,3,43,1,28501,56913,1
4982,A,400000,300000,6,21,1,15792,9495,1
4983,A,1000000,900000,2,27,1,10712,26512,1
4984,A,200000,200000,6,20,1,29166,12960,1
4985,A,400000,400000,2,33,1,135376,109044,1
4986,A,1000000,600000,2,65,1,30436,45344,1
4987,A,1000000,1000000,3,27,1,80619,18319,1
4988,A,500000,300000,12,36,1,32419,13824,1
4989,A,400000,300000,6,22,1,5805,10445,1
4990,A,600000,600000,2,26,1,17584,10980,1
4991,A,1000000,1000000,2,52,1,20853,6669,1
4992,A,600000,600000,2,28,1,18111,38226,1
4993,A,500000,500000,7,31,1,182639,36630,1
4994,A,200000,200000,3,24,1,,28626,1
4995,A,400000,300000,6,20,1,9405,14877,1
4996,A,400000,300000,6,20,0,4235,24559,1
4997,A,600000,300000,6,21,1,13080,12465,1
4998,A,200000,200000,6,19,1,40346,0,1
4999,A,1000000,1000000,2,26,1,56265,15262,1
5000,A,600000,600000,3,26,1,18544,57387,1
5001,A,700000,400000,7,51,1,71413,44141,1
5002,A,500000,300000,6,23,1,23675,14373,1
5003,A,200000,200000,6,21,1,98855,37271,1
5004,A,200000,200000,2,24,1,109580,52348,1
5005,A,500000,500000,2,26,1,0,35028,1
5006,A,600000,600000,2,29,1,5795,58500,1
5007,A,500000,500000,2,29,1,16500,18918,1
5008,A,600000,600000,2,26,1,324533,15138,1
5009,A,600000,600000,7,26,1,24519,18180,1
5010,A,200000,200000,6,20,1,0,36711,1
5011,A,600000,600000,2,25,1,3658,11970,1
5012,A,500000,500000,2,24,1,57772,50355,1
5013,A,600000,600000,2,31,1,0,23441,1
5014,A,200000,200000,2,26,1,11506,4491,1
5015,A,1000000,1000000,2,27,1,68297,33696,1
5016,A,500000,300000,6,22,1,75588,18900,1
5017,A,600000,600000,2,28,1,8666,6255,1
5018,A,500000,300000,6,21,1,9920,12960,1
5019,A,700000,700000,4,31,1,6360,8741,1
5020,A,600000,600000,2,26,1,24983,18923,1
5021,A,700000,700000,3,29,1,0,26470,1
5022,A,200000,200000,2,31,1,41898,11096,1
5023,A,600000,600000,2,33,0,32372,25847,1
5024,A,1000000,1000000,2,58,1,0,27810,1
5025,A,1000000,1000000,4,33,1,49336,18455,1
5026,A,600000,300000,6,28,1,48709,78513,1
5027,A,700000,700000,2,31,1,63970,28664,1
5028,A,500000,500000,2,34,1,10469,18180,1
5029,A,600000,600000,2,28,1,16800,29890,1
5030,B,600000,600000,2,27,1,316731,495,1
5031,A,500000,500000,6,26,0,239538,40086,1
5032,A,200000,200000,6,23,1,131227,13662,1
5033,A,300000,300000,2,29,1,3230,9720,1
5034,A,700000,700000,2,32,1,26382,38227,1
5035,R,600000,600000,2,30,1,7510,22410,1
5036,A,400000,400000,3,25,1,29969,7534,1
5037,A,600000,500000,2,30,1,16170,13005,1
5038,A,1000000,1000000,2,31,1,33633,44404,1
5039,A,600000,300000,6,23,1,4016,23701,1
5040,A,1000000,1000000,5,63,1,76955,41166,1
5041,A,700000,700000,3,32,1,33972,23157,1
5042,A,600000,600000,2,28,1,149982,8977,1
5043,A,200000,200000,10,26,1,6283,16613,1
5044,A,400000,400000,2,33,1,70000,33750,1
5045,A,700000,700000,2,31,0,40699,1001,1
5046,A,600000,300000,6,24,1,251,11845,1
5047,A,1000000,300000,4,54,1,100562,82105,1
5048,A,400000,400000,2,24,1,131336,41148,1
5049,A,700000,700000,2,26,1,55000,6282,1
5050,A,200000,200000,2,28,1,19299,10980,1
5051,A,500000,500000,5,61,1,120397,97848,1
5052,A,700000,700000,2,36,1,10715,25830,1
5053,A,1000000,300000,6,23,1,36973,8010,1
5054,A,1000000,1000000,2,51,1,109765,45914,1
5055,A,600000,600000,7,25,1,157649,40238,1
5056,A,400000,400000,6,23,1,84172,15462,1
5057,A,600000,600000,2,29,1,4617,9900,1
5058,A,200000,200000,6,20,1,122174,26829,1
5059,A,200000,200000,2,24,1,75152,8514,1
5060,A,1000000,300000,6,23,1,3807,23868,1
5061,A,600000,300000,5,32,1,0,29916,1
5062,A,500000,500000,2,24,1,70240,12960,1
5063,A,1000000,1000000,2,25,1,6058,19484,1
5064,A,700000,700000,3,34,1,0,25965,1
5065,A,500000,300000,7,24,1,62390,5994,1
5066,A,200000,200000,6,21,1,19646,26820,1
5067,A,1000000,1000000,2,53,1,16929,17564,1
5068,A,600000,300000,2,24,1,0,32417,1
5069,A,500000,500000,2,24,1,17746,12510,1
5070,A,200000,200000,5,28,1,8865,15924,1
5071,A,700000,700000,2,26,1,210949,19890,1
5072,A,200000,200000,6,19,1,134359,0,1
5073,A,700000,700000,2,48,1,36501,59896,1
5074,A,600000,600000,2,29,1,140934,33161,1
5075,A,600000,600000,2,30,1,5832,22550,1
5076,A,500000,500000,2,22,1,6793,28965,1
5077,A,200000,200000,6,21,1,23065,28344,1
5078,A,500000,500000,2,33,1,25433,57114,1
5079,A,200000,200000,5,39,1,27066,57765,1
5080,A,1000000,1000000,3,26,1,72725,76876,1
5081,A,500000,500000,2,23,1,0,12109,1
5082,A,700000,700000,3,27,1,145348,53384,1
5083,A,1000000,400000,3,53,1,0,120554,1
5084,A,600000,600000,3,27,1,47025,33690,1
5085,A,700000,700000,2,25,1,0,14261,1
5086,A,200000,200000,6,19,1,1613,5007,1
5087,A,500000,500000,2,24,1,34009,18612,1
5088,A,200000,200000,6,23,0,20679,14058,1
5089,A,500000,300000,6,20,1,26529,931,1
5090,A,700000,300000,7,50,1,94944,15346,1
5091,A,400000,300000,6,21,1,0,24138,1
5092,A,600000,600000,2,49,1,29040,82013,1
5093,A,500000,300000,6,22,1,0,14940,1
5094,A,700000,300000,6,22,0,137760,25830,1
5095,A,700000,600000,2,25,1,24965,32325,1
5096,A,200000,200000,6,20,1,54309,47927,1
5097,A,500000,500000,2,35,1,12083,49538,1
5098,A,200000,200000,6,22,1,99822,42962,1
5099,A,500000,300000,6,22,1,13730,37931,1
5100,A,500000,500000,2,24,1,38994,36055,1
5101,A,500000,300000,6,21,1,45183,84683,1
5102,A,600000,600000,2,25,1,0,30978,1
5103,A,200000,200000,2,24,1,65364,46917,1
5104,A,500000,500000,2,29,0,66358,120870,1
5105,A,600000,600000,2,26,1,15882,41706,1
5106,A,500000,300000,6,20,0,234133,7470,1
5107,A,200000,200000,7,22,1,10973,34146,1
5108,A,700000,700000,2,24,1,132016,69209,1
5109,A,600000,300000,6,22,1,63372,15664,1
5110,A,500000,300000,6,22,0,0,50535,1
5111,A,600000,600000,2,23,1,275944,12960,1
5112,A,200000,200000,6,21,0,0,17931,1
5113,A,300000,300000,6,20,1,14879,5545,1
5114,A,200000,200000,2,25,1,166696,20736,1
5115,A,700000,700000,2,27,1,0,26154,1
5116,A,600000,300000,6,24,1,25465,50915,1
5117,A,600000,500000,1,37,0,840903,228418,1
5118,A,200000,200000,6,20,1,201484,51498,1
5119,A,500000,500000,2,33,1,178590,0,1
5120,A,200000,200000,6,20,1,0,62262,1
5121,B,400000,400000,7,25,1,87930,22135,1
5122,A,1000000,1000000,2,36,1,20000,58488,1
5123,A,200000,200000,6,22,1,42020,40533,1
5124,A,400000,300000,6,21,1,29206,32316,1
5125,A,500000,500000,2,24,1,22472,11439,1
5126,A,400000,300000,6,22,0,12071,12762,1
5127,A,700000,700000,2,51,1,6631,10926,1
5128,B,600000,600000,2,28,1,27009,79596,1
5129,A,600000,600000,2,24,1,113587,49590,1
5130,A,700000,700000,2,25,1,1444,47342,1
5131,A,1000000,1000000,2,39,0,0,92952,1
5132,A,500000,300000,6,23,1,,11970,1
5133,A,700000,700000,2,25,1,251578,6110,1
5134,A,400000,400000,2,26,1,69888,1377,1
5135,A,400000,300000,6,21,1,0,20187,1
5136,A,500000,500000,2,25,1,26895,0,1
5137,A,400000,400000,2,22,1,20955,23355,1
5138,A,1000000,300000,6,23,1,0,14346,1
5139,A,600000,600000,2,37,1,16905,21384,1
5140,A,1000000,1000000,2,45,1,136865,27720,1
5141,A,1000000,1000000,2,28,1,24827,22464,1
5142,A,300000,300000,2,21,1,8778,60480,1
5143,A,600000,600000,2,27,1,56240,22968,1
5144,A,200000,200000,6,20,1,9405,21726,1
5145,A,500000,500000,7,28,1,246660,25374,1
5146,B,600000,300000,6,22,1,46807,5959,1
5147,A,700000,700000,2,38,1,0,52539,1
5148,A,700000,700000,2,40,1,17955,97565,1
5149,A,600000,600000,2,25,0,64450,48600,1
5150,A,1000000,1000000,2,30,1,,12285,1
5151,A,600000,600000,2,24,1,39918,5620,1
5152,A,200000,200000,6,20,1,0,20610,1
5153,A,200000,200000,6,20,1,81579,25737,1
5154,A,700000,700000,7,27,1,196248,50688,1
5155,A,700000,700000,2,39,1,0,56204,1
5156,A,500000,500000,7,29,1,25337,37263,1
5157,A,700000,700000,7,58,1,36159,15393,1
5158,A,200000,200000,5,32,1,76994777,166617,1
5159,A,200000,200000,6,22,1,47263,56928,1
5160,A,1000000,1000000,2,52,1,0,14423,1
5161,A,400000,300000,6,20,1,395076,3258,1
5162,A,400000,400000,7,24,1,126705,16920,1
5163,A,500000,300000,6,22,1,131615,40482,1
5164,A,700000,700000,2,29,1,64913,41651,1
5165,A,500000,500000,2,23,1,64551,20880,1
5166,A,200000,200000,6,23,0,87695,27711,1
5167,A,1000000,300000,7,65,1,0,36720,1
5168,A,500000,500000,2,26,1,37899,28187,1
5169,A,200000,200000,2,24,1,15675,9030,1
5170,A,200000,200000,6,21,1,0,27801,1
5171,A,1000000,1000000,2,35,1,2319,35601,1
5172,A,400000,400000,2,23,1,4180,11880,1
5173,A,300000,300000,7,52,1,24023,23523,1
5174,A,500000,300000,6,22,1,18792,10980,1
5175,A,600000,300000,6,22,1,0,3863,1
5176,A,1000000,1000000,2,58,0,258520,43947,1
5177,A,1000000,400000,7,51,1,0,93873,1
5178,A,200000,200000,6,21,1,273393,58797,1
5179,A,700000,700000,4,48,1,40912,19088,1
5180,A,1000000,1000000,2,51,1,0,70019,1
5181,A,600000,600000,2,24,1,5662,22275,1
5182,A,400000,300000,6,22,0,17190,28008,1
5183,A,200000,200000,6,20,0,131096,21992,1
5184,A,600000,600000,2,48,1,63546,3159,1
5185,A,500000,500000,12,29,1,0,39105,1
5186,A,700000,700000,2,25,1,26520,22248,1
5187,A,600000,600000,2,25,0,58040,37895,1
5188,A,700000,700000,2,28,1,7050,17019,1
5189,A,1000000,1000000,2,51,1,,11822,1
5190,A,500000,500000,2,24,1,17287,24750,1
5191,A,500000,500000,2,25,1,16173,25214,1
5192,A,500000,500000,2,27,1,7029,73070,1
5193,A,500000,500000,2,25,1,0,24575,1
5194,R,700000,400000,3,23,1,98098,13276,1
5195,A,500000,300000,6,22,1,27500,9783,1
5196,A,600000,600000,2,27,1,41173,19503,1
5197,A,700000,300000,5,70,1,15184,2046,1
5198,A,500000,500000,3,24,1,0,12510,1
5199,A,500000,500000,2,26,0,0,84380,1
5200,A,600000,600000,2,25,1,17053,17832,1
5201,A,400000,400000,2,33,1,71852,81369,1
5202,R,400000,400000,3,25,1,14050,37509,1
5203,A,700000,300000,7,27,1,95071,64521,1
5204,A,600000,300000,2,24,1,72885,14848,1
5205,A,500000,300000,6,22,1,29204,21225,1
5206,A,600000,300000,6,25,1,56335,20642,1
5207,A,200000,200000,2,24,1,17695,16650,1
5208,A,500000,500000,2,28,1,30360,14742,1
5209,A,200000,200000,6,20,1,33454,15348,1
5210,A,700000,300000,7,52,1,150762,53046,1
5211,A,600000,600000,3,24,1,23307,16920,1
5212,A,500000,300000,2,25,1,16466,3003,1
5213,A,1000000,300000,4,72,1,19769,1594,1
5214,A,700000,300000,2,26,1,12331,50931,1
5215,A,200000,200000,6,22,1,0,17132,1
5216,A,200000,200000,6,20,0,209707,39195,1
5217,A,500000,300000,1,35,1,179832,12801,1
5218,A,500000,300000,6,30,0,152349,17461,1
5219,A,1000000,1000000,2,35,1,0,34542,1
5220,A,1000000,1000000,5,31,1,108258,30074,1
5221,A,500000,300000,6,22,0,119924,92160,1
5222,A,600000,600000,2,25,1,46327,18908,1
5223,A,200000,200000,2,24,1,229181,22504,1
5224,A,200000,200000,6,20,1,17101,10710,1
5225,A,200000,200000,6,20,1,100184,34562,1
5226,A,200000,200000,2,25,1,103884,11396,1
5227,A,500000,300000,2,24,1,43740,20786,1
5228,R,700000,700000,2,33,1,35000,35046,1
5229,A,700000,700000,2,28,0,99640,120780,1
5230,A,700000,700000,2,23,1,23335,38601,1
5231,A,600000,600000,2,27,1,71652,19859,1
5232,A,500000,500000,2,31,1,0,1584,1
5233,A,500000,500000,2,22,1,26125,26955,1
5234,A,500000,500000,2,29,1,2889,5634,1
5235,A,1000000,1000000,2,25,1,40717,18864,1
5236,A,600000,600000,2,23,1,148821,4941,1
5237,A,200000,200000,2,22,1,14439,14250,1
5238,A,700000,700000,7,43,1,5700,22006,1
5239,A,200000,200000,6,21,1,18717,21951,1
5240,A,600000,600000,2,31,1,101096,17622,1
5241,A,700000,700000,2,22,1,47368,19296,1
5242,A,600000,600000,2,24,1,2822,14841,1
5243,A,200000,200000,6,22,1,195698,18623,1
5244,A,600000,600000,2,26,1,53200,20781,1
5245,A,500000,300000,6,25,1,20759,9981,1
5246,A,500000,500000,2,23,1,4665,11970,1
5247,A,600000,600000,2,33,1,173742,29086,1
5248,A,200000,200000,2,24,1,6699,45729,1
5249,A,300000,300000,2,29,1,12236,28989,1
5250,A,400000,300000,6,21,1,0,25830,1
5251,R,1000000,1000000,3,59,1,27858,13464,1
5252,A,1000000,300000,12,46,1,56869,41580,1
5253,A,700000,700000,2,29,1,11459,102657,1
5254,A,1000000,300000,7,53,1,3000,35640,1
5255,A,1000000,300000,7,60,1,2619,25764,1
5256,A,1000000,1000000,2,25,1,22478,19701,1
5257,A,600000,600000,2,27,1,12559,32670,1
5258,A,1000000,300000,11,57,1,194874,54149,1
5259,A,700000,700000,2,25,1,166886,141824,1
5260,A,1000000,1000000,2,29,0,228692,156695,1
5261,A,1000000,1000000,2,35,1,20828,56205,1
5262,A,700000,300000,4,52,1,57651,104940,1
5263,A,1000000,1000000,2,47,1,82786,65616,1
5264,A,500000,500000,13,38,1,340032,108269,1
5265,A,1000000,500000,2,39,1,0,39600,1
5266,A,1000000,1000000,3,53,0,25080,102960,1
5267,A,700000,700000,2,33,0,7164,115846,1
5268,A,500000,500000,2,25,1,13500,63360,1
5269,A,600000,600000,5,70,1,21233,24291,1
5270,A,1000000,1000000,2,28,1,68626,60084,1
5271,A,1000000,1000000,3,27,0,5469,146610,1
5272,A,500000,500000,13,58,1,10393,27314,1
5273,A,700000,700000,2,42,1,70922,26978,1
5274,R,1000000,1000000,2,42,1,26163,31680,1
5275,A,700000,700000,7,55,1,62240,100800,1
5276,A,1000000,1000000,2,40,0,7681,98397,1
5277,A,700000,700000,7,27,1,33295,41526,1
5278,A,700000,700000,2,24,1,23142,58410,1
5279,A,700000,700000,2,36,1,6254,107251,1
5280,A,1000000,1000000,2,28,1,63390,47610,1
5281,A,400000,400000,2,25,1,44439,38760,1
5282,A,500000,500000,5,68,1,385043,5247,1
5283,A,1000000,1000000,2,61,1,2321,77003,1
5284,A,700000,700000,3,43,1,17837,68400,1
5285,A,600000,600000,2,28,1,0,57510,1
5286,A,700000,700000,2,40,1,6554,134400,1
5287,A,700000,700000,12,26,1,49681,106288,1
5288,A,700000,700000,2,50,1,81944,40662,1
5289,A,600000,600000,2,48,1,433319,67386,1
5290,A,600000,600000,2,36,1,7742,27245,1
5291,A,600000,600000,2,28,0,4076,79092,1
5292,A,1000000,1000000,2,55,1,160640,48864,1
5293,A,1000000,1000000,2,52,1,44214,68994,1
5294,A,200000,200000,6,22,1,20164,12771,1
5295,A,600000,600000,2,24,0,71820,58323,1
5296,A,400000,300000,7,56,1,,62411,1
5297,B,500000,300000,6,26,1,20769,56322,1
5298,A,400000,400000,2,47,0,31169,50688,1
5299,A,600000,600000,2,28,1,127355,40755,1
5300,A,500000,500000,3,25,1,97777,41877,1
5301,A,500000,500000,2,25,1,15770,77310,1
5302,A,1000000,500000,2,57,1,0,180000,1
5303,A,600000,600000,2,29,0,635,179290,1
5304,A,1000000,300000,6,32,1,168356,39660,1
5305,A,400000,400000,2,29,0,0,20691,1
5306,A,1000000,1000000,2,50,1,38616,32490,1
5307,A,1000000,1000000,3,42,0,0,55476,1
5308,A,600000,600000,2,47,1,3774,83160,1
5309,A,600000,600000,2,31,1,26281,89097,1
5310,A,500000,300000,10,29,1,48345,31083,1
5311,A,500000,500000,2,42,1,64375,25180,1
5312,A,1000000,400000,7,65,1,18547,13152,1
5313,A,700000,700000,2,29,1,389131,29403,1
5314,A,200000,200000,2,42,1,71488,95789,1
5315,A,1000000,1000000,2,43,1,52797,143260,1
5316,A,700000,700000,2,25,1,36889,56025,1
5317,A,700000,300000,4,64,1,6344,62548,1
5318,A,600000,600000,1,38,1,0,104832,1
5319,A,500000,500000,5,29,1,14630,247851,1
5320,A,1000000,1000000,2,28,1,11495,116070,1
5321,A,400000,400000,2,25,1,5352,22156,1
5322,A,1000000,1000000,2,26,1,49468,5394,1
5323,A,500000,500000,7,27,1,101652,72450,1
5324,A,200000,200000,2,40,1,131746,70012,1
5325,A,700000,700000,2,26,1,67960,111183,1
5326,A,700000,700000,2,23,1,83444,5938,1
5327,A,1000000,1000000,2,30,1,7126,28544,1
5328,A,200000,200000,5,36,1,68254,70110,1
5329,A,1000000,1000000,3,41,1,0,41670,1
5330,A,500000,300000,7,49,1,62291,40590,1
5331,A,1000000,1000000,2,28,1,12350,26280,1
5332,A,400000,400000,2,22,0,120276,39312,1
5333,A,700000,700000,2,37,1,107491,58500,1
5334,A,600000,300000,6,22,1,0,7227,1
5335,A,700000,700000,2,34,1,116184,26069,1
5336,A,1000000,1000000,2,41,1,33048,72468,1
5337,A,1000000,300000,7,64,1,0,41481,1
5338,A,700000,300000,7,59,1,255608,113940,1
5339,A,700000,300000,7,51,1,6890,34740,1
5340,B,1000000,300000,4,53,1,0,46530,1
5341,A,1000000,300000,6,23,0,31356,2958,1
5342,A,700000,300000,6,26,0,1977,27216,1
5343,A,1000000,1000000,2,54,1,27945,59326,1
5344,A,400000,400000,2,52,0,27780,71280,1
5345,A,600000,600000,5,37,1,0,72529,1
5346,A,1000000,1000000,3,44,0,49324,53019,1
5347,A,1000000,1000000,2,41,0,157355,44532,1
5348,A,500000,500000,2,32,1,90060,67925,1
5349,A,1000000,1000000,2,43,0,48949,106239,1
5350,A,1000000,300000,7,61,1,225926,92745,1
5351,A,700000,700000,4,40,1,,78300,1
5352,A,1000000,1000000,2,40,1,30305,176283,1
5353,A,1000000,1000000,6,23,1,0,149355,1
5354,A,200000,200000,2,28,1,30338,42642,1
5355,A,1000000,1000000,2,36,1,69301,89890,1
5356,A,700000,700000,4,46,1,127607,71901,1
5357,A,700000,300000,6,25,0,,52560,1
5358,A,300000,300000,5,43,1,5146,92070,1
5359,A,600000,300000,4,62,1,22990,54450,1
5360,A,700000,300000,6,24,1,11632,38997,1
5361,A,500000,300000,6,25,1,42188,1797,1
5362,A,1000000,1000000,3,26,1,5058,56097,1
5363,A,600000,600000,2,24,1,16147,34519,1
5364,A,400000,400000,7,52,1,7641,59204,1
5365,A,1000000,1000000,1,58,1,81709,35640,1
5366,A,700000,700000,2,36,1,136607,36720,1
5367,A,200000,200000,7,24,1,0,24075,1
5368,A,400000,300000,6,21,1,5703,42156,1
5369,R,700000,700000,3,30,1,0,44550,1
5370,A,200000,200000,6,23,0,118050,61470,1
5371,A,1000000,300000,7,54,1,111150,33057,1
5372,A,1000000,1000000,2,35,1,79057,42297,1
5373,A,1000000,1000000,2,55,0,18651,82754,1
5374,A,1000000,1000000,2,38,0,7832,9900,1
5375,A,400000,400000,2,40,1,2530,19940,1
5376,A,600000,600000,7,40,1,4389,8802,1
5377,A,600000,600000,2,25,1,15195,7803,1
5378,A,400000,400000,10,24,1,0,142085,1
5379,A,300000,300000,11,41,1,35019,34427,1
5380,A,700000,700000,2,39,1,78555,135558,1
5381,A,600000,600000,2,36,1,39978,18004,1
5382,R,400000,400000,5,45,1,69682,16135,1
5383,A,1000000,1000000,2,41,1,249630,84240,1
5384,A,500000,300000,4,50,1,8417,21742,1
5385,A,1000000,500000,4,73,1,169963,13570,1
5386,A,1000000,1000000,2,27,0,,85086,1
5387,A,1000000,1000000,2,32,1,0,154440,1
5388,A,500000,500000,2,37,1,10824,28200,1
5389,A,1000000,1000000,5,48,1,1676,2867,1
5390,A,1000000,300000,4,58,1,206148,90872,1
5391,A,1000000,800000,7,48,1,26970,46395,1
5392,A,1000000,1000000,3,40,1,154596,146092,1
5393,A,500000,500000,2,27,1,97828,23588,1
5394,A,1000000,1000000,2,31,1,9323,59546,1
5395,A,600000,600000,8,67,0,1311,26507,1
5396,A,1000000,300000,7,52,1,0,50580,1
5397,A,700000,700000,2,24,1,109020,150480,1
5398,A,600000,600000,3,25,0,15957,96219,1
5399,R,1000000,1000000,2,32,1,34000,148482,1
5400,A,1000000,1000000,2,51,1,41250,76230,1
5401,A,600000,600000,2,37,1,146571,15443,1
5402,A,1000000,1000000,2,54,1,22496,783,1
5403,A,600000,600000,2,46,1,67320,58410,1
5404,A,500000,500000,2,33,1,60620,34149,1
5405,A,600000,600000,2,42,1,537334,166946,1
5406,A,1000000,300000,7,54,1,1390,882,1
5407,A,1000000,1000000,2,49,1,0,49689,1
5408,A,300000,300000,7,24,1,524,67878,1
5409,A,1000000,1000000,2,56,1,21736,25830,1
5410,A,600000,600000,2,29,0,571521,103050,1
5411,A,1000000,700000,8,71,1,37478,3222,1
5412,A,1000000,1000000,2,49,1,0,131018,1
5413,A,600000,600000,2,27,1,56060,84144,1
5414,A,600000,600000,2,29,1,0,13383,1
5415,R,700000,700000,2,40,1,391935,161707,1
5416,R,700000,700000,2,35,1,34732,26556,1
5417,A,1000000,1000000,3,49,1,0,80415,1
5418,A,700000,700000,2,28,1,47857,8721,1
5419,A,1000000,1000000,7,57,1,22600,12033,1
5420,A,1000000,1000000,2,65,1,0,29304,1
5421,A,100000,100000,3,53,1,24516,86226,1
5422,A,500000,500000,2,25,1,179520,3459,1
5423,A,600000,600000,12,52,1,58139,38700,1
5424,A,1000000,1000000,2,32,1,75490,42960,1
5425,A,700000,700000,2,31,1,151436,45018,1
5426,A,1000000,1000000,2,49,1,32210,54540,1
5427,A,1000000,300000,4,49,1,7002,23940,1
5428,B,700000,700000,2,49,1,16199,0,1
5429,A,1000000,1000000,2,47,1,3200,18810,1
5430,A,600000,600000,1,35,0,176981,88039,1
5431,A,700000,700000,2,27,1,105045,27216,1
5432,A,500000,500000,2,28,1,24379,68232,1
5433,A,500000,500000,2,33,0,306007,144630,1
5434,A,600000,600000,4,43,1,19138,85374,1
5435,A,1000000,1000000,1,50,0,443684,135630,1
5436,R,1000000,300000,7,52,1,47840,80883,1
5437,A,700000,300000,7,53,1,23597,71370,1
5438,A,700000,700000,2,46,1,10973,34740,1
5439,R,600000,600000,2,32,0,,59400,1
5440,A,700000,700000,2,23,1,265404,28211,1
5441,A,1000000,1000000,2,38,0,60990,132750,1
5442,A,1000000,1000000,2,58,1,76754,5722,1
5443,A,700000,700000,2,44,1,24921,56290,1
5444,A,700000,700000,2,61,1,1814,156510,1
5445,A,1000000,1000000,2,34,1,1489,32836,1
5446,A,1000000,1000000,2,51,1,0,44640,1
5447,A,1000000,1000000,2,30,1,0,87181,1
5448,A,700000,700000,2,26,1,18043,12545,1
5449,A,1000000,1000000,2,38,1,0,60570,1
5450,A,600000,600000,2,48,1,59393,88605,1
5451,A,700000,700000,2,33,0,40405,122850,1
5452,A,1000000,1000000,2,25,1,187813,10386,1
5453,R,1000000,1000000,2,38,1,16778,7821,1
5454,A,700000,700000,2,23,0,65243,37710,1
5455,A,700000,700000,7,56,1,28215,60229,1
5456,A,600000,600000,2,24,0,144944,15444,1
5457,A,1000000,1000000,2,42,0,15153,75519,1
5458,A,700000,700000,2,25,1,31976,12303,1
5459,B,600000,600000,2,25,1,481372,132462,1
5460,A,1000000,1000000,2,38,1,49222,42750,1
5461,A,1000000,1000000,2,32,1,31971,19008,1
5462,A,600000,600000,2,31,1,29556,219933,1
5463,A,700000,700000,2,30,0,0,75330,1
5464,A,700000,700000,2,32,1,0,27810,1
5465,A,700000,700000,2,31,1,0,30952,1
5466,A,700000,700000,2,26,1,122701,30690,1
5467,A,700000,700000,2,46,1,187421,22860,1
5468,A,600000,300000,6,24,1,288214,81207,1
5469,A,600000,600000,7,35,1,19513,17910,1
5470,A,500000,500000,2,27,1,0,42660,1
5471,A,500000,500000,2,24,1,11340,9000,1
5472,A,1000000,1000000,2,27,1,46388,58500,1
5473,A,700000,700000,2,33,1,0,2142,1
5474,A,400000,300000,7,48,1,104052,81567,1
5475,A,1000000,800000,2,45,1,32008,20008,1
5476,A,200000,200000,3,28,0,0,98100,1
5477,A,1000000,1000000,2,32,1,23428,39600,1
5478,A,600000,300000,7,61,1,38701,36720,1
5479,A,1000000,1000000,2,46,0,894,45630,1
5480,A,500000,500000,11,51,1,3840,178290,1
5481,A,700000,700000,10,40,1,254259,175617,1
5482,A,600000,600000,2,26,1,15153,195216,1
5483,A,1000000,1000000,3,53,1,20948,75330,1
5484,A,500000,500000,2,35,0,868,76320,1
5485,A,1000000,1000000,2,32,1,0,90180,1
5486,A,600000,300000,6,22,1,0,59721,1
5487,A,500000,500000,4,48,1,413607,36652,1
5488,A,1000000,1000000,2,39,1,14609,73845,1
5489,A,700000,700000,2,32,1,68153,104679,1
5490,A,700000,700000,2,24,1,8033,26820,1
5491,A,1000000,1000000,5,48,1,0,91979,1
5492,A,1000000,600000,2,59,1,68089,55935,1
5493,A,200000,200000,7,29,1,40480,63661,1
5494,A,600000,600000,8,73,0,0,59490,1
5495,A,500000,300000,6,22,1,30334,11610,1
5496,A,700000,700000,2,24,1,0,41634,1
5497,A,700000,300000,7,55,1,82695,109692,1
5498,A,500000,500000,2,27,1,7907,16434,1
5499,A,700000,700000,2,35,1,63000,61470,1
5500,A,1000000,300000,7,65,1,28979,175320,1
5501,A,700000,700000,2,26,0,113732,38449,1
5502,A,1000000,1000000,2,66,1,8866,107938,1
5503,A,700000,700000,2,30,0,31852,113850,1
5504,A,300000,300000,6,20,1,0,3960,1
5505,A,1000000,300000,3,50,1,0,31012,1
5506,A,600000,600000,2,31,1,9902,73886,1
5507,A,500000,500000,2,26,1,8828,43988,1
5508,A,600000,600000,2,37,1,11430,1872,1
5509,A,1000000,1000000,2,36,1,17860,43650,1
5510,A,1000000,900000,7,49,1,84597,74250,1
5511,A,600000,600000,10,28,1,105961,43141,1
5512,A,600000,600000,2,32,1,112851,63242,1
5513,A,1000000,1000000,2,35,1,38244,66084,1
5514,A,600000,600000,2,24,1,3400,55440,1
5515,A,1000000,1000000,2,30,1,10260,58005,1
5516,A,700000,700000,2,26,0,30000,80393,1
5517,A,1000000,1000000,2,46,0,55291,53082,1
5518,A,600000,600000,10,29,0,10708,166320,1
5519,A,1000000,300000,7,45,1,5662,77112,1
5520,A,1000000,1000000,2,36,1,0,97506,1
5521,A,1000000,1000000,2,40,1,5669,61225,1
5522,A,1000000,1000000,2,44,1,33876,28481,1
5523,A,700000,700000,4,53,1,0,139680,1
5524,A,600000,600000,2,25,0,123621,58389,1
5525,A,700000,700000,2,30,1,32520,43650,1
5526,A,600000,600000,2,24,1,70035,4950,1
5527,A,700000,700000,2,40,0,376291,116415,1
5528,A,1000000,1000000,2,26,0,7185,34740,1
5529,A,1000000,1000000,3,26,1,106651,40590,1
5530,A,1000000,1000000,2,33,1,67524,48510,1
5531,A,1000000,1000000,4,46,1,15755,169650,1
5532,A,1000000,300000,4,49,1,29260,23850,1
5533,A,700000,700000,2,44,0,350125,96120,1
5534,A,700000,700000,3,32,0,46873,177300,1
5535,A,500000,500000,2,34,0,0,76320,1
5536,A,1000000,1000000,2,32,0,70129,10593,1
5537,A,400000,400000,2,30,1,110052,88750,1
5538,A,1000000,1000000,2,33,0,0,73350,1
5539,A,1000000,1000000,2,54,1,0,54540,1
5540,A,700000,700000,4,54,1,187155,14822,1
5541,A,1000000,1000000,2,48,0,50996,52560,1
5542,A,500000,500000,2,23,1,40281,82691,1
5543,A,1000000,1000000,2,51,1,0,75132,1
5544,A,600000,600000,1,35,1,67116,165420,1
5545,A,1000000,300000,7,61,1,159324,2844,1
5546,A,1000000,1000000,2,49,1,31511,68310,1
5547,A,500000,500000,2,27,1,24798,40086,1
5548,A,1000000,1000000,4,39,1,39455,58410,1
5549,A,1000000,1000000,2,38,1,0,149580,1
5550,A,1000000,300000,7,54,1,1454,94770,1
5551,A,300000,300000,5,38,1,83423,855,1
5552,A,1000000,1000000,2,31,1,0,60480,1
5553,A,1000000,1000000,2,42,1,12540,38610,1
5554,B,400000,300000,6,24,1,15104,19950,1
5555,A,600000,600000,5,41,1,14441,44778,1
5556,A,1000000,1000000,2,63,0,6584,11673,1
5557,B,700000,700000,2,46,1,6099,33147,1
5558,A,700000,700000,2,32,1,0,50580,1
5559,A,700000,700000,3,29,1,34263,54615,1
5560,A,1000000,1000000,2,55,1,0,85725,1
5561,A,200000,200000,6,22,1,29961,29980,1
5562,A,1000000,1000000,3,33,1,47657,8802,1
5563,A,1000000,300000,4,56,1,26518,156510,1
5564,A,1000000,1000000,2,61,0,16200,111177,1
5565,A,200000,200000,6,21,0,125282,1233,1
5566,A,1000000,1000000,2,50,1,14733,57510,1
5567,A,1000000,1000000,2,39,1,91813,31632,1
5568,A,1000000,1000000,2,33,1,57010,63450,1
5569,A,500000,500000,2,30,1,48063,52035,1
5570,A,700000,700000,2,43,1,12901,41682,1
5571,A,500000,500000,2,32,1,384936,144630,1
5572,A,700000,700000,2,28,1,107203,21582,1
5573,A,700000,300000,4,45,1,0,115920,1
5574,B,600000,600000,2,26,1,182540,45910,1
5575,A,1000000,1000000,2,37,1,12719,78336,1
5576,A,700000,700000,1,44,1,0,179280,1
5577,A,700000,700000,2,34,1,16958,6465,1
5578,A,500000,500000,2,25,1,76746,6336,1
5579,A,500000,500000,2,43,1,18220,17280,1
5580,A,200000,200000,7,46,1,2518,60480,1
5581,A,200000,200000,2,41,1,12179,100476,1
5582,B,700000,700000,4,71,1,0,72270,1
5583,A,1000000,300000,4,61,1,45667,9900,1
5584,A,700000,700000,2,30,1,14975,147575,1
5585,A,700000,700000,2,40,1,8638,10980,1
5586,A,700000,700000,2,40,1,3037,10980,1
5587,A,500000,500000,2,26,1,58511,34740,1
5588,A,700000,700000,4,58,1,4000,37710,1
5589,A,1000000,1000000,2,43,1,26000,66915,1
5590,A,700000,700000,4,58,1,3059,75042,1
5591,A,1000000,1000000,2,28,0,73150,65741,1
5592,A,600000,300000,6,23,1,54497,32514,1
5593,A,1000000,1000000,5,46,1,75301,56520,1
5594,A,1000000,1000000,3,25,1,66494,24867,1
5595,A,700000,700000,2,44,1,31117,184797,1
5596,B,400000,400000,7,33,1,192313,50490,1
5597,A,200000,200000,6,20,1,78186,13950,1
5598,A,1000000,1000000,2,25,0,2000,116910,1
5599,A,500000,500000,10,55,1,309964,12944,1
5600,A,700000,700000,2,25,1,21097,5373,1
5601,A,1000000,1000000,2,44,0,0,16335,1
5602,R,700000,700000,2,27,1,37937,109534,1
5603,A,700000,700000,2,47,1,57493,82170,1
5604,A,500000,500000,2,39,1,67520,51511,1
5605,A,1000000,300000,7,56,1,41715,23193,1
5606,A,700000,700000,2,38,1,8653,78300,1
5607,A,600000,600000,2,28,1,150816,35640,1
5608,A,500000,300000,13,43,1,21496,33960,1
5609,A,500000,300000,7,38,1,12320,25508,1
5610,A,600000,300000,7,44,1,3429,29700,1
5611,A,400000,400000,2,27,1,1943277,1311,1
5612,A,1000000,1000000,4,49,1,27004,40680,1
5613,A,600000,600000,5,48,1,23395,61965,1
5614,A,700000,700000,2,45,1,8360,2070,1
5615,A,1000000,1000000,2,57,1,140803,95355,1
5616,A,400000,400000,2,33,1,9747,3725,1
5617,A,1000000,1000000,1,34,1,36660,179775,1
5618,A,700000,700000,2,32,1,12750,56970,1
5619,A,200000,200000,2,26,1,63674,31662,1
5620,A,600000,600000,5,41,1,0,77310,1
5621,A,1000000,1000000,2,30,1,3031,91233,1
5622,A,400000,400000,2,24,1,5320,22554,1
5623,A,700000,700000,8,66,1,0,261,1
5624,A,600000,600000,5,29,1,19953,26820,1
5625,A,700000,300000,13,30,1,0,49970,1
5626,A,600000,300000,6,23,1,5000,21420,1
5627,A,1000000,300000,8,73,0,6270,8010,1
5628,A,700000,700000,2,42,1,26376,35477,1
5629,A,700000,700000,2,29,0,6615,10545,1
5630,A,1000000,1000000,2,48,1,123439,102951,1
5631,A,600000,600000,5,46,0,66631,18801,1
5632,A,600000,600000,2,26,1,7191,55480,1
5633,A,1000000,1000000,4,63,1,30054,44702,1
5634,A,500000,500000,7,25,1,78990,793,1
5635,A,400000,300000,6,20,1,71625,14725,1
5636,A,300000,300000,6,21,1,28594,13576,1
5637,A,1000000,300000,7,63,1,63063,89916,1
5638,A,400000,400000,2,26,1,51223,16897,1
5639,A,400000,400000,5,31,1,2770090,183711,1
5640,A,1000000,1000000,2,40,1,51550,26824,1
5641,A,700000,700000,3,57,0,0,6188,1
5642,A,600000,600000,4,56,1,113835,1938,1
5643,A,300000,300000,2,22,1,145972,31974,1
5644,A,600000,600000,8,73,1,44309,4484,1
5645,A,500000,500000,2,22,1,28483,26167,1
5646,A,600000,300000,6,23,1,10110,12269,1
5647,A,200000,200000,6,20,1,171093,36261,1
5648,A,200000,200000,2,23,1,309331,16901,1
5649,A,700000,700000,2,24,1,20550,18900,1
5650,A,500000,300000,4,43,1,42317,86779,1
5651,A,700000,300000,4,51,1,0,22711,1
5652,A,600000,300000,4,52,1,110027,7920,1
5653,A,700000,700000,4,45,1,62026,16695,1
5654,R,500000,300000,11,26,1,11997,49267,1
5655,R,500000,500000,2,25,1,48015,44419,1
5656,A,200000,200000,6,19,1,4964,11970,1
5657,A,700000,300000,7,34,1,5574,2772,1
5658,A,1000000,300000,4,65,1,2713,1349,1
5659,A,600000,600000,2,31,1,21357,0,1
5660,A,1000000,1000000,2,45,1,12027,14802,1
5661,A,600000,300000,6,23,1,31276,17860,1
5662,A,500000,300000,7,31,1,63207,5396,1
5663,A,700000,700000,2,26,1,18159,4286,1
5664,A,600000,300000,7,49,1,13443,7876,1
5665,A,700000,300000,7,53,1,69502,80851,1
5666,A,1000000,1000000,2,60,1,1320,32615,1
5667,A,600000,300000,6,23,1,173712,5275,1
5668,A,500000,500000,2,25,1,26411,27216,1
5669,B,700000,300000,4,36,1,20900,34903,1
5670,A,700000,700000,2,39,0,49241,1634,1
5671,A,600000,600000,2,22,1,10451,34641,1
5672,A,200000,200000,6,23,1,23995,36531,1
5673,A,200000,200000,2,24,1,153415,45887,1
5674,A,1000000,1000000,2,38,1,314,28881,1
5675,A,700000,700000,3,25,1,9174,40201,1
5676,A,700000,300000,4,46,1,13167,25572,1
5677,A,200000,200000,6,21,1,0,18540,1
5678,A,200000,200000,2,26,1,30476,11286,1
5679,A,1000000,300000,4,59,1,19419,30393,1
5680,A,500000,300000,6,20,1,0,0,1
5681,A,500000,500000,3,44,1,0,15219,1
5682,A,700000,700000,2,30,0,2090,43011,1
5683,A,600000,600000,2,24,1,548714,43444,1
5684,A,600000,600000,2,29,1,0,31711,1
5685,A,200000,200000,6,20,1,196030,82932,1
5686,A,500000,500000,4,45,1,96554,18630,1
5687,A,600000,300000,2,24,1,0,27621,1
5688,A,1000000,1000000,4,53,1,0,86040,1
5689,A,700000,700000,2,34,1,3762,7167,1
5690,A,1000000,1000000,3,29,1,5101,18900,1
5691,A,500000,500000,2,29,1,13585,20340,1
5692,A,200000,200000,2,27,1,8127,12465,1
5693,A,700000,700000,2,32,1,4598,29970,1
5694,A,500000,500000,5,36,1,4651,2657,1
5695,A,700000,700000,2,27,1,1990,53431,1
5696,A,1000000,1000000,2,36,1,0,423,1
5697,A,1000000,1000000,4,54,1,0,10803,1
5698,A,1000000,300000,6,27,1,550905,169214,1
5699,A,700000,300000,4,52,1,73166,81130,1
5700,A,700000,700000,2,27,0,46642,45954,1
5701,A,1000000,1000000,2,72,1,3680,161370,1
5702,A,1000000,1000000,12,52,1,20751,130410,1
5703,A,200000,200000,2,25,1,27664,11862,1
5704,A,700000,700000,2,47,1,75037,140580,1
5705,A,700000,700000,2,40,1,524,81669,1
5706,A,700000,700000,2,40,1,390670,81669,1
5707,A,700000,700000,2,32,1,18471,77481,1
5708,A,700000,700000,2,31,1,5853,4449,1
5709,A,1000000,300000,4,50,1,50010,16948,1
5710,A,600000,500000,2,25,1,19965,37193,1
5711,A,600000,400000,2,27,1,10799,3909,1
5712,A,1000000,1000000,5,47,0,124766,26057,1
5713,A,200000,200000,6,22,1,7358,6641,1
5714,A,1000000,1000000,2,38,1,2613,6750,1
5715,A,500000,500000,2,34,1,54845,25227,1
5716,A,600000,600000,2,37,1,21898,78300,1
5717,A,600000,300000,6,22,1,55931,30714,1
5718,A,1000000,1000000,2,33,0,3500,61200,1
5719,A,700000,700000,2,33,1,434974,43983,1
5720,A,1000000,1000000,1,61,1,0,73036,1
5721,A,500000,500000,2,24,1,17289,4836,1
5722,A,500000,500000,2,24,1,50073,22710,1
5723,A,1000000,1000000,2,57,0,42534,21327,1
5724,A,1000000,1000000,2,47,1,8778,7020,1
5725,A,600000,600000,2,37,0,42295,83162,1
5726,A,500000,500000,2,34,1,0,135000,1
5727,A,700000,700000,1,58,0,15000,160350,1
5728,A,600000,600000,7,29,1,168094,19355,1
5729,A,1000000,1000000,2,34,1,12692,30384,1
5730,A,1000000,1000000,2,33,0,13210,24335,1
5731,A,400000,400000,2,26,1,38104,28520,1
5732,A,1000000,1000000,3,46,1,160405,180000,1
5733,A,700000,700000,2,44,1,95613,38142,1
5734,A,600000,600000,7,25,1,29875,69270,1
5735,A,600000,600000,2,26,1,1150,33453,1
5736,A,1000000,300000,7,59,1,0,18039,1
5737,A,1000000,1000000,3,25,1,110832,9918,1
5738,A,700000,700000,2,26,1,573,53986,1
5739,A,500000,500000,2,27,1,50374,38693,1
5740,A,600000,600000,2,39,1,0,17731,1
5741,A,1000000,1000000,2,32,1,108258,37455,1
5742,A,600000,600000,2,24,1,28310,2708,1
5743,A,1000000,1000000,2,52,0,143700,731,1
5744,A,1000000,1000000,2,28,1,141913,42390,1
5745,A,700000,700000,2,28,1,19381,35181,1
5746,A,400000,400000,2,28,1,52557,60039,1
5747,A,600000,600000,2,33,1,14239,35037,1
5748,A,600000,600000,2,31,1,113850,31648,1
5749,A,700000,700000,2,24,1,5985,47655,1
5750,A,500000,500000,2,24,1,13896,12960,1
5751,A,600000,600000,2,26,0,91656,10890,1
5752,A,600000,600000,2,25,1,31189,15957,1
5753,A,1000000,300000,2,29,1,0,931,1
5754,A,1000000,1000000,2,36,1,81510,38238,1
5755,A,1000000,1000000,2,29,1,0,84594,1
5756,A,1000000,1000000,2,29,1,218696,84594,1
5757,A,1000000,1000000,2,47,1,13018,59073,1
5758,A,400000,400000,2,24,1,23996,50950,1
5759,A,700000,700000,2,30,1,18550,23235,1
5760,A,500000,500000,2,34,1,25893,18402,1
5761,A,200000,200000,7,24,1,14658,4182,1
5762,A,400000,400000,2,25,1,43346,26199,1
5763,A,600000,600000,2,31,0,410156,96402,1
5764,A,700000,500000,2,25,1,2209,21062,1
5765,A,200000,200000,8,55,1,0,81774,1
5766,A,700000,300000,4,47,1,0,85023,1
5767,A,1000000,300000,7,44,1,17494,38601,1
5768,A,1000000,1000000,2,35,1,131400,110970,1
5769,A,1000000,300000,7,55,1,18472,18513,1
5770,A,600000,600000,2,25,1,7592,3905,1
5771,A,1000000,1000000,2,33,0,70915,7587,1
5772,A,500000,300000,4,49,1,19736,51211,1
5773,A,700000,300000,7,63,1,11940,18108,1
5774,A,1000000,1000000,7,54,1,1416,7505,1
5775,A,200000,200000,6,20,1,70500,27261,1
5776,A,200000,200000,6,22,1,32497,77129,1
5777,A,200000,200000,2,24,1,32553,37652,1
5778,A,400000,300000,6,23,1,38336,101565,1
5779,A,1000000,300000,7,53,1,132810,180000,1
5780,A,200000,200000,6,21,1,56786,42356,1
5781,A,500000,500000,2,24,1,174456,18846,1
5782,A,600000,300000,6,24,1,0,30582,1
5783,A,700000,700000,2,40,1,5022,22885,1
5784,A,1000000,300000,12,64,1,17099,48843,1
5785,A,400000,400000,2,26,1,20811,61495,1
5786,A,600000,600000,1,58,0,31046,19107,1
5787,A,500000,500000,2,25,1,35837,4019,1
5788,A,1000000,1000000,2,27,1,42334,44640,1
5789,A,200000,200000,6,22,1,94450,15615,1
5790,A,500000,300000,6,22,1,73960,11161,1
5791,A,700000,700000,2,22,1,70187,23131,1
5792,A,500000,300000,7,49,1,168011,66024,1
5793,A,600000,600000,2,24,1,11442,4650,1
5794,A,700000,700000,2,25,1,33777,19566,1
5795,A,1000000,300000,4,60,1,7392,561,1
5796,A,600000,300000,4,65,1,0,9000,1
5797,A,600000,300000,6,22,1,93509,8941,1
5798,A,1000000,1000000,4,50,1,25164,48577,1
5799,A,1000000,500000,12,59,1,41533,57510,1
5800,A,500000,300000,6,21,1,12887,40932,1
5801,A,1000000,1000000,2,35,1,19000,47803,1
5802,A,600000,600000,10,33,1,22000,180000,1
5803,A,500000,500000,7,28,1,11508,35574,1
5804,A,1000000,300000,7,55,1,1681,14940,1
5805,A,300000,300000,6,21,1,207741,75708,1
5806,A,1000000,1000000,4,55,1,10493,45334,1
5807,A,600000,600000,2,29,1,13528,23760,1
5808,A,1000000,300000,4,54,1,12249,20484,1
5809,A,600000,600000,2,55,1,61158,69153,1
5810,A,700000,700000,2,31,1,81959,22770,1
5811,A,1000000,300000,2,29,1,523868,39303,1
5812,A,700000,300000,4,47,1,1474,38700,1
5813,A,400000,300000,4,48,1,97675,18103,1
5814,A,200000,200000,6,21,1,5368,2892,1
5815,A,500000,500000,12,41,1,66958,76320,1
5816,A,1000000,1000000,2,32,1,14484,32015,1
5817,A,700000,700000,2,24,1,14558,34614,1
5818,A,400000,300000,10,26,1,133899,30472,1
5819,A,700000,700000,2,58,1,41544,79670,1
5820,A,700000,700000,2,24,1,2186,17470,1
5821,A,200000,200000,7,25,1,17296,11808,1
5822,A,700000,700000,2,40,1,19451,61866,1
5823,R,1000000,1000000,2,37,1,111528,18176,1
5824,A,1000000,1000000,2,46,1,147479,42165,1
5825,R,1000000,1000000,4,59,1,18810,172572,1
5826,A,200000,200000,4,50,1,150114,40047,1
5827,A,1000000,1000000,2,29,1,25308,32067,1
5828,A,500000,300000,7,40,1,6289,197462,1
5829,A,600000,300000,6,22,1,5415,18405,1
5830,A,700000,700000,1,58,1,237864,44055,1
5831,A,500000,500000,2,25,1,19825,48816,1
5832,A,400000,300000,6,21,1,24912,5040,1
5833,A,400000,400000,2,41,1,59148,36632,1
5834,A,400000,300000,6,20,1,10383,5391,1
5835,A,700000,700000,2,34,1,232090,52353,1
5836,A,500000,300000,6,21,1,9064,39175,1
5837,A,400000,400000,5,30,1,88715,38254,1
5838,A,1000000,1000000,2,42,0,4981,33013,1
5839,A,1000000,1000000,2,28,1,21841,13752,1
5840,A,600000,300000,7,55,1,0,56700,1
5841,A,500000,500000,5,39,0,17870,64449,1
5842,A,500000,300000,11,31,1,28842,13684,1
5843,B,500000,500000,2,27,1,14187,26043,1
5844,A,600000,600000,2,41,0,9852,180000,1
5845,A,500000,500000,2,41,1,376140,0,1
5846,A,500000,500000,2,26,1,21566,38453,1
5847,A,700000,300000,6,24,1,69706,0,1
5848,A,600000,600000,2,26,1,112078,13769,1
5849,A,700000,700000,2,25,1,122625,97872,1
5850,A,600000,300000,6,22,0,0,6228,1
5851,A,200000,200000,2,26,1,89670,28206,1
5852,A,400000,300000,6,21,1,1568,29375,1
5853,A,500000,500000,2,25,1,80995,49621,1
5854,A,500000,500000,2,33,1,,70011,1
5855,A,200000,200000,6,21,1,33078,30330,1
5856,A,700000,700000,2,29,1,494,43272,1
5857,A,700000,700000,3,24,1,32709,55283,1
5858,B,600000,300000,6,25,1,277740,32220,1
5859,B,1000000,1000000,2,35,1,9258,73229,1
5860,A,500000,300000,2,22,1,3068,7920,1
5861,A,700000,700000,2,60,1,169439,34839,1
5862,A,600000,300000,6,22,1,68061,7713,1
5863,A,400000,400000,2,25,1,29255,19872,1
5864,A,700000,700000,2,27,1,51729,19395,1
5865,A,500000,500000,2,24,1,186060,21870,1
5866,A,500000,500000,12,29,1,47766,13219,1
5867,A,700000,300000,5,60,1,0,3814,1
5868,A,700000,300000,4,46,1,25356,15840,1
5869,A,700000,300000,2,23,1,0,61020,1
5870,A,700000,700000,2,42,1,10897,9202,1
5871,A,1000000,500000,2,42,1,6922,32760,1
5872,A,400000,400000,5,35,1,124325,65727,1
5873,A,600000,600000,10,27,0,3200,13059,1
5874,A,1000000,300000,7,62,1,49636,43882,1
5875,A,600000,600000,2,34,0,40442,81455,1
5876,A,1000000,1000000,2,32,1,93463,7148,1
5877,A,500000,300000,7,55,1,162508,30620,1
5878,A,1000000,1000000,4,43,1,28646,9990,1
5879,A,200000,200000,2,24,1,104933,15885,1
5880,A,1000000,1000000,4,38,1,0,25258,1
5881,A,700000,300000,11,24,1,41612,5634,1
5882,A,600000,600000,2,32,1,3544,17734,1
5883,A,600000,600000,5,73,0,218127,36481,1
5884,A,200000,200000,6,21,1,42266,19870,1
5885,A,300000,300000,7,28,1,52541,27414,1
5886,A,700000,700000,2,31,1,16187,21933,1
5887,A,500000,500000,5,58,1,35756,109787,1
5888,A,1000000,1000000,4,38,1,66503,13644,1
5889,A,1000000,1000000,2,50,1,14128,33815,1
5890,B,1000000,1000000,2,27,1,90505,15447,1
5891,A,1000000,300000,2,35,1,1996,34263,1
5892,A,1000000,300000,2,65,1,0,5994,1
5893,A,1000000,1000000,2,33,1,21616,66420,1
5894,A,700000,700000,5,28,1,17450,20092,1
5895,A,1000000,1000000,2,24,1,13299,10485,1
5896,R,600000,600000,2,25,1,,21384,1
5897,A,1000000,1000000,3,38,1,0,6147,1
5898,A,600000,600000,2,30,0,86004,50580,1
5899,A,500000,500000,5,36,1,121827,41986,1
5900,A,1000000,1000000,4,54,1,0,86294,1
5901,A,700000,700000,2,36,1,20719,9990,1
5902,A,500000,400000,7,56,1,8541,39313,1
5903,A,700000,700000,4,62,1,17841,63927,1
5904,A,600000,300000,6,22,1,3951,15950,1
5905,A,400000,300000,6,20,1,41715,13356,1
5906,A,500000,300000,6,22,1,52790,24543,1
5907,A,500000,500000,2,26,1,67144,35357,1
5908,A,500000,500000,2,40,1,10909,73449,1
5909,A,500000,500000,5,34,1,0,24039,1
5910,A,300000,300000,10,63,1,7919,78300,1
5911,A,400000,300000,5,30,1,45903,44871,1
5912,A,500000,500000,2,24,1,32304,65471,1
5913,A,1000000,300000,4,52,1,58967,6030,1
5914,R,500000,500000,3,25,1,88953,57178,1
5915,A,600000,300000,4,43,1,9700,63360,1
5916,A,600000,600000,2,24,1,59610,48643,1
5917,A,600000,600000,2,27,1,1516,30890,1
5918,A,400000,400000,5,50,1,30559,12843,1
5919,A,500000,300000,6,23,1,121878,31329,1
5920,A,600000,600000,2,25,1,23086,33714,1
5921,A,1000000,500000,7,61,1,5018,25030,1
5922,A,200000,200000,6,22,1,77889,9081,1
5923,A,1000000,300000,7,55,1,5830,42907,1
5924,A,700000,700000,10,27,1,34166,43650,1
5925,A,700000,700000,2,29,1,0,14940,1
5926,A,1000000,1000000,3,37,1,12507,85236,1
5927,A,600000,300000,6,22,1,36465,47696,1
5928,A,500000,500000,2,30,1,10221,16920,1
5929,A,700000,300000,8,80,1,0,6939,1
5930,A,500000,300000,7,51,1,519338,4957,1
5931,A,1000000,1000000,2,35,1,42901,62658,1
5932,A,400000,300000,6,24,1,179289,68862,1
5933,A,1000000,1000000,2,29,1,1130,44811,1
5934,A,1000000,1000000,7,52,1,671273,42300,1
5935,A,1000000,1000000,3,52,1,2128,28859,1
5936,A,700000,700000,2,66,0,15843,17793,1
5937,A,500000,300000,6,22,1,38992,11970,1
5938,A,1000000,1000000,2,42,1,,61101,1
5939,A,400000,400000,2,26,1,7733,15851,1
5940,A,700000,700000,7,58,1,125829,48009,1
5941,R,1000000,1000000,2,59,1,192035,26096,1
5942,A,200000,200000,2,24,1,12540,12960,1
5943,A,200000,200000,6,20,1,34343,34804,1
5944,R,1000000,1000000,2,27,1,0,7524,1
5945,A,600000,300000,6,22,1,67745,53577,1
5946,A,400000,400000,2,24,1,6023,15507,1
5947,A,400000,400000,2,23,1,42113,42840,1
5948,A,1000000,1000000,3,26,1,67114,36423,1
5949,A,500000,300000,6,21,1,,288,1
5950,A,400000,400000,2,54,1,16250,21177,1
5951,A,500000,500000,2,29,1,3762,86220,1
5952,A,200000,200000,6,20,1,177886,18630,1
5953,A,200000,200000,2,24,0,126571,0,1
5954,A,400000,400000,2,31,1,9101,18146,1
5955,A,1000000,1000000,2,59,1,19751,44557,1
5956,A,1000000,1000000,2,62,1,17129,46620,1
5957,A,1000000,1000000,2,24,1,23070,13491,1
5958,A,500000,500000,2,24,1,56235,25440,1
5959,A,700000,300000,4,27,1,14787,4194,1
5960,A,400000,400000,2,32,0,156475,62955,1
5961,A,300000,300000,6,20,1,1998,28611,1
5962,A,600000,300000,6,26,1,143704,19940,1
5963,A,600000,600000,2,26,0,35000,59886,1
5964,A,600000,600000,2,29,1,5147,28800,1
5965,A,500000,300000,6,20,1,250456,12465,1
5966,A,300000,300000,2,25,1,1881,46431,1
5967,A,1000000,1000000,2,55,1,26345,15761,1
5968,B,700000,700000,2,29,1,52488,23517,1
5969,A,200000,200000,6,20,1,20303,13761,1
5970,A,1000000,700000,3,55,1,2917,5216,1
5971,A,600000,600000,3,30,1,32870,12164,1
5972,A,1000000,1000000,2,33,1,61094,26270,1
5973,A,200000,200000,6,19,1,1782,49433,1
5974,A,700000,300000,6,23,1,155229,8316,1
5975,A,1000000,300000,7,57,1,33222,15840,1
5976,A,700000,700000,2,26,1,22990,22077,1
5977,R,1000000,900000,7,53,1,22464,56136,1
5978,A,500000,500000,2,24,1,10346,0,1
5979,A,300000,300000,12,26,1,21733,15732,1
5980,A,700000,700000,2,28,1,65743,43970,1
5981,A,500000,500000,2,44,1,2894,19890,1
5982,A,600000,600000,1,38,0,285395,14544,1
5983,A,1000000,1000000,2,51,0,953,168102,1
5984,A,600000,600000,1,43,1,91730,73474,1
5985,A,700000,700000,3,27,1,0,39789,1
5986,A,500000,500000,8,50,1,94641,9425,1
5987,A,1000000,1000000,4,49,1,80889,34598,1
5988,A,500000,300000,6,21,1,9663,4089,1
5989,A,1000000,600000,7,28,1,34118,128615,1
5990,A,1000000,1000000,2,50,1,0,8208,1
5991,A,500000,300000,6,22,1,28158,11486,1
5992,A,600000,300000,4,54,1,68135,48882,1
5993,A,1000000,900000,7,64,1,4768,33022,1
5994,A,700000,700000,2,27,1,54257,22041,1
5995,A,600000,300000,6,23,1,15654,8190,1
5996,A,300000,300000,2,37,1,22382,27403,1
5997,A,700000,300000,7,56,1,32623,18801,1
5998,A,1000000,1000000,4,47,1,54056,17148,1
5999,A,700000,500000,7,63,1,7255,140670,1
6000,A,700000,300000,4,31,1,118578,5760,1
6001,A,600000,600000,2,25,1,75011,33255,1
6002,A,700000,700000,2,28,1,38809,84766,1
6003,R,200000,200000,2,37,1,33343,44332,1
6004,A,500000,300000,6,22,1,158114,10841,1
6005,A,600000,600000,2,25,1,39813,22959,1
6006,A,200000,200000,6,22,1,7230,66429,1
6007,A,1000000,1000000,2,44,1,34028,25459,1
6008,A,1000000,1000000,2,38,1,0,109395,1
6009,A,200000,200000,2,22,1,10175,14076,1
6010,A,1000000,1000000,2,51,1,3392,14652,1
6011,A,700000,700000,3,30,1,35352,16243,1
6012,A,500000,300000,7,27,1,31356,19718,1
6013,A,600000,300000,6,22,1,6721,1530,1
6014,A,1000000,300000,7,53,1,7110,94050,1
6015,A,1000000,1000000,2,40,1,11154,19683,1
6016,A,700000,700000,2,25,1,89877,55829,1
6017,A,200000,200000,6,22,1,30880,12636,1
6018,A,600000,600000,2,28,1,6262,125573,1
6019,A,1000000,1000000,2,59,1,14279,115457,1
6020,A,600000,300000,7,27,1,0,9000,1
6021,A,1000000,1000000,2,56,1,3685,8583,1
6022,A,300000,300000,6,21,1,43387,13081,1
6023,A,600000,600000,3,27,1,0,59157,1
6024,A,1000000,300000,7,64,1,0,51183,1
6025,A,300000,300000,6,21,1,79353,6210,1
6026,A,700000,300000,2,25,1,158781,34101,1
6027,A,200000,200000,6,22,1,54622,12861,1
6028,A,700000,700000,2,23,1,20619,55530,1
6029,A,1000000,300000,7,34,1,0,2274,1
6030,A,700000,700000,2,23,1,21109,25394,1
6031,A,500000,300000,6,25,1,31837,24728,1
6032,A,1000000,1000000,2,52,1,13524,73656,1
6033,A,500000,500000,2,24,1,27997,47096,1
6034,A,1000000,1000000,3,46,1,,8991,1
6035,A,600000,600000,3,29,1,21108,15138,1
6036,A,1000000,1000000,2,44,1,45047,61578,1
6037,A,1000000,300000,7,52,1,21891,14134,1
6038,A,600000,600000,2,39,1,47024,11223,1
6039,A,1000000,1000000,2,28,1,56535,58113,1
6040,A,1000000,1000000,2,32,1,0,42137,1
6041,A,1000000,500000,2,54,1,3335,5596,1
6042,A,400000,400000,2,23,1,16519,3159,1
6043,A,700000,700000,2,24,1,5933,39537,1
6044,A,500000,300000,6,26,1,11237,9016,1
6045,A,200000,200000,2,25,1,57115,28800,1
6046,A,600000,300000,7,52,1,8520,18900,1
6047,A,700000,700000,2,33,1,12500,57410,1
6048,A,1000000,1000000,2,41,1,96498,2258,1
6049,A,500000,500000,2,25,1,25812,12960,1
6050,A,1000000,1000000,12,28,1,7315,4491,1
6051,B,200000,200000,2,32,1,39069,11385,1
6052,A,600000,600000,2,24,1,46962,66420,1
6053,A,600000,600000,2,25,1,22750,24289,1
6054,A,700000,400000,2,24,1,2280,12870,1
6055,A,1000000,1000000,2,46,1,0,123543,1
6056,A,400000,400000,2,25,1,11112,16173,1
6057,A,700000,700000,2,51,1,8807,21823,1
6058,A,700000,700000,2,26,1,15520,41607,1
6059,A,1000000,500000,2,54,1,28182,37735,1
6060,A,700000,700000,7,52,1,4703,3960,1
6061,A,300000,300000,6,21,1,32741,23310,1
6062,A,300000,300000,2,26,0,0,88658,1
6063,A,200000,200000,6,21,1,59442,33129,1
6064,A,200000,200000,2,26,1,32918,6740,1
6065,A,1000000,1000000,1,27,1,3762,84384,1
6066,A,1000000,1000000,1,56,1,19296,25456,1
6067,A,1000000,700000,2,70,1,0,22176,1
6068,A,1000000,1000000,2,31,1,11495,29155,1
6069,A,1000000,500000,7,63,1,62539,288,1
6070,A,500000,500000,2,24,1,44462,37251,1
6071,A,1000000,1000000,3,30,0,41688,44689,1
6072,A,1000000,1000000,4,60,1,105399,10526,1
6073,A,1000000,1000000,3,28,1,57227,41895,1
6074,A,600000,300000,6,23,1,131636,23183,1
6075,A,200000,200000,6,21,0,95784,29097,1
6076,A,400000,300000,6,20,1,125498,34820,1
6077,A,1000000,1000000,2,41,1,0,98973,1
6078,A,1000000,300000,7,54,1,0,85610,1
6079,A,200000,200000,2,31,1,268141,48852,1
6080,A,500000,300000,6,23,1,45618,48437,1
6081,A,700000,700000,2,47,1,97125,43587,1
6082,A,700000,700000,2,30,0,58668,57618,1
6083,A,600000,600000,7,28,1,58780,79767,1
6084,A,1000000,300000,6,24,0,20471,22024,1
6085,A,1000000,1000000,2,41,0,108840,170280,1
6086,A,700000,500000,2,46,1,3561,76230,1
6087,A,1000000,1000000,2,28,1,80206,12554,1
6088,R,500000,500000,4,49,1,64098,45792,1
6089,R,600000,300000,4,57,1,78685,74046,1
6090,A,1000000,1000000,2,39,1,88825,34245,1
6091,R,600000,300000,2,47,1,145387,202992,1
6092,A,500000,500000,13,56,1,106706,100081,1
6093,A,1000000,1000000,3,46,1,0,25880,1
6094,A,700000,700000,2,26,1,112310,33611,1
6095,A,1000000,1000000,2,48,1,157154,180000,1
6096,A,600000,600000,2,25,1,48641,36423,1
6097,A,600000,600000,2,25,1,42323,27679,1
6098,A,1000000,1000000,2,45,1,47757,37710,1
6099,A,400000,400000,2,32,0,300494,0,1
6100,A,1000000,1000000,2,28,1,6185,29354,1
6101,A,700000,700000,2,28,1,140019,40788,1
6102,A,500000,500000,2,39,0,17999,20970,1
6103,A,500000,500000,2,29,1,30373,14670,1
6104,A,700000,700000,7,46,1,2946,8514,1
6105,A,1000000,1000000,3,46,1,16035,28809,1
6106,A,400000,400000,2,51,0,397024,180000,1
6107,A,700000,700000,2,27,1,19070,22905,1
6108,A,1000000,1000000,1,64,1,187421,133740,1
6109,A,600000,600000,2,30,1,20012,15930,1
6110,A,1000000,1000000,7,47,1,16204,65727,1
6111,B,600000,600000,2,29,1,34877,89100,1
6112,A,1000000,1000000,2,30,1,378518,1349,1
6113,A,600000,600000,2,29,1,56632,24130,1
6114,R,1000000,1000000,2,47,1,364912,71010,1
6115,A,600000,600000,2,24,1,104210,45600,1
6116,A,500000,500000,7,48,1,114373,58877,1
6117,A,500000,500000,2,25,1,33032,60615,1
6118,A,500000,500000,2,26,1,54360,35577,1
6119,A,400000,400000,2,23,1,25428,22968,1
6120,A,700000,700000,3,29,1,33414,35839,1
6121,A,500000,500000,2,29,0,0,121770,1
6122,A,600000,600000,2,25,1,81883,59717,1
6123,A,1000000,1000000,2,39,1,2812,0,1
6124,A,1000000,1000000,2,26,1,24315,21209,1
6125,A,600000,600000,2,29,1,0,46124,1
6126,A,200000,200000,5,33,1,27876,35747,1
6127,A,600000,600000,2,29,1,15456,16695,1
6128,A,1000000,900000,2,45,1,4560,21254,1
6129,A,1000000,1000000,2,28,1,429801,29981,1
6130,A,600000,600000,2,42,1,90818,75905,1
6131,A,700000,700000,2,47,1,173884,27225,1
6132,A,300000,300000,2,24,1,210522,30685,1
6133,A,600000,600000,2,24,1,0,52916,1
6134,A,1000000,1000000,2,50,1,0,86913,1
6135,A,500000,500000,10,26,1,231578,20786,1
6136,A,500000,300000,6,25,1,78675,43650,1
6137,A,700000,700000,3,28,1,17765,6935,1
6138,A,1000000,1000000,4,51,1,34826,23377,1
6139,A,500000,500000,2,25,1,23094,77340,1
6140,A,700000,700000,1,55,0,7971,8332,1
6141,A,700000,700000,2,49,1,38529,102730,1
6142,A,200000,200000,12,31,1,39189,172260,1
6143,A,1000000,1000000,2,26,1,87491,50589,1
6144,A,1000000,300000,11,29,1,0,32457,1
6145,A,700000,700000,2,30,1,110242,35919,1
6146,A,700000,700000,2,29,1,49720,67401,1
6147,A,400000,400000,2,28,1,0,9396,1
6148,R,600000,600000,2,27,1,50543,43461,1
6149,A,700000,700000,2,31,1,3971,34008,1
6150,A,600000,500000,7,54,1,0,48600,1
6151,A,1000000,400000,2,27,1,0,30168,1
6152,A,1000000,500000,2,42,1,17071,43830,1
6153,A,1000000,1000000,2,48,1,379,111925,1
6154,A,1000000,1000000,3,28,1,109097,85528,1
6155,A,1000000,1000000,5,41,1,0,29990,1
6156,A,1000000,1000000,5,41,1,44262,29990,1
6157,A,1000000,300000,7,46,1,37915,25740,1
6158,A,1000000,1000000,3,42,1,2857,60480,1
6159,A,300000,300000,7,24,1,113207,7859,1
6160,B,700000,700000,2,26,1,50821,36494,1
6161,A,700000,700000,2,27,1,0,12540,1
6162,A,500000,500000,2,26,1,7049,20118,1
6163,A,1000000,1000000,2,30,1,113805,55728,1
6164,A,700000,700000,2,25,1,84511,34740,1
6165,A,600000,600000,2,28,1,14105,49986,1
6166,A,700000,300000,2,27,1,80619,6653,1
6167,A,600000,600000,2,43,1,60254,27108,1
6168,A,400000,400000,4,50,1,123170,180000,1
6169,A,500000,500000,2,26,0,18383,113751,1
6170,A,200000,200000,2,25,1,199270,54923,1
6171,A,700000,600000,2,28,1,7864,60994,1
6172,A,700000,700000,2,31,1,36456,103617,1
6173,A,1000000,1000000,2,51,0,518099,207163,1
6174,A,700000,700000,2,33,1,72069,163718,1
6175,A,500000,500000,2,32,1,7780,168974,1
6176,A,1000000,300000,7,52,1,550,24178,1
6177,B,700000,700000,2,50,1,151595,122939,1
6178,A,1000000,1000000,2,29,1,18086,91398,1
6179,A,1000000,1000000,2,39,1,144670,136260,1
6180,A,400000,400000,2,25,0,37434,28602,1
6181,R,500000,500000,2,27,1,1191,29344,1
6182,A,600000,600000,2,25,1,3344,14457,1
6183,A,600000,600000,2,25,1,17137,42651,1
6184,A,700000,700000,2,30,1,0,33252,1
6185,A,600000,600000,2,39,1,2290,63900,1
6186,A,400000,400000,2,28,1,0,16133,1
6187,A,500000,500000,2,30,1,8360,27202,1
6188,A,500000,500000,2,35,1,1032,160875,1
6189,R,400000,400000,2,31,1,31000,52002,1
6190,A,1000000,1000000,2,32,1,35775,41090,1
6191,A,1000000,1000000,2,28,0,6000,76329,1
6192,A,600000,600000,13,47,1,108191,7859,1
6193,A,600000,600000,2,27,1,38058,71280,1
6194,A,500000,300000,6,25,1,17384,109602,1
6195,A,1000000,1000000,2,73,0,880,0,1
6196,A,1000000,1000000,2,28,1,21302,16309,1
6197,A,600000,600000,2,34,1,0,14056,1
6198,A,1000000,1000000,2,26,1,0,67410,1
6199,A,400000,300000,6,21,1,27123,33039,1
6200,A,1000000,1000000,2,41,1,67586,83399,1
6201,A,1000000,1000000,2,27,1,0,23400,1
6202,A,400000,400000,3,24,1,5841,53019,1
6203,A,700000,700000,4,52,1,335496,77168,1
6204,A,600000,600000,2,29,1,7720,3126,1
6205,A,600000,600000,2,26,1,279476,13187,1
6206,A,700000,700000,10,46,1,55740,42165,1
6207,A,1000000,1000000,2,32,1,69845,38485,1
6208,A,600000,600000,2,24,1,133697,21717,1
6209,A,600000,600000,2,25,0,0,83160,1
6210,A,600000,600000,2,35,1,23332,65401,1
6211,A,500000,500000,2,26,1,0,5337,1
6212,A,600000,300000,6,22,1,117422,60087,1
6213,A,400000,300000,2,24,1,30723,43012,1
6214,A,700000,700000,12,59,1,45714,112860,1
6215,A,1000000,1000000,3,35,1,16038,10449,1
6216,A,1000000,1000000,2,35,1,27700,39780,1
6217,A,400000,400000,2,29,1,0,104754,1
6218,A,500000,300000,6,22,1,8497,2538,1
6219,A,700000,700000,2,28,1,0,29522,1
6220,A,600000,600000,2,43,1,0,42660,1
6221,A,700000,700000,5,52,1,39234,181251,1
6222,A,1000000,1000000,2,56,1,56811,6039,1
6223,A,1000000,1000000,2,35,1,0,45506,1
6224,A,1000000,800000,2,31,1,20096,48026,1
6225,A,700000,700000,2,27,1,101931,59085,1
6226,A,500000,500000,2,29,1,5757,39690,1
6227,R,700000,700000,2,27,0,5666,817,1
6228,A,500000,500000,2,35,1,16635,12573,1
6229,A,500000,300000,6,24,1,38436,72450,1
6230,A,1000000,1000000,2,30,1,32043,28111,1
6231,A,300000,300000,4,31,1,46956,47032,1
6232,A,600000,300000,6,23,1,16400,41580,1
6233,A,1000000,1000000,2,53,1,188180,143550,1
6234,A,1000000,1000000,2,59,1,106959,27810,1
6235,A,1000000,1000000,2,27,1,26731,14210,1
6236,A,1000000,1000000,3,25,0,0,47520,1
6237,A,600000,300000,7,27,1,17876,37710,1
6238,B,600000,300000,7,68,1,3135,32670,1
6239,A,600000,600000,2,39,1,75895,73944,1
6240,A,1000000,1000000,2,47,1,21000,42660,1
6241,A,200000,200000,2,24,1,234486,1288,1
6242,A,600000,300000,7,39,1,103404,49797,1
6243,A,600000,300000,7,35,1,51642,93190,1
6244,A,500000,500000,2,27,1,2866,67212,1
6245,A,700000,700000,2,27,1,81041,33858,1
6246,A,500000,300000,7,51,1,263309,82656,1
6247,A,700000,700000,2,33,1,501261,65520,1
6248,A,1000000,1000000,2,33,1,3970,56016,1
6249,A,400000,400000,5,40,0,0,22702,1
6250,A,600000,600000,2,30,1,25000,88866,1
6251,R,1000000,1000000,3,26,1,36882,25839,1
6252,A,700000,700000,2,33,1,203442,44932,1
6253,A,500000,500000,2,25,1,39209,54540,1
6254,A,600000,600000,2,46,1,17528,23760,1
6255,A,1000000,1000000,2,27,1,102210,5832,1
6256,A,700000,700000,2,25,1,72332,23615,1
6257,A,300000,300000,2,24,1,68240,18000,1
6258,A,700000,300000,7,32,0,181044,19294,1
6259,A,600000,600000,2,26,1,0,32670,1
6260,R,600000,600000,2,24,1,4209,6684,1
6261,A,600000,600000,2,40,1,13300,35100,1
6262,A,400000,400000,2,25,1,38101,29295,1
6263,A,500000,500000,2,40,1,16334,48600,1
6264,A,700000,300000,11,66,1,18810,54540,1
6265,A,600000,300000,4,48,1,37563,2180,1
6266,A,700000,700000,2,43,1,0,8019,1
6267,R,700000,700000,2,36,1,26635,86893,1
6268,A,400000,400000,5,49,1,18183,75330,1
6269,A,400000,300000,7,55,1,477199,30780,1
6270,A,700000,700000,3,44,1,71274,42570,1
6271,A,1000000,300000,4,51,1,6955,44271,1
6272,A,1000000,300000,4,49,1,17313,172647,1
6273,A,400000,400000,1,41,1,54435,180000,1
6274,A,500000,500000,13,24,1,78454,36203,1
6275,A,500000,500000,2,46,0,470969,53550,1
6276,A,700000,700000,5,60,0,165834,58770,1
6277,A,500000,300000,6,23,1,4681,48510,1
6278,A,500000,300000,6,21,1,23398,27090,1
6279,A,700000,700000,2,39,1,540018,31350,1
6280,A,700000,700000,2,38,1,20194,17404,1
6281,A,1000000,1000000,2,32,1,0,24182,1
6282,A,700000,700000,3,42,1,145605,150945,1
6283,A,1000000,1000000,5,64,1,3060,57420,1
6284,A,700000,700000,3,24,1,140990,22998,1
6285,A,700000,700000,4,36,1,34694,47115,1
6286,A,600000,500000,5,62,1,17522,180000,1
6287,A,500000,500000,2,24,1,85865,36680,1
6288,A,200000,200000,2,25,1,62293,25227,1
6289,A,600000,600000,2,24,1,45943,13455,1
6290,A,600000,600000,2,28,1,3452,39835,1
6291,A,200000,200000,2,27,1,8448,19611,1
6292,A,700000,700000,2,25,1,4180,23793,1
6293,A,600000,600000,2,36,1,72984,26910,1
6294,A,400000,400000,7,36,1,99196,13653,1
6295,A,700000,700000,2,30,0,22515,61617,1
6296,A,1000000,1000000,2,46,1,60367,18999,1
6297,A,700000,700000,2,31,1,655841,78300,1
6298,A,700000,700000,2,29,1,39145,63772,1
6299,A,1000000,1000000,2,32,1,157011,17643,1
6300,A,500000,500000,2,29,1,60260,25740,1
6301,A,700000,700000,2,30,1,14212,38700,1
6302,A,500000,500000,2,33,1,81174,35640,1
6303,R,400000,400000,2,42,1,95485,205209,1
6304,A,700000,700000,2,29,1,28045,14346,1
6305,A,500000,500000,2,23,1,135736,4320,1
6306,A,500000,500000,2,31,1,21424,19800,1
6307,A,1000000,1000000,7,29,1,0,22932,1
6308,A,500000,500000,7,32,1,556,52560,1
6309,A,700000,700000,2,28,1,0,18261,1
6310,A,700000,300000,7,30,1,6939,31590,1
6311,A,600000,600000,2,31,1,120140,48600,1
6312,A,1000000,1000000,3,33,1,49082,66420,1
6313,A,600000,600000,2,24,0,0,104139,1
6314,A,500000,500000,2,29,1,0,180000,1
6315,A,700000,700000,2,56,0,40755,14670,1
6316,A,700000,700000,2,26,1,12563,6002,1
6317,A,1000000,300000,7,51,1,54009,93902,1
6318,A,700000,700000,2,31,1,17485,11783,1
6319,A,1000000,1000000,2,35,1,10000,59232,1
6320,A,700000,700000,2,26,1,48671,68013,1
6321,A,600000,600000,2,27,1,0,34290,1
6322,A,500000,500000,2,37,1,29307,25110,1
6323,A,200000,200000,6,20,1,8990,25621,1
6324,A,600000,600000,3,29,1,92338,339660,1
6325,A,600000,300000,7,52,1,76417,71370,1
6326,A,1000000,1000000,2,40,0,903,14220,1
6327,A,200000,200000,7,28,1,9301,24638,1
6328,A,1000000,1000000,2,48,1,27940,17100,1
6329,A,600000,500000,7,72,1,31650,62261,1
6330,A,500000,500000,2,25,1,25113,4653,1
6331,A,600000,600000,5,43,1,0,39600,1
6332,A,700000,700000,3,35,1,55190,24975,1
6333,A,1000000,1000000,2,29,1,0,34740,1
6334,A,700000,700000,2,55,1,24589,48600,1
6335,A,700000,700000,3,30,1,20568,75189,1
6336,A,600000,600000,2,55,0,0,86130,1
6337,A,1000000,1000000,2,31,1,680489,156496,1
6338,A,1000000,1000000,2,60,1,74686,133749,1
6339,A,700000,700000,2,30,1,10000,25479,1
6340,A,1000000,300000,7,46,1,7580,21926,1
6341,A,1000000,1000000,2,33,1,1625,156546,1
6342,A,1000000,1000000,2,33,1,18312,19449,1
6343,A,1000000,1000000,2,34,0,46563,180000,1
6344,A,600000,600000,2,27,1,21673,176220,1
6345,A,600000,600000,2,28,1,2556,64651,1
6346,A,1000000,1000000,7,58,1,88691,42296,1
6347,A,600000,600000,2,24,1,83051,180286,1
6348,A,1000000,1000000,2,45,0,134462,159333,1
6349,A,1000000,1000000,2,30,1,0,16072,1
6350,A,1000000,1000000,3,45,1,204429,157500,1
6351,A,600000,600000,2,29,1,85646,75450,1
6352,A,1000000,700000,2,55,1,88937,23553,1
6353,A,1000000,1000000,1,60,0,18144,40590,1
6354,A,500000,500000,2,28,1,624528,22176,1
6355,A,400000,400000,2,25,1,1000,7911,1
6356,A,600000,600000,2,24,0,0,0,1
6357,A,1000000,300000,4,30,1,24000,13950,1
6358,A,700000,700000,1,47,1,47813,42660,1
6359,A,700000,700000,2,29,1,217487,1167,1
6360,A,1000000,1000000,2,32,0,82127,73260,1
6361,A,200000,200000,2,54,1,0,106020,1
6362,A,1000000,1000000,2,30,1,26823,15102,1
6363,A,500000,300000,6,23,1,113643,24345,1
6364,A,400000,300000,7,61,1,86162,30096,1
6365,A,400000,400000,2,28,1,37630,29880,1
6366,A,700000,700000,2,27,1,17285,20333,1
6367,A,600000,600000,2,42,0,50635,47610,1
6368,R,1000000,1000000,2,32,1,44781,82368,1
6369,A,600000,600000,2,24,1,104264,13950,1
6370,A,1000000,1000000,2,44,1,19680,183222,1
6371,A,1000000,1000000,2,27,1,104684,16138,1
6372,A,200000,200000,6,22,1,115975,32265,1
6373,R,1000000,1000000,12,41,1,163594,77220,1
6374,A,700000,700000,13,62,1,10316,61470,1
6375,A,700000,700000,1,63,1,820105,177120,1
6376,A,700000,700000,2,53,1,55660,63747,1
6377,A,400000,400000,2,27,1,254702,50490,1
6378,A,700000,700000,2,33,1,75875,46491,1
6379,A,700000,700000,2,27,1,6600,34740,1
6380,A,500000,500000,2,26,1,99603,33543,1
6381,A,400000,400000,2,33,1,63298,50490,1
6382,A,600000,600000,2,29,1,149581,27810,1
6383,R,700000,700000,2,27,1,0,4086,1
6384,A,700000,700000,2,51,1,22854,1731,1
6385,A,1000000,1000000,2,49,0,36575,62865,1
6386,A,600000,600000,2,24,1,18931,30186,1
6387,A,1000000,1000000,2,31,1,0,47977,1
6388,A,700000,700000,2,29,1,33064,7941,1
6389,A,600000,600000,2,28,1,93516,13950,1
6390,A,1000000,500000,2,27,1,232328,124299,1
6391,A,1000000,1000000,10,27,1,16115,14148,1
6392,A,700000,700000,2,29,1,0,25683,1
6393,A,700000,700000,3,23,1,0,12259,1
6394,A,500000,500000,7,27,1,0,39425,1
6395,A,1000000,1000000,2,47,1,0,54540,1
6396,A,500000,300000,6,20,1,60631,13819,1
6397,A,500000,500000,3,25,1,382438,30690,1
6398,A,1000000,1000000,2,45,1,22326,44704,1
6399,A,700000,700000,2,25,1,6966,42678,1
6400,A,1000000,1000000,2,33,1,72132,23996,1
6401,A,500000,500000,2,26,1,2153,47610,1
6402,A,1000000,1000000,2,52,1,1920,3240,1
6403,A,700000,700000,2,40,1,0,17316,1
6404,A,600000,600000,2,24,1,0,52511,1
6405,A,600000,600000,2,28,1,24962,152709,1
6406,A,700000,700000,7,57,1,38515,35800,1
6407,A,500000,500000,2,24,1,63788,7277,1
6408,A,1000000,1000000,2,55,0,71733,10413,1
6409,A,1000000,1000000,2,30,1,58053,107116,1
6410,A,1000000,1000000,10,26,0,52991,24062,1
6411,A,500000,500000,2,28,1,3728,18744,1
6412,A,1000000,300000,7,37,1,6668,53748,1
6413,A,500000,500000,2,31,1,111179,7821,1
6414,A,200000,200000,2,25,1,0,30591,1
6415,A,1000000,1000000,2,40,0,3135,76185,1
6416,A,1000000,1000000,2,30,1,22126,65430,1
6417,A,600000,300000,2,26,1,41544,26693,1
6418,A,400000,400000,6,24,1,91510,7855,1
6419,A,700000,700000,2,50,1,178633,23850,1
6420,A,1000000,1000000,2,31,1,13927,25615,1
6421,A,1000000,1000000,5,56,1,43139,11171,1
6422,A,700000,300000,7,29,1,22202,2862,1
6423,A,1000000,1000000,2,36,1,0,52560,1
6424,A,1000000,600000,7,53,1,0,89784,1
6425,A,1000000,1000000,2,46,1,5862,18693,1
6426,A,1000000,1000000,2,58,1,5848,4025,1
6427,A,700000,700000,2,29,0,70353,23850,1
6428,A,500000,500000,2,27,1,28435,43343,1
6429,A,1000000,1000000,2,30,0,2070,65191,1
6430,A,1000000,1000000,3,27,1,28790,99000,1
6431,A,1000000,1000000,2,27,1,131162,37008,1
6432,A,1000000,1000000,2,35,1,52659,172350,1
6433,A,700000,700000,2,29,1,3428,9297,1
6434,A,1000000,300000,4,55,1,19542,32850,1
6435,A,600000,600000,2,51,1,22990,20880,1
6436,A,700000,700000,2,26,1,93680,107644,1
6437,A,1000000,1000000,2,35,1,31090,14000,1
6438,A,500000,500000,2,25,1,0,8811,1
6439,A,500000,500000,2,29,1,15371,29673,1
6440,A,400000,400000,2,45,1,51787,74250,1
6441,A,500000,300000,6,36,1,60663,75974,1
6442,A,700000,700000,2,33,1,101351,4760,1
6443,A,200000,200000,2,29,0,41924,16762,1
6444,A,400000,300000,4,46,1,0,57164,1
6445,A,1000000,1000000,3,28,1,32750,29649,1
6446,A,1000000,1000000,7,34,1,570,12630,1
6447,A,1000000,1000000,3,34,1,90288,31383,1
6448,A,500000,500000,2,26,1,2660,42768,1
6449,A,1000000,1000000,2,48,1,25461,58392,1
6450,A,600000,600000,2,29,1,19884,50382,1
6451,A,600000,300000,3,25,1,93940,27711,1
6452,A,600000,600000,2,40,0,221811,177300,1
6453,A,600000,300000,6,23,1,54752,11051,1
6454,A,500000,500000,2,45,1,49955,18315,1
6455,A,1000000,1000000,2,32,1,25650,109980,1
6456,A,600000,600000,2,27,1,4532,11970,1
6457,R,600000,600000,3,39,1,30077,62370,1
6458,A,1000000,1000000,2,45,1,27911,15802,1
6459,A,500000,500000,2,24,1,17243,3780,1
6460,A,600000,600000,3,26,1,0,51570,1
6461,A,700000,700000,2,34,0,77550,43164,1
6462,A,600000,600000,2,28,1,20215,70380,1
6463,A,600000,600000,2,46,0,227920,131760,1
6464,A,600000,600000,2,31,0,20000,142650,1
6465,A,600000,300000,2,47,1,19504,58014,1
6466,A,700000,400000,7,37,1,37302,47511,1
6467,A,700000,700000,2,26,1,46142,7020,1
6468,A,1000000,1000000,2,38,1,30534,35235,1
6469,A,700000,700000,2,28,1,20418,16038,1
6470,A,700000,700000,2,24,1,35000,27810,1
6471,R,200000,200000,2,26,1,85575,197688,1
6472,A,1000000,1000000,2,28,1,13303,180000,1
6473,A,700000,700000,2,25,1,12455,76209,1
6474,A,1000000,1000000,4,60,1,56450,67248,1
6475,A,700000,300000,7,42,1,0,9495,1
6476,A,600000,600000,2,27,1,836,22023,1
6477,A,700000,300000,5,49,1,30305,112257,1
6478,A,1000000,300000,2,45,1,190236,110366,1
6479,A,1000000,1000000,2,49,1,10808,9752,1
6480,A,1000000,1000000,3,29,1,1948,56520,1
6481,A,1000000,1000000,2,34,1,12129,11693,1
6482,A,700000,700000,2,27,1,15682,42759,1
6483,A,1000000,1000000,3,41,1,11417,74787,1
6484,A,700000,300000,2,24,1,17922,16305,1
6485,A,200000,200000,2,27,1,148226,95031,1
6486,B,700000,700000,2,27,1,30655,4787,1
6487,A,1000000,1000000,12,52,1,35551,37710,1
6488,A,700000,700000,2,25,1,33309,46874,1
6489,R,600000,600000,2,28,1,30932,68340,1
6490,A,1000000,1000000,2,46,1,0,14283,1
6491,A,200000,200000,2,26,1,77075,17682,1
6492,A,1000000,300000,4,55,1,42831,68044,1
6493,B,700000,700000,2,31,1,,57420,1
6494,A,1000000,1000000,3,36,1,1556,124221,1
6495,A,700000,700000,2,30,1,0,122850,1
6496,A,600000,600000,4,54,1,14632,50760,1
6497,A,700000,700000,4,67,1,9483,15840,1
6498,A,1000000,1000000,3,27,1,0,12572,1
6499,A,600000,600000,2,52,1,233765,1188,1
6500,A,600000,600000,2,27,1,0,13704,1
6501,A,500000,500000,2,38,1,0,180000,1
6502,A,600000,600000,2,25,1,18171,49267,1
6503,A,600000,600000,2,35,1,23576,73350,1
6504,A,700000,700000,2,32,1,9450,7967,1
6505,A,400000,400000,2,41,1,53386,102574,1
6506,A,500000,500000,2,39,0,333300,70380,1
6507,A,200000,200000,2,23,1,61692,63495,1
6508,A,1000000,1000000,2,49,1,14818,181210,1
6509,A,500000,500000,2,25,0,0,37710,1
6510,A,700000,700000,2,27,1,39501,15237,1
6511,A,1000000,1000000,2,39,1,60620,32759,1
6512,A,1000000,300000,4,44,1,44354,18405,1
6513,A,600000,600000,2,27,1,6605,27107,1
6514,A,500000,300000,7,45,1,14710,16335,1
6515,A,500000,500000,4,44,1,66933,151560,1
6516,A,700000,300000,7,50,1,5577,73350,1
6517,A,1000000,300000,4,45,1,28687,160569,1
6518,B,600000,600000,2,33,1,12777,62370,1
6519,A,700000,700000,2,57,1,5200,52917,1
6520,A,600000,300000,4,53,1,13713,5688,1
6521,A,500000,500000,2,29,1,2112,150223,1
6522,A,400000,400000,4,55,1,59283,39690,1
6523,A,1000000,700000,7,73,1,132147,84870,1
6524,A,300000,300000,2,30,1,8465,26523,1
6525,A,700000,700000,3,25,1,9379,40680,1
6526,A,1000000,300000,4,44,1,589,20790,1
6527,A,400000,300000,4,54,1,408890,147721,1
6528,A,500000,300000,6,23,1,110016,9792,1
6529,A,700000,700000,2,38,1,75644,29295,1
6530,A,500000,500000,2,54,1,20085,16399,1
6531,A,1000000,1000000,2,30,1,93058,23005,1
6532,A,1000000,1000000,7,45,1,472917,108676,1
6533,R,200000,200000,6,21,1,0,35567,1
6534,A,1000000,1000000,2,52,1,5079,31770,1
6535,A,1000000,1000000,2,33,1,874,31482,1
6536,A,600000,600000,2,25,1,1052,19800,1
6537,A,200000,200000,2,26,0,22299,180000,1
6538,A,1000000,1000000,2,29,1,29139,55729,1
6539,A,700000,700000,7,61,0,811,9000,1
6540,A,300000,300000,6,21,1,17922,45730,1
6541,A,600000,600000,2,34,1,20621,16829,1
6542,A,1000000,1000000,2,27,1,1853,37166,1
6543,A,700000,700000,2,27,1,202027,99000,1
6544,A,600000,600000,2,25,1,43013,17010,1
6545,A,600000,600000,2,30,1,4174,40680,1
6546,A,700000,700000,2,49,1,0,75420,1
6547,A,500000,500000,11,36,0,5510,70875,1
6548,A,500000,500000,7,26,1,19024,16920,1
6549,A,300000,300000,6,21,1,0,2051,1
6550,A,700000,700000,2,26,0,21843,130978,1
6551,A,1000000,1000000,2,50,1,7311,98103,1
6552,A,500000,500000,2,24,1,54441,90210,1
6553,A,1000000,1000000,2,28,0,179427,8532,1
6554,A,500000,500000,1,53,0,0,93150,1
6555,A,700000,300000,7,45,1,27000,34740,1
6556,A,400000,300000,7,54,1,406607,77385,1
6557,A,700000,700000,2,25,1,27515,38610,1
6558,A,1000000,1000000,2,52,1,0,50860,1
6559,A,500000,500000,2,35,0,75095,76419,1
6560,A,500000,500000,11,36,1,51490,134709,1
6561,A,600000,600000,2,25,1,97036,2958,1
6562,A,600000,600000,1,55,1,88815,22473,1
6563,A,700000,700000,2,56,0,715159,37800,1
6564,A,1000000,1000000,2,39,0,0,58500,1
6565,A,1000000,1000000,2,32,1,0,19692,1
6566,A,700000,700000,4,45,1,137504,7119,1
6567,A,500000,500000,4,48,1,431969,173942,1
6568,A,1000000,1000000,2,30,1,313563,43353,1
6569,B,600000,300000,7,59,1,104622,3044,1
6570,A,1000000,1000000,8,76,1,0,26028,1
6571,A,600000,300000,2,51,1,0,23355,1
6572,A,200000,200000,2,36,1,123438,166014,1
6573,A,600000,300000,4,61,1,851,14148,1
6574,A,1000000,300000,4,31,1,304,3321,1
6575,A,500000,500000,2,28,1,82192,60836,1
6576,A,300000,300000,7,30,0,1000,51255,1
6577,A,700000,700000,5,44,1,14996,166165,1
6578,A,700000,700000,2,32,1,4843,45803,1
6579,A,700000,700000,2,27,1,109475,4545,1
6580,A,500000,500000,2,44,1,54945,68251,1
6581,A,400000,400000,2,31,1,2896,40482,1
6582,A,700000,700000,2,38,1,396127,180000,1
6583,A,1000000,1000000,2,28,1,25000,36720,1
6584,A,500000,500000,2,27,1,33747,61470,1
6585,A,600000,600000,3,25,1,136980,32036,1
6586,A,200000,200000,2,30,1,0,37620,1
6587,A,500000,500000,2,28,1,10450,19802,1
6588,A,700000,700000,2,49,1,0,58530,1
6589,A,1000000,1000000,2,44,0,115193,55107,1
6590,A,600000,600000,2,24,1,43189,43650,1
6591,A,600000,600000,2,31,1,14557,31050,1
6592,A,1000000,1000000,2,29,1,0,48630,1
6593,A,700000,700000,2,42,1,73297,14418,1
6594,A,600000,600000,2,29,1,49785,16830,1
6595,A,500000,300000,5,50,1,99383,112455,1
6596,A,1000000,500000,2,39,1,767236,29700,1
6597,A,500000,500000,5,55,0,6246,61395,1
6598,A,1000000,1000000,2,34,0,0,38502,1
6599,A,700000,300000,7,26,1,88646,12562,1
6600,A,1000000,1000000,2,46,0,10284,45674,1
6601,A,700000,700000,2,29,1,13984,61624,1
6602,A,200000,200000,2,24,1,13762,15147,1
6603,A,400000,400000,5,47,1,23123,21025,1
6604,A,600000,600000,2,26,1,6584,44022,1
6605,A,600000,600000,2,30,1,0,32962,1
6606,A,600000,600000,2,48,1,30768,2148,1
6607,A,500000,300000,6,23,1,128618,15492,1
6608,A,1000000,1000000,3,28,1,3135,15084,1
6609,A,600000,600000,2,27,0,33694,98100,1
6610,A,1000000,1000000,2,41,1,6313,2271,1
6611,A,700000,700000,2,29,1,0,12077,1
6612,A,600000,600000,2,25,0,11495,109337,1
6613,A,1000000,300000,4,72,1,0,28503,1
6614,A,600000,600000,2,28,1,708,75491,1
6615,A,500000,500000,2,25,1,91382,56825,1
6616,A,1000000,1000000,2,58,1,0,15246,1
6617,R,600000,600000,2,26,1,58645,189981,1
6618,A,700000,700000,2,33,1,22468,69225,1
6619,A,1000000,1000000,2,25,1,0,5040,1
6620,A,1000000,1000000,3,60,0,212114,35009,1
6621,A,1500000,1500000,2,49,1,5011,38054,1
6622,B,1200000,1200000,2,27,0,179490,61380,1
6623,A,600000,600000,3,25,1,39419,21184,1
6624,B,200000,200000,2,42,0,0,44550,1
6625,A,1000000,700000,2,54,1,,54999,1
6626,A,600000,600000,10,30,1,45546,20196,1
6627,A,1000000,1000000,8,69,0,14789,12576,1
6628,A,1500000,1500000,1,66,0,3358,4041,1
6629,A,600000,300000,6,23,1,261503,25569,1
6630,A,1000000,1000000,3,37,0,126654,38610,1
6631,A,700000,700000,2,25,0,72299,117766,1
6632,A,500000,500000,2,26,0,20691,37343,1
6633,A,700000,700000,2,28,1,24336,87624,1
6634,A,700000,700000,2,25,1,18810,30330,1
6635,A,1000000,1000000,2,65,1,1868,48780,1
6636,A,1000000,1000000,2,30,1,10088,4318,1
6637,A,600000,600000,2,67,1,3515,11525,1
6638,A,500000,500000,4,40,1,0,4050,1
6639,A,1000000,1000000,2,43,1,,89280,1
6640,A,600000,600000,2,26,1,129056,33750,1
6641,A,600000,600000,2,24,1,32543,33660,1
6642,A,1000000,1000000,2,34,0,48069,9900,1
6643,A,1000000,1000000,2,49,1,13230,20340,1
6644,A,200000,200000,7,22,1,15277,5004,1
6645,R,600000,600000,2,29,1,11266,48138,1
6646,A,1000000,300000,4,64,1,17602,52560,1
6647,A,1500000,1500000,2,25,1,109795,25804,1
6648,A,200000,200000,2,32,1,48414,66341,1
6649,A,600000,600000,2,25,1,67493,50157,1
6650,A,700000,700000,2,28,1,5549,15277,1
6651,A,400000,300000,7,43,1,29380,76320,1
6652,A,1000000,1000000,2,27,1,151080,37350,1
6653,A,200000,200000,6,21,1,1805,1140,1
6654,A,400000,300000,6,21,1,65883,11489,1
6655,A,500000,300000,12,25,1,16397,14346,1
6656,A,1000000,1000000,2,28,1,79865,76535,1
6657,A,1000000,300000,7,47,1,269888,17418,1
6658,A,700000,700000,2,37,1,1454,13464,1
6659,A,400000,400000,3,27,1,58381,53244,1
6660,A,200000,200000,2,36,1,200973,16425,1
6661,A,700000,700000,2,27,1,75258,7794,1
6662,A,300000,300000,2,25,1,4760,3852,1
6663,A,1000000,300000,6,25,1,11996,21582,1
6664,A,1000000,900000,2,25,1,17243,7422,1
6665,A,300000,300000,6,20,1,45212,9000,1
6666,A,1000000,300000,7,57,1,961987,161768,1
6667,A,1000000,1000000,2,24,1,500,21658,1
6668,A,500000,500000,5,33,1,125841,55233,1
6669,A,700000,700000,2,28,0,39050,55440,1
6670,A,400000,300000,6,23,1,0,27918,1
6671,A,700000,300000,7,50,1,8309,24921,1
6672,A,700000,700000,3,28,1,0,21177,1
6673,A,700000,700000,2,28,1,41990,14580,1
6674,A,600000,600000,2,29,0,23934,20880,1
6675,A,1000000,300000,4,60,1,7568,33480,1
6676,A,400000,300000,6,21,1,16636,13455,1
6677,A,700000,700000,2,31,1,639,123548,1
6678,A,700000,700000,2,25,1,62200,10363,1
6679,A,700000,700000,2,31,1,73620,38304,1
6680,A,700000,300000,8,72,1,14025,10767,1
6681,A,500000,500000,2,26,1,29129,24296,1
6682,A,600000,600000,2,32,1,54148,39302,1
6683,A,1000000,1000000,2,28,0,56240,80190,1
6684,A,1500000,300000,4,52,1,1026,35539,1
6685,B,1000000,1000000,2,60,1,71074,152460,1
6686,A,700000,700000,4,34,1,889,19945,1
6687,A,500000,500000,2,29,0,39283,12195,1
6688,A,400000,400000,2,23,1,160485,8493,1
6689,A,600000,600000,4,47,1,4589,44550,1
6690,A,1000000,1000000,2,31,1,914,5550,1
6691,A,700000,600000,8,72,1,0,20375,1
6692,A,700000,700000,2,26,1,15174,45225,1
6693,A,1000000,1000000,2,56,1,0,25749,1
6694,A,1000000,1000000,1,46,0,67445,2907,1
6695,A,500000,500000,2,25,1,55703,20192,1
6696,A,400000,300000,7,47,1,342912,18592,1
6697,A,400000,400000,2,24,1,32756,25983,1
6698,A,200000,200000,7,24,1,83380,14346,1
6699,A,1000000,300000,4,43,1,18950,29333,1
6700,A,1000000,300000,7,32,1,0,7518,1
6701,A,600000,600000,2,33,1,73193,90477,1
6702,A,700000,700000,2,32,1,1881,18900,1
6703,A,700000,700000,2,27,1,6009,12600,1
6704,A,1000000,1000000,12,57,1,8804,18205,1
6705,A,500000,500000,2,26,0,130679,11790,1
6706,A,1000000,300000,4,61,1,20468,27679,1
6707,A,1000000,1000000,3,35,0,417861,18108,1
6708,A,1000000,1000000,2,37,1,14299,55150,1
6709,A,500000,500000,2,25,0,54000,17559,1
6710,A,1000000,1000000,2,58,0,33196,184599,1
6711,A,700000,700000,5,25,1,22406,15763,1
6712,A,200000,200000,2,24,1,3632,10294,1
6713,A,700000,700000,2,28,0,6606,3618,1
6714,A,1000000,1000000,2,28,1,28539,8945,1
6715,A,600000,300000,8,82,1,5713,42042,1
6716,A,200000,200000,6,24,1,202713,11871,1
6717,A,1000000,1000000,8,79,0,10187,770,1
6718,A,1200000,1100000,12,50,1,18113,2654,1
6719,A,500000,500000,2,25,0,0,22860,1
6720,A,1000000,300000,11,61,1,4937,0,1
6721,A,1000000,1000000,2,30,1,76704,9342,1
6722,A,1000000,300000,7,69,1,,7038,1
6723,A,500000,500000,2,25,1,18477,32040,1
6724,A,700000,300000,4,58,1,52990,42102,1
6725,A,700000,700000,12,76,0,31013,1872,1
6726,A,500000,500000,2,24,1,0,37849,1
6727,A,1000000,1000000,2,53,1,93391,40482,1
6728,A,600000,600000,2,40,1,43151,12575,1
6729,A,700000,300000,7,57,1,9348,82287,1
6730,A,1000000,1000000,2,61,1,1416,25929,1
6731,A,600000,600000,2,26,0,55721,38502,1
6732,A,700000,700000,2,27,1,15801,6327,1
6733,A,1200000,1200000,2,48,1,329041,57906,1
6734,A,500000,500000,2,27,1,30464,84794,1
6735,A,700000,700000,2,28,1,88178,13352,1
6736,A,1000000,1000000,2,30,1,49591,61083,1
6737,A,1000000,1000000,2,33,1,31067,16137,1
6738,A,700000,500000,2,34,1,215750,50085,1
6739,A,600000,600000,2,31,1,61431,44370,1
6740,A,1000000,300000,7,53,1,13306,29468,1
6741,A,1000000,1000000,2,29,1,0,20295,1
6742,A,700000,700000,2,25,1,1796,4215,1
6743,A,1000000,1000000,2,53,1,15324,34324,1
6744,A,1000000,1000000,2,25,1,28842,30087,1
6745,A,1000000,1000000,3,52,0,13357,10885,1
6746,A,700000,700000,7,56,1,5822,58212,1
6747,R,400000,400000,2,26,1,9928,26532,1
6748,A,1000000,1000000,2,34,1,0,138079,1
6749,R,500000,500000,2,25,0,179899,1584,1
6750,A,1000000,1000000,2,64,1,9405,30780,1
6751,A,700000,700000,2,30,0,350845,1830,1
6752,A,700000,700000,2,27,1,13001,44640,1
6753,B,500000,500000,3,33,1,4959,14355,1
6754,A,600000,600000,2,28,0,39432,2762,1
6755,A,700000,700000,3,33,1,36423,13950,1
6756,A,500000,500000,2,22,1,147148,44036,1
6757,A,500000,500000,2,30,1,32890,35640,1
6758,A,700000,700000,2,27,0,224300,30160,1
6759,R,1000000,300000,12,49,1,18805,2241,1
6760,A,1000000,1000000,2,64,0,,63060,1
6761,A,600000,600000,2,29,1,0,59400,1
6762,A,200000,200000,5,29,1,88816,5931,1
6763,A,600000,600000,2,24,1,524,27672,1
6764,B,1000000,1000000,2,58,1,89991,9009,1
6765,A,400000,300000,7,66,1,0,0,1
6766,A,700000,300000,7,52,1,0,8604,1
6767,A,600000,300000,7,59,1,56283,810,1
6768,A,1000000,1000000,2,55,1,26815,69556,1
6769,A,300000,300000,7,27,0,62072,36378,1
6770,A,200000,200000,6,21,1,208704,49333,1
6771,A,400000,400000,2,23,1,13480,19630,1
6772,A,700000,700000,2,44,1,102227,1449,1
6773,A,600000,600000,2,25,0,91466,105030,1
6774,A,700000,700000,2,24,0,400000,28800,1
6775,A,300000,300000,6,21,1,47603,71667,1
6776,A,600000,400000,2,52,1,0,34538,1
6777,A,600000,600000,2,26,1,53306,9773,1
6778,A,600000,600000,2,39,0,2679,30458,1
6779,B,600000,600000,2,28,1,27598,8069,1
6780,A,300000,300000,7,52,1,0,122274,1
6781,A,1000000,1000000,2,53,1,471,21208,1
6782,A,1000000,1000000,2,63,1,25533,5535,1
6783,R,500000,500000,2,47,1,70921,94248,1
6784,A,700000,700000,4,37,1,8126,32795,1
6785,A,700000,700000,2,50,0,23636,2880,1
6786,A,500000,500000,4,34,1,5083,73146,1
6787,A,700000,700000,2,25,1,15516,12501,1
6788,A,600000,300000,7,48,1,170692,29962,1
6789,A,400000,300000,6,21,1,20959,14481,1
6790,A,1000000,1000000,2,47,0,9294,76978,1
6791,B,400000,400000,2,28,1,95885,41800,1
6792,A,1000000,500000,2,53,1,103330,20990,1
6793,A,200000,200000,2,33,1,24436,16200,1
6794,A,700000,700000,3,49,0,24750,38700,1
6795,A,700000,400000,7,49,1,17612,108000,1
6796,A,700000,700000,2,26,1,7690,6148,1
6797,B,1000000,1000000,2,28,1,13429,3960,1
6798,B,200000,200000,6,19,1,5672,12573,1
6799,A,500000,500000,2,26,1,171996,5040,1
6800,A,1000000,1000000,2,50,1,39143,122040,1
6801,A,500000,500000,2,29,1,161229,94453,1
6802,A,700000,700000,2,25,1,,22860,1
6803,A,200000,200000,7,21,1,123191,19288,1
6804,A,600000,600000,2,32,1,37006,55234,1
6805,B,1000000,1000000,3,53,1,69889,1764,1
6806,A,700000,300000,6,26,1,0,25466,1
6807,A,1000000,1000000,2,35,1,4451,16326,1
6808,A,600000,600000,3,31,1,98200,65496,1
6809,A,1000000,1000000,5,67,0,23421,14888,1
6810,A,1000000,1000000,2,26,1,105691,4155,1
6811,A,1000000,300000,7,48,1,0,17431,1
6812,A,700000,700000,2,63,0,226725,41299,1
6813,A,1000000,300000,2,57,1,9506,33426,1
6814,A,1000000,1000000,2,26,1,11305,15462,1
6815,A,1000000,300000,7,57,1,70870,85759,1
6816,A,700000,700000,4,61,1,1549,180000,1
6817,A,700000,400000,3,26,1,131219,34992,1
6818,A,1000000,1000000,2,28,1,0,103950,1
6819,A,600000,600000,4,40,1,0,13637,1
6820,A,600000,600000,2,27,1,3660,36225,1
6821,R,500000,300000,4,42,1,79077,49302,1
6822,A,700000,700000,2,33,0,89895,40185,1
6823,A,500000,300000,7,46,1,37767,22401,1
6824,A,700000,700000,4,48,1,0,59490,1
6825,A,1000000,300000,7,58,1,836,27947,1
6826,A,600000,600000,2,25,1,16078,22869,1
6827,A,1000000,1000000,3,57,1,46710,4050,1
6828,A,600000,600000,2,24,1,117950,13699,1
6829,A,500000,300000,6,23,1,25966,65133,1
6830,A,500000,500000,2,26,1,86072,54060,1
6831,R,700000,300000,7,30,1,3306,93899,1
6832,A,500000,500000,2,25,0,39755,13185,1
6833,A,700000,700000,2,31,1,16449,20880,1
6834,A,700000,700000,3,25,1,24990,54540,1
6835,A,1000000,1000000,4,56,1,22342,17514,1
6836,A,200000,200000,6,21,1,160392,10251,1
6837,A,1000000,1000000,2,48,1,0,10395,1
6838,A,600000,600000,4,51,1,39070,61500,1
6839,B,400000,400000,2,25,1,33000,44748,1
6840,A,700000,700000,2,43,0,27693,141660,1
6841,A,700000,700000,2,26,1,0,43856,1
6842,A,700000,300000,6,23,1,9981,13257,1
6843,A,700000,700000,3,28,1,84401,36720,1
6844,A,700000,700000,2,28,1,55332,32760,1
6845,A,700000,300000,6,25,1,30470,58619,1
6846,A,1000000,1000000,2,62,1,20891,126720,1
6847,A,500000,500000,2,35,1,221703,15636,1
6848,A,500000,300000,7,28,1,30400,24952,1
6849,A,1000000,1000000,2,53,1,11500,17820,1
6850,A,600000,300000,6,22,1,34489,15300,1
6851,A,700000,700000,2,24,1,,37730,1
6852,A,500000,300000,6,22,1,239984,10780,1
6853,A,500000,500000,2,24,1,54909,12594,1
6854,A,500000,300000,2,24,1,14792,17145,1
6855,A,500000,500000,2,23,1,460906,20952,1
6856,A,1000000,1000000,4,44,1,4153,9780,1
6857,A,1000000,1000000,2,31,1,0,66528,1
6858,A,200000,200000,2,22,1,36000,25805,1
6859,A,500000,500000,2,25,1,143484,55351,1
6860,A,700000,700000,2,41,0,0,53703,1
6861,A,1000000,1000000,2,25,1,11000,16673,1
6862,A,600000,600000,2,50,1,8227,22456,1
6863,A,500000,500000,2,28,0,29280,15930,1
6864,A,600000,600000,2,38,1,14173,40406,1
6865,A,600000,600000,2,24,1,138975,23040,1
6866,A,1000000,1000000,2,42,1,31549,19602,1
6867,A,400000,400000,7,26,1,34895,35845,1
6868,A,500000,500000,2,56,1,52644,15183,1
6869,A,300000,300000,7,56,1,1045,3852,1
6870,A,200000,200000,2,25,1,105341,36130,1
6871,A,700000,300000,2,29,1,5273,44145,1
6872,A,300000,300000,1,51,1,424027,180000,1
6873,A,600000,600000,2,27,0,4546,12949,1
6874,A,400000,400000,2,30,0,3000,1454,1
6875,A,700000,700000,13,32,1,48187,14495,1
6876,A,1000000,700000,7,76,1,0,920,1
6877,A,1000000,1000000,2,33,1,13218,45526,1
6878,A,600000,600000,4,37,1,240657,180000,1
6879,A,700000,300000,5,44,1,11569,46311,1
6880,A,500000,300000,7,37,1,6132,63153,1
6881,A,700000,700000,3,48,0,94675,17151,1
6882,A,200000,200000,6,23,1,0,9248,1
6883,A,700000,700000,2,28,1,59458,18810,1
6884,A,1000000,1000000,2,58,1,3273,7524,1
6885,A,1000000,1000000,3,30,1,13300,85191,1
6886,A,200000,200000,6,21,1,43401,19125,1
6887,A,700000,300000,7,55,1,37783,49500,1
6888,A,400000,400000,2,28,1,122505,10197,1
6889,A,400000,300000,7,50,1,16016,25096,1
6890,A,300000,300000,2,24,1,56004,7425,1
6891,A,1000000,1000000,2,60,1,234670,5663,1
6892,A,1000000,300000,7,58,1,0,23850,1
6893,A,1000000,900000,2,50,1,0,14157,1
6894,A,500000,500000,4,29,1,3797,157500,1
6895,A,500000,500000,2,23,1,,17910,1
6896,A,700000,600000,7,44,1,65546,6030,1
6897,A,1000000,1000000,2,27,0,5995,69390,1
6898,A,200000,200000,6,19,1,9531,16470,1
6899,A,600000,600000,2,43,0,11675,1891,1
6900,A,1000000,1000000,2,40,1,18288,2772,1
6901,A,500000,500000,2,26,1,133285,4446,1
6902,A,400000,300000,6,20,1,8000,18432,1
6903,A,300000,300000,7,34,1,28530,6923,1
6904,A,500000,500000,7,44,1,18362,3258,1
6905,A,1000000,1000000,2,35,1,24324,11654,1
6906,A,1000000,1000000,2,37,0,12750,43196,1
6907,A,1000000,300000,7,41,1,7600,70380,1
6908,A,700000,700000,3,23,1,57888,22194,1
6909,A,500000,500000,2,25,1,48400,44504,1
6910,A,200000,200000,3,26,0,99160,2511,1
6911,A,1000000,300000,4,55,1,0,17541,1
6912,A,300000,300000,6,22,1,112259,0,1
6913,A,700000,700000,3,26,1,5881,46997,1
6914,A,700000,700000,2,27,1,15908,1211,1
6915,A,200000,200000,6,20,1,1080,27436,1
6916,A,500000,500000,2,28,1,47034,18748,1
6917,A,1000000,900000,2,23,1,0,11396,1
6918,A,700000,300000,2,28,1,44140,154315,1
6919,A,500000,500000,7,28,1,30952,60558,1
6920,A,700000,700000,5,34,0,11262,35739,1
6921,A,400000,300000,6,20,1,52967,25489,1
6922,A,1000000,1000000,2,43,1,29552,19355,1
6923,A,700000,700000,2,31,1,42647,13365,1
6924,A,600000,300000,7,25,0,27537,44946,1
6925,A,600000,300000,2,25,1,9928,50303,1
6926,A,1000000,300000,7,60,1,9168,70866,1
6927,A,400000,300000,6,23,1,105036,6112,1
6928,A,700000,300000,2,45,1,11325,43650,1
6929,A,1000000,1000000,2,55,0,52240,40653,1
6930,A,300000,300000,1,45,1,293158,33660,1
6931,A,1000000,1000000,4,40,1,650,37314,1
6932,A,700000,400000,2,24,1,140266,16232,1
6933,A,1000000,1000000,2,31,1,71109,19098,1
6934,A,600000,600000,2,28,1,291305,13288,1
6935,A,600000,600000,1,53,1,177955,136170,1
6936,A,1000000,1000000,4,73,1,12587,6579,1
6937,A,1000000,1000000,2,39,1,8699,26937,1
6938,A,300000,300000,1,56,0,69517,77396,1
6939,A,700000,700000,4,50,1,9160,32670,1
6940,A,700000,700000,2,39,1,35407,17092,1
6941,A,1000000,1000000,2,54,1,28799,8096,1
6942,A,400000,400000,2,25,1,65217,71865,1
6943,A,500000,500000,3,25,1,55730,72630,1
6944,A,1000000,1000000,2,34,1,2860,63027,1
6945,A,600000,600000,2,27,1,19555,8568,1
6946,A,600000,300000,7,31,1,43126,3861,1
6947,A,200000,200000,2,25,1,3618,10188,1
6948,A,600000,600000,8,86,1,672,2691,1
6949,A,1000000,300000,2,44,1,47548,25047,1
6950,A,600000,300000,2,25,1,125492,38826,1
6951,A,700000,700000,2,51,1,0,20880,1
6952,A,600000,600000,2,48,1,268645,3924,1
6953,A,200000,200000,6,20,1,48618,5940,1
6954,A,600000,300000,7,65,1,38150,16524,1
6955,A,600000,300000,4,53,1,21871,17642,1
6956,R,600000,600000,5,34,1,60289,3774,1
6957,A,1000000,800000,2,35,1,0,15658,1
6958,A,1000000,700000,2,27,1,7762,26082,1
6959,A,500000,500000,2,24,1,74450,20107,1
6960,A,600000,600000,2,51,1,0,26523,1
6961,A,1000000,1000000,2,35,1,25821,45008,1
6962,B,600000,300000,6,21,1,27249,9257,1
6963,A,1000000,600000,7,64,1,91898,6849,1
6964,A,200000,200000,7,22,1,26926,1584,1
6965,A,400000,300000,6,21,1,12560,12474,1
6966,A,500000,500000,2,24,1,38842,23652,1
6967,A,1000000,300000,7,67,1,5539,60792,1
6968,A,300000,300000,2,29,1,29987,9792,1
6969,A,700000,700000,2,51,1,0,67905,1
6970,A,1000000,1000000,2,43,0,211841,4536,1
6971,A,200000,200000,6,19,1,3000,7434,1
6972,A,1000000,1000000,2,29,1,3281,14211,1
6973,A,1000000,300000,7,53,1,26424,26989,1
6974,A,1000000,1000000,2,56,1,12618,60191,1
6975,A,400000,400000,2,24,1,17698,9702,1
6976,A,600000,600000,2,35,1,55510,86715,1
6977,A,1000000,1000000,2,24,1,21440,16713,1
6978,A,200000,200000,2,25,1,0,19692,1
6979,A,200000,200000,2,24,1,5320,11871,1
6980,A,1000000,1000000,2,32,1,21526,48600,1
6981,A,600000,600000,2,25,0,150867,35789,1
6982,A,1000000,1000000,2,38,1,13984,77598,1
6983,A,200000,200000,6,19,1,109990,78374,1
6984,A,200000,200000,6,19,1,0,78374,1
6985,A,1000000,1000000,2,36,1,13448,108900,1
6986,A,1000000,1000000,2,25,1,12275,4041,1
6987,A,500000,500000,2,28,0,312607,180000,1
6988,A,600000,600000,2,52,1,43516,18405,1
6989,A,1000000,300000,7,51,1,11925,26505,1
6990,A,1000000,900000,2,52,1,26517,1683,1
6991,A,1000000,300000,2,34,1,19198,12706,1
6992,A,1000000,400000,2,47,1,11543,2228,1
6993,R,500000,500000,5,45,0,7120,180000,1
6994,A,600000,600000,3,35,1,14915,38683,1
6995,A,200000,200000,2,26,1,48701,13858,1
6996,A,1000000,300000,4,66,1,41944,53772,1
6997,B,1000000,1000000,2,32,1,193110,98694,1
6998,R,600000,600000,2,32,0,,96525,1
6999,A,700000,700000,4,55,1,151337,90210,1
7000,A,700000,700000,5,45,1,0,77481,1
7001,A,1000000,300000,7,54,1,22969,63711,1
7002,A,200000,200000,6,21,0,168273,3594,1
7003,A,200000,200000,6,21,0,82576,3594,1
7004,A,600000,300000,7,45,1,318923,6525,1
7005,A,700000,300000,7,48,1,6000,15545,1
7006,A,1000000,1000000,2,38,0,7191,24642,1
7007,A,1000000,300000,7,60,1,14526,40512,1
7008,A,700000,500000,2,28,1,19561,11405,1
7009,A,1000000,1000000,2,38,0,136168,52560,1
7010,A,600000,300000,7,61,1,30476,8667,1
7011,A,200000,200000,6,23,1,199305,6273,1
7012,A,700000,700000,3,27,0,1056,17992,1
7013,A,1000000,1000000,4,42,1,36320,17532,1
7014,A,1000000,700000,7,31,1,23875,3420,1
7015,A,600000,600000,7,53,1,80927,28107,1
7016,A,500000,300000,6,22,1,41044,26039,1
7017,A,700000,700000,2,25,1,0,33407,1
7018,A,1000000,1000000,2,25,1,8036,34056,1
7019,A,700000,700000,2,28,1,30524,4752,1
7020,R,1000000,1000000,2,28,1,0,8712,1
7021,A,400000,300000,6,22,1,5035,10155,1
7022,A,500000,500000,2,50,1,83978,10472,1
7023,A,500000,300000,7,34,1,142754,15390,1
7024,A,1000000,1000000,2,31,1,9774,4727,1
7025,A,1000000,500000,4,48,1,0,22878,1
7026,A,700000,500000,4,58,1,18455,7966,1
7027,A,500000,500000,2,51,1,0,31563,1
7028,A,1000000,500000,7,58,1,1000,43986,1
7029,A,200000,200000,2,25,1,113693,6075,1
7030,A,600000,600000,3,25,1,0,145934,1
7031,A,600000,300000,7,28,1,18409,30780,1
7032,A,700000,700000,2,24,1,77927,116528,1
7033,A,200000,200000,2,24,1,28485,57047,1
7034,A,300000,300000,2,24,1,43573,31748,1
7035,A,200000,200000,3,25,1,65013,32518,1
7036,A,600000,300000,6,21,1,24412,6921,1
7037,A,1000000,1000000,2,47,0,5071,26738,1
7038,A,500000,500000,10,33,1,21318,116415,1
7039,A,600000,300000,7,54,1,29910,30807,1
7040,A,600000,300000,7,50,1,196,27315,1
7041,A,700000,300000,7,31,1,7722,19286,1
7042,A,500000,500000,2,44,1,112360,9000,1
7043,A,1000000,300000,6,23,1,17868,14321,1
7044,A,1000000,1000000,2,48,1,49283,35730,1
7045,A,600000,600000,2,24,1,,36140,1
7046,A,700000,700000,2,28,1,0,99090,1
7047,A,1000000,300000,4,61,1,51891,10876,1
7048,A,600000,600000,2,27,1,42513,20139,1
7049,A,1000000,300000,7,47,1,13625,71995,1
7050,A,200000,200000,6,21,1,25342,4851,1
7051,A,500000,500000,2,37,0,17630,6993,1
7052,A,600000,600000,2,27,1,0,9500,1
7053,A,700000,300000,7,45,1,122612,0,1
7054,A,700000,700000,2,24,1,588917,49314,1
7055,A,400000,400000,2,24,1,146849,55755,1
7056,A,1000000,300000,1,53,1,58960,16830,1
7057,A,200000,200000,2,23,1,159196,15065,1
7058,A,600000,600000,2,50,1,70986,63632,1
7059,A,400000,400000,2,27,1,94717,47135,1
7060,A,700000,300000,7,43,1,195800,152601,1
7061,A,1000000,1000000,7,46,0,5824,49461,1
7062,A,500000,500000,2,43,1,106707,61666,1
7063,A,200000,200000,2,26,1,126203,19662,1
7064,A,1000000,1000000,2,46,0,12540,61470,1
7065,B,600000,600000,2,23,1,36280,6237,1
7066,A,500000,500000,2,27,1,122530,13860,1
7067,A,600000,300000,8,78,1,14920,4842,1
7068,A,1000000,1000000,4,63,1,40485,1444,1
7069,A,1000000,300000,4,62,1,45734,39485,1
7070,A,500000,500000,2,26,1,65825,47635,1
7071,A,600000,300000,7,33,1,171298,11766,1
7072,A,600000,600000,4,51,1,12977,163919,1
7073,A,700000,300000,7,56,1,0,2691,1
7074,A,600000,300000,7,55,1,0,67270,1
7075,A,600000,600000,2,37,1,70439,58356,1
7076,A,1000000,1000000,2,35,0,13187,5638,1
7077,A,700000,700000,2,42,1,12628,24507,1
7078,A,600000,600000,2,29,1,17641,16976,1
7079,A,500000,500000,2,46,1,473372,41288,1
7080,A,700000,300000,7,55,1,8906,11270,1
7081,A,1000000,1000000,1,61,1,0,42984,1
7082,A,700000,700000,2,40,1,19237,29655,1
7083,A,700000,700000,2,35,1,27769,39997,1
7084,A,600000,300000,6,29,1,114904,170775,1
7085,A,600000,300000,6,22,1,6557,10940,1
7086,A,300000,300000,2,28,1,0,13367,1
7087,A,300000,300000,2,28,1,101545,13367,1
7088,A,700000,700000,2,33,1,31515,28692,1
7089,A,1000000,1000000,4,57,1,44040,16081,1
7090,A,1000000,1000000,2,64,1,0,58406,1
7091,A,1000000,300000,6,24,1,0,34037,1
7092,A,700000,300000,7,50,1,7524,10395,1
7093,B,200000,200000,2,25,1,70510,28307,1
7094,B,600000,600000,2,32,1,19984,900,1
7095,A,700000,700000,2,29,1,30000,82650,1
7096,A,1000000,1000000,2,52,1,263335,38610,1
7097,A,500000,500000,2,24,1,45269,12870,1
7098,A,700000,700000,2,29,1,67741,170001,1
7099,A,500000,500000,3,37,1,24032,25116,1
7100,A,700000,700000,2,32,1,237907,25076,1
7101,A,1000000,1000000,2,43,0,8591,50695,1
7102,A,300000,300000,2,51,1,11875,158880,1
7103,A,500000,400000,2,26,1,1045,16920,1
7104,A,1000000,600000,4,59,1,22602,9396,1
7105,A,1000000,1000000,2,39,0,42033,26919,1
7106,A,700000,700000,2,38,1,61431,12293,1
7107,A,1000000,1000000,12,58,1,50420,100188,1
7108,A,500000,500000,2,29,1,0,69068,1
7109,A,700000,700000,2,34,1,3762,52443,1
7110,A,600000,600000,2,27,1,8747,22644,1
7111,A,700000,700000,2,50,0,62105,16920,1
7112,A,700000,700000,2,63,1,0,70884,1
7113,A,500000,500000,2,28,1,93828,12870,1
7114,A,1000000,1000000,2,49,1,7644,3956,1
7115,A,1000000,1000000,2,41,1,8822,45135,1
7116,A,1000000,1000000,2,42,1,20672,84150,1
7117,A,200000,200000,2,29,1,0,56916,1
7118,A,500000,500000,2,26,1,7315,20637,1
7119,A,1000000,1000000,2,27,1,17365,43859,1
7120,A,700000,700000,2,29,1,8490,27481,1
7121,A,1000000,1000000,2,62,0,77792,1834,1
7122,A,700000,700000,12,36,1,105413,96982,1
7123,A,500000,500000,2,23,1,204422,46525,1
7124,A,500000,500000,2,28,1,13755,23058,1
7125,A,600000,600000,4,71,1,8141,15300,1
7126,A,1000000,1000000,2,26,0,22249,77711,1
7127,A,500000,300000,7,58,1,23506,46890,1
7128,A,1000000,1000000,2,67,1,0,38898,1
7129,A,200000,200000,6,22,0,114424,27203,1
7130,A,500000,500000,2,47,1,25436,24215,1
7131,A,600000,600000,2,23,1,156672,22370,1
7132,A,400000,300000,6,21,1,11590,13356,1
7133,A,200000,200000,3,20,1,524,52316,1
7134,A,600000,600000,3,61,1,1225,7106,1
7135,A,700000,700000,2,29,1,51463,126225,1
7136,A,1000000,1000000,1,71,1,980,63079,1
7137,A,1000000,1000000,2,32,1,36122,7169,1
7138,A,600000,300000,6,23,1,24843,12960,1
7139,A,500000,500000,3,29,1,11120,69696,1
7140,A,600000,600000,2,30,1,7800,31009,1
7141,A,700000,700000,1,63,0,26439,7488,1
7142,A,700000,700000,2,43,0,197774,41283,1
7143,A,1000000,1000000,3,57,0,51986,13986,1
7144,A,600000,600000,2,27,1,14599,10782,1
7145,R,1000000,1000000,2,36,1,415323,164358,1
7146,A,600000,600000,2,36,1,4285,22150,1
7147,A,600000,600000,2,30,0,0,1425,1
7148,A,600000,600000,2,35,1,4931,20790,1
7149,A,1000000,1000000,2,55,1,10190,31428,1
7150,A,1000000,1000000,2,35,1,2566,67590,1
7151,R,1000000,1000000,1,68,0,4528,17568,1
7152,A,1000000,1000000,2,35,1,132762,4798,1
7153,A,1000000,400000,2,28,1,42573,32860,1
7154,A,1000000,1000000,2,53,1,5142,12960,1
7155,A,500000,500000,2,24,1,0,24444,1
7156,B,400000,400000,2,24,1,11937,13860,1
7157,A,600000,600000,2,59,0,11310,180000,1
7158,A,1000000,900000,3,24,1,24624,44119,1
7159,A,500000,500000,2,27,1,196987,47007,1
7160,A,500000,500000,2,24,1,178501,10997,1
7161,A,600000,600000,2,31,1,8935,40608,1
7162,A,700000,700000,3,28,1,74388,20493,1
7163,A,500000,300000,7,29,1,66390,22923,1
7164,A,600000,600000,2,30,1,0,50490,1
7165,A,400000,400000,2,26,1,40703,53219,1
7166,A,400000,300000,6,23,1,0,33253,1
7167,A,500000,500000,4,39,1,180874,61032,1
7168,A,400000,300000,2,25,1,15550,37917,1
7169,A,700000,300000,4,56,1,5092,2987,1
7170,A,600000,600000,2,27,0,23470,2703,1
7171,A,500000,300000,6,25,1,6000,25813,1
7172,A,1000000,1000000,2,36,1,3590,6704,1
7173,A,1000000,1000000,2,52,0,0,79497,1
7174,A,500000,500000,3,26,0,13801,18593,1
7175,A,600000,600000,2,27,1,172941,44636,1
7176,A,600000,600000,2,26,1,4160,69080,1
7177,A,600000,600000,3,31,1,30906,102644,1
7178,A,600000,300000,7,52,1,0,17296,1
7179,A,1000000,1000000,2,33,1,9610,46471,1
7180,A,500000,500000,4,40,1,90185,47317,1
7181,A,700000,700000,2,47,1,19475,70785,1
7182,A,500000,300000,7,32,1,31028,4811,1
7183,A,600000,600000,5,47,1,4750,72693,1
7184,A,700000,700000,2,26,1,35312,13245,1
7185,A,1000000,1000000,2,47,1,49466,111540,1
7186,A,400000,400000,2,24,1,210322,28584,1
7187,A,1000000,1000000,2,59,1,11339,31770,1
7188,A,400000,400000,7,25,1,24604,8170,1
7189,A,1000000,1000000,2,31,0,122121,34371,1
7190,A,300000,300000,3,24,1,0,3325,1
7191,A,600000,300000,8,81,1,0,37590,1
7192,A,600000,300000,2,25,1,73135,23051,1
7193,A,400000,300000,6,21,1,18551,21945,1
7194,A,700000,300000,7,48,1,12569,7632,1
7195,A,1000000,300000,7,56,1,116510,9697,1
7196,A,500000,500000,1,38,0,45432,2044,1
7197,B,1000000,300000,5,72,1,75543,17513,1
7198,A,1000000,300000,7,49,1,3010,161391,1
7199,A,700000,700000,2,44,1,75979,172032,1
7200,A,1000000,1000000,3,53,1,23265,21068,1
7201,B,600000,300000,8,71,1,35873,66373,1
7202,A,200000,200000,6,20,1,162485,17781,1
7203,A,1000000,1000000,2,53,1,0,56618,1
7204,A,400000,300000,7,26,1,33056,17361,1
7205,A,700000,700000,2,26,1,40266,8692,1
7206,A,1000000,1000000,3,30,1,0,22320,1
7207,A,1000000,300000,7,50,1,137239,5467,1
7208,B,700000,700000,2,36,1,12000,56133,1
7209,A,700000,700000,2,51,1,9019,28079,1
7210,A,700000,700000,2,35,1,0,3753,1
7211,A,700000,700000,2,26,1,37860,25428,1
7212,A,1000000,1000000,2,41,1,28699,22320,1
7213,A,700000,700000,2,28,1,42376,21508,1
7214,A,500000,500000,2,33,0,9395,14247,1
7215,A,700000,700000,2,42,1,140475,8378,1
7216,A,1000000,900000,8,86,0,5288,10881,1
7217,A,600000,600000,8,67,1,57162,14526,1
7218,A,700000,700000,2,31,1,66657,8362,1
7219,A,700000,700000,2,28,1,12710,72340,1
7220,A,700000,700000,2,30,1,32137,50177,1
7221,A,1000000,300000,7,58,1,0,73511,1
7222,A,700000,700000,2,29,1,29158,74907,1
7223,B,700000,700000,11,45,1,54408,17603,1
7224,A,1000000,300000,1,51,1,576,15182,1
7225,A,600000,300000,7,58,1,23242,77445,1
7226,A,1000000,1000000,2,31,1,225601,159093,1
7227,A,500000,300000,6,22,1,1693,8010,1
7228,A,600000,600000,2,29,1,53449,31770,1
7229,A,600000,300000,6,23,1,15917,6759,1
7230,A,600000,300000,2,54,1,0,14445,1
7231,A,600000,600000,2,29,1,3021,31025,1
7232,A,700000,700000,3,33,1,3962,22221,1
7233,A,500000,500000,2,26,1,39325,21006,1
7234,A,500000,300000,6,22,0,6012,28800,1
7235,A,1000000,1000000,4,49,1,10643,40401,1
7236,B,1000000,1000000,2,52,1,8171,118958,1
7237,A,600000,600000,2,24,1,9604,12960,1
7238,A,500000,500000,12,32,1,261660,177991,1
7239,A,700000,700000,2,35,1,22750,43942,1
7240,A,1000000,1000000,2,27,1,10450,37710,1
7241,B,1000000,1000000,2,36,1,49770,14505,1
7242,A,1000000,1000000,2,57,1,0,3582,1
7243,A,1000000,1000000,5,62,1,161470,187813,1
7244,A,600000,600000,4,43,1,115162,106988,1
7245,A,1000000,1000000,1,52,1,34134,33111,1
7246,A,1000000,1000000,4,60,1,3199,9900,1
7247,A,600000,600000,10,24,1,33326,67848,1
7248,A,600000,600000,4,46,1,9502,18053,1
7249,A,700000,300000,5,75,1,14578,7119,1
7250,A,1000000,1000000,2,50,1,78375,9990,1
7251,A,700000,700000,2,46,0,6282,12465,1
7252,A,700000,300000,5,49,1,0,57321,1
7253,A,700000,300000,4,67,1,46435,42663,1
7254,A,1000000,1000000,2,28,0,23113,42540,1
7255,A,1000000,500000,7,33,1,23408,36423,1
7256,A,400000,300000,6,20,1,0,95589,1
7257,A,400000,300000,6,21,1,33479,29618,1
7258,A,1000000,1000000,2,52,1,17485,18513,1
7259,A,500000,500000,10,32,0,466626,143055,1
7260,A,700000,300000,7,56,1,16294,11477,1
7261,A,1000000,1000000,2,63,0,472,6521,1
7262,A,500000,500000,2,32,1,,34795,1
7263,A,400000,400000,2,50,1,55618,93786,1
7264,R,700000,400000,2,23,1,58197,10395,1
7265,A,1000000,1000000,2,61,0,2049,2464,1
7266,A,500000,500000,2,33,1,2916,15103,1
7267,A,1000000,1000000,7,66,1,0,1818,1
7268,A,1000000,300000,7,38,1,93030,5625,1
7269,A,700000,300000,7,63,1,57014,17082,1
7270,A,600000,300000,7,54,1,0,66357,1
7271,A,1000000,300000,7,52,1,272224,37170,1
7272,A,500000,500000,4,53,1,96825,14040,1
7273,A,1000000,800000,2,30,1,,1923,1
7274,A,1000000,1000000,2,28,1,111919,30991,1
7275,A,500000,500000,2,30,1,0,23250,1
7276,A,500000,500000,4,58,1,3386,21105,1
7277,A,1000000,1000000,2,27,1,55961,12485,1
7278,A,1000000,300000,7,53,1,418977,38430,1
7279,A,200000,200000,7,40,1,21538,46710,1
7280,A,200000,200000,7,26,1,44760,33363,1
7281,A,1000000,1000000,2,25,1,41510,24536,1
7282,A,1000000,1000000,2,30,1,97924,10593,1
7283,A,200000,200000,2,23,1,39122,50778,1
7284,A,1000000,300000,4,52,1,54299,14346,1
7285,A,300000,300000,2,22,1,0,31374,1
7286,A,600000,300000,6,22,1,41340,20736,1
7287,R,700000,700000,2,42,1,21104,181958,1
7288,A,700000,700000,2,28,1,10994,15930,1
7289,A,500000,500000,2,27,1,0,990,1
7290,A,700000,300000,4,52,1,448493,37808,1
7291,R,700000,700000,2,29,1,47557,22671,1
7292,A,700000,700000,2,25,1,62171,37455,1
7293,A,400000,400000,7,28,1,43576,25632,1
7294,A,400000,400000,2,35,1,73223,3605,1
7295,A,200000,200000,5,25,1,0,27639,1
7296,A,500000,500000,2,25,1,40173,7465,1
7297,A,700000,700000,2,50,1,26334,12614,1
7298,A,700000,700000,2,26,1,110904,18118,1
7299,A,400000,400000,2,24,1,94451,17455,1
7300,A,600000,300000,5,50,1,10281,34146,1
7301,A,600000,600000,2,31,1,3838,48150,1
7302,A,1000000,300000,2,35,1,310533,44825,1
7303,A,300000,300000,2,31,1,38630,73690,1
7304,A,700000,700000,2,35,1,27591,12257,1
7305,A,700000,700000,2,25,1,25995,46314,1
7306,A,200000,200000,6,20,1,104394,14587,1
7307,A,600000,600000,5,28,1,60915,138690,1
7308,A,1000000,300000,7,49,1,0,51480,1
7309,A,1000000,1000000,4,43,1,62036,67373,1
7310,A,1000000,1000000,2,27,1,46277,12870,1
7311,A,600000,600000,7,51,1,5483,26606,1
7312,A,1000000,1000000,4,31,1,2774,29106,1
7313,A,1000000,500000,8,67,0,121710,8010,1
7314,A,700000,300000,4,36,1,241628,14259,1
7315,A,1000000,300000,7,52,1,65983,17672,1
7316,A,700000,700000,2,35,1,610639,72345,1
7317,A,700000,700000,2,41,1,74206,9008,1
7318,A,700000,300000,7,45,1,45294,22365,1
7319,A,600000,600000,4,44,1,13362,55162,1
7320,A,1000000,1000000,2,51,1,197757,9070,1
7321,A,600000,600000,5,48,1,46374,25434,1
7322,A,200000,200000,5,37,0,197291,25182,1
7323,A,500000,500000,4,62,1,72695,720,1
7324,A,1000000,1000000,4,31,1,4952,12640,1
7325,A,600000,600000,2,23,1,7527,40961,1
7326,A,1000000,1000000,3,39,1,185821,18356,1
7327,A,700000,700000,7,57,1,1770,6848,1
7328,A,500000,500000,2,29,1,29158,8118,1
7329,R,600000,600000,2,29,1,16360,7551,1
7330,B,700000,700000,2,28,1,56701,42181,1
7331,A,500000,300000,7,33,1,325768,67262,1
7332,A,500000,500000,2,24,1,0,42597,1
7333,A,600000,300000,2,53,0,273914,53055,1
7334,A,300000,300000,6,20,1,126964,23217,1
7335,A,400000,400000,7,43,1,19249,6278,1
7336,A,500000,500000,3,24,1,65481,12861,1
7337,A,1000000,1000000,2,56,1,34108,45153,1
7338,A,500000,500000,2,26,1,95600,30780,1
7339,A,700000,300000,2,40,1,2717,19535,1
7340,A,1000000,1000000,2,28,1,93093,61584,1
7341,A,700000,700000,3,31,0,13490,33165,1
7342,A,600000,300000,7,45,1,8581,23058,1
7343,A,200000,200000,6,20,1,178897,13752,1
7344,A,200000,200000,8,82,1,76950,111188,1
7345,A,400000,400000,2,24,1,32169,13653,1
7346,A,1000000,1000000,2,31,1,19841,16217,1
7347,A,200000,200000,8,84,0,38297,4117,1
7348,A,500000,500000,10,30,1,204300,19800,1
7349,A,1000000,1000000,2,37,1,3811,11843,1
7350,A,1000000,1000000,1,72,0,42281,205812,1
7351,A,600000,600000,2,27,1,6611,13447,1
7352,A,1000000,1000000,2,52,1,0,119070,1
7353,A,1000000,1000000,2,27,1,5938,21006,1
7354,A,400000,400000,7,39,1,3658,13302,1
7355,A,700000,700000,2,23,1,33602,32873,1
7356,A,700000,700000,2,24,1,16947,9495,1
7357,A,1000000,1000000,2,28,1,34025,5925,1
7358,A,1000000,1000000,2,33,1,0,4523,1
7359,A,500000,500000,2,36,0,348983,56123,1
7360,A,500000,500000,2,48,1,436556,98298,1
7361,A,500000,500000,2,25,1,7944,9990,1
7362,A,1000000,1000000,3,31,0,142778,13311,1
7363,A,700000,700000,2,55,1,28395,56372,1
7364,A,600000,600000,2,24,1,2648,16033,1
7365,A,1000000,1000000,2,35,0,26288,15309,1
7366,A,1000000,1000000,2,27,1,40452,36126,1
7367,A,200000,200000,7,53,1,31321,10890,1
7368,A,200000,200000,2,26,1,78655,30396,1
7369,A,400000,400000,5,29,0,46969,36734,1
7370,A,600000,600000,2,32,1,25542,23913,1
7371,A,600000,300000,7,63,1,79104,138963,1
7372,A,200000,200000,2,25,1,201862,42060,1
7373,A,1000000,500000,7,71,1,7306,15840,1
7374,A,1000000,300000,7,57,1,5757,13077,1
7375,A,1000000,1000000,2,27,1,12921,29448,1
7376,A,500000,500000,2,27,1,40900,6972,1
7377,A,1000000,1000000,2,34,1,63504,49408,1
7378,A,700000,700000,2,30,0,14130,192522,1
7379,A,600000,300000,7,60,1,0,78014,1
7380,B,1000000,1000000,2,27,1,4633,17820,1
7381,A,700000,700000,2,31,0,5897,18810,1
7382,A,600000,600000,2,38,1,303327,43757,1
7383,A,700000,300000,4,34,1,261888,149784,1
7384,A,700000,300000,7,33,1,31386,9861,1
7385,A,700000,300000,7,45,1,51600,180000,1
7386,A,700000,300000,7,50,1,7011,7663,1
7387,A,600000,600000,2,29,1,20226,5841,1
7388,A,700000,700000,2,35,1,38073,9528,1
7389,A,400000,400000,2,26,1,5747,37718,1
7390,A,600000,600000,2,31,1,0,79290,1
7391,A,1000000,1000000,2,27,1,11855,31374,1
7392,A,700000,700000,3,24,1,69738,44631,1
7393,A,1000000,1000000,2,31,1,15089,15692,1
7394,A,700000,700000,2,24,1,55196,36642,1
7395,A,1000000,300000,7,58,1,2105,35826,1
7396,A,1000000,1000000,2,58,1,275300,14553,1
7397,A,1000000,1000000,2,61,0,147427,21780,1
7398,A,400000,400000,2,26,1,125853,22080,1
7399,R,700000,700000,2,27,1,118513,57602,1
7400,A,200000,200000,2,24,1,21859,112664,1
7401,A,1000000,1000000,2,51,0,55863,76358,1
7402,A,600000,300000,7,39,1,72419,15794,1
7403,A,400000,400000,2,48,1,487018,25425,1
7404,A,600000,600000,7,48,1,14037,53312,1
7405,A,600000,600000,2,29,1,9616,167400,1
7406,A,600000,600000,3,24,1,56906,29673,1
7407,A,1000000,1000000,4,59,1,6362,12960,1
7408,A,600000,600000,2,28,1,14666,13158,1
7409,A,600000,600000,2,27,1,138209,22873,1
7410,A,600000,300000,6,22,0,41815,36522,1
7411,A,700000,700000,2,25,1,10563,56914,1
7412,A,400000,400000,2,24,1,91206,24057,1
7413,A,1000000,1000000,2,55,0,13807,1251,1
7414,A,600000,600000,2,25,1,25845,141955,1
7415,A,700000,700000,2,44,1,1000,42957,1
7416,A,600000,600000,2,29,1,24900,44550,1
7417,A,1000000,1000000,2,30,1,122734,22860,1
7418,A,1000000,1000000,2,29,1,,101673,1
7419,A,1000000,1000000,2,27,1,61113,2691,1
7420,A,400000,400000,2,27,1,4455,40815,1
7421,A,1000000,1000000,2,30,1,0,128065,1
7422,A,700000,700000,3,29,1,29562,88595,1
7423,A,600000,300000,7,31,1,35587,24840,1
7424,A,600000,600000,10,65,1,367389,118800,1
7425,A,1000000,1000000,7,59,1,4579,5085,1
7426,A,700000,700000,2,23,1,0,30969,1
7427,A,700000,700000,2,41,1,95086,63459,1
7428,A,200000,200000,6,22,1,12537,7734,1
7429,A,700000,700000,2,27,1,0,27778,1
7430,A,700000,700000,2,23,1,5361,18441,1
7431,A,600000,600000,4,57,1,7315,61470,1
7432,A,200000,200000,6,19,1,,39591,1
7433,A,700000,300000,2,52,1,42879,25734,1
7434,A,400000,400000,2,25,1,3000,14340,1
7435,A,200000,200000,2,24,0,70120,36720,1
7436,A,600000,600000,2,44,1,10114,153287,1
7437,R,600000,600000,2,35,0,30072,38610,1
7438,A,200000,200000,6,20,1,40470,42814,1
7439,A,500000,500000,2,32,1,73910,39758,1
7440,A,1000000,1000000,1,50,1,30360,142650,1
7441,A,500000,500000,2,34,1,52653,12515,1
7442,A,700000,700000,2,43,1,74804,81270,1
7443,A,1000000,1000000,2,38,1,14556,17713,1
7444,A,1000000,1000000,2,31,1,9700,10395,1
7445,A,600000,600000,2,31,1,0,44748,1
7446,A,200000,200000,2,50,1,14317,21132,1
7447,A,600000,600000,2,27,1,8163,41589,1
7448,A,700000,700000,2,49,1,9019,132750,1
7449,A,1000000,1000000,2,31,1,4180,17523,1
7450,A,1000000,1000000,2,35,1,430240,7428,1
7451,A,700000,700000,2,26,1,27379,9900,1
7452,A,1000000,1000000,3,34,0,0,12834,1
7453,A,600000,600000,3,25,1,0,18178,1
7454,A,700000,700000,3,27,1,114940,21851,1
7455,A,600000,300000,7,32,1,35734,55433,1
7456,A,600000,600000,2,30,1,146158,24246,1
7457,A,1000000,1000000,2,29,1,18750,91863,1
7458,A,700000,700000,2,29,1,36396,8505,1
7459,A,1000000,1000000,4,61,1,63426,18104,1
7460,A,600000,600000,2,26,1,20824,28371,1
7461,A,1000000,1000000,2,27,1,22980,74989,1
7462,A,600000,600000,2,30,0,33660,18810,1
7463,A,400000,400000,7,31,1,0,14675,1
7464,A,1000000,1000000,3,31,1,16397,49025,1
7465,A,700000,700000,2,35,0,11851,34740,1
7466,A,700000,700000,2,47,1,24500,35132,1
7467,A,700000,700000,2,35,0,37000,180000,1
7468,A,300000,300000,7,25,1,84890,20233,1
7469,A,700000,700000,2,59,0,38148,2691,1
7470,A,1000000,1000000,2,30,0,1910,5535,1
7471,B,500000,500000,2,24,1,28588,531,1
7472,A,1000000,1000000,3,47,1,34470,6831,1
7473,R,600000,600000,2,25,1,0,29700,1
7474,A,600000,600000,12,30,1,162520,27757,1
7475,A,1000000,1000000,2,28,1,0,2079,1
7476,A,400000,300000,7,78,1,5672,9014,1
7477,A,400000,300000,7,78,1,4346,9014,1
7478,A,500000,500000,2,28,1,73045,117872,1
7479,A,200000,200000,6,21,1,20920,51659,1
7480,A,600000,600000,2,27,1,9751,6030,1
7481,A,400000,400000,2,26,1,81559,71464,1
7482,A,400000,400000,2,26,1,15753,71464,1
7483,A,600000,300000,7,52,1,54476,4181,1
7484,A,1000000,400000,2,23,1,24644,15277,1
7485,A,600000,600000,2,27,1,19606,14366,1
7486,A,1000000,1000000,3,51,1,78352,49464,1
7487,A,700000,400000,7,44,1,162816,12218,1
7488,A,600000,600000,2,26,1,15693,23919,1
7489,A,200000,200000,3,25,0,3278,48600,1
7490,A,400000,300000,6,23,1,50770,8550,1
7491,A,500000,500000,2,27,1,10045,3561,1
7492,A,200000,200000,2,27,1,0,26330,1
7493,A,500000,500000,2,46,0,21006,50580,1
7494,A,700000,700000,2,32,1,66904,5870,1
7495,A,700000,700000,3,26,1,36509,19692,1
7496,A,700000,700000,3,27,1,4292,23782,1
7497,R,1000000,1000000,2,51,1,120042,28296,1
7498,A,700000,700000,2,36,1,3377,11353,1
7499,A,200000,200000,7,27,1,8493,80660,1
7500,A,200000,200000,2,22,1,0,18775,1
7501,A,1000000,1000000,2,53,1,2299,32265,1
7502,B,1000000,1000000,2,28,1,11703,16001,1
7503,A,1000000,1000000,2,54,1,36698,3465,1
7504,A,500000,500000,3,29,1,27867,62872,1
7505,A,700000,700000,2,33,1,12697,1535,1
7506,A,600000,600000,2,24,1,39917,33354,1
7507,A,500000,300000,5,73,1,1406,243,1
7508,A,1000000,300000,7,53,1,112708,20451,1
7509,A,1000000,1000000,3,30,1,15000,14772,1
7510,A,1000000,1000000,3,33,0,3074,4535,1
7511,A,600000,300000,2,62,1,94593,76457,1
7512,A,600000,600000,5,34,1,33624,16200,1
7513,A,1000000,1000000,2,43,1,141865,5355,1
7514,A,700000,700000,2,25,1,47170,32364,1
7515,A,1000000,1000000,2,40,0,201148,44388,1
7516,A,600000,600000,2,33,1,86220,127271,1
7517,A,700000,700000,2,24,1,0,30582,1
7518,A,1000000,1000000,2,33,1,0,13482,1
7519,A,600000,600000,2,25,1,18978,14850,1
7520,A,600000,600000,2,35,1,230083,83515,1
7521,A,700000,700000,2,39,1,66954,22905,1
7522,A,600000,600000,2,27,1,8883,38106,1
7523,A,200000,200000,2,24,1,27082,41868,1
7524,B,1000000,1000000,2,32,0,0,7821,1
7525,A,400000,300000,6,22,1,14108,9891,1
7526,A,600000,600000,2,25,0,,17533,1
7527,A,700000,700000,3,50,1,24021,8399,1
7528,A,200000,200000,6,21,1,0,19076,1
7529,A,500000,500000,2,25,1,88330,108396,1
7530,A,500000,500000,3,25,1,9310,5076,1
7531,A,700000,700000,2,28,1,88366,47241,1
7532,A,1000000,1000000,2,65,1,3040,160553,1
7533,A,700000,700000,3,38,1,10662,13455,1
7534,A,600000,600000,2,27,1,15990,27266,1
7535,A,700000,700000,2,27,1,53292,180000,1
7536,R,600000,600000,2,27,1,81353,2364,1
7537,A,700000,700000,2,57,0,25600,99090,1
7538,A,1000000,1000000,2,52,1,37623,31565,1
7539,A,1000000,1000000,2,54,1,107540,2511,1
7540,A,500000,500000,2,53,1,336263,138600,1
7541,A,500000,500000,2,25,1,35125,11871,1
7542,A,200000,200000,2,22,1,69272,9282,1
7543,A,500000,500000,2,28,1,68347,78990,1
7544,A,400000,400000,2,23,1,61362,7722,1
7545,A,500000,500000,2,25,1,81005,60975,1
7546,A,700000,700000,3,27,0,51535,20104,1
7547,A,1000000,1000000,2,28,1,43166,6178,1
7548,A,600000,600000,2,42,1,64210,4530,1
7549,A,600000,600000,2,27,1,50556,11790,1
7550,A,1000000,1000000,3,25,1,34215,71073,1
7551,A,500000,500000,2,27,1,157033,1881,1
7552,A,1000000,1000000,2,28,1,31324,8100,1
7553,A,1000000,1000000,12,68,0,977,2529,1
7554,A,1000000,1000000,2,31,1,0,38610,1
7555,A,600000,600000,2,26,1,9061,12870,1
7556,A,700000,700000,2,34,1,28843,76122,1
7557,A,1000000,1000000,2,56,1,50433,27275,1
7558,B,200000,200000,8,83,1,37158,2565,1
7559,A,200000,200000,2,22,0,30864,22797,1
7560,A,700000,300000,7,37,1,17290,19974,1
7561,A,700000,300000,4,63,1,15123,15725,1
7562,A,1000000,1000000,2,34,1,6513,26913,1
7563,A,700000,300000,7,53,1,3221,32967,1
7564,A,1000000,1000000,3,47,0,76983,11683,1
7565,B,600000,300000,11,64,1,111370,1188,1
7566,A,500000,400000,2,22,1,40270,4545,1
7567,A,1000000,1000000,3,29,1,44879,12690,1
7568,A,600000,600000,11,45,1,21947,18119,1
7569,A,700000,700000,2,25,1,11796,43342,1
7570,A,1000000,300000,4,50,1,92873,3420,1
7571,A,200000,200000,6,24,1,44037,15687,1
7572,A,600000,300000,2,23,1,533715,13963,1
7573,A,600000,600000,3,30,1,0,22229,1
7574,A,600000,600000,2,26,1,941,5931,1
7575,A,1000000,300000,12,50,1,4803,3465,1
7576,A,600000,600000,2,24,1,17009,3661,1
7577,A,500000,500000,2,28,1,19017,186309,1
7578,A,400000,300000,6,21,1,2470,15471,1
7579,A,200000,200000,6,21,1,28487,27036,1
7580,A,1000000,1000000,3,36,1,0,31257,1
7581,A,600000,300000,7,47,1,81060,6355,1
7582,A,700000,700000,2,38,1,6575,13662,1
7583,A,600000,300000,7,54,1,30058,61090,1
7584,A,1000000,1000000,12,56,1,168638,7008,1
7585,A,1000000,300000,7,56,1,53323,19868,1
7586,A,400000,400000,2,41,1,25697,31473,1
7587,A,400000,400000,2,23,0,21615,12960,1
7588,A,1000000,900000,2,26,1,35532,60085,1
7589,A,200000,200000,2,52,0,59001,7740,1
7590,A,600000,600000,5,24,1,67530,33416,1
7591,A,700000,700000,2,33,1,2299,26820,1
7592,A,600000,600000,2,23,1,7568,15651,1
7593,A,200000,200000,7,28,1,19646,3852,1
7594,A,600000,600000,2,24,1,11723,11343,1
7595,R,200000,200000,12,32,0,304168,16434,1
7596,R,700000,700000,2,24,1,68461,26873,1
7597,A,1000000,1000000,2,47,0,3985,32373,1
7598,A,600000,600000,7,45,1,50968,29790,1
7599,A,1000000,1000000,5,62,1,460700,3814,1
7600,A,1000000,300000,2,40,1,10216,14445,1
7601,A,600000,600000,2,41,0,60034,179883,1
7602,A,400000,300000,7,39,1,36137,69931,1
7603,A,1000000,1000000,2,44,1,0,4941,1
7604,A,500000,300000,7,24,1,47272,10980,1
7605,A,600000,600000,2,34,1,163349,22154,1
7606,A,400000,400000,3,24,1,75315,32974,1
7607,A,500000,500000,4,53,1,101737,3560,1
7608,A,1000000,1000000,2,34,1,106987,59575,1
7609,A,500000,300000,7,37,1,16019,74264,1
7610,A,600000,300000,7,48,1,27622,25830,1
7611,A,400000,400000,2,29,1,22007,71694,1
7612,A,1000000,1000000,2,66,1,27865,10296,1
7613,A,400000,400000,2,34,1,27213,9018,1
7614,A,700000,300000,5,34,1,0,23023,1
7615,A,500000,500000,2,28,1,18555,10953,1
7616,A,200000,200000,6,19,1,74009,37589,1
7617,A,700000,700000,5,59,1,25707,29898,1
7618,A,600000,600000,3,22,1,58936,42066,1
7619,R,700000,700000,2,28,1,35991,8712,1
7620,A,700000,700000,7,27,0,166512,52758,1
7621,R,300000,300000,6,20,1,72902,33053,1
7622,A,700000,700000,2,30,1,65754,10746,1
7623,A,400000,400000,2,24,1,,21375,1
7624,A,600000,600000,2,27,1,40989,45891,1
7625,A,500000,300000,4,50,1,0,25236,1
7626,A,500000,500000,2,27,1,10900,10206,1
7627,A,1000000,1000000,7,57,1,6547,15808,1
7628,A,600000,300000,6,22,0,6863,2691,1
7629,A,1000000,300000,7,66,1,1777,9971,1
7630,A,200000,200000,6,23,1,74632,4455,1
7631,A,200000,200000,6,20,1,31825,12267,1
7632,A,500000,500000,4,53,1,0,65457,1
7633,A,700000,700000,2,26,1,52166,30780,1
7634,A,700000,700000,2,37,1,62714,14240,1
7635,A,200000,200000,7,22,1,143014,49491,1
7636,A,1000000,1000000,2,52,1,62806,65092,1
7637,A,1000000,1000000,2,27,1,67994,27275,1
7638,A,1000000,1000000,2,56,1,210072,46620,1
7639,A,1000000,1000000,2,31,1,3130,24305,1
7640,A,1000000,1000000,2,40,1,8589,76679,1
7641,R,500000,500000,2,24,1,164779,15084,1
7642,A,500000,500000,2,43,0,24266,0,1
7643,A,600000,600000,2,51,1,3879,5526,1
7644,A,600000,600000,2,55,1,327567,43650,1
7645,A,200000,200000,5,32,0,191365,39458,1
7646,A,500000,500000,7,69,1,111234,31770,1
7647,A,1000000,900000,12,63,1,47063,5306,1
7648,A,500000,500000,3,25,1,1837,42570,1
7649,A,1000000,1000000,2,49,0,0,12257,1
7650,R,1000000,300000,7,53,1,5554,3313,1
7651,A,600000,300000,6,22,1,230464,5931,1
7652,A,1000000,1000000,2,44,1,120190,46134,1
7653,A,700000,700000,2,33,1,1159,48600,1
7654,A,1000000,1000000,2,37,0,6835,2815,1
7655,A,700000,300000,2,28,1,29681,28204,1
7656,A,700000,300000,7,52,1,3392,8429,1
7657,A,600000,300000,7,43,1,78349,36411,1
7658,A,700000,300000,7,66,1,2200,21479,1
7659,A,400000,400000,2,27,1,12475,29493,1
7660,A,1000000,1000000,4,29,1,7843,41274,1
7661,A,1000000,1000000,5,58,1,13622,44010,1
7662,A,700000,600000,7,31,1,68000,22495,1
7663,A,200000,200000,5,59,1,63462,21123,1
7664,A,500000,500000,2,28,1,30942,50778,1
7665,A,700000,700000,2,26,1,0,17118,1
7666,A,1000000,300000,7,60,1,272542,45504,1
7667,A,600000,600000,2,37,1,14777,18410,1
7668,A,1000000,1000000,2,36,1,10763,18170,1
7669,A,700000,300000,5,40,1,5446,48993,1
7670,B,1000000,1000000,2,25,1,43777,2673,1
7671,A,1000000,1000000,2,29,1,2941,17919,1
7672,A,200000,200000,6,22,1,26948,9891,1
7673,A,700000,600000,2,23,1,,16918,1
7674,A,600000,600000,2,24,1,158547,11970,1
7675,A,600000,300000,6,23,1,30799,8451,1
7676,A,600000,300000,7,62,1,41906,3472,1
7677,A,1000000,1000000,2,50,0,54591,31444,1
7678,A,600000,600000,2,24,1,64985,8027,1
7679,A,600000,300000,7,54,1,4477,13194,1
7680,A,600000,300000,6,22,1,40289,6822,1
7681,A,600000,300000,6,22,0,2000,61470,1
7682,A,600000,600000,2,27,0,2926,175815,1
7683,A,1000000,1000000,4,55,1,33437,21794,1
7684,A,600000,600000,2,28,1,77657,26550,1
7685,A,600000,600000,2,23,1,114461,17226,1
7686,A,200000,200000,6,19,1,10134,8160,1
7687,A,1000000,900000,4,53,1,0,15149,1
7688,A,1000000,1000000,2,32,0,2470,9108,1
7689,A,1000000,1000000,2,71,0,6851,22127,1
7690,A,700000,700000,7,53,1,2613,66367,1
7691,A,200000,200000,7,49,1,92685,10725,1
7692,A,1000000,1000000,10,25,1,11914,37097,1
7693,A,1000000,1000000,3,35,0,82727,7029,1
7694,A,500000,300000,4,60,1,21736,12960,1
7695,A,1000000,300000,7,49,1,29699,89280,1
7696,A,300000,300000,2,25,1,4866,20084,1
7697,A,1000000,1000000,4,61,1,,150955,1
7698,A,500000,500000,5,30,1,87279,11160,1
7699,A,600000,300000,6,22,1,47490,17860,1
7700,A,700000,700000,3,27,1,231741,65656,1
7701,A,1000000,1000000,2,32,1,27036,16260,1
7702,A,700000,700000,2,62,1,0,14751,1
7703,A,1000000,1000000,3,25,1,28815,3169,1
7704,A,600000,600000,2,52,1,166440,69494,1
7705,A,700000,700000,4,44,1,27889,53550,1
7706,A,200000,200000,7,40,1,0,8901,1
7707,A,400000,400000,2,27,1,39201,115523,1
7708,A,400000,400000,2,53,1,5006,56520,1
7709,A,400000,300000,6,23,1,12164,0,1
7710,A,1000000,300000,4,46,1,2822,14663,1
7711,A,600000,600000,2,38,1,32758,89,1
7712,A,500000,500000,2,35,1,21344,5710,1
7713,A,1000000,300000,6,24,1,419942,14360,1
7714,R,500000,300000,6,26,1,36385,20790,1
7715,A,700000,700000,2,26,1,90857,20790,1
7716,A,200000,200000,2,25,0,200513,13950,1
7717,R,500000,500000,2,23,1,1045,3708,1
7718,A,500000,500000,5,33,1,3078,25200,1
7719,A,300000,300000,2,24,1,0,19800,1
7720,A,200000,200000,6,19,0,5202,10980,1
7721,A,500000,400000,2,23,1,39236,34789,1
7722,A,200000,200000,2,63,0,244801,5055,1
7723,A,200000,200000,6,19,1,16863,180000,1
7724,A,500000,300000,7,53,1,0,21985,1
7725,B,1000000,1000000,3,44,1,4095,17341,1
7726,A,700000,700000,4,51,1,58475,45041,1
7727,A,700000,700000,3,31,1,301968,13352,1
7728,A,700000,700000,1,58,1,150471,70798,1
7729,A,700000,300000,7,50,1,7469,18213,1
7730,A,600000,600000,2,24,1,57048,33750,1
7731,A,1000000,1000000,2,34,1,29769,9135,1
7732,A,500000,500000,3,26,1,8294,19341,1
7733,A,700000,700000,2,39,0,105825,17946,1
7734,A,1000000,1000000,2,45,1,53927,39897,1
7735,A,200000,200000,6,23,0,10984,10980,1
7736,A,1000000,1000000,2,41,1,12818,13073,1
7737,A,1000000,1000000,2,41,0,419276,17973,1
7738,A,1000000,600000,7,58,1,234027,30915,1
7739,A,400000,400000,2,27,1,60526,21618,1
7740,A,1000000,1000000,2,46,1,1520,4446,1
7741,A,700000,300000,6,22,0,368594,14959,1
7742,A,200000,200000,6,21,1,0,7425,1
7743,A,700000,700000,2,25,1,13376,19890,1
7744,A,700000,700000,2,24,1,17280,8611,1
7745,A,1000000,1000000,2,51,1,233086,4183,1
7746,A,1000000,1000000,2,48,1,522700,36828,1
7747,A,200000,200000,2,22,1,36041,26541,1
7748,A,600000,600000,2,27,0,58092,7983,1
7749,A,700000,700000,3,38,0,98000,62576,1
7750,A,600000,600000,2,22,1,26401,41780,1
7751,A,1000000,300000,7,54,1,31989,36721,1
7752,A,700000,700000,1,57,1,17347,68661,1
7753,A,200000,200000,6,21,1,29309,14336,1
7754,A,500000,500000,2,27,1,4256,5481,1
7755,A,1000000,1000000,1,73,1,103455,27423,1
7756,A,1000000,1000000,2,51,1,0,55111,1
7757,A,200000,200000,6,20,1,16044,19404,1
7758,A,600000,600000,2,44,0,16093,36720,1
7759,A,600000,600000,7,29,1,3486,57785,1
7760,A,200000,200000,1,44,0,137106,94050,1
7761,A,700000,700000,2,31,0,49477,33477,1
7762,R,1000000,1000000,2,56,0,2166,46754,1
7763,A,200000,200000,6,23,1,16587,14269,1
7764,A,200000,200000,6,20,1,21806,9594,1
7765,A,1000000,300000,2,65,1,1078,0,1
7766,A,600000,600000,2,26,1,160166,36260,1
7767,A,600000,600000,1,81,1,40000,3591,1
7768,A,1000000,1000000,2,57,1,27782,42531,1
7769,A,1000000,1000000,2,56,1,113248,19890,1
7770,A,1000000,1000000,3,55,1,7249,11512,1
7771,A,500000,300000,6,20,1,1547,13752,1
7772,A,500000,300000,6,21,0,3410,8055,1
7773,A,400000,400000,2,24,1,166585,24068,1
7774,A,1000000,1000000,3,42,1,5800,5319,1
7775,A,400000,400000,2,31,1,360671,29384,1
7776,A,1000000,1000000,2,34,0,134174,81430,1
7777,A,1000000,800000,3,56,1,2923,4842,1
7778,A,500000,500000,2,26,1,21253,2287,1
7779,A,600000,600000,2,36,1,119074,10438,1
7780,A,700000,500000,11,59,1,15657,35174,1
7781,A,600000,600000,2,27,1,28813,11584,1
7782,A,1000000,1000000,3,43,0,57619,52155,1
7783,B,400000,400000,2,27,1,34462,31304,1
7784,A,200000,200000,2,49,1,191020,9979,1
7785,A,700000,700000,2,31,1,86292,1575,1
7786,A,1000000,300000,7,37,1,22350,22127,1
7787,A,600000,300000,2,29,1,5055,4588,1
7788,A,600000,600000,2,32,1,201535,48105,1
7789,A,300000,300000,6,21,1,,22365,1
7790,A,1000000,1000000,4,50,1,45086,98100,1
7791,A,700000,700000,2,25,1,18463,16900,1
7792,A,500000,300000,3,22,1,19066,39755,1
7793,A,200000,200000,6,20,1,50465,32132,1
7794,A,400000,300000,5,35,1,28800,17490,1
7795,A,500000,500000,2,26,1,18981,21474,1
7796,A,700000,700000,7,57,1,26190,9850,1
7797,A,300000,300000,6,20,0,26924,97971,1
7798,A,600000,300000,6,22,0,71299,9396,1
7799,A,400000,400000,2,24,1,337435,4383,1
7800,A,600000,600000,2,26,0,124381,36270,1
7801,A,700000,700000,4,41,1,30791,15390,1
7802,A,700000,700000,2,24,1,0,11403,1
7803,A,300000,300000,6,21,1,20587,23157,1
7804,A,500000,300000,6,24,1,35287,7820,1
7805,A,300000,300000,2,53,1,0,17485,1
7806,A,600000,600000,2,27,0,154144,4968,1
7807,A,300000,300000,2,35,1,161741,31185,1
7808,A,1000000,1000000,3,47,0,28618,56223,1
7809,A,500000,500000,2,23,1,70782,25608,1
7810,A,500000,400000,2,24,1,23760,26510,1
7811,A,400000,300000,6,20,1,19528,16884,1
7812,A,700000,700000,3,25,1,18337,23029,1
7813,A,400000,300000,6,21,0,115792,5561,1
7814,A,700000,700000,3,23,1,22694,5220,1
7815,A,500000,300000,6,20,1,22860,12960,1
7816,A,1000000,1000000,1,42,1,50175,18522,1
7817,A,500000,300000,7,43,1,0,12870,1
7818,A,500000,300000,7,29,1,280000,13905,1
7819,A,500000,500000,13,45,1,98407,13950,1
7820,A,500000,300000,4,52,1,19741,18900,1
7821,A,400000,200000,2,24,1,10066,29592,1
7822,A,1000000,1000000,2,54,1,2784,18734,1
7823,A,600000,300000,7,51,1,120396,42248,1
7824,A,1000000,1000000,2,26,1,27113,22680,1
7825,A,1000000,300000,7,48,1,389332,8682,1
7826,A,500000,500000,2,26,1,,41670,1
7827,A,600000,300000,6,23,1,6213,38195,1
7828,A,1000000,1000000,2,30,1,378937,9377,1
7829,A,1000000,300000,4,68,1,652,3600,1
7830,A,600000,600000,4,54,1,90092,22527,1
7831,A,400000,400000,5,67,0,90552,30830,1
7832,A,500000,300000,6,22,1,243415,9720,1
7833,A,600000,300000,2,29,1,139348,10887,1
7834,B,400000,400000,2,35,0,9677,5859,1
7835,R,1000000,1000000,2,64,1,22066,16336,1
7836,A,700000,700000,5,59,0,59539,155784,1
7837,A,700000,700000,2,38,0,72232,98228,1
7838,A,1000000,1000000,7,77,1,11737,7766,1
7839,A,200000,200000,6,21,1,74434,29592,1
7840,A,600000,600000,1,30,0,10496,26895,1
7841,A,1000000,300000,7,51,1,20828,1439,1
7842,A,600000,300000,6,23,1,1530,13401,1
7843,A,600000,600000,2,25,1,1254,77352,1
7844,A,200000,200000,6,21,1,313184,4455,1
7845,A,700000,300000,4,65,1,91609,43817,1
7846,A,300000,300000,6,23,1,228757,28611,1
7847,A,400000,400000,7,66,1,47120,37372,1
7848,A,400000,300000,7,27,1,27427,27018,1
7849,A,500000,500000,2,25,1,20892,14782,1
7850,A,1000000,1000000,2,57,1,91704,14166,1
7851,A,600000,300000,6,22,0,0,35640,1
7852,R,600000,300000,2,23,1,10150,10757,1
7853,A,500000,500000,2,25,1,107058,14850,1
7854,A,600000,600000,3,24,1,153712,19008,1
7855,A,200000,200000,6,19,1,16720,5040,1
7856,A,400000,300000,2,23,1,1369,14742,1
7857,A,700000,700000,2,28,1,0,13455,1
7858,A,400000,300000,6,20,1,9650,17253,1
7859,A,500000,500000,7,25,0,59975,5382,1
7860,A,700000,300000,7,53,1,0,13320,1
7861,A,500000,300000,6,21,1,28745,12240,1
7862,A,200000,200000,6,20,1,43046,8091,1
7863,A,600000,500000,2,49,1,26397,28760,1
7864,A,500000,300000,6,23,1,51592,21609,1
7865,A,200000,200000,3,27,0,0,23850,1
7866,A,600000,300000,2,25,1,65337,42464,1
7867,A,200000,200000,7,24,1,38766,2884,1
7868,A,200000,200000,6,20,1,41513,28601,1
7869,A,1000000,300000,4,55,1,,26244,1
7870,A,1000000,1000000,4,59,1,36085,9348,1
7871,R,1000000,1000000,4,46,1,99856,5874,1
7872,A,700000,700000,5,58,1,22033,0,1
7873,A,700000,300000,7,61,1,46987,8688,1
7874,A,1000000,1000000,3,30,1,24243,34571,1
7875,A,600000,600000,2,67,0,97346,3906,1
7876,A,1000000,1000000,2,32,1,0,8264,1
7877,A,700000,700000,4,55,1,80853,23663,1
7878,A,1000000,1000000,2,56,1,83272,49762,1
7879,A,600000,600000,2,28,1,8401,4851,1
7880,A,700000,300000,7,61,1,9748,25926,1
7881,A,1000000,1000000,2,56,1,12980,8159,1
7882,A,600000,300000,6,23,0,13585,77276,1
7883,A,400000,300000,2,22,1,43054,20790,1
7884,A,200000,200000,6,20,1,11428,20017,1
7885,A,700000,300000,6,23,1,24726,20433,1
7886,A,400000,300000,6,25,0,0,24169,1
7887,A,1000000,1000000,4,58,1,65492,17424,1
7888,A,200000,200000,8,80,1,22608,9947,1
7889,A,1000000,300000,2,28,1,21309,12960,1
7890,A,700000,700000,4,54,1,12569,22372,1
7891,A,400000,400000,2,24,1,23744,8351,1
7892,A,1000000,300000,4,57,1,8211,2175,1
7893,A,400000,400000,4,44,1,52662,15061,1
7894,A,500000,300000,6,23,1,20182,22384,1
7895,A,600000,600000,2,45,1,224774,140274,1
7896,A,500000,500000,4,44,1,238,63707,1
7897,A,1000000,1000000,4,53,1,17780,7342,1
7898,A,1000000,300000,7,74,1,64892,2292,1
7899,A,600000,300000,6,23,1,73301,15345,1
7900,A,1000000,1000000,4,65,1,186687,19856,1
7901,A,400000,400000,2,30,1,17086,4984,1
7902,A,1000000,1000000,2,26,1,0,43321,1
7903,A,200000,200000,2,24,1,45181,26104,1
7904,A,400000,400000,2,54,1,8307,36432,1
7905,A,200000,200000,6,21,1,76477,1568,1
7906,B,200000,200000,2,48,1,42917,37167,1
7907,A,400000,400000,7,31,1,89116,52434,1
7908,A,700000,700000,3,23,1,28162,30780,1
7909,A,600000,600000,2,32,1,0,29070,1
7910,A,400000,400000,5,30,1,72053,4119,1
7911,A,500000,300000,6,22,1,0,20592,1
7912,A,200000,200000,2,22,1,164447,52749,1
7913,A,200000,200000,2,25,1,32134,10791,1
7914,A,600000,600000,2,37,1,24641,18748,1
7915,A,600000,300000,6,22,0,16103,3618,1
7916,B,500000,300000,6,21,1,103634,57312,1
7917,A,200000,200000,2,24,1,218833,19791,1
7918,A,700000,700000,3,24,1,0,49958,1
7919,A,600000,600000,2,29,1,66254,25839,1
7920,A,200000,200000,6,22,1,153635,13500,1
7921,A,1000000,1000000,2,35,1,44571,2673,1
7922,A,600000,600000,2,33,1,0,23650,1
7923,A,200000,200000,6,20,1,253082,11970,1
7924,A,1000000,1000000,3,55,1,0,5001,1
7925,A,700000,600000,2,56,1,11125,5220,1
7926,A,700000,700000,2,65,1,50620,5436,1
7927,A,1000000,1000000,4,63,1,4370,22393,1
7928,A,400000,400000,7,32,1,9407,155529,1
7929,B,200000,200000,2,51,1,4739,1638,1
7930,A,500000,300000,6,21,1,69759,28968,1
7931,A,700000,300000,7,62,1,4734,15380,1
7932,A,1000000,300000,7,59,1,28586,14599,1
7933,A,200000,200000,7,56,1,12929,16137,1
7934,A,300000,300000,1,40,1,323166,10782,1
7935,A,200000,200000,6,21,0,17429,15142,1
7936,A,700000,300000,6,23,1,8788,30294,1
7937,A,600000,300000,6,23,1,50279,24994,1
7938,A,1000000,1000000,3,28,1,0,8136,1
7939,A,1000000,300000,6,25,1,52232,3050,1
7940,A,400000,300000,6,22,1,80952,8010,1
7941,A,500000,300000,11,57,0,12854,3852,1
7942,A,500000,500000,4,59,1,20605,38476,1
7943,A,400000,400000,2,24,1,34445,46224,1
7944,R,700000,700000,4,51,1,46109,36023,1
7945,A,1000000,1000000,4,51,1,183336,12960,1
7946,A,1000000,1000000,2,31,1,2850,50773,1
7947,A,1000000,1000000,4,57,1,41369,32613,1
7948,A,1000000,300000,11,41,1,52488,22860,1
7949,A,1000000,1000000,2,26,1,56731,81970,1
7950,A,700000,300000,4,78,1,4849,63664,1
7951,A,500000,500000,4,42,1,146288,9867,1
7952,A,600000,600000,2,24,0,50290,19692,1
7953,A,300000,300000,2,55,1,0,49631,1
7954,A,1000000,1000000,4,66,1,49036,61492,1
7955,A,600000,600000,7,42,0,10931,16336,1
7956,A,600000,600000,13,80,0,35591,226,1
7957,A,1000000,1000000,4,61,1,83356,33779,1
7958,A,500000,300000,7,29,1,38077,16257,1
7959,A,500000,300000,6,24,1,263132,18162,1
7960,A,700000,700000,2,33,0,40860,27810,1
7961,A,1000000,1000000,4,27,1,7315,7722,1
7962,A,700000,700000,3,49,1,23379,10687,1
7963,A,1000000,1000000,2,30,0,200935,40408,1
7964,A,1000000,1000000,3,58,1,0,43650,1
7965,A,200000,200000,6,23,1,12227,24545,1
7966,B,500000,500000,2,29,1,0,13380,1
7967,A,500000,500000,7,54,1,33864,50427,1
7968,A,700000,700000,2,26,1,81414,8143,1
7969,A,700000,700000,2,55,1,160811,16136,1
7970,A,1000000,1000000,3,32,0,81112,138727,1
7971,A,600000,600000,7,27,1,256527,33353,1
7972,A,1000000,1000000,2,32,1,36880,11970,1
7973,A,200000,200000,2,25,1,30586,732,1
7974,A,500000,500000,2,29,1,7724,50693,1
7975,A,700000,300000,7,50,1,427420,29007,1
7976,A,700000,300000,6,25,1,0,10442,1
7977,A,600000,300000,6,24,0,1135,8505,1
7978,A,700000,700000,2,27,1,37465,8447,1
7979,A,1000000,1000000,12,50,1,16404,13975,1
7980,A,600000,600000,2,29,1,31377,4578,1
7981,A,200000,200000,7,23,1,159055,5978,1
7982,A,200000,200000,6,20,1,59112,19217,1
7983,A,700000,700000,2,37,0,113839,21736,1
7984,A,200000,200000,4,42,1,0,190260,1
7985,A,1000000,1000000,2,59,1,0,23769,1
7986,A,1000000,1000000,2,49,1,747089,165816,1
7987,A,700000,700000,2,32,1,185,37152,1
7988,A,600000,300000,11,26,1,0,96714,1
7989,A,1000000,1000000,2,56,1,109628,175320,1
7990,A,600000,300000,7,59,1,0,19890,1
7991,A,700000,700000,2,52,1,0,62370,1
7992,A,1000000,1000000,3,25,1,46924,14450,1
7993,A,600000,600000,5,36,1,14421,18009,1
7994,A,700000,700000,2,23,1,5283,45630,1
7995,A,1000000,300000,7,38,1,30000,88200,1
7996,A,1000000,1000000,2,36,1,332596,89100,1
7997,A,700000,700000,2,30,1,32296,7457,1
7998,A,1000000,300000,4,55,1,109827,17217,1
7999,A,700000,700000,2,31,1,40980,23365,1
8000,A,1000000,1000000,2,34,1,1976,38610,1
8001,A,500000,500000,2,25,1,97704,33552,1
8002,A,500000,300000,7,69,1,155978,110880,1
8003,A,600000,300000,7,49,1,0,97020,1
8004,A,600000,600000,2,32,1,71478,23220,1
8005,A,700000,700000,2,34,1,3292,33247,1
8006,A,200000,200000,2,21,1,32610,1568,1
8007,A,1000000,1000000,2,58,1,0,62370,1
8008,A,700000,600000,7,55,1,0,12465,1
8009,A,1000000,1000000,2,49,0,0,113049,1
8010,A,500000,500000,3,25,1,51585,18444,1
8011,A,1000000,1000000,2,43,0,36699,58410,1
8012,A,200000,200000,7,22,1,201429,2723,1
8013,A,700000,300000,7,48,1,29646,60390,1
8014,A,200000,200000,6,20,1,12500,8351,1
8015,A,1000000,300000,4,49,1,21080,24840,1
8016,A,300000,300000,3,24,1,0,17280,1
8017,A,700000,300000,4,55,1,43034,8055,1
8018,A,600000,600000,2,26,1,0,33988,1
8019,B,500000,500000,2,28,1,49022,27720,1
8020,A,700000,700000,2,44,1,23015,35918,1
8021,A,200000,200000,6,20,1,0,45882,1
8022,A,700000,700000,2,59,1,16145,36701,1
8023,A,600000,600000,2,32,1,3279,10782,1
8024,A,600000,600000,2,30,1,3000,51735,1
8025,A,700000,700000,2,38,1,26100,63450,1
8026,B,500000,300000,6,20,1,9501,4554,1
8027,A,600000,600000,2,45,1,217365,62370,1
8028,A,700000,700000,3,25,1,9469,4693,1
8029,A,700000,700000,2,26,1,39916,21078,1
8030,A,1000000,1000000,2,38,1,2451,9495,1
8031,A,500000,500000,4,33,1,291953,21033,1
8032,B,700000,700000,2,43,1,0,62964,1
8033,A,500000,300000,6,22,1,108099,7600,1
8034,A,1000000,1000000,3,30,1,475091,21667,1
8035,A,1000000,300000,7,47,1,36089,25584,1
8036,A,1000000,700000,2,62,1,98190,11926,1
8037,A,500000,500000,2,45,1,43463,11098,1
8038,A,700000,700000,2,24,1,64620,117378,1
8039,A,700000,700000,2,31,1,17740,139059,1
8040,A,1000000,500000,7,52,1,68248,8483,1
8041,B,700000,700000,2,37,1,1741,62370,1
8042,A,700000,700000,2,53,0,256762,49500,1
8043,A,500000,500000,2,27,1,39715,14307,1
8044,A,600000,600000,2,26,1,0,28053,1
8045,B,1000000,1000000,2,52,1,0,6520,1
8046,A,700000,700000,1,64,0,466517,187055,1
8047,A,300000,300000,2,23,1,11438,36720,1
8048,A,1000000,1000000,2,51,1,41758,77220,1
8049,A,1000000,1000000,2,46,1,61587,29601,1
8050,R,1000000,1000000,3,57,1,0,89390,1
8051,A,200000,200000,6,22,1,0,69279,1
8052,A,1000000,1000000,2,54,1,28240,62658,1
8053,A,700000,700000,7,31,1,13272,11673,1
8054,A,700000,700000,2,45,0,217710,93150,1
8055,A,600000,600000,2,31,0,741950,180000,1
8056,A,700000,700000,3,27,1,54538,13860,1
8057,A,600000,600000,2,28,1,51680,42660,1
8058,A,600000,600000,2,32,1,50160,24246,1
8059,A,600000,600000,2,58,1,0,61470,1
8060,A,1000000,300000,7,52,1,2755,66621,1
8061,A,1000000,1000000,2,30,1,21841,24984,1
8062,A,500000,500000,2,26,1,15153,24741,1
8063,A,1000000,1000000,2,29,1,0,31869,1
8064,A,700000,500000,2,25,1,80557,22869,1
8065,A,500000,500000,2,25,1,61701,23354,1
8066,A,1000000,1000000,3,27,1,49101,13851,1
8067,B,300000,300000,2,24,1,0,109858,1
8068,A,600000,600000,3,24,1,0,3791,1
8069,A,500000,500000,2,25,1,487888,42844,1
8070,A,1000000,1000000,2,44,1,40755,193140,1
8071,A,600000,600000,2,26,0,9949,40680,1
8072,A,600000,600000,2,28,1,45318,59575,1
8073,A,600000,600000,2,31,1,3031,94050,1
8074,A,1000000,1000000,2,29,1,,50238,1
8075,A,1000000,1000000,2,30,1,6349,40680,1
8076,A,500000,500000,2,29,1,20464,5496,1
8077,A,700000,700000,2,26,1,2508,89388,1
8078,A,600000,600000,2,24,1,109379,19429,1
8079,A,1000000,1000000,2,33,1,0,8910,1
8080,A,500000,500000,2,25,1,39135,67184,1
8081,A,400000,400000,2,26,0,56045,44640,1
8082,A,500000,500000,2,26,1,14390,116980,1
8083,A,300000,300000,2,25,0,341751,87210,1
8084,A,1000000,1000000,2,36,1,0,27027,1
8085,A,700000,700000,2,46,1,19276,19114,1
8086,A,500000,500000,2,26,1,5016,65831,1
8087,A,1000000,1000000,3,40,0,126000,81891,1
8088,A,1000000,300000,7,59,1,27750,931,1
8089,R,700000,300000,7,47,1,10031,94050,1
8090,A,500000,500000,2,24,1,5643,39987,1
8091,A,500000,500000,2,32,1,5417,179648,1
8092,B,700000,700000,2,29,1,57323,38115,1
8093,A,1000000,500000,1,47,1,8702,20682,1
8094,A,300000,300000,6,21,1,4200,68163,1
8095,A,1000000,1000000,2,46,0,14190,180731,1
8096,A,1000000,1000000,2,39,1,271541,26235,1
8097,A,1000000,1000000,1,51,1,116755,57283,1
8098,A,700000,700000,13,75,1,91906,5040,1
8099,A,500000,300000,7,41,1,0,73260,1
8100,A,1000000,1000000,2,46,1,1077328,138492,1
8101,A,1000000,300000,7,46,1,10628,41580,1
8102,A,1000000,1000000,2,59,1,118525,11578,1
8103,A,200000,200000,6,26,0,85263,53295,1
8104,A,500000,500000,2,26,1,17661,0,1
8105,A,1000000,1000000,2,58,1,8691,9856,1
8106,A,400000,400000,2,32,1,0,10568,1
8107,A,600000,600000,2,25,1,37191,60988,1
8108,A,600000,600000,2,26,1,39137,86130,1
8109,A,700000,300000,4,56,1,1338,98093,1
8110,A,600000,600000,2,25,0,20900,32256,1
8111,A,200000,200000,2,23,0,28587,115200,1
8112,R,600000,600000,2,34,1,431376,108729,1
8113,A,1000000,300000,7,60,1,23565,364,1
8114,A,1000000,1000000,3,30,1,17124,47852,1
8115,A,700000,700000,2,25,1,0,21015,1
8116,A,500000,300000,7,64,1,21350,49788,1
8117,A,200000,200000,2,26,1,,75330,1
8118,A,1000000,1000000,2,28,1,93099,40607,1
8119,A,600000,600000,2,23,1,51365,61082,1
8120,A,600000,600000,3,32,0,352480,168885,1
8121,A,700000,700000,2,30,1,20421,5864,1
8122,A,700000,700000,2,28,1,38123,11068,1
8123,A,600000,600000,10,28,1,474701,52470,1
8124,A,500000,500000,2,25,1,135407,9500,1
8125,A,500000,500000,2,33,1,48900,14247,1
8126,A,1000000,1000000,2,52,1,31459,23563,1
8127,A,500000,300000,2,30,1,171187,28800,1
8128,A,500000,300000,6,21,1,39336,46323,1
8129,A,1000000,1000000,2,36,1,91646,48105,1
8130,A,1000000,1000000,2,43,1,3658,48474,1
8131,A,200000,200000,7,25,1,2631,17820,1
8132,A,700000,700000,2,25,1,0,88794,1
8133,A,600000,600000,2,25,1,281426,65303,1
8134,A,1000000,1000000,2,32,0,137450,60480,1
8135,A,700000,300000,6,21,1,7776,11376,1
8136,A,600000,600000,2,26,1,121479,43704,1
8137,A,1000000,1000000,3,30,0,21259,59000,1
8138,A,1000000,1000000,2,27,1,2000,51402,1
8139,R,1000000,300000,4,68,1,39192,146287,1
8140,A,600000,600000,2,30,1,38656,99882,1
8141,A,1000000,1000000,3,48,1,10241,37620,1
8142,A,1000000,300000,7,48,1,4997,47757,1
8143,A,500000,500000,2,30,1,209703,66671,1
8144,A,600000,300000,7,59,1,189023,17424,1
8145,A,1000000,1000000,2,73,1,68532,180000,1
8146,A,700000,700000,5,49,1,29450,29920,1
8147,A,200000,200000,6,22,1,52524,22397,1
8148,A,500000,500000,2,30,1,0,12712,1
8149,A,1000000,300000,7,53,1,42748,57510,1
8150,A,500000,300000,7,59,1,13500,19890,1
8151,A,1000000,300000,4,56,1,0,28701,1
8152,A,1000000,1000000,2,66,1,93274,50442,1
8153,A,1000000,1000000,2,37,0,58562,6453,1
8154,A,1000000,600000,8,72,1,32392,34722,1
8155,A,400000,300000,4,57,1,43275,79560,1
8156,A,1000000,1000000,2,26,1,43000,51615,1
8157,A,1000000,300000,8,68,1,3031,8901,1
8158,A,600000,600000,10,26,1,,22772,1
8159,A,600000,600000,4,33,1,141226,238194,1
8160,A,600000,600000,2,30,0,123639,5040,1
8161,B,1000000,1000000,5,64,1,1097363,180090,1
8162,A,600000,600000,2,38,1,51811,12068,1
8163,A,700000,700000,2,25,1,78300,41633,1
8164,A,700000,700000,2,40,1,25000,48510,1
8165,A,700000,700000,7,54,1,1525,107044,1
8166,A,600000,300000,6,22,1,21786,17647,1
8167,A,600000,600000,2,28,0,1516,27413,1
8168,A,600000,600000,2,24,1,107306,26541,1
8169,A,700000,400000,2,34,1,70040,47745,1
8170,A,1000000,1000000,10,50,1,9858,68915,1
8171,A,1000000,1000000,2,28,1,15607,2149,1
8172,A,700000,700000,2,27,0,34000,70269,1
8173,A,600000,600000,2,26,1,485825,20845,1
8174,A,700000,700000,2,23,1,12227,8984,1
8175,A,600000,600000,2,24,0,38038,88119,1
8176,A,500000,500000,2,38,1,0,27997,1
8177,A,500000,500000,2,30,1,37628,66258,1
8178,A,1000000,1000000,2,57,1,95461,20262,1
8179,A,700000,700000,2,29,1,67916,57200,1
8180,A,400000,400000,2,29,1,87700,6006,1
8181,A,1000000,1000000,3,54,1,21835,33864,1
8182,A,200000,200000,2,24,1,35211,21123,1
8183,A,700000,700000,13,66,0,0,20880,1
8184,A,700000,300000,4,55,1,,45657,1
8185,A,1000000,300000,4,49,1,53880,12255,1
8186,A,700000,700000,4,30,1,41102,40986,1
8187,A,500000,300000,4,44,1,19855,89579,1
8188,A,700000,600000,5,40,1,0,43650,1
8189,A,500000,500000,2,37,0,84300,167481,1
8190,A,1000000,300000,7,68,1,4031,42669,1
8191,A,700000,700000,2,47,0,221487,144262,1
8192,A,200000,200000,6,20,1,135868,8010,1
8193,B,1000000,1000000,4,45,1,10000,14355,1
8194,A,500000,500000,2,24,1,5006,6228,1
8195,A,400000,300000,6,21,1,19112,78023,1
8196,A,700000,300000,8,68,1,18076,104346,1
8197,A,400000,400000,2,24,0,17077,29355,1
8198,A,1000000,1000000,8,71,0,5062,2169,1
8199,A,700000,700000,2,30,0,11828,62460,1
8200,A,700000,300000,12,49,1,333986,3766,1
8201,A,600000,600000,2,23,1,332011,13787,1
8202,A,1000000,1000000,3,47,1,120797,59103,1
8203,A,600000,600000,3,23,1,15132,107466,1
8204,A,500000,300000,6,21,1,27607,30789,1
8205,A,500000,500000,2,28,1,16830,27900,1
8206,A,700000,300000,6,24,0,0,37818,1
8207,A,700000,700000,2,29,0,67371,69417,1
8208,A,600000,600000,2,38,0,33642,36720,1
8209,A,600000,600000,2,27,1,10346,15822,1
8210,A,500000,500000,7,29,1,56471,17531,1
8211,A,1000000,1000000,13,48,0,7351,50706,1
8212,A,1000000,1000000,4,47,1,32186,53649,1
8213,A,1000000,300000,2,54,1,18422,35640,1
8214,A,200000,200000,11,21,1,23100,34371,1
8215,A,600000,600000,2,45,1,9129,41580,1
8216,A,500000,500000,2,28,0,0,59985,1
8217,A,1000000,1000000,8,74,1,0,16029,1
8218,A,1000000,300000,7,65,1,49488,5225,1
8219,A,600000,600000,2,24,1,0,62163,1
8220,R,1000000,1000000,2,55,1,17140,76230,1
8221,A,500000,500000,2,26,1,59880,38610,1
8222,A,700000,700000,2,56,1,56025,51334,1
8223,A,1000000,300000,7,64,1,1140,4962,1
8224,R,700000,700000,3,26,1,20000,7145,1
8225,A,700000,700000,2,26,1,51999,12476,1
8226,A,1000000,1000000,2,69,1,25827,15930,1
8227,A,1000000,1000000,3,29,1,0,4530,1
8228,A,400000,400000,2,23,1,6484,56501,1
8229,A,400000,400000,2,24,1,38461,31968,1
8230,A,1000000,1000000,2,33,1,2509,17325,1
8231,A,700000,300000,7,46,1,63556,36748,1
8232,A,700000,700000,2,38,1,111591,70380,1
8233,R,700000,700000,2,52,1,56430,133413,1
8234,A,600000,600000,2,23,0,322413,21543,1
8235,A,600000,300000,6,21,1,5862,15831,1
8236,A,200000,200000,2,21,1,25557,13446,1
8237,A,300000,300000,5,68,1,3587,108990,1
8238,A,1000000,1000000,7,27,1,2499,67770,1
8239,A,600000,600000,7,27,1,0,13455,1
8240,A,1000000,1000000,2,42,1,122146,31844,1
8241,A,1000000,1000000,2,31,0,0,73548,1
8242,A,700000,700000,2,52,1,194431,612,1
8243,A,200000,200000,2,27,1,132014,41670,1
8244,A,1000000,1000000,2,25,0,480072,47120,1
8245,A,400000,400000,1,46,1,125794,110946,1
8246,A,300000,300000,2,27,1,123588,26662,1
8247,B,1000000,1000000,3,51,1,132961,11890,1
8248,R,400000,300000,6,22,1,40093,5297,1
8249,A,1000000,1000000,2,28,1,86598,99430,1
8250,A,700000,700000,2,25,1,54744,23764,1
8251,A,600000,600000,3,25,1,0,40590,1
8252,A,300000,300000,6,23,1,30361,26946,1
8253,A,500000,500000,2,26,1,52117,15581,1
8254,A,700000,700000,2,45,1,0,23760,1
8255,A,600000,600000,2,59,1,7536,32868,1
8256,A,700000,700000,2,46,1,0,114039,1
8257,A,1000000,300000,11,30,1,241416,25245,1
8258,A,700000,700000,4,37,1,5420,9810,1
8259,A,700000,300000,6,24,1,29975,131176,1
8260,A,600000,600000,2,23,1,36575,25326,1
8261,A,700000,300000,7,39,1,11229,43067,1
8262,A,400000,300000,6,23,1,71297,35453,1
8263,A,1000000,300000,2,50,1,79465,51796,1
8264,A,1000000,300000,4,48,1,163158,44838,1
8265,A,600000,500000,2,45,1,70147,40680,1
8266,A,500000,300000,7,48,1,48687,3663,1
8267,A,1000000,1000000,3,39,1,1668841,151704,1
8268,A,700000,700000,2,28,1,39836,77697,1
8269,A,600000,600000,2,26,1,39503,67815,1
8270,R,500000,500000,2,27,0,31428,50787,1
8271,R,700000,700000,2,32,1,40546,20151,1
8272,A,700000,700000,4,41,1,39636,33165,1
8273,A,1000000,1000000,2,49,1,322978,25740,1
8274,A,700000,700000,2,27,1,2219,65797,1
8275,A,300000,300000,7,49,1,179469,11871,1
8276,A,700000,700000,2,61,1,143897,54144,1
8277,A,700000,700000,2,34,1,5090,44694,1
8278,A,600000,600000,2,41,0,25052,46422,1
8279,A,1000000,1000000,2,37,1,2081,78705,1
8280,A,1000000,300000,7,42,1,75,14940,1
8281,A,1000000,300000,7,44,1,3115,41580,1
8282,A,1000000,1000000,3,27,1,8183,40416,1
8283,A,1000000,300000,7,53,1,63446,303575,1
8284,A,1000000,1000000,2,35,1,,47610,1
8285,A,1000000,300000,7,59,1,22095,20790,1
8286,A,600000,600000,3,23,1,2624,37292,1
8287,A,700000,700000,2,34,1,0,71973,1
8288,A,400000,400000,2,25,1,70859,17960,1
8289,A,700000,700000,2,28,1,82259,25435,1
8290,A,1000000,300000,7,58,1,0,41670,1
8291,A,700000,700000,3,25,1,41188,13455,1
8292,A,600000,600000,2,24,1,35773,22824,1
8293,A,700000,300000,7,60,1,2278,21533,1
8294,A,600000,600000,1,41,1,31925,116550,1
8295,A,600000,600000,2,28,1,30864,16920,1
8296,A,500000,500000,2,55,1,135917,29988,1
8297,A,400000,400000,7,30,1,67737,34607,1
8298,A,600000,600000,10,26,1,59739,22940,1
8299,A,1000000,1000000,2,63,1,2594,25573,1
8300,A,500000,500000,7,32,1,0,18557,1
8301,A,700000,700000,2,28,1,8008,103140,1
8302,A,600000,600000,2,29,1,42550,54247,1
8303,A,300000,300000,2,22,1,8294,17966,1
8304,A,1000000,1000000,2,27,0,16720,175230,1
8305,A,200000,200000,13,30,1,10450,86063,1
8306,A,1000000,300000,4,64,1,0,112371,1
8307,A,250000,250000,4,54,1,4332,16038,1
8308,A,400000,400000,7,31,1,21552,11732,1
8309,A,200000,200000,6,20,1,24767,15225,1
8310,A,1000000,300000,7,53,1,7554,42650,1
8311,A,1000000,800000,7,54,1,0,28404,1
8312,A,600000,600000,2,30,1,0,13185,1
8313,A,600000,600000,12,43,1,151846,68985,1
8314,A,1000000,800000,8,72,1,2634,40482,1
8315,A,1000000,1000000,2,44,0,11913,39600,1
8316,A,1000000,1000000,3,25,1,74001,9950,1
8317,A,400000,300000,6,22,1,56791,29196,1
8318,A,1000000,1000000,3,42,1,27170,84735,1
8319,A,700000,700000,2,27,1,0,38808,1
8320,A,1000000,1000000,2,52,1,181679,40964,1
8321,A,700000,700000,3,29,1,246226,141867,1
8322,A,700000,700000,2,41,1,27350,113355,1
8323,A,1000000,1000000,4,47,1,6795,47610,1
8324,A,600000,300000,6,22,1,13149,23170,1
8325,A,300000,300000,7,27,1,8595,3483,1
8326,A,600000,300000,6,23,1,0,28781,1
8327,A,200000,200000,7,19,1,72480,19305,1
8328,R,600000,600000,2,26,1,81332,55490,1
8329,A,600000,600000,2,26,1,183178,29367,1
8330,A,200000,200000,2,26,1,,39516,1
8331,A,700000,700000,2,29,1,27278,27018,1
8332,A,1000000,1000000,2,26,0,222243,172016,1
8333,A,200000,200000,7,27,1,28646,28350,1
8334,A,1000000,1000000,2,26,1,2632,21978,1
8335,A,400000,400000,12,28,1,1197,43281,1
8336,A,600000,600000,5,44,1,5688,57510,1
8337,A,1000000,1000000,2,33,0,10926,61470,1
8338,A,1000000,800000,2,39,1,89032,35864,1
8339,A,600000,600000,2,43,1,596183,18504,1
8340,A,700000,700000,7,26,1,26543,7227,1
8341,A,500000,500000,7,51,1,76754,13860,1
8342,A,1000000,300000,7,60,1,154206,43650,1
8343,A,1000000,1000000,4,44,1,22095,7206,1
8344,B,700000,700000,2,36,1,291519,14146,1
8345,A,1000000,300000,7,50,1,24018,4563,1
8346,A,1000000,300000,2,48,1,0,22658,1
8347,A,1000000,1000000,2,36,1,51359,103713,1
8348,A,200000,200000,6,20,1,86514,15702,1
8349,A,1000000,300000,4,57,1,38441,29968,1
8350,A,1000000,1000000,5,67,1,3262,28800,1
8351,A,600000,600000,2,49,1,48103,36126,1
8352,A,600000,400000,8,58,1,16450,15584,1
8353,A,200000,200000,6,23,0,12104,11867,1
8354,A,1000000,1000000,2,39,1,12000,31374,1
8355,A,1000000,1000000,2,46,0,58776,1415,1
8356,A,700000,300000,7,54,1,8130,3852,1
8357,A,1000000,300000,7,62,1,0,65628,1
8358,A,500000,500000,2,30,1,107933,48483,1
8359,A,600000,300000,6,22,1,5830,34018,1
8360,A,700000,700000,3,29,1,134815,36225,1
8361,A,700000,300000,8,70,1,60976,58203,1
8362,A,1000000,300000,7,53,1,26030,34740,1
8363,A,700000,700000,2,39,1,0,45177,1
8364,A,1000000,1000000,1,60,1,0,18900,1
8365,A,1000000,1000000,2,42,1,841888,106871,1
8366,A,1000000,700000,2,65,1,123167,95310,1
8367,A,200000,200000,6,20,1,40932,12969,1
8368,A,1000000,300000,4,48,1,55168,9702,1
8369,A,600000,600000,2,32,1,6811,33793,1
8370,A,700000,300000,7,47,1,35339,2211,1
8371,A,1000000,1000000,2,26,1,54999,68541,1
8372,A,500000,500000,2,23,1,85804,19800,1
8373,A,400000,400000,2,24,1,34367,3235,1
8374,A,600000,300000,6,23,1,24120,41724,1
8375,A,700000,700000,2,27,1,37483,48029,1
8376,A,1000000,1000000,2,64,1,47407,21780,1
8377,A,1000000,300000,4,70,1,0,34749,1
8378,A,1000000,1000000,3,44,1,18761,1458,1
8379,A,500000,500000,2,25,1,0,17766,1
8380,A,600000,600000,2,27,1,50224,1791,1
8381,A,700000,500000,5,53,1,139731,115470,1
8382,A,1000000,1000000,2,37,1,48153,9990,1
8383,A,1000000,1000000,2,43,1,49729,66915,1
8384,A,500000,300000,6,22,1,16188,23222,1
8385,A,600000,300000,7,24,1,11704,3213,1
8386,A,1000000,1000000,2,58,1,15508,11475,1
8387,A,500000,500000,2,23,1,30150,16461,1
8388,A,200000,200000,2,29,1,5851,22860,1
8389,A,200000,200000,2,28,0,12867,100980,1
8390,A,600000,600000,2,29,1,106228,3555,1
8391,A,700000,300000,6,24,1,290883,11826,1
8392,A,600000,600000,2,27,0,20691,64096,1
8393,A,200000,200000,7,23,1,290110,49617,1
8394,A,700000,700000,2,27,1,4036,4932,1
8395,A,1000000,1000000,2,27,1,110424,5931,1
8396,A,700000,300000,4,59,1,7480,179289,1
8397,A,1000000,1000000,2,32,0,3000,31245,1
8398,A,500000,500000,2,31,1,9094,60822,1
8399,A,500000,500000,2,30,1,123706,36720,1
8400,A,1000000,300000,4,67,1,12053,46638,1
8401,A,500000,300000,6,23,1,33497,5279,1
8402,A,1000000,300000,7,58,1,118862,18045,1
8403,A,400000,400000,2,28,1,45573,18366,1
8404,A,1000000,1000000,3,28,1,29383,45420,1
8405,A,1000000,1000000,2,27,1,41000,18756,1
8406,B,200000,200000,6,23,1,199445,6175,1
8407,A,700000,300000,7,42,1,26769,6318,1
8408,A,1000000,1000000,3,46,0,20848,85050,1
8409,A,1000000,1000000,3,26,1,9830,67410,1
8410,A,400000,400000,3,25,1,88012,12204,1
8411,A,400000,400000,2,24,1,17708,27027,1
8412,B,600000,600000,2,26,1,44115,96838,1
8413,A,1000000,1000000,2,26,1,19435,11293,1
8414,A,1000000,1000000,7,56,1,1353,7553,1
8415,A,1000000,1000000,2,61,1,22990,13365,1
8416,A,200000,200000,7,51,1,106893,29790,1
8417,A,200000,200000,6,22,1,14212,15831,1
8418,A,1000000,300000,4,56,1,0,26622,1
8419,A,700000,700000,2,41,0,134640,47511,1
8420,A,1000000,1000000,2,48,0,21575,81835,1
8421,A,700000,700000,2,28,1,42039,53075,1
8422,A,400000,400000,2,29,1,12863,49302,1
8423,A,700000,700000,2,26,1,58970,53460,1
8424,A,1000000,1000000,2,26,1,20476,41203,1
8425,A,1000000,1000000,2,41,0,0,18900,1
8426,A,700000,300000,2,24,1,45168,6030,1
8427,A,600000,300000,6,20,1,125547,14720,1
8428,A,600000,300000,12,32,1,0,12861,1
8429,A,1000000,1000000,2,30,1,81615,32180,1
8430,A,1000000,400000,2,24,1,183130,18108,1
8431,A,1000000,1000000,3,33,1,20449,25830,1
8432,A,700000,700000,2,38,1,103785,139888,1
8433,A,1000000,1000000,3,39,1,32202,23355,1
8434,A,700000,700000,2,23,1,28803,5940,1
8435,A,1000000,1000000,2,50,1,89156,63770,1
8436,A,1000000,1000000,2,30,1,87520,72621,1
8437,A,200000,200000,2,34,1,67443,11322,1
8438,A,1000000,1000000,2,31,1,27208,7286,1
8439,A,1000000,1000000,2,27,0,50658,36918,1
8440,A,600000,600000,2,27,1,53874,18076,1
8441,A,500000,300000,2,53,1,30752,6297,1
8442,A,600000,600000,2,26,1,38143,26253,1
8443,A,700000,300000,7,52,1,263244,4496,1
8444,A,700000,700000,2,26,1,40599,38817,1
8445,A,400000,300000,6,21,1,31863,20997,1
8446,A,1000000,1000000,2,62,0,237006,105647,1
8447,A,700000,700000,2,30,0,167485,71100,1
8448,B,600000,600000,2,44,1,26220,18810,1
8449,A,600000,300000,7,57,1,2960,49005,1
8450,A,200000,200000,6,20,1,9122,22760,1
8451,A,600000,600000,2,27,0,37919,9495,1
8452,A,700000,700000,12,49,1,96665,1386,1
8453,A,1000000,800000,2,52,1,39247,15926,1
8454,A,500000,300000,7,45,1,713,18591,1
8455,A,500000,500000,2,45,1,499247,22740,1
8456,A,200000,200000,2,24,1,4125,61065,1
8457,A,1000000,1000000,3,57,1,127695,44181,1
8458,A,700000,700000,2,25,1,40997,21652,1
8459,A,700000,700000,3,24,0,30393,36720,1
8460,R,200000,200000,2,26,0,0,52965,1
8461,B,600000,600000,2,24,1,2461,27122,1
8462,A,700000,300000,8,67,1,19344,49005,1
8463,A,700000,700000,2,27,1,0,96859,1
8464,A,600000,600000,2,24,1,7825,981,1
8465,A,1000000,1000000,2,28,1,31664,46306,1
8466,A,600000,600000,2,35,1,0,3060,1
8467,A,600000,300000,6,22,1,8618,19005,1
8468,A,500000,500000,2,25,1,0,22860,1
8469,A,600000,600000,2,26,1,774,104212,1
8470,A,1000000,1000000,2,31,1,272988,82251,1
8471,A,500000,300000,6,21,1,9310,69643,1
8472,A,400000,400000,2,30,1,0,22860,1
8473,B,500000,500000,2,26,1,19674,64350,1
8474,A,500000,500000,2,28,1,4465,35280,1
8475,A,200000,200000,6,21,1,55422,8910,1
8476,A,1000000,1000000,2,33,0,69277,47835,1
8477,A,500000,500000,2,35,1,60521,57915,1
8478,A,1000000,1000000,2,57,1,126254,29313,1
8479,A,1000000,1000000,2,34,1,8569,72840,1
8480,A,700000,700000,2,33,1,81212,40590,1
8481,A,700000,700000,2,25,1,74128,57210,1
8482,A,700000,300000,7,60,1,30904,70758,1
8483,A,1000000,300000,6,23,1,180280,5949,1
8484,A,1000000,1000000,2,54,0,0,158787,1
8485,A,700000,300000,12,55,1,14557,54000,1
8486,A,1000000,1000000,3,37,0,24408,34441,1
8487,A,1000000,1000000,2,33,1,6061,169488,1
8488,A,1000000,1000000,2,46,0,118320,100229,1
8489,A,500000,500000,2,24,1,2574,27720,1
8490,A,1000000,1000000,3,33,1,11320,150110,1
8491,A,1000000,1000000,2,29,1,6785,20605,1
8492,A,1000000,1000000,2,41,1,26866,70290,1
8493,A,1000000,300000,7,47,1,960,9000,1
8494,A,600000,600000,2,28,1,40546,24840,1
8495,A,500000,500000,2,27,0,3240,288,1
8496,A,300000,300000,10,32,1,187297,29592,1
8497,A,300000,300000,2,26,1,0,31896,1
8498,A,1000000,300000,7,56,1,1000,55440,1
8499,R,500000,300000,7,45,1,167468,10049,1
8500,A,700000,700000,2,27,1,73691,6122,1
8501,A,1000000,1000000,2,27,1,12608,12564,1
8502,A,700000,700000,2,27,1,13784,34756,1
8503,A,500000,500000,2,30,1,176712,50085,1
8504,A,400000,400000,3,25,1,23565,29880,1
8505,A,700000,700000,2,28,1,33636,34838,1
8506,A,300000,300000,2,57,1,211799,22823,1
8507,A,600000,600000,2,60,1,3837,16425,1
8508,A,700000,700000,2,24,1,0,17857,1
8509,A,1000000,1000000,2,37,1,0,41670,1
8510,A,500000,300000,6,23,1,10985,20796,1
8511,R,600000,600000,2,26,1,76754,34389,1
8512,A,600000,600000,2,23,1,0,42412,1
8513,A,700000,700000,2,27,1,7341,4748,1
8514,A,200000,200000,6,20,0,200485,18900,1
8515,A,1000000,900000,2,57,1,111632,11574,1
8516,A,1000000,1000000,2,29,1,8523,33600,1
8517,A,1000000,1000000,2,51,0,129460,34650,1
8518,A,600000,600000,2,42,1,15687,24552,1
8519,A,1000000,1000000,2,48,1,5131,34072,1
8520,A,700000,300000,4,51,1,56430,34650,1
8521,A,300000,300000,6,20,1,44188,21361,1
8522,A,1000000,800000,2,25,1,1228,44815,1
8523,A,600000,600000,2,24,1,35200,4367,1
8524,B,500000,500000,2,26,1,72000,9193,1
8525,A,500000,500000,2,26,1,0,11134,1
8526,A,1000000,1000000,2,32,1,14349,43155,1
8527,A,1000000,1000000,2,27,1,36043,21375,1
8528,A,1000000,1000000,2,66,0,139825,57510,1
8529,A,700000,700000,2,27,1,462359,11970,1
8530,A,600000,600000,2,38,1,551175,141840,1
8531,A,600000,600000,2,62,1,61637,10998,1
8532,A,1000000,400000,7,54,1,27720,36720,1
8533,B,1000000,300000,7,54,1,0,15750,1
8534,A,300000,300000,3,25,1,2268,43650,1
8535,A,600000,600000,2,36,1,0,30212,1
8536,A,600000,300000,7,62,1,34047,9891,1
8537,A,1000000,1000000,2,29,1,59539,61875,1
8538,A,200000,200000,6,19,1,11549,20170,1
8539,A,1000000,1000000,2,30,0,16830,42660,1
8540,A,1000000,300000,7,56,1,3800,20970,1
8541,A,700000,700000,2,30,0,111336,103050,1
8542,A,600000,600000,8,71,1,14264,5619,1
8543,A,400000,400000,2,25,1,32754,64143,1
8544,A,500000,300000,6,21,1,7315,12366,1
8545,A,400000,400000,2,23,1,9072,17219,1
8546,A,400000,400000,2,23,1,0,17219,1
8547,A,600000,600000,2,37,0,576700,97119,1
8548,A,700000,700000,7,28,1,94786,15552,1
8549,A,400000,400000,2,28,1,0,14400,1
8550,A,1000000,1000000,2,32,1,91199,33462,1
8551,A,700000,700000,2,35,0,0,43311,1
8552,A,500000,500000,2,47,1,0,69138,1
8553,A,500000,500000,3,30,0,61520,53550,1
8554,A,400000,400000,2,33,1,16144,25477,1
8555,A,1000000,1000000,2,56,1,0,39321,1
8556,A,700000,700000,2,30,1,29204,12582,1
8557,R,1000000,1000000,2,29,1,68860,76626,1
8558,A,700000,700000,2,44,0,127824,27315,1
8559,A,1000000,1000000,2,45,0,0,26820,1
8560,A,700000,300000,2,46,1,193711,75782,1
8561,A,500000,500000,2,31,0,7106,59193,1
8562,A,600000,600000,2,31,0,30462,11880,1
8563,A,700000,700000,2,26,1,21999,2952,1
8564,A,700000,700000,2,29,0,58285,24354,1
8565,A,600000,600000,10,37,0,100185,5398,1
8566,A,400000,300000,7,49,1,104209,34451,1
8567,A,1000000,1000000,2,35,0,0,46656,1
8568,B,700000,700000,12,31,1,165281,2925,1
8569,A,500000,500000,2,24,1,3800,134271,1
8570,A,600000,600000,2,27,1,28215,44244,1
8571,A,600000,600000,2,31,1,25987,49500,1
8572,A,600000,600000,3,47,1,37066,127800,1
8573,A,1000000,1000000,2,42,1,22100,107362,1
8574,A,700000,300000,7,49,1,43385,84708,1
8575,A,700000,700000,2,25,1,1672,9990,1
8576,A,200000,200000,2,35,1,201974,59400,1
8577,A,500000,500000,2,26,1,73547,9616,1
8578,A,500000,500000,2,27,1,0,49839,1
8579,A,1000000,1000000,7,56,1,38537,11916,1
8580,A,400000,400000,2,30,1,84351,88200,1
8581,A,600000,600000,2,43,1,524,6030,1
8582,A,1000000,1000000,3,50,1,66703,15146,1
8583,A,200000,200000,2,37,1,0,56268,1
8584,A,700000,700000,2,54,1,2508,15039,1
8585,A,700000,300000,4,56,1,14307,31968,1
8586,A,1000000,1000000,2,27,0,7496,36720,1
8587,A,500000,500000,2,24,1,0,115515,1
8588,A,1000000,1000000,2,37,0,3000,6750,1
8589,A,700000,700000,2,54,0,195314,179100,1
8590,A,1000000,1000000,2,29,1,163473,4031,1
8591,A,1000000,1000000,2,36,1,15451,22068,1
8592,A,1000000,1000000,2,46,1,40809,20880,1
8593,A,1000000,1000000,2,51,1,0,44676,1
8594,A,600000,600000,5,56,0,0,21474,1
8595,A,600000,600000,2,25,1,1000,37231,1
8596,A,700000,700000,7,30,1,9725,43586,1
8597,A,1000000,1000000,2,27,1,1336,5453,1
8598,A,600000,600000,2,25,0,20000,288,1
8599,A,600000,300000,6,23,1,11286,8910,1
8600,A,1000000,1000000,2,30,1,19094,25001,1
8601,A,500000,300000,2,26,1,1919,31770,1
8602,A,1000000,1000000,3,30,0,158762,61470,1
8603,A,200000,200000,7,57,1,201775,28800,1
8604,A,1000000,1000000,12,52,1,0,8901,1
8605,A,600000,300000,7,41,1,28045,13188,1
8606,A,600000,500000,7,37,1,41002,61470,1
8607,A,500000,500000,2,23,1,161117,38363,1
8608,A,500000,300000,6,22,1,5222,30582,1
8609,R,200000,200000,2,33,0,49951,58410,1
8610,A,1000000,1000000,2,51,1,160472,33315,1
8611,A,400000,400000,2,26,1,3344,0,1
8612,A,1000000,1000000,2,42,1,0,38529,1
8613,A,1000000,1000000,2,37,1,7755,42561,1
8614,A,700000,700000,2,46,1,6622,53550,1
8615,A,400000,400000,2,26,1,17176,13950,1
8616,A,1000000,1000000,2,30,1,161853,25745,1
8617,A,600000,600000,3,53,1,16915,49353,1
8618,A,600000,600000,7,52,1,2906,7107,1
8619,A,600000,600000,2,38,1,9215,151866,1
8620,A,1000000,300000,7,62,1,7106,17613,1
8621,A,500000,300000,6,20,1,24986,3316,1
8622,A,600000,600000,2,59,1,38692,14995,1
8623,A,400000,300000,4,37,1,0,32067,1
8624,A,700000,700000,2,28,1,19675,168993,1
8625,A,600000,600000,3,25,0,101016,22601,1
8626,A,700000,700000,2,24,1,30969,23949,1
8627,A,1000000,1000000,2,38,1,106371,12583,1
8628,A,1000000,1000000,2,28,1,152374,29394,1
8629,A,700000,500000,2,46,1,467000,26820,1
8630,A,600000,600000,2,25,1,22834,38340,1
8631,A,700000,700000,2,52,0,0,22761,1
8632,A,1000000,1000000,2,35,1,25330,45475,1
8633,A,700000,700000,2,27,1,0,10387,1
8634,A,500000,500000,2,31,1,66341,13905,1
8635,A,700000,700000,2,53,1,23140,46349,1
8636,A,700000,700000,2,30,1,19202,44550,1
8637,A,1000000,1000000,4,50,1,216054,98100,1
8638,A,200000,200000,6,22,1,9943,30051,1
8639,A,500000,500000,2,29,1,40284,0,1
8640,A,1000000,500000,2,44,1,80392,12987,1
8641,A,500000,300000,7,47,1,89330,39294,1
8642,A,1000000,1000000,2,34,1,38579,18028,1
8643,R,200000,200000,2,25,1,61819,12762,1
8644,A,700000,700000,2,30,0,0,66420,1
8645,A,400000,400000,2,24,0,75233,24146,1
8646,R,600000,600000,2,26,1,231057,20196,1
8647,A,600000,600000,2,32,0,60000,34740,1
8648,A,500000,500000,1,46,1,0,26145,1
8649,A,1000000,300000,7,54,1,46547,9792,1
8650,A,1000000,1000000,2,28,1,19019,23850,1
8651,A,700000,700000,2,28,1,855,40680,1
8652,A,300000,300000,6,27,0,0,51760,1
8653,A,500000,500000,2,33,0,231561,49500,1
8654,A,1000000,1000000,2,45,1,0,6522,1
8655,A,400000,400000,2,24,1,10388,44097,1
8656,A,300000,300000,6,20,1,21532,20187,1
8657,A,600000,600000,2,33,0,147858,168526,1
8658,A,600000,600000,2,32,0,16043,42168,1
8659,A,1000000,1000000,3,48,1,44408,39690,1
8660,A,300000,300000,6,20,1,0,1791,1
8661,A,200000,200000,5,34,0,48708,43650,1
8662,A,1000000,1000000,1,55,1,12255,17028,1
8663,A,600000,600000,2,24,1,14565,2812,1
8664,A,700000,700000,5,53,0,14630,34884,1
8665,A,700000,700000,2,26,1,40755,49887,1
8666,A,500000,500000,2,26,1,48161,14318,1
8667,A,600000,600000,2,25,1,14850,7128,1
8668,A,700000,700000,2,25,1,34651,22796,1
8669,A,500000,500000,2,25,1,113443,142677,1
8670,A,700000,700000,3,28,1,124968,33530,1
8671,A,600000,600000,2,25,1,61494,16524,1
8672,R,700000,700000,2,24,1,2195,179190,1
8673,A,600000,600000,2,30,1,,20583,1
8674,A,500000,500000,2,27,1,20454,79112,1
8675,A,1000000,1000000,2,38,1,1060,33896,1
8676,A,600000,600000,2,39,1,26591,75420,1
8677,A,200000,200000,2,26,1,19365,21375,1
8678,A,600000,600000,2,27,1,4573,19098,1
8679,A,700000,700000,12,26,1,100626,16757,1
8680,A,1000000,1000000,5,59,1,1378,3555,1
8681,A,300000,300000,2,24,1,81015,8622,1
8682,A,700000,700000,2,30,1,119024,43205,1
8683,A,1000000,1000000,2,27,0,561829,19800,1
8684,A,700000,700000,2,24,1,97295,66092,1
8685,A,600000,600000,2,28,1,16359,89280,1
8686,A,700000,700000,2,52,0,131872,50859,1
8687,A,500000,500000,2,26,1,167464,72495,1
8688,A,600000,600000,2,25,0,40784,27450,1
8689,A,1000000,1000000,2,28,1,146405,46395,1
8690,A,300000,300000,12,33,1,253000,46316,1
8691,A,1000000,300000,7,52,1,49306,138096,1
8692,A,600000,600000,10,26,1,23179,52047,1
8693,A,700000,700000,2,42,1,457932,44046,1
8694,A,600000,600000,2,30,0,151420,7020,1
8695,A,700000,700000,2,27,1,31340,44125,1
8696,A,600000,600000,2,25,1,25916,36819,1
8697,A,600000,600000,10,58,0,152936,180000,1
8698,A,400000,400000,2,51,0,3325,2691,1
8699,A,600000,600000,2,28,1,4076,6930,1
8700,A,1000000,1000000,3,30,1,16274,6282,1
8701,A,500000,500000,2,24,1,1140,26730,1
8702,A,1000000,1000000,2,31,0,3344,180000,1
8703,R,200000,200000,6,21,1,73028,19800,1
8704,A,1000000,1000000,2,59,1,13684,18450,1
8705,A,1000000,1000000,2,52,0,93613,100080,1
8706,A,700000,700000,3,26,1,132062,67963,1
8707,A,500000,500000,2,28,1,0,180000,1
8708,A,300000,300000,2,23,1,53250,52889,1
8709,A,600000,600000,2,23,1,21294,28286,1
8710,A,1000000,1000000,2,38,1,54625,0,1
8711,A,1000000,1000000,2,35,1,7106,78300,1
8712,A,600000,300000,12,55,1,11548,11263,1
8713,A,700000,300000,6,23,1,57498,21780,1
8714,A,700000,700000,2,24,1,92176,31680,1
8715,A,200000,200000,7,61,1,26125,3475,1
8716,A,500000,500000,4,44,1,0,35370,1
8717,A,400000,400000,3,25,1,1093,0,1
8718,A,200000,200000,6,24,0,26641,66420,1
8719,A,200000,200000,2,48,1,186841,178200,1
8720,A,1000000,1000000,12,58,0,22990,22758,1
8721,A,400000,300000,2,24,1,34360,36396,1
8722,A,700000,700000,2,27,1,56778,46013,1
8723,A,1000000,1000000,2,31,0,34485,29790,1
8724,A,700000,700000,4,34,1,22761,12312,1
8725,R,700000,700000,2,34,0,0,124740,1
8726,R,700000,700000,2,34,0,0,124740,1
8727,A,1000000,1000000,2,25,1,55835,32519,1
8728,A,500000,500000,2,24,1,58626,5974,1
8729,A,500000,300000,4,52,1,100732,126621,1
8730,A,500000,500000,2,25,1,143448,60448,1
8731,A,700000,700000,2,27,0,82206,55909,1
8732,A,700000,700000,2,30,1,105111,95368,1
8733,A,400000,400000,2,26,1,10730,61100,1
8734,A,700000,700000,2,34,1,,92151,1
8735,A,500000,500000,2,30,1,53207,61822,1
8736,A,1000000,300000,4,53,1,0,54500,1
8737,A,700000,700000,2,26,1,37316,15300,1
8738,A,300000,300000,5,47,1,2043,45135,1
8739,A,300000,300000,13,43,1,66176,4626,1
8740,A,700000,700000,2,26,1,0,52920,1
8741,A,1000000,1000000,2,36,1,12320,21879,1
8742,A,400000,400000,2,41,1,390377,15930,1
8743,A,700000,700000,2,28,1,26315,17882,1
8744,A,600000,300000,7,57,1,8958,26730,1
8745,A,1000000,300000,4,62,1,15848,24336,1
8746,A,700000,700000,5,35,1,0,57420,1
8747,A,600000,300000,7,26,1,50660,4203,1
8748,A,1000000,900000,8,65,1,68393,38660,1
8749,A,200000,200000,6,20,1,3240,41337,1
8750,A,600000,300000,6,23,0,43280,1416,1
8751,A,500000,500000,2,26,1,61350,90448,1
8752,A,1000000,800000,2,45,1,3287,82656,1
8753,A,200000,200000,6,24,0,0,59985,1
8754,A,600000,600000,2,30,1,119962,37620,1
8755,A,600000,600000,2,32,0,10764,23256,1
8756,A,600000,600000,3,23,1,42505,8420,1
8757,R,1000000,300000,7,52,1,77999,15919,1
8758,A,1000000,700000,2,26,1,72216,31037,1
8759,A,400000,300000,2,24,1,48309,3970,1
8760,A,1000000,1000000,1,66,1,19633,3278,1
8761,A,600000,600000,1,40,0,50361,30780,1
8762,A,700000,300000,7,24,1,5804,14897,1
8763,A,200000,200000,2,26,1,19761,20969,1
8764,A,200000,200000,2,26,1,524,20969,1
8765,A,1000000,1000000,2,28,1,14224,26325,1
8766,A,600000,600000,2,30,0,45064,78300,1
8767,A,200000,200000,2,22,1,52640,42476,1
8768,A,600000,600000,2,31,1,33836,18460,1
8769,A,400000,400000,2,23,1,15440,8802,1
8770,A,600000,600000,2,24,1,14592,50853,1
8771,A,1000000,1000000,2,31,0,80465,62460,1
8772,A,600000,600000,2,24,1,2257,26127,1
8773,A,500000,500000,2,31,0,115957,33750,1
8774,A,500000,500000,2,24,0,16310,67410,1
8775,A,600000,600000,2,24,0,145255,52560,1
8776,A,500000,300000,6,23,1,1672,13912,1
8777,A,1000000,1000000,2,58,1,12060,37719,1
8778,A,400000,400000,2,24,1,150067,6741,1
8779,A,700000,700000,2,26,1,64734,21634,1
8780,A,200000,200000,6,19,1,0,18900,1
8781,A,1000000,1000000,2,30,1,48156,4406,1
8782,A,600000,600000,3,23,1,36487,41400,1
8783,A,700000,300000,7,51,1,6777,11174,1
8784,A,1000000,1000000,2,59,0,87268,10111,1
8785,A,1000000,1000000,2,28,1,24434,9837,1
8786,A,1000000,300000,2,39,1,5591,20775,1
8787,A,1000000,1000000,7,47,1,61386,25830,1
8788,A,400000,400000,1,57,0,404897,133740,1
8789,A,700000,700000,2,27,1,11382,31671,1
8790,A,700000,700000,4,50,1,92216,36750,1
8791,A,600000,600000,3,28,1,19977,14266,1
8792,A,500000,500000,2,26,0,6741,14346,1
8793,A,400000,300000,6,23,0,17766,25443,1
8794,R,1000000,300000,7,30,1,95893,5555,1
8795,A,600000,300000,6,23,1,626,25307,1
8796,A,600000,600000,2,28,1,99665,22557,1
8797,A,300000,300000,2,30,1,111663,180000,1
8798,A,200000,200000,2,25,1,7173,22860,1
8799,B,400000,300000,7,25,1,56540,16727,1
8800,A,600000,600000,13,59,1,0,82111,1
8801,A,1000000,300000,12,55,1,3344,30780,1
8802,A,600000,600000,4,51,1,33440,21375,1
8803,A,700000,700000,10,35,1,946,31572,1
8804,A,700000,700000,4,48,1,1881,25551,1
8805,A,700000,700000,2,27,1,1254,24840,1
8806,A,500000,300000,6,23,1,31241,50382,1
8807,A,1000000,300000,7,55,1,1545,72234,1
8808,A,1000000,1000000,4,60,1,16882,1773,1
8809,R,600000,600000,2,27,1,46005,142362,1
8810,A,700000,700000,2,24,1,43331,19125,1
8811,A,1000000,300000,7,54,1,1254,31680,1
8812,A,700000,300000,7,30,1,6950,53181,1
8813,A,600000,600000,2,33,1,179667,17685,1
8814,A,600000,600000,2,24,1,,6030,1
8815,A,600000,300000,8,67,1,5132,57510,1
8816,A,400000,400000,2,25,1,91349,38651,1
8817,A,1000000,900000,2,40,1,0,38066,1
8818,A,600000,300000,12,27,1,7700,35631,1
8819,A,600000,600000,2,47,0,,21177,1
8820,A,1000000,1000000,2,52,1,26686,40383,1
8821,A,200000,200000,2,24,1,94020,25830,1
8822,A,400000,400000,4,70,1,10951,2252,1
8823,A,500000,300000,6,22,0,35261,45630,1
8824,A,1000000,300000,7,57,1,4370,59040,1
8825,A,1000000,300000,7,56,1,10591,3893,1
8826,A,1000000,300000,2,46,1,54393,54791,1
8827,A,500000,500000,2,30,1,56745,25929,1
8828,A,1000000,1000000,2,64,0,190502,189145,1
8829,A,1000000,300000,7,54,1,43709,54990,1
8830,R,600000,600000,2,23,1,8360,20222,1
8831,A,1000000,1000000,3,54,1,116462,43703,1
8832,A,500000,300000,7,56,1,48233,31657,1
8833,A,400000,300000,2,25,1,45883,13860,1
8834,A,700000,700000,1,28,0,36000,131760,1
8835,A,1000000,300000,7,50,1,3040,40680,1
8836,A,1000000,1000000,2,54,1,60149,6701,1
8837,A,600000,600000,2,25,0,49210,178290,1
8838,A,1000000,1000000,4,53,1,38935,15030,1
8839,A,500000,500000,2,24,1,0,32527,1
8840,A,400000,400000,2,28,0,74939,107010,1
8841,B,500000,500000,2,26,1,154920,44550,1
8842,A,1000000,1000000,2,60,0,19841,9849,1
8843,A,600000,300000,6,22,1,328671,36630,1
8844,A,500000,500000,7,33,1,1864,4518,1
8845,A,200000,200000,2,27,1,16773,14940,1
8846,A,500000,300000,6,21,0,26812,32958,1
8847,B,600000,600000,2,24,1,144423,13551,1
8848,A,200000,200000,7,27,1,204745,16302,1
8849,A,600000,600000,2,24,1,98142,27275,1
8850,A,600000,600000,2,40,0,50733,137700,1
8851,A,700000,700000,2,27,1,244711,67282,1
8852,A,1000000,1000000,2,32,0,12185,21725,1
8853,A,200000,200000,6,21,1,141397,1503,1
8854,A,1000000,1000000,4,55,1,11440,22860,1
8855,A,1000000,1000000,4,48,1,337249,49156,1
8856,B,1000000,1000000,2,36,1,18592,73755,1
8857,A,400000,300000,12,52,1,7557,46674,1
8858,A,600000,300000,7,46,1,15280,13455,1
8859,A,700000,700000,2,29,1,4874,87705,1
8860,A,700000,300000,6,24,1,36900,18810,1
8861,A,500000,300000,5,45,1,46120,118532,1
8862,A,300000,300000,2,27,1,44039,2385,1
8863,A,1000000,1000000,4,55,1,3580,97137,1
8864,A,500000,500000,5,29,1,33912,77400,1
8865,A,1000000,1000000,2,40,1,66139,38880,1
8866,A,1000000,1000000,2,35,0,54131,87210,1
8867,A,1000000,1000000,2,48,0,55980,126810,1
8868,A,500000,500000,2,28,0,4370,17316,1
8869,A,200000,200000,6,21,1,21800,36045,1
8870,A,1000000,1000000,4,53,1,16276,14445,1
8871,A,500000,500000,12,25,1,82742,17910,1
8872,A,700000,700000,2,59,1,31671,11933,1
8873,A,500000,500000,3,23,1,177806,6818,1
8874,A,700000,700000,2,26,1,0,30503,1
8875,B,200000,200000,2,26,1,103528,10509,1
8876,A,1000000,1000000,3,28,1,0,21186,1
8877,A,700000,700000,3,26,1,20904,37620,1
8878,A,1000000,1000000,5,48,1,3721,57510,1
8879,A,1000000,600000,7,69,1,22640,1950,1
8880,A,700000,700000,2,29,1,118924,54980,1
8881,A,1000000,1000000,2,54,1,665,3437,1
8882,A,200000,200000,3,25,1,38020,20880,1
8883,A,300000,300000,6,21,1,38199,24372,1
8884,A,600000,300000,5,61,1,134940,5859,1
8885,A,700000,300000,4,55,1,18738,26906,1
8886,A,700000,700000,2,25,1,61009,27218,1
8887,A,1000000,1000000,2,24,1,28162,15534,1
8888,A,600000,300000,7,54,1,0,20484,1
8889,A,500000,500000,2,25,1,4627,4040,1
8890,A,600000,600000,2,24,1,77830,32760,1
8891,A,1000000,1000000,2,27,1,28352,42410,1
8892,A,700000,700000,2,26,1,2214,10070,1
8893,A,200000,200000,6,21,1,144552,11970,1
8894,A,1000000,1000000,4,56,1,0,4644,1
8895,A,600000,300000,6,23,0,93677,46620,1
8896,A,600000,600000,2,25,1,0,51570,1
8897,A,1000000,1000000,3,29,1,74676,11772,1
8898,A,200000,200000,6,20,1,65780,66708,1
8899,A,1000000,300000,4,59,1,95950,11961,1
8900,A,600000,600000,2,25,1,270279,12410,1
8901,A,500000,500000,1,49,1,10262,21867,1
8902,A,700000,700000,12,55,1,220495,48105,1
8903,A,200000,200000,2,58,1,9301,11803,1
8904,A,500000,500000,2,29,1,10258,92761,1
8905,A,400000,400000,3,22,1,38246,3416,1
8906,A,600000,600000,2,24,1,228971,17910,1
8907,A,1000000,700000,7,57,1,3533,11700,1
8908,A,1000000,1000000,2,55,1,31280,19440,1
8909,A,1000000,1000000,3,45,1,26385,31406,1
8910,A,200000,200000,3,25,1,29836,22959,1
8911,A,400000,400000,2,26,1,109947,79002,1
8912,R,1000000,1000000,2,30,1,7245,13464,1
8913,A,1000000,1000000,2,46,0,0,17217,1
8914,A,600000,600000,2,29,1,96682,83250,1
8915,A,500000,300000,2,23,1,22760,11520,1
8916,A,1000000,1000000,2,41,0,197272,39483,1
8917,A,700000,700000,2,29,1,37710,43740,1
8918,A,1000000,1000000,2,63,1,4535,17217,1
8919,A,1000000,1000000,2,29,0,161696,145922,1
8920,A,500000,500000,2,30,1,0,69814,1
8921,A,600000,600000,2,56,0,505257,180000,1
8922,A,500000,500000,2,45,0,75709,30780,1
8923,A,600000,600000,2,24,1,22500,35511,1
8924,A,700000,600000,2,24,1,15153,14940,1
8925,A,200000,200000,2,30,1,44000,40531,1
8926,A,600000,600000,2,27,1,16549,12990,1
8927,A,700000,700000,2,27,0,25177,31860,1
8928,A,700000,700000,2,24,1,50104,25065,1
8929,A,200000,200000,6,20,0,10867,21978,1
8930,B,1000000,1000000,2,31,0,31493,72486,1
8931,A,200000,200000,12,31,1,3000,22905,1
8932,A,1000000,1000000,2,34,1,8569,18991,1
8933,B,700000,700000,2,25,1,63078,16632,1
8934,A,400000,300000,6,23,1,32008,8406,1
8935,A,1000000,1000000,2,26,1,22780,11236,1
8936,A,500000,300000,6,23,1,74952,19602,1
8937,A,500000,300000,6,23,1,26836,19602,1
8938,A,400000,400000,2,24,1,51378,57123,1
8939,A,600000,600000,2,26,1,54182,41225,1
8940,A,200000,200000,6,25,1,13353,51372,1
8941,A,600000,600000,2,25,1,11578,13950,1
8942,A,600000,600000,1,52,1,0,76561,1
8943,A,600000,600000,2,29,1,63095,27039,1
8944,A,400000,300000,6,21,0,9980,46620,1
8945,A,500000,500000,2,50,1,,67579,1
8946,A,600000,600000,2,50,1,109732,18702,1
8947,A,700000,700000,3,32,0,0,179532,1
8948,A,200000,200000,2,26,1,0,26820,1
8949,R,500000,500000,2,24,1,183361,15603,1
8950,A,200000,200000,6,21,1,11325,36945,1
8951,A,600000,300000,6,23,1,37322,4833,1
8952,A,400000,400000,2,27,1,14793,32301,1
8953,A,700000,700000,2,28,1,20900,44280,1
8954,R,600000,600000,2,30,1,45319,28217,1
8955,A,600000,600000,2,31,1,68654,31543,1
8956,A,600000,600000,2,27,0,0,55440,1
8957,A,500000,500000,2,25,1,139821,25830,1
8958,A,700000,700000,2,27,0,0,33750,1
8959,A,400000,400000,2,27,1,23710,14669,1
8960,A,600000,600000,2,25,0,9202,14940,1
8961,A,700000,700000,2,26,1,294633,10980,1
8962,A,600000,600000,2,25,1,0,12465,1
8963,A,600000,600000,2,25,1,22874,15435,1
8964,A,1000000,1000000,3,58,1,43434,50580,1
8965,A,700000,700000,3,24,1,132186,3951,1
8966,A,600000,300000,2,24,1,38784,18534,1
8967,A,600000,600000,2,35,1,16937,38997,1
8968,A,300000,300000,6,21,1,16844,18450,1
8969,A,500000,300000,7,57,1,0,44145,1
8970,A,700000,700000,2,24,1,4033,6921,1
8971,A,600000,300000,6,25,0,104679,59274,1
8972,R,700000,700000,2,27,0,17427,13494,1
8973,A,700000,700000,2,27,0,162410,101070,1
8974,A,400000,300000,6,21,1,15200,12510,1
8975,A,700000,300000,7,52,1,14534,18306,1
8976,A,700000,700000,2,32,1,795,9414,1
8977,A,500000,500000,2,29,1,8983,27929,1
8978,A,200000,200000,2,23,1,51730,8578,1
8979,A,500000,500000,2,26,1,27021,6669,1
8980,A,200000,200000,6,23,1,122578,34110,1
8981,A,200000,200000,6,21,1,9301,24048,1
8982,A,1000000,1000000,2,25,1,18292,34448,1
8983,A,200000,200000,2,26,1,197955,17613,1
8984,A,700000,700000,7,27,1,2188,18207,1
8985,A,200000,200000,6,20,1,15827,5535,1
8986,A,200000,200000,6,22,1,15895,11574,1
8987,A,200000,200000,6,21,1,31290,8147,1
8988,A,700000,700000,2,30,0,50061,2934,1
8989,A,200000,200000,6,22,1,12672,14464,1
8990,A,500000,500000,1,36,0,12603,112347,1
8991,A,500000,300000,6,20,1,22337,20028,1
8992,A,700000,700000,2,31,1,9026,14940,1
8993,A,700000,700000,2,27,1,0,48303,1
8994,A,700000,700000,3,27,1,11876,7020,1
8995,A,500000,500000,2,24,1,124048,24605,1
8996,A,500000,300000,6,23,1,134170,16623,1
8997,A,200000,200000,2,26,1,234857,42750,1
8998,A,700000,700000,2,27,1,30000,12762,1
8999,A,200000,200000,6,19,1,247415,8406,1
9000,A,700000,700000,2,27,1,0,16262,1
9001,A,200000,200000,6,23,1,0,38742,1
9002,A,500000,500000,2,25,1,17337,31114,1
9003,A,700000,700000,2,29,0,140310,360,1
9004,A,200000,200000,13,39,1,124468,69006,1
9005,A,500000,500000,2,27,1,190085,14292,1
9006,A,600000,600000,7,27,0,3639,24919,1
9007,A,500000,500000,7,57,1,22121,49590,1
9008,A,300000,300000,2,23,0,0,104940,1
9009,A,600000,600000,2,27,1,0,12510,1
9010,A,1000000,1000000,2,32,1,0,14623,1
9011,A,500000,300000,6,22,1,28310,9712,1
9012,R,700000,700000,2,23,1,38563,29533,1
9013,A,300000,300000,2,26,1,2613,19890,1
9014,A,600000,600000,2,29,1,9947,83178,1
9015,A,200000,200000,13,31,0,81695,94995,1
9016,A,400000,300000,6,20,1,142274,12465,1
9017,A,600000,600000,2,26,1,12778,12465,1
9018,A,300000,300000,6,20,1,22009,24147,1
9019,A,500000,500000,2,25,1,86780,11385,1
9020,B,600000,600000,2,28,0,63632,18315,1
9021,A,500000,500000,10,29,1,25603,49590,1
9022,A,600000,600000,2,38,1,15077,11926,1
9023,A,200000,200000,2,30,1,0,25658,1
9024,A,1000000,1000000,2,31,1,5506,31950,1
9025,A,500000,500000,2,26,1,21494,23616,1
9026,A,200000,200000,2,25,1,21831,30186,1
9027,A,700000,700000,2,36,1,6921,37710,1
9028,A,1000000,900000,2,24,1,18510,32445,1
9029,A,600000,600000,2,25,1,633368,32355,1
9030,A,1000000,1000000,1,50,0,0,18900,1
9031,A,600000,600000,2,29,1,28440,16920,1
9032,A,600000,600000,2,25,1,4820,26731,1
9033,A,1000000,1000000,2,55,1,412819,15930,1
9034,A,700000,700000,2,24,1,340169,35353,1
9035,A,700000,700000,3,28,1,897796,44547,1
9036,A,500000,500000,2,42,1,0,43155,1
9037,A,600000,600000,2,32,1,352630,13455,1
9038,A,600000,600000,2,26,1,8382,19447,1
9039,A,200000,200000,6,22,1,81432,10647,1
9040,A,1000000,1000000,2,25,1,0,13950,1
9041,A,600000,600000,2,26,0,57986,16920,1
9042,A,1000000,1000000,2,46,0,278540,117900,1
9043,A,300000,300000,6,20,1,50189,20101,1
9044,A,700000,700000,2,26,0,144628,27810,1
9045,A,1000000,300000,7,53,1,18810,10692,1
9046,A,300000,300000,2,29,1,51040,58941,1
9047,A,500000,500000,3,28,1,101931,29670,1
9048,A,400000,400000,2,25,1,108424,1881,1
9049,A,400000,400000,2,33,1,,30285,1
9050,A,300000,300000,6,22,1,148619,13950,1
9051,A,1000000,1000000,2,27,1,20029,44676,1
9052,A,400000,300000,6,21,1,42205,27494,1
9053,A,700000,600000,2,31,1,9030,60615,1
9054,B,600000,600000,2,28,1,0,45540,1
9055,A,1000000,1000000,2,28,1,0,9180,1
9056,A,500000,500000,2,25,1,116823,35062,1
9057,A,1000000,1000000,3,30,1,26012,21375,1
9058,A,1000000,1000000,2,36,1,400,23978,1
9059,A,400000,300000,6,25,1,0,23865,1
9060,B,400000,300000,6,20,1,0,5396,1
9061,B,1000000,1000000,2,47,1,0,47052,1
9062,A,200000,200000,6,19,1,160335,5634,1
9063,A,1000000,300000,3,25,1,128578,50700,1
9064,A,200000,200000,6,22,1,36984,25702,1
9065,A,1000000,1000000,4,53,1,837720,38672,1
9066,A,500000,500000,2,28,1,221502,27810,1
9067,A,1000000,300000,7,53,1,7626,43722,1
9068,A,300000,300000,2,21,1,34888,47697,1
9069,A,1000000,1000000,2,35,1,,60049,1
9070,A,700000,700000,2,28,0,700,93300,1
9071,A,600000,600000,2,23,1,3914,30321,1
9072,B,200000,200000,6,19,1,174278,30735,1
9073,A,1000000,1000000,2,24,1,0,19080,1
9074,A,400000,300000,7,27,1,131583,36630,1
9075,A,700000,700000,3,26,0,2299,58500,1
9076,A,200000,200000,6,19,0,4068,9631,1
9077,A,1000000,400000,3,56,1,15728,24858,1
9078,A,500000,500000,7,27,1,109058,134488,1
9079,A,700000,300000,2,27,1,0,19692,1
9080,A,600000,600000,2,22,1,20234,26028,1
9081,A,1000000,1000000,3,26,1,31125,16821,1
9082,A,700000,700000,2,25,1,,19080,1
9083,A,600000,600000,2,24,1,56353,39897,1
9084,A,500000,500000,6,23,0,125380,27978,1
9085,A,400000,300000,6,20,1,23486,19692,1
9086,A,600000,600000,2,23,1,0,23652,1
9087,A,500000,300000,6,22,1,19713,6683,1
9088,A,200000,200000,7,27,1,74215,7020,1
9089,A,700000,700000,2,25,1,3008,19197,1
9090,A,700000,700000,2,26,1,601204,21643,1
9091,A,200000,200000,2,31,0,199930,17083,1
9092,A,600000,600000,2,26,1,315117,21614,1
9093,A,1000000,1000000,2,37,1,14479,21897,1
9094,A,700000,700000,2,31,1,101064,55629,1
9095,A,700000,700000,2,24,1,14212,53279,1
9096,A,600000,400000,2,27,0,75243,36720,1
9097,A,600000,600000,3,25,1,32108,37230,1
9098,A,500000,300000,12,23,1,,29007,1
9099,A,1000000,1000000,2,26,1,69657,20880,1
9100,A,700000,700000,2,29,1,0,10848,1
9101,A,600000,300000,6,22,1,818416,15930,1
9102,A,500000,300000,6,23,1,29606,13635,1
9103,A,200000,200000,6,21,1,58368,17910,1
9104,A,400000,400000,2,29,1,227458,55409,1
9105,A,400000,400000,2,26,1,16128,53977,1
9106,A,600000,600000,2,30,1,0,15202,1
9107,A,500000,500000,2,26,1,67283,8010,1
9108,A,200000,200000,2,24,1,,69984,1
9109,A,700000,700000,2,25,1,75216,34409,1
9110,A,1000000,1000000,2,34,1,0,12465,1
9111,A,600000,600000,2,30,1,14221,85671,1
9112,A,600000,600000,2,27,0,524,7020,1
9113,A,600000,500000,2,29,1,12510,15237,1
9114,A,500000,500000,2,25,1,7202,76387,1
9115,A,600000,600000,2,24,1,106250,5634,1
9116,A,500000,300000,6,20,1,26095,31319,1
9117,A,1000000,1000000,3,34,0,39815,30013,1
9118,A,400000,400000,2,25,1,65621,11129,1
9119,A,1000000,1000000,2,35,1,0,12798,1
9120,A,200000,200000,6,19,1,26830,6030,1
9121,A,500000,500000,2,22,1,27795,9990,1
9122,A,700000,700000,3,24,1,102792,41076,1
9123,A,300000,300000,6,21,1,91962,10017,1
9124,A,200000,200000,2,26,1,29370,32067,1
9125,A,600000,600000,2,25,1,140390,36720,1
9126,A,600000,600000,5,52,1,66253,100080,1
9127,A,700000,700000,2,28,0,99519,14940,1
9128,A,1000000,900000,7,54,1,21831,5905,1
9129,A,1000000,1000000,2,24,1,6166,0,1
9130,A,600000,600000,2,47,0,,37710,1
9131,A,700000,700000,2,29,1,49961,32742,1
9132,A,700000,700000,2,25,1,28216,42032,1
9133,A,600000,600000,2,29,1,1262,29196,1
9134,A,700000,700000,2,23,1,22992,12960,1
9135,A,400000,400000,2,26,1,260888,20682,1
9136,A,500000,500000,2,24,1,84545,24665,1
9137,A,600000,400000,2,26,1,51474,7685,1
9138,A,200000,200000,7,26,1,140651,44526,1
9139,A,1000000,1000000,2,38,1,50276,14355,1
9140,A,1000000,1000000,2,30,1,116107,66933,1
9141,A,200000,200000,6,20,1,42685,17969,1
9142,A,400000,400000,5,25,1,188876,37985,1
9143,A,500000,500000,2,28,1,42699,30040,1
9144,A,500000,500000,2,26,1,0,66915,1
9145,A,500000,500000,2,24,1,50160,10340,1
9146,A,700000,700000,2,30,1,86591,50778,1
9147,A,200000,200000,6,21,1,88677,6075,1
9148,A,600000,300000,6,25,1,7570,13015,1
9149,A,1000000,1000000,3,51,0,1311,26469,1
9150,B,700000,700000,2,34,1,182357,26730,1
9151,A,500000,500000,2,25,1,35772,25311,1
9152,A,200000,200000,6,24,1,243729,2772,1
9153,A,200000,200000,2,27,1,1672,22380,1
9154,A,500000,500000,2,23,1,23116,29353,1
9155,A,700000,700000,2,34,1,81208,38164,1
9156,A,600000,600000,2,26,1,190979,22543,1
9157,A,400000,400000,2,23,1,5930,19217,1
9158,A,600000,600000,2,24,1,2822,28953,1
9159,A,200000,200000,6,19,1,247906,39407,1
9160,A,200000,200000,6,26,1,6021,9810,1
9161,A,600000,600000,1,44,1,524,10188,1
9162,A,700000,300000,6,22,1,25177,5337,1
9163,A,500000,500000,2,24,1,281814,52461,1
9164,B,700000,300000,6,23,1,15842,9810,1
9165,A,600000,600000,2,30,1,13585,5247,1
9166,A,200000,200000,6,21,1,10398,8717,1
9167,A,600000,600000,2,26,1,8726,29295,1
9168,A,700000,700000,2,24,1,0,12762,1
9169,A,300000,300000,6,21,1,15675,30798,1
9170,R,700000,700000,5,49,1,118272,57824,1
9171,A,700000,300000,6,22,1,45554,35820,1
9172,A,700000,700000,2,28,1,80427,10395,1
9173,A,300000,300000,6,20,1,253238,19325,1
9174,A,600000,600000,3,27,0,85423,2177,1
9175,B,200000,200000,6,20,1,8903,33759,1
9176,A,200000,200000,6,20,1,23076,19855,1
9177,A,200000,200000,6,19,1,28955,16425,1
9178,A,500000,300000,6,21,1,22494,30780,1
9179,A,600000,600000,10,25,1,49880,22800,1
9180,A,400000,400000,7,24,1,45718,28602,1
9181,A,700000,700000,3,30,1,2717,14535,1
9182,A,500000,500000,2,24,1,4422,73206,1
9183,A,600000,600000,13,40,1,49091,8179,1
9184,A,400000,300000,6,21,1,39660,5516,1
9185,A,500000,500000,2,24,1,5675,21697,1
9186,A,700000,700000,2,32,1,51156,130095,1
9187,A,600000,600000,2,25,1,418000,25830,1
9188,A,700000,700000,2,29,1,9000,77139,1
9189,A,600000,300000,7,54,1,12424,7515,1
9190,A,500000,300000,6,23,1,135471,7523,1
9191,A,200000,200000,10,22,1,165756,11396,1
9192,A,200000,200000,10,22,1,149240,11396,1
9193,A,200000,200000,6,23,1,0,2714,1
9194,A,500000,300000,6,22,1,39413,27225,1
9195,A,500000,500000,2,26,1,48156,18702,1
9196,A,200000,200000,6,20,1,3336,31158,1
9197,A,500000,300000,6,21,1,25244,535,1
9198,A,500000,500000,2,24,1,14210,17702,1
9199,A,700000,300000,6,23,1,15865,13987,1
9200,A,300000,300000,6,22,1,10450,9792,1
9201,A,500000,300000,7,23,1,8967,11970,1
9202,A,500000,500000,2,23,1,0,5031,1
9203,A,200000,200000,6,23,1,1539,38547,1
9204,A,400000,400000,5,46,1,376967,32418,1
9205,A,200000,200000,6,24,1,0,17019,1
9206,A,600000,600000,2,26,1,217552,64990,1
9207,A,600000,600000,2,25,1,28634,20162,1
9208,A,200000,200000,7,50,1,43700,0,1
9209,A,400000,400000,7,28,1,36521,17718,1
9210,A,500000,300000,6,22,1,143623,8505,1
9211,A,700000,700000,2,26,1,39228,13023,1
9212,A,700000,700000,2,28,1,65750,48213,1
9213,A,200000,200000,6,20,1,0,33004,1
9214,A,200000,200000,6,20,1,190912,33004,1
9215,A,700000,700000,2,24,1,57268,21260,1
9216,A,200000,200000,6,22,1,79742,123717,1
9217,A,600000,300000,2,25,1,0,39639,1
9218,A,400000,300000,6,21,1,,9000,1
9219,A,200000,200000,7,26,1,84544,3474,1
9220,A,1000000,1000000,2,28,1,12189,57757,1
9221,A,200000,200000,7,26,1,79981,5007,1
9222,A,1000000,1000000,4,58,1,46254,15930,1
9223,A,200000,200000,7,26,0,35726,24532,1
9224,A,200000,200000,7,22,1,0,30840,1
9225,A,600000,600000,2,25,1,21337,28638,1
9226,A,200000,200000,2,25,1,45812,6210,1
9227,A,500000,500000,2,27,1,124133,3780,1
9228,A,700000,700000,2,30,1,19715,9144,1
9229,A,300000,300000,6,22,1,0,32112,1
9230,A,300000,300000,6,22,1,147318,32112,1
9231,A,700000,700000,4,55,1,223782,194668,1
9232,A,600000,600000,2,27,0,0,124071,1
9233,A,200000,200000,2,24,1,147038,13995,1
9234,A,1000000,1000000,2,32,1,43680,28710,1
9235,A,600000,300000,6,25,1,50689,15930,1
9236,A,700000,700000,2,28,1,12331,20772,1
9237,A,500000,500000,2,25,1,185535,10584,1
9238,A,200000,200000,6,22,1,6793,17118,1
9239,A,200000,200000,6,25,1,124697,23266,1
9240,A,600000,600000,2,28,1,0,9792,1
9241,A,400000,400000,2,21,1,34154,48008,1
9242,A,200000,200000,2,23,1,198102,9423,1
9243,A,500000,300000,2,23,1,2508,12822,1
9244,A,700000,300000,6,22,1,18810,4572,1
9245,A,1000000,300000,7,47,1,29299,116918,1
9246,R,600000,300000,2,24,1,87227,16484,1
9247,A,500000,300000,7,24,1,64013,939,1
9248,A,700000,300000,6,23,1,59853,17010,1
9249,A,700000,700000,3,26,1,36607,19989,1
9250,A,500000,500000,2,30,0,4455,50004,1
9251,A,700000,700000,2,28,1,31705,13158,1
9252,A,500000,500000,2,26,1,17997,70112,1
9253,A,400000,300000,6,20,1,33940,43263,1
9254,R,400000,300000,2,22,1,35884,24708,1
9255,A,600000,600000,2,24,1,196090,13485,1
9256,A,600000,300000,7,43,1,0,18702,1
9257,A,700000,700000,5,43,0,43625,28800,1
9258,A,200000,200000,2,28,1,32855,19026,1
9259,A,1000000,1000000,2,27,1,0,20581,1
9260,A,200000,200000,2,27,1,75070,48204,1
9261,B,300000,300000,2,26,1,105859,18014,1
9262,A,500000,500000,2,24,0,84539,10782,1
9263,A,1000000,1000000,2,27,1,41189,22698,1
9264,A,500000,500000,3,27,1,402758,16425,1
9265,A,200000,200000,7,27,1,15548,22473,1
9266,A,1000000,1000000,2,28,1,44000,32457,1
9267,A,300000,300000,2,29,1,37559,21177,1
9268,A,200000,200000,2,35,1,19903,25245,1
9269,A,1000000,1000000,2,44,1,24871,88200,1
9270,A,400000,400000,2,27,1,103809,27144,1
9271,A,1000000,300000,5,58,1,9012,29603,1
9272,A,1000000,1000000,2,28,1,1480,4087,1
9273,A,500000,500000,2,24,1,185493,24824,1
9274,B,500000,500000,2,28,1,6438,10791,1
9275,A,200000,200000,2,23,1,0,25824,1
9276,A,200000,200000,6,24,0,19257,68363,1
9277,A,600000,600000,2,28,1,53095,15930,1
9278,A,400000,400000,2,23,1,15675,35285,1
9279,A,500000,500000,2,23,1,47099,9090,1
9280,A,400000,400000,2,24,1,41575,30780,1
9281,A,600000,600000,2,28,1,34229,13950,1
9282,A,400000,300000,6,27,1,82304,45764,1
9283,A,1000000,1000000,2,33,1,40203,47459,1
9284,A,200000,200000,7,24,1,13510,36495,1
9285,A,600000,600000,2,27,1,28028,180000,1
9286,R,400000,300000,6,24,1,46931,34868,1
9287,A,500000,500000,2,22,1,107181,40047,1
9288,A,600000,300000,7,59,1,6804,3189,1
9289,A,600000,600000,2,24,1,0,24093,1
9290,A,700000,700000,5,80,1,0,34810,1
9291,A,600000,600000,2,23,1,27323,40424,1
9292,R,200000,200000,7,57,1,57848,21411,1
9293,A,400000,300000,6,19,1,76176,11166,1
9294,A,500000,500000,5,41,0,0,78300,1
9295,A,200000,200000,6,19,1,150630,31581,1
9296,A,200000,200000,6,20,1,31571,36365,1
9297,A,500000,300000,6,21,1,0,14966,1
9298,A,300000,300000,2,22,1,0,17983,1
9299,A,700000,700000,2,23,1,18325,9297,1
9300,A,600000,600000,2,27,1,8360,31752,1
9301,A,1000000,600000,2,25,1,12860,22887,1
9302,A,300000,300000,5,27,1,61895,47805,1
9303,A,200000,200000,6,22,1,0,19593,1
9304,A,700000,300000,11,27,1,6375,2358,1
9305,A,700000,700000,2,25,0,178409,9990,1
9306,B,1000000,1000000,4,62,1,761004,42966,1
9307,A,200000,200000,7,24,1,154292,14855,1
9308,A,200000,200000,6,20,1,14213,15049,1
9309,A,1000000,300000,7,30,0,,40230,1
9310,A,1000000,1000000,2,26,1,2292,2475,1
9311,A,1000000,1000000,7,40,1,1026,36019,1
9312,A,700000,400000,2,27,1,7455,19628,1
9313,A,700000,700000,3,23,1,54850,4491,1
9314,A,700000,700000,2,23,1,23250,4491,1
9315,A,200000,200000,2,27,1,41382,15018,1
9316,A,200000,200000,6,22,1,3135,50580,1
9317,A,600000,600000,6,23,1,96900,52183,1
9318,A,200000,200000,6,29,1,7403,19935,1
9319,A,1000000,300000,7,52,1,31634,21474,1
9320,A,200000,200000,2,21,1,4803,6750,1
9321,A,500000,300000,6,21,1,50677,8820,1
9322,A,600000,600000,1,57,1,0,100646,1
9323,A,700000,700000,2,28,1,0,37188,1
9324,A,1000000,300000,2,38,1,75576,47849,1
9325,A,500000,500000,2,24,1,21985,20150,1
9326,R,600000,300000,6,22,1,14230,29434,1
9327,A,1000000,1000000,2,25,1,14762,12510,1
9328,A,700000,700000,2,37,1,38176,62812,1
9329,A,600000,600000,2,25,1,0,24252,1
9330,A,200000,200000,6,20,1,8693,26721,1
9331,A,600000,600000,3,26,1,42295,17892,1
9332,A,400000,400000,13,26,1,0,43650,1
9333,R,500000,500000,5,47,1,13167,22770,1
9334,A,500000,500000,5,46,0,,96870,1
9335,A,200000,200000,6,24,1,21180,8010,1
9336,A,500000,300000,6,23,1,129390,19896,1
9337,A,500000,500000,2,25,0,6157,15023,1
9338,A,600000,600000,4,55,1,30415,40284,1
9339,R,400000,400000,2,24,1,7838,0,1
9340,A,600000,600000,2,24,1,45590,34839,1
9341,A,300000,300000,6,20,0,331135,65340,1
9342,A,200000,200000,7,26,1,154261,8187,1
9343,A,600000,600000,2,31,1,0,11834,1
9344,A,200000,200000,6,21,0,524,15237,1
9345,A,200000,200000,6,20,1,24245,3357,1
9346,A,600000,300000,7,47,1,0,191281,1
9347,A,1000000,1000000,2,24,1,109613,22365,1
9348,A,500000,500000,2,26,1,12958,28124,1
9349,A,600000,600000,2,28,1,6897,27194,1
9350,A,600000,300000,6,22,1,24123,740,1
9351,A,1000000,1000000,4,52,1,69966,9891,1
9352,A,700000,700000,3,25,1,43035,30510,1
9353,A,500000,500000,2,25,1,66644,21059,1
9354,A,600000,600000,3,25,1,8382,14742,1
9355,A,400000,300000,6,22,1,16941,11970,1
9356,A,1000000,1000000,3,34,1,19000,6273,1
9357,A,300000,300000,2,29,1,1078,11208,1
9358,A,600000,300000,6,25,1,38483,5454,1
9359,A,400000,400000,7,22,1,117857,26421,1
9360,A,200000,200000,2,26,1,23270,20276,1
9361,A,200000,200000,6,20,1,565,30856,1
9362,A,600000,600000,2,28,1,31005,29556,1
9363,A,500000,300000,6,22,1,7235,8526,1
9364,A,500000,500000,3,26,1,18277,35109,1
9365,A,200000,200000,6,21,1,127508,9720,1
9366,A,200000,200000,5,30,1,52784,33998,1
9367,A,600000,300000,7,24,1,67739,49180,1
9368,A,500000,300000,6,23,1,40528,27513,1
9369,A,500000,500000,2,27,1,165567,23877,1
9370,A,1000000,1000000,2,29,1,9812,28503,1
9371,A,200000,200000,6,24,0,37687,1980,1
9372,A,700000,300000,6,24,1,0,16252,1
9373,A,500000,500000,2,35,0,12028,78300,1
9374,A,700000,700000,2,54,1,16720,66132,1
9375,A,300000,300000,1,37,0,21727,177210,1
9376,A,600000,300000,6,22,1,40602,120753,1
9377,A,300000,300000,6,21,1,0,27081,1
9378,A,500000,300000,6,23,1,0,25920,1
9379,A,200000,200000,2,27,1,0,88709,1
9380,A,200000,200000,6,21,1,16581,8723,1
9381,A,500000,300000,6,23,1,67108,15750,1
9382,A,1000000,1000000,2,30,1,0,23031,1
9383,A,200000,200000,6,22,1,32373,16153,1
9384,A,200000,200000,6,23,1,19855,35281,1
9385,A,400000,400000,2,22,1,269568,20384,1
9386,A,1000000,1000000,5,47,1,73401,15930,1
9387,A,1000000,1000000,3,32,1,18810,27117,1
9388,R,700000,700000,4,49,1,66333,20997,1
9389,A,600000,300000,7,25,0,32844,0,1
9390,A,600000,600000,2,31,1,87539,110287,1
9391,A,200000,200000,6,20,1,0,28404,1
9392,A,600000,600000,2,26,1,28738,21880,1
9393,A,700000,700000,2,26,1,0,22581,1
9394,A,700000,700000,12,24,1,47419,49821,1
9395,A,200000,200000,6,19,1,0,43776,1
9396,A,200000,200000,6,19,1,145579,7425,1
9397,A,1000000,1000000,2,29,1,0,10773,1
9398,A,700000,700000,2,24,1,85000,34096,1
9399,A,700000,300000,6,23,1,0,15171,1
9400,A,1000000,300000,7,51,1,306405,23065,1
9401,A,600000,600000,3,25,1,450971,27711,1
9402,A,700000,700000,2,23,1,6302,13356,1
9403,A,700000,700000,2,26,1,1254,57700,1
9404,A,500000,300000,12,54,1,234021,53808,1
9405,A,500000,300000,7,27,0,52524,49590,1
9406,A,600000,600000,2,28,1,23413,29619,1
9407,A,700000,300000,7,57,1,13244,11871,1
9408,A,600000,300000,6,22,1,64035,20085,1
9409,A,200000,200000,6,22,1,19575,25632,1
9410,A,200000,200000,2,24,1,218754,21134,1
9411,A,600000,300000,7,50,1,19229,36720,1
9412,A,200000,200000,6,21,1,19931,28553,1
9413,A,200000,200000,7,26,1,5698,24356,1
9414,A,200000,200000,2,25,1,131388,13464,1
9415,A,600000,600000,2,24,1,44364,12479,1
9416,A,700000,700000,2,25,1,11305,15930,1
9417,A,200000,200000,7,23,1,115558,33094,1
9418,A,700000,700000,2,27,1,50000,21425,1
9419,A,600000,300000,6,22,1,9159,2484,1
9420,A,1000000,300000,7,53,1,16720,5961,1
9421,A,500000,500000,3,25,1,26858,21959,1
9422,A,600000,600000,2,25,1,10138,52596,1
9423,A,500000,500000,5,27,1,272776,31374,1
9424,A,600000,600000,2,36,1,518921,5469,1
9425,A,200000,200000,6,23,1,7733,19656,1
9426,A,300000,300000,2,22,1,6764,30807,1
9427,A,200000,200000,6,21,1,72180,2216,1
9428,A,700000,700000,2,25,1,18383,26285,1
9429,A,200000,200000,6,20,1,11648,67696,1
9430,A,200000,200000,7,24,1,199655,14841,1
9431,A,600000,300000,2,30,1,32997,33872,1
9432,A,300000,300000,6,23,1,208706,9810,1
9433,A,500000,300000,6,22,1,20270,2813,1
9434,A,700000,700000,2,25,1,113514,2290,1
9435,A,700000,700000,2,28,1,14316,34359,1
9436,A,700000,700000,2,29,1,23519,10710,1
9437,A,700000,700000,2,26,1,4836,33491,1
9438,A,500000,300000,6,25,1,9638,43650,1
9439,A,200000,200000,6,22,1,25327,8821,1
9440,A,600000,300000,6,26,1,0,21910,1
9441,A,200000,200000,6,21,1,40550,531,1
9442,A,600000,600000,2,29,1,11742,11178,1
9443,A,700000,700000,2,23,1,102545,13550,1
9444,A,600000,600000,2,30,1,617,29783,1
9445,A,1000000,1000000,2,29,1,5902,12465,1
9446,A,700000,700000,7,29,1,25210,18945,1
9447,A,400000,400000,5,33,1,115597,13741,1
9448,A,700000,700000,2,26,1,4450,2565,1
9449,A,700000,700000,2,39,1,14540,35614,1
9450,A,1000000,900000,2,28,1,71331,4833,1
9451,A,700000,700000,2,27,1,291122,56253,1
9452,A,600000,600000,2,24,1,37300,1719,1
9453,A,200000,200000,6,22,1,19908,18504,1
9454,A,700000,700000,2,48,1,84902,52758,1
9455,A,1000000,1000000,2,48,0,7513,149115,1
9456,A,200000,200000,2,32,1,84310,40680,1
9457,A,600000,300000,7,44,1,8151,63712,1
9458,A,700000,700000,10,30,1,91857,44363,1
9459,A,1000000,1000000,2,35,1,24753,7691,1
9460,A,500000,300000,6,23,1,34805,32011,1
9461,A,200000,200000,2,43,1,140939,30196,1
9462,A,1000000,400000,4,58,1,50548,21525,1
9463,A,500000,500000,2,24,1,23148,27720,1
9464,A,700000,300000,6,23,1,112474,4446,1
9465,R,1000000,1000000,2,45,1,10707,11092,1
9466,A,1000000,700000,2,29,1,31890,11772,1
9467,A,200000,200000,6,20,1,66737,14940,1
9468,A,300000,300000,2,25,1,37814,0,1
9469,A,200000,200000,6,21,1,43041,12886,1
9470,A,600000,600000,2,25,1,170459,36364,1
9471,A,700000,700000,2,24,1,8978,35849,1
9472,A,1000000,1000000,2,52,1,5924,7119,1
9473,A,700000,700000,2,24,1,0,53154,1
9474,A,600000,600000,7,60,0,50651,36086,1
9475,A,1000000,300000,7,53,1,65315,12960,1
9476,R,1000000,1000000,2,58,1,852393,37620,1
9477,A,500000,500000,2,28,1,21778,52857,1
9478,A,1000000,1000000,2,38,0,65071,7356,1
9479,A,1000000,1000000,2,30,1,0,70380,1
9480,A,700000,300000,11,33,1,10498,15807,1
9481,A,700000,300000,4,45,1,30069,22860,1
9482,A,400000,400000,2,25,1,76282,61569,1
9483,A,1000000,1000000,3,28,1,5639,6796,1
9484,A,200000,200000,7,23,1,6552,14481,1
9485,A,200000,200000,2,31,1,149371,1453,1
9486,A,700000,700000,2,35,1,6835,25683,1
9487,A,700000,700000,2,33,0,241248,57741,1
9488,B,600000,600000,2,45,1,60030,31592,1
9489,B,500000,500000,5,35,1,35444,20592,1
9490,A,500000,500000,1,50,1,151546,94050,1
9491,A,700000,700000,2,35,1,0,108000,1
9492,A,1000000,1000000,2,51,1,96980,44838,1
9493,A,500000,500000,3,20,1,0,5220,1
9494,A,500000,500000,2,25,1,14520,28863,1
9495,A,1000000,1000000,2,25,1,28120,9207,1
9496,A,600000,600000,3,26,1,10644,13950,1
9497,R,600000,600000,2,30,1,237100,93691,1
9498,A,400000,300000,7,41,1,65200,12564,1
9499,A,600000,600000,2,25,1,8493,23650,1
9500,A,500000,500000,2,24,1,15116,34386,1
9501,A,1000000,1000000,2,27,1,71514,45192,1
9502,A,700000,700000,2,30,1,0,18315,1
9503,A,1000000,1000000,2,27,1,42137,83943,1
9504,A,500000,500000,2,26,1,54913,11160,1
9505,A,1000000,1000000,4,30,1,177920,29295,1
9506,A,200000,200000,2,25,1,36048,6990,1
9507,A,500000,500000,2,24,1,18915,37223,1
9508,A,400000,400000,7,27,1,16300,11879,1
9509,A,500000,500000,7,27,1,9325,5634,1
9510,A,600000,600000,2,46,1,3883,38097,1
9511,A,700000,700000,2,30,1,35419,51926,1
9512,A,700000,300000,6,24,0,0,13257,1
9513,A,700000,700000,2,35,1,39640,8674,1
9514,A,600000,600000,2,25,1,0,47988,1
9515,A,600000,600000,2,32,1,2613,18648,1
9516,A,600000,600000,2,25,1,40000,14247,1
9517,A,300000,300000,6,21,1,106731,33048,1
9518,A,700000,700000,2,57,1,15437,6386,1
9519,A,1000000,1000000,2,29,1,2328,5247,1
9520,A,600000,600000,2,27,1,53335,34548,1
9521,A,700000,700000,2,27,1,167006,32651,1
9522,A,200000,200000,2,28,1,60792,7200,1
9523,A,400000,400000,2,29,1,84165,19062,1
9524,A,500000,500000,2,25,1,45631,53055,1
9525,A,1000000,1000000,2,59,1,31626,82179,1
9526,A,500000,500000,2,26,0,3955,40410,1
9527,A,600000,600000,2,24,1,43039,10238,1
9528,B,500000,500000,2,39,1,3000,21780,1
9529,A,700000,700000,2,30,1,10430,77877,1
9530,A,500000,500000,12,34,1,57642,2608,1
9531,A,1000000,1000000,2,56,1,1188,577,1
9532,A,200000,200000,6,20,1,129134,15390,1
9533,A,1000000,1000000,3,54,1,3952,23687,1
9534,A,200000,200000,2,25,0,12750,81810,1
9535,A,1000000,1000000,7,57,1,10127,2025,1
9536,A,700000,700000,3,25,1,139740,74872,1
9537,A,1000000,1000000,2,37,1,2919,31711,1
9538,A,600000,600000,2,30,1,16686,8307,1
9539,A,200000,200000,6,21,1,167084,36725,1
9540,A,1000000,1000000,2,48,1,0,36459,1
9541,A,700000,700000,2,29,1,55049,84735,1
9542,B,500000,500000,5,60,0,118381,101948,1
9543,A,600000,400000,2,25,1,33617,8114,1
9544,A,1000000,1000000,2,25,1,39758,21830,1
9545,B,400000,300000,6,21,1,34948,32695,1
9546,B,600000,600000,2,50,1,68448,74250,1
9547,A,600000,600000,3,24,1,7429,28850,1
9548,A,700000,700000,2,25,1,0,5382,1
9549,R,1000000,1000000,3,31,1,114728,41877,1
9550,A,600000,600000,2,31,1,28042,83970,1
9551,A,200000,200000,7,24,1,108687,19620,1
9552,A,200000,200000,2,46,1,1938,11624,1
9553,A,400000,400000,2,26,1,63647,42858,1
9554,A,200000,200000,6,22,1,161996,30022,1
9555,A,1000000,1000000,2,42,1,3069,80010,1
9556,B,600000,600000,2,26,1,15428,27720,1
9557,A,700000,700000,2,52,1,30325,60983,1
9558,A,200000,200000,2,29,1,24678,59850,1
9559,A,700000,700000,2,25,1,24149,46021,1
9560,A,300000,300000,6,25,1,68125,8010,1
9561,A,600000,600000,4,27,1,7000,13850,1
9562,A,1000000,1000000,2,52,1,166563,34740,1
9563,A,1000000,800000,2,25,1,16930,39869,1
9564,A,700000,700000,2,30,1,479584,64440,1
9565,A,700000,700000,2,26,1,23419,12447,1
9566,A,500000,300000,6,31,1,1000,1611,1
9567,A,500000,500000,2,26,1,127133,41463,1
9568,A,600000,300000,8,45,1,85858,15444,1
9569,A,600000,600000,2,25,1,0,54406,1
9570,A,400000,400000,2,37,1,14733,11552,1
9571,A,200000,200000,6,22,1,16253,42660,1
9572,A,700000,700000,12,52,1,10576,21780,1
9573,A,1000000,1000000,3,50,1,4133,87622,1
9574,B,700000,700000,2,26,1,11495,14850,1
9575,A,500000,500000,3,29,1,93155,39327,1
9576,A,600000,600000,2,34,1,0,24246,1
9577,A,600000,600000,2,25,1,78855,22190,1
9578,A,600000,300000,6,23,1,17598,30485,1
9579,A,1000000,1000000,3,62,1,6133,3465,1
9580,A,600000,300000,7,45,1,80172,68400,1
9581,A,1000000,1000000,2,31,1,32504,4088,1
9582,A,600000,300000,7,49,1,79518,21366,1
9583,A,600000,600000,2,29,1,2797,18891,1
9584,A,700000,700000,2,26,1,0,38880,1
9585,A,1000000,1000000,3,32,1,25501,6803,1
9586,A,600000,300000,8,62,1,23903,180000,1
9587,A,700000,300000,12,55,1,16417,84280,1
9588,B,700000,700000,2,29,1,26095,276210,1
9589,A,1000000,1000000,2,24,1,44535,12131,1
9590,B,500000,500000,2,25,1,14824,11002,1
9591,A,700000,700000,2,25,1,0,36621,1
9592,A,200000,200000,3,24,1,163004,11772,1
9593,A,1000000,1000000,2,31,1,9821,12960,1
9594,A,1000000,1000000,2,33,1,3971,35640,1
9595,A,1000000,1000000,2,38,0,34225,38214,1
9596,A,1000000,1000000,3,25,1,,77776,1
9597,A,1000000,1000000,2,58,1,4202,34740,1
9598,A,700000,300000,7,55,1,12494,65896,1
9599,A,1000000,1000000,2,46,1,9371,2694,1
9600,A,700000,700000,2,27,1,17509,14940,1
9601,A,500000,500000,3,24,1,27168,59274,1
9602,A,1000000,900000,2,26,1,4076,39923,1
9603,A,700000,300000,7,48,1,16027,40590,1
9604,A,700000,700000,8,79,0,2451,119259,1
9605,A,700000,700000,2,23,1,7614,23832,1
9606,A,1000000,1000000,3,53,1,34771,9962,1
9607,A,200000,200000,6,23,1,93101,28908,1
9608,A,600000,600000,2,24,1,2575,15435,1
9609,A,600000,600000,2,25,1,,30998,1
9610,A,600000,600000,2,25,1,37938,14150,1
9611,A,500000,500000,2,28,1,223174,97416,1
9612,A,200000,200000,6,21,1,22143,19548,1
9613,A,500000,500000,2,32,1,0,100350,1
9614,A,200000,200000,2,24,1,147295,2114,1
9615,A,200000,200000,3,25,1,77263,5586,1
9616,A,700000,700000,2,29,1,9769,98104,1
9617,A,200000,200000,7,23,1,107982,35149,1
9618,A,500000,500000,12,30,1,6866,30830,1
9619,A,1000000,1000000,2,53,1,281845,8546,1
9620,A,1000000,1000000,2,50,1,22030,4446,1
9621,A,1000000,1000000,2,27,1,50891,27127,1
9622,A,500000,500000,2,25,1,19704,38205,1
9623,A,200000,200000,2,25,1,0,33849,1
9624,A,600000,300000,6,23,1,55696,26078,1
9625,A,500000,500000,12,46,1,47401,13522,1
9626,A,700000,700000,2,27,1,3000,17449,1
9627,A,700000,700000,2,37,1,14260,61380,1
9628,A,1000000,300000,4,57,1,23776,23124,1
9629,A,600000,600000,3,26,1,151781,100188,1
9630,A,700000,700000,2,27,1,9045,42309,1
9631,A,600000,600000,2,23,1,39434,21573,1
9632,R,500000,500000,2,25,0,141555,81180,1
9633,R,400000,400000,2,24,1,0,81565,1
9634,A,400000,300000,6,23,1,115122,47589,1
9635,A,1000000,1000000,2,29,0,4609,27819,1
9636,A,1000000,400000,2,30,1,0,25892,1
9637,A,1000000,1000000,2,48,1,12257,55403,1
9638,A,200000,200000,6,20,1,26505,62460,1
9639,A,600000,600000,2,28,1,552802,11584,1
9640,A,1000000,1000000,4,57,1,72788,16668,1
9641,A,400000,400000,2,52,1,37716,19800,1
9642,A,600000,600000,2,29,1,50560,45333,1
9643,A,500000,500000,2,23,1,136567,28800,1
9644,A,500000,500000,2,24,1,43821,37710,1
9645,A,500000,500000,2,26,1,0,0,1
9646,A,700000,700000,2,28,1,12840,28800,1
9647,A,1000000,1000000,2,47,1,61377,3310,1
9648,A,700000,700000,2,57,0,741,4644,1
9649,A,600000,600000,2,32,1,,11016,1
9650,A,700000,700000,2,28,1,91987,39781,1
9651,A,1000000,1000000,2,61,1,2459,17919,1
9652,A,500000,500000,2,27,1,129546,6435,1
9653,A,400000,400000,2,25,1,14801,1179,1
9654,A,700000,700000,4,46,1,74568,21084,1
9655,A,1000000,1000000,3,27,1,12359,5436,1
9656,A,700000,700000,2,27,1,11841,72405,1
9657,A,700000,700000,2,29,0,70000,58203,1
9658,A,700000,700000,3,26,1,6479,36280,1
9659,A,700000,700000,2,48,1,324641,1476,1
9660,A,500000,500000,2,27,1,11234,48002,1
9661,A,600000,600000,2,28,0,1834,36000,1
9662,A,700000,700000,7,34,1,475418,24952,1
9663,A,400000,400000,2,29,1,6460,29739,1
9664,A,1000000,1000000,2,24,0,0,6992,1
9665,A,500000,300000,6,22,1,5567,25335,1
9666,A,700000,700000,2,31,0,295654,22919,1
9667,A,400000,400000,2,26,1,2030,10962,1
9668,A,500000,300000,6,24,0,46400,48095,1
9669,A,400000,300000,6,21,1,47162,13491,1
9670,A,1000000,1000000,2,27,1,0,28701,1
9671,A,1000000,1000000,2,43,1,69913,107703,1
9672,A,1000000,1000000,2,30,1,57945,11445,1
9673,A,600000,600000,2,24,1,13959,15732,1
9674,A,700000,700000,2,25,1,62252,19080,1
9675,A,600000,600000,2,32,1,37412,66680,1
9676,A,600000,600000,2,26,1,40459,11520,1
9677,A,500000,500000,2,33,1,141455,45075,1
9678,A,500000,300000,6,24,1,0,43650,1
9679,A,700000,700000,2,26,1,113160,23358,1
9680,A,700000,700000,3,27,1,8665,38610,1
9681,A,500000,500000,2,23,1,46541,5639,1
9682,A,1000000,1000000,2,26,0,52110,31770,1
9683,A,500000,300000,6,33,1,8256,39196,1
9684,A,700000,700000,2,30,1,17652,41216,1
9685,A,400000,300000,6,24,0,0,15381,1
9686,A,200000,200000,2,24,1,220885,15840,1
9687,B,600000,600000,3,26,1,16163,31975,1
9688,A,600000,600000,2,24,1,3135,18900,1
9689,A,400000,400000,2,55,0,14105,33959,1
9690,A,700000,700000,3,30,1,38625,35581,1
9691,A,1000000,1000000,2,38,1,396778,51730,1
9692,A,200000,200000,3,26,1,0,28082,1
9693,A,500000,300000,6,21,1,10583,14787,1
9694,A,200000,200000,6,21,1,0,17405,1
9695,A,400000,300000,13,40,1,30165,1971,1
9696,R,1000000,1000000,3,27,1,106428,37739,1
9697,A,1000000,1000000,5,50,1,17316,23850,1
9698,A,700000,700000,7,69,1,38610,15930,1
9699,A,500000,300000,6,24,0,361889,31705,1
9700,A,400000,300000,6,20,1,4912,16821,1
9701,A,600000,600000,2,25,1,19828,32914,1
9702,A,1000000,500000,7,57,1,18967,19277,1
9703,A,600000,600000,2,31,1,23451,6237,1
9704,A,1000000,1000000,5,40,0,36927,94924,1
9705,A,600000,600000,2,29,1,124776,68416,1
9706,A,200000,200000,6,20,1,15466,12051,1
9707,A,1000000,1000000,3,35,0,0,63945,1
9708,A,1000000,300000,7,46,1,24403,43650,1
9709,A,200000,200000,6,24,1,20175,10391,1
9710,A,600000,600000,2,33,1,0,59634,1
9711,A,200000,200000,6,20,1,16488,30823,1
9712,A,500000,500000,2,25,1,55857,3347,1
9713,A,600000,300000,2,25,1,57324,26041,1
9714,A,700000,700000,3,31,1,38174,43848,1
9715,A,600000,600000,2,31,1,47078,27118,1
9716,A,1000000,1000000,7,63,1,42668,10826,1
9717,A,600000,600000,2,27,1,682212,87899,1
9718,A,1000000,300000,4,69,1,17326,1188,1
9719,A,700000,700000,2,27,1,0,43477,1
9720,A,600000,600000,3,24,1,33364,37323,1
9721,A,500000,300000,13,33,1,12327,3158,1
9722,A,400000,400000,2,24,1,215558,28007,1
9723,A,600000,600000,2,31,1,50690,27018,1
9724,B,500000,500000,2,26,1,140354,14212,1
9725,A,500000,500000,2,26,1,22760,5634,1
9726,A,600000,600000,2,33,1,63240,43155,1
9727,B,400000,300000,6,21,1,,8100,1
9728,A,400000,300000,6,20,1,28580,1506,1
9729,A,1000000,1000000,2,32,1,5547,22266,1
9730,A,200000,200000,6,21,1,114600,19701,1
9731,A,400000,400000,5,38,1,15042,10791,1
9732,A,1000000,500000,2,42,1,34485,45630,1
9733,A,200000,200000,6,21,1,237120,31736,1
9734,A,200000,200000,6,20,1,65011,33963,1
9735,A,200000,200000,6,20,1,0,14967,1
9736,A,400000,400000,2,22,1,93468,8901,1
9737,R,700000,300000,1,55,1,8551,26127,1
9738,A,200000,200000,6,21,1,44104,8010,1
9739,A,300000,300000,2,25,1,3762,9000,1
9740,A,500000,500000,2,34,1,162448,30332,1
9741,A,700000,700000,12,31,1,0,24089,1
9742,A,600000,600000,3,30,1,43210,34011,1
9743,A,200000,200000,6,20,1,16616,11563,1
9744,A,400000,400000,7,24,1,0,29601,1
9745,A,600000,300000,4,53,1,44319,17021,1
9746,A,600000,600000,2,30,1,119680,83493,1
9747,A,1000000,1000000,2,36,1,69641,21943,1
9748,A,500000,500000,2,24,1,41204,112001,1
9749,A,400000,400000,7,28,1,6812,0,1
9750,A,600000,600000,3,30,1,909303,14692,1
9751,A,200000,200000,2,29,1,100024,19755,1
9752,A,500000,500000,2,48,1,11709,31086,1
9753,A,1000000,1000000,2,31,0,34764,176786,1
9754,A,1000000,1000000,2,51,1,0,14346,1
9755,A,500000,300000,7,41,1,35477,14711,1
9756,A,200000,200000,4,37,1,73519,13356,1
9757,A,1000000,1000000,2,56,1,15389,66024,1
9758,A,700000,300000,6,23,1,19741,6809,1
9759,A,1000000,1000000,5,56,1,294855,4109,1
9760,R,700000,700000,2,27,1,152516,19724,1
9761,A,1000000,300000,7,50,1,136116,2690,1
9762,A,400000,300000,6,22,1,37777,35397,1
9763,A,700000,700000,2,41,1,4138,6237,1
9764,A,1000000,1000000,4,30,1,45434,46125,1
9765,A,400000,400000,2,25,1,113291,37143,1
9766,A,700000,700000,2,29,1,0,32183,1
9767,A,200000,200000,6,19,1,29070,41742,1
9768,A,500000,500000,2,25,1,157299,17406,1
9769,A,1000000,1000000,5,49,0,0,17028,1
9770,A,700000,300000,7,55,1,9500,37338,1
9771,A,500000,500000,2,34,1,20755,20880,1
9772,A,300000,300000,6,19,1,153031,30119,1
9773,A,700000,300000,4,46,1,8870,7020,1
9774,A,700000,700000,2,43,0,745758,33696,1
9775,A,400000,300000,6,22,1,3703,15637,1
9776,A,1000000,300000,4,59,1,2140,24930,1
9777,A,400000,400000,7,24,1,4684,18900,1
9778,B,700000,700000,2,29,1,15655,21780,1
9779,A,700000,700000,2,28,1,38509,69499,1
9780,A,700000,700000,3,25,1,15218,19980,1
9781,A,600000,600000,13,37,1,7201,15653,1
9782,A,700000,700000,2,28,1,26370,25200,1
9783,A,500000,500000,2,23,1,6610,6525,1
9784,A,200000,200000,6,23,1,0,12762,1
9785,A,600000,600000,3,24,1,0,44473,1
9786,A,1000000,1000000,3,32,1,238671,43390,1
9787,A,200000,200000,6,21,1,76461,2782,1
9788,A,600000,400000,2,42,1,37145,13662,1
9789,A,700000,700000,2,25,1,55764,7812,1
9790,A,400000,300000,13,64,1,19248,36405,1
9791,A,300000,300000,2,31,1,28396,42660,1
9792,R,600000,500000,2,26,1,35640,59658,1
9793,A,700000,700000,2,27,1,2906,42825,1
9794,R,700000,700000,2,25,1,45885,50589,1
9795,A,200000,200000,2,24,1,71950,18810,1
9796,A,400000,400000,1,62,1,412358,98100,1
9797,B,700000,700000,2,35,1,137655,56034,1
9798,A,700000,700000,3,26,1,158694,18168,1
9799,A,300000,300000,7,25,1,32314,1287,1
9800,A,1000000,1000000,2,34,1,2879,179450,1
9801,A,500000,300000,6,21,1,17139,20584,1
9802,A,200000,200000,2,24,1,113139,6030,1
9803,A,400000,300000,2,26,0,78527,54540,1
9804,A,700000,700000,2,26,1,11308,17586,1
9805,A,500000,500000,2,28,1,296159,26191,1
9806,A,600000,300000,6,23,1,30222,9344,1
9807,A,600000,600000,2,25,1,45794,0,1
9808,A,1000000,300000,7,58,1,42118,92613,1
9809,A,300000,300000,6,22,1,61751,14433,1
9810,A,1000000,300000,4,70,1,4817,3168,1
9811,A,700000,300000,7,53,1,454016,18828,1
9812,A,600000,600000,5,52,1,39474,27819,1
9813,A,500000,300000,7,41,1,12645,15633,1
9814,A,700000,700000,2,26,1,30166,21060,1
9815,A,600000,600000,2,28,1,15066,5913,1
9816,A,200000,200000,6,22,1,16591,48529,1
9817,A,200000,200000,6,21,1,46777,40659,1
9818,A,600000,300000,2,39,1,23532,18018,1
9819,A,1000000,300000,7,61,1,3815,9466,1
9820,A,600000,600000,2,35,1,4264,22101,1
9821,A,400000,300000,6,23,1,206480,16812,1
9822,A,700000,300000,4,40,1,0,22075,1
9823,A,200000,200000,6,20,1,174555,13311,1
9824,A,200000,200000,7,24,1,0,38160,1
9825,A,400000,300000,7,57,1,39600,83250,1
9826,A,700000,300000,4,53,1,0,55788,1
9827,A,700000,700000,2,25,1,12466,42399,1
9828,A,600000,600000,1,42,1,14494,6980,1
9829,A,600000,600000,13,28,1,0,13820,1
9830,A,200000,200000,6,20,1,155721,41848,1
9831,A,600000,600000,2,26,1,15704,26820,1
9832,A,1000000,1000000,2,39,1,0,8344,1
9833,A,700000,300000,2,32,1,22660,26226,1
9834,A,1000000,1000000,2,37,1,104375,13950,1
9835,A,700000,300000,4,57,1,0,17613,1
9836,A,1000000,1000000,7,51,1,91167,180000,1
9837,A,600000,300000,6,22,1,90,17622,1
9838,A,400000,400000,2,23,1,27204,26100,1
9839,A,1000000,1000000,2,28,1,2898,11970,1
9840,A,700000,300000,13,56,1,13167,39726,1
9841,A,200000,200000,6,20,1,22922,9711,1
9842,A,600000,600000,2,24,1,51250,44840,1
9843,A,700000,700000,2,34,1,28952,2070,1
9844,A,500000,500000,2,24,1,2038,55332,1
9845,A,700000,700000,7,29,1,26145,14940,1
9846,A,300000,300000,7,52,1,7279,14940,1
9847,A,600000,600000,2,24,0,27560,15138,1
9848,A,400000,300000,5,37,1,10000,9495,1
9849,A,1000000,1000000,2,28,1,24837,4356,1
9850,A,600000,300000,7,47,1,0,22365,1
9851,A,500000,500000,2,25,1,6970,0,1
9852,A,200000,200000,12,54,1,18018,0,1
9853,A,700000,700000,2,30,1,29772,57600,1
9854,A,1000000,1000000,2,57,1,147302,3215,1
9855,A,500000,500000,2,24,1,82164,15237,1
9856,A,500000,500000,2,26,1,335247,3510,1
9857,A,400000,300000,6,20,1,21630,14490,1
9858,A,200000,200000,2,27,1,3566,11759,1
9859,A,500000,500000,2,25,1,24375,19800,1
9860,A,500000,300000,6,22,1,0,11970,1
9861,A,600000,600000,5,29,1,54571,66384,1
9862,A,200000,200000,6,21,1,21736,3123,1
9863,A,500000,500000,2,24,1,8028,32078,1
9864,A,700000,700000,2,25,1,19641,17919,1
9865,A,200000,200000,6,21,1,177243,28092,1
9866,B,1000000,1000000,3,54,1,24152,0,1
9867,A,700000,700000,3,33,1,41026,56012,1
9868,A,700000,700000,2,37,1,59328,35379,1
9869,A,600000,600000,2,50,0,98245,20005,1
9870,A,1200000,800000,2,25,1,54236,59659,1
9871,A,1000000,1000000,7,69,1,17898,67500,1
9872,A,1000000,1000000,2,30,1,2153,11359,1
9873,A,700000,700000,2,31,1,13847,33749,1
9874,A,200000,200000,1,37,1,171171,320030,1
9875,A,600000,600000,2,37,1,14531,38817,1
9876,A,1000000,1000000,2,39,1,47971,5364,1
9877,A,1000000,1000000,2,29,0,86202,45630,1
9878,A,1000000,300000,4,43,1,7195,31310,1
9879,A,300000,300000,6,21,0,8046,3340,1
9880,A,600000,300000,4,56,1,22761,34740,1
9881,A,600000,600000,2,37,1,44581,63000,1
9882,A,700000,700000,2,40,1,8204,8910,1
9883,A,600000,300000,7,46,1,41014,13899,1
9884,A,300000,300000,2,26,1,2885,15812,1
9885,A,600000,600000,7,66,1,54474,59491,1
9886,A,600000,600000,3,40,1,0,37416,1
9887,A,600000,600000,2,30,0,35638,43075,1
9888,A,700000,700000,7,27,1,106114,29178,1
9889,A,1000000,1000000,2,37,0,163000,25830,1
9890,A,500000,500000,2,26,1,5487,26820,1
9891,A,700000,700000,2,50,1,9029,30723,1
9892,A,1000000,1000000,2,23,0,6256,14265,1
9893,A,1000000,1000000,2,48,0,259539,3310,1
9894,A,700000,700000,2,28,1,15400,13032,1
9895,A,1000000,1000000,2,28,1,128550,18939,1
9896,A,1000000,1000000,10,29,0,5748,32067,1
9897,A,600000,600000,7,52,0,16825,51480,1
9898,A,500000,500000,3,29,0,84443,41670,1
9899,A,300000,300000,12,33,1,71660,2931,1
9900,A,600000,300000,7,47,1,38587,15840,1
9901,A,1000000,1000000,2,22,1,38532,27981,1
9902,A,700000,700000,2,26,1,1977,9738,1
9903,A,1000000,800000,7,55,1,26220,28116,1
9904,A,600000,600000,2,25,1,84987,32166,1
9905,A,1000000,1000000,2,34,1,57790,12960,1
9906,A,200000,200000,6,20,1,40738,69333,1
9907,A,1000000,1000000,2,50,1,1109,5634,1
9908,A,1200000,900000,2,34,1,29318,83503,1
9909,A,500000,300000,6,23,1,0,13356,1
9910,A,1000000,1000000,7,56,1,46456,8010,1
9911,A,1200000,1200000,2,27,1,74853,42030,1
9912,A,700000,700000,3,26,1,6751,12197,1
9913,A,700000,700000,1,41,0,33230,116688,1
9914,R,500000,500000,2,24,1,21103,7363,1
9915,A,700000,700000,2,52,1,171145,13136,1
9916,A,700000,600000,2,24,1,5159,83250,1
9917,A,500000,300000,7,56,1,173356,179831,1
9918,A,1000000,800000,7,53,1,9047,17941,1
9919,A,600000,600000,2,32,1,3183,128507,1
9920,A,700000,700000,2,29,1,9681,46530,1
9921,A,700000,700000,2,28,1,6270,48501,1
9922,A,700000,700000,1,62,0,24244,110970,1
9923,A,500000,300000,6,21,1,3969,28347,1
9924,A,300000,300000,8,77,0,1188,23633,1
9925,A,600000,600000,2,26,1,94991,83173,1
9926,A,500000,500000,2,24,1,32538,40140,1
9927,A,700000,700000,2,28,1,140543,29132,1
9928,A,600000,600000,10,23,1,40224,24619,1
9929,A,1000000,1000000,2,31,0,53026,10661,1
9930,A,500000,500000,2,24,1,27501,477,1
9931,A,700000,700000,2,23,1,3721,42561,1
9932,A,700000,700000,4,57,1,24019,95756,1
9933,A,700000,700000,2,31,1,143688,14805,1
9934,A,1000000,1000000,2,41,1,106030,17860,1
9935,A,600000,600000,2,24,1,225500,50255,1
9936,A,1000000,300000,4,38,1,7141,228590,1
9937,A,400000,400000,2,37,1,227341,31680,1
9938,A,700000,700000,2,33,1,188074,81150,1
9939,A,600000,300000,4,72,1,73745,62925,1
9940,A,700000,700000,2,52,1,29769,29355,1
9941,A,500000,500000,2,50,1,125432,126810,1
9942,A,1000000,1000000,1,62,1,139787,4283,1
9943,A,600000,300000,11,55,1,242700,244800,1
9944,A,200000,200000,2,38,1,20000,48510,1
9945,A,1000000,1000000,2,53,1,32720,94136,1
9946,A,700000,700000,2,29,1,2436,74865,1
9947,A,600000,600000,5,50,1,6933,158008,1
9948,A,1000000,1000000,2,53,1,0,84398,1
9949,A,1000000,300000,12,55,1,38718,52601,1
9950,A,1000000,1000000,2,25,1,51989,49005,1
9951,A,700000,700000,2,37,1,103199,9909,1
9952,R,700000,700000,2,32,1,294919,71665,1
9953,A,1000000,1000000,4,65,1,106251,44213,1
9954,A,600000,600000,2,33,1,83879,115353,1
9955,A,700000,300000,4,56,1,,71595,1
9956,A,1000000,1000000,2,55,1,62013,86116,1
9957,A,1000000,300000,4,53,1,35690,107437,1
9958,A,1000000,1000000,5,53,0,14630,102111,1
9959,A,600000,600000,2,30,1,12801,21994,1
9960,A,1000000,300000,7,48,1,17604,59481,1
9961,A,1000000,1000000,2,57,1,24997,35316,1
9962,A,600000,600000,2,28,1,22836,10640,1
9963,A,1000000,1000000,2,31,1,268392,6365,1
9964,A,1000000,1000000,2,36,1,60560,37707,1
9965,A,400000,300000,4,45,1,229034,161315,1
9966,A,400000,400000,2,31,1,207660,12870,1
9967,A,500000,500000,2,27,1,188996,50248,1
9968,A,1000000,1000000,2,40,1,48270,8571,1
9969,A,500000,500000,2,47,0,0,136359,1
9970,A,700000,700000,2,30,1,0,13950,1
9971,A,1000000,1000000,2,24,1,138195,29334,1
9972,A,700000,700000,2,44,0,0,24795,1
9973,A,700000,700000,2,44,0,130832,24795,1
9974,A,1000000,1000000,10,59,0,0,16140,1
9975,A,500000,500000,2,38,1,28201,130150,1
9976,A,500000,500000,2,43,1,11077,17883,1
9977,A,500000,500000,2,49,0,0,192459,1
9978,A,1000000,1000000,2,58,1,35867,8541,1
9979,A,700000,700000,2,50,1,147943,7128,1
9980,A,400000,300000,8,77,1,12127,59985,1
9981,A,700000,700000,1,44,1,44621,17204,1
9982,A,1000000,300000,4,46,1,168158,7154,1
9983,A,1000000,1000000,2,33,1,71801,43284,1
9984,A,600000,300000,13,52,1,118622,172940,1
9985,A,200000,200000,7,23,1,37652,17990,1
9986,A,1000000,1000000,2,65,1,594709,25080,1
9987,A,500000,500000,2,29,1,60516,39308,1
9988,A,500000,500000,2,29,1,119871,71497,1
9989,A,200000,200000,2,22,1,193008,60496,1
9990,A,600000,600000,2,35,1,230084,6552,1
9991,A,1000000,1000000,13,62,1,37898,127798,1
9992,A,600000,600000,2,34,1,211890,13401,1
9993,A,600000,600000,2,25,1,56678,16948,1
9994,A,700000,700000,4,53,1,167279,6209,1
9995,A,1000000,300000,7,48,1,0,16720,1
9996,A,600000,600000,2,24,1,4178,719,1
9997,B,200000,200000,2,50,1,229479,1832,1
9998,A,1000000,1000000,2,45,1,22993,81395,1
9999,A,500000,300000,12,44,1,129368,13288,1
10000,A,600000,600000,4,60,1,408722,40771,1
10001,A,700000,300000,11,30,1,66568,90486,1
10002,A,1000000,600000,2,64,1,29337,18816,1
10003,A,200000,200000,2,46,1,254504,52091,1
10004,A,600000,600000,2,29,1,76950,16543,1
10005,A,200000,200000,2,26,1,251675,565,1
10006,A,1000000,1000000,2,49,0,7838,53253,1
10007,A,1000000,1000000,2,41,1,122983,85711,1
10008,A,1000000,1000000,2,59,0,102058,6627,1
10009,A,1000000,1000000,2,45,1,127358,15435,1
10010,A,1000000,300000,5,59,1,130682,19991,1
10011,A,200000,200000,7,24,1,40482,3995,1
10012,B,700000,700000,3,26,1,0,163350,1
10013,A,400000,300000,4,43,1,2360,25830,1
10014,A,500000,500000,2,47,1,72763,28385,1
10015,A,1000000,300000,4,48,1,149002,17915,1
10016,A,1000000,1000000,4,56,1,38121,166665,1
10017,A,500000,500000,1,51,0,32207,114925,1
10018,A,700000,700000,5,51,0,5414,177300,1
10019,A,500000,500000,2,24,1,4180,57330,1
10020,A,500000,300000,6,23,1,11004,10733,1
10021,A,1000000,1000000,3,43,1,1070002,61470,1
10022,A,400000,400000,2,66,1,2200,169290,1
10023,A,700000,700000,1,59,1,9510,185165,1
10024,A,700000,300000,6,23,1,0,5655,1
10025,A,200000,200000,7,24,1,0,1332,1
10026,A,200000,200000,6,22,1,40203,6683,1
10027,A,500000,500000,7,53,1,455922,65520,1
10028,A,500000,500000,2,40,1,84730,70022,1
10029,A,1000000,1000000,2,39,1,11514,104585,1
10030,A,700000,700000,7,51,1,28531,58826,1
10031,A,600000,300000,7,42,1,15122,20625,1
10032,A,1000000,300000,4,89,1,89048,25558,1
10033,A,1000000,300000,7,60,1,24449,5996,1
10034,A,700000,700000,2,33,1,79750,13356,1
10035,A,1000000,600000,2,30,1,66904,1260,1
10036,A,1000000,700000,4,49,1,187864,19384,1
10037,R,200000,200000,13,29,1,114995,18414,1
10038,A,1000000,1000000,1,67,0,5446,30751,1
10039,A,1000000,1000000,2,34,0,836344,54284,1
10040,A,1000000,1000000,2,27,0,17765,63840,1
10041,A,1000000,1000000,2,32,1,21633,49836,1
10042,R,500000,500000,3,28,1,2371,51413,1
10043,A,500000,500000,2,52,1,0,16370,1
10044,A,600000,600000,5,29,0,15431,60480,1
10045,A,600000,600000,2,37,0,7915,40995,1
10046,A,200000,200000,2,27,1,96559,173250,1
10047,A,1000000,1000000,2,37,1,0,116060,1
10048,A,200000,200000,11,23,1,28360,83700,1
10049,A,700000,700000,4,39,1,181881,15381,1
10050,A,500000,300000,7,47,1,60785,1401,1
10051,A,1000000,1000000,2,40,1,29651,11880,1
10052,R,1000000,1000000,3,49,1,39533,18360,1
10053,A,600000,600000,2,34,0,574174,24840,1
10054,A,700000,700000,2,50,1,245600,49183,1
10055,A,700000,700000,13,57,1,57784,43535,1
10056,A,1000000,1000000,7,64,1,13624,1557,1
10057,A,1000000,600000,8,85,0,3159,397395,1
10058,B,1000000,1000000,2,50,1,10658,53460,1
10059,A,1000000,1000000,2,30,1,24839,21491,1
10060,A,700000,700000,2,45,1,85000,33858,1
10061,A,600000,600000,2,31,1,131767,18213,1
10062,A,500000,500000,2,35,0,149295,110642,1
10063,A,1000000,1000000,2,32,1,1980,1650,1
10064,A,700000,700000,2,31,1,40467,21796,1
10065,A,1000000,1000000,2,54,0,574203,161086,1
10066,A,400000,400000,2,37,0,133325,180000,1
10067,A,400000,400000,8,69,1,53797,1575,1
10068,A,600000,600000,3,34,1,163731,65880,1
10069,A,600000,300000,7,57,1,411435,97200,1
10070,A,1000000,1000000,2,26,1,55724,51939,1
10071,A,700000,700000,2,28,0,15000,16830,1
10072,A,600000,600000,2,34,1,16888,72855,1
10073,A,1000000,1000000,4,60,1,0,18110,1
10074,A,1000000,1000000,13,66,1,1672,169391,1
10075,A,600000,600000,2,33,0,10262,24077,1
10076,A,500000,500000,2,25,1,48413,24849,1
10077,A,600000,600000,1,59,0,338620,120780,1
10078,A,1000000,1000000,2,30,0,9254,36101,1
10079,A,700000,700000,2,26,0,172037,96696,1
10080,A,700000,700000,2,48,1,37319,79170,1
10081,A,700000,700000,3,49,1,33075,50145,1
10082,A,1000000,1000000,1,58,0,16606,5269,1
10083,A,700000,700000,2,47,0,213807,176013,1
10084,A,700000,700000,2,28,0,55591,55539,1
10085,A,200000,200000,2,25,0,231256,1287,1
10086,A,700000,700000,2,45,1,210537,30780,1
10087,R,1000000,1000000,3,39,0,1000,41616,1
10088,A,1000000,1000000,2,56,1,16844,65691,1
10089,A,700000,700000,2,28,1,17717,90058,1
10090,A,500000,500000,1,49,0,216556,8163,1
10091,A,700000,700000,2,30,1,39924,39105,1
10092,A,1000000,1000000,2,32,1,0,33024,1
10093,A,1000000,500000,2,33,1,24693,36188,1
10094,A,500000,500000,10,41,0,215740,19890,1
10095,A,600000,600000,2,32,1,59268,1467,1
10096,A,700000,700000,2,58,1,630334,117508,1
10097,A,400000,400000,2,24,0,64308,18819,1
10098,A,500000,500000,2,47,1,38391,11781,1
10099,A,700000,700000,2,35,1,124745,164080,1
10100,A,600000,600000,2,32,1,23352,75420,1
10101,A,600000,600000,2,25,1,0,150966,1
10102,A,600000,600000,2,29,0,15007,41868,1
10103,A,200000,200000,2,48,0,301440,82971,1
10104,A,400000,400000,2,44,1,173954,16062,1
10105,A,1000000,1000000,10,36,0,73819,72321,1
10106,A,1000000,1000000,2,31,0,35740,24840,1
10107,A,700000,700000,1,65,1,93934,40698,1
10108,A,700000,700000,2,62,1,17184,114840,1
10109,A,1000000,1000000,2,33,1,1583,101825,1
10110,A,700000,700000,2,35,0,59832,27810,1
10111,A,1000000,1000000,2,58,0,51740,41713,1
10112,A,1000000,1000000,2,34,1,84127,20005,1
10113,A,1000000,1000000,2,53,0,0,76770,1
10114,A,1000000,1000000,2,44,0,118077,46215,1
10115,A,1000000,1000000,3,35,1,10944,150570,1
10116,A,1000000,300000,4,52,1,9794,40335,1
10117,A,1000000,1000000,7,66,1,15786,900,1
10118,A,600000,300000,4,53,1,10000,94050,1
10119,A,700000,700000,7,56,1,503121,17920,1
10120,A,500000,500000,2,42,0,65276,10845,1
10121,A,700000,700000,2,29,1,49026,70421,1
10122,A,700000,700000,2,36,1,92726,50580,1
10123,A,700000,700000,13,44,1,29683,1584,1
10124,A,600000,600000,2,53,1,47299,55114,1
10125,A,1000000,1000000,4,57,1,338081,22060,1
10126,A,1000000,1000000,2,61,1,65666,15778,1
10127,A,1000000,300000,8,69,1,0,82800,1
10128,A,1000000,1000000,3,62,0,95241,3097,1
10129,A,1000000,1000000,2,31,0,65835,38610,1
10130,A,500000,500000,8,83,1,149942,407970,1
10131,A,1000000,1000000,2,44,1,10000,95220,1
10132,B,1000000,1000000,2,49,1,,25245,1
10133,A,1000000,300000,4,56,1,35165,57312,1
10134,A,300000,300000,2,25,1,205766,16830,1
10135,A,600000,600000,10,25,0,44000,71370,1
10136,A,500000,500000,2,31,1,0,92070,1
10137,A,500000,500000,4,28,1,23271,3159,1
10138,A,600000,600000,5,44,1,8013,87804,1
10139,A,400000,400000,2,26,1,4494,350208,1
10140,A,1000000,1000000,3,39,1,75370,12227,1
10141,A,700000,700000,1,48,1,21000,269024,1
10142,A,600000,600000,2,26,1,45563,82904,1
10143,A,700000,700000,2,36,0,35000,326700,1
10144,A,500000,500000,7,42,1,207731,99312,1
10145,A,1000000,1000000,5,59,1,38808,198146,1
10146,A,1000000,1000000,1,59,0,35437,34760,1
10147,A,700000,700000,3,50,1,112835,630000,1
10148,A,1000000,1000000,2,42,1,30752,33750,1
10149,A,600000,600000,2,56,1,91634,9849,1
10150,A,400000,400000,2,40,1,133276,24580,1
10151,A,700000,700000,2,33,1,50703,41226,1
10152,A,600000,300000,7,44,1,0,24345,1
10153,A,500000,500000,2,40,0,50452,34344,1
10154,A,1000000,300000,4,45,1,981018,56359,1
10155,A,600000,600000,2,34,1,20900,112263,1
10156,A,1000000,1000000,2,33,1,60892,57816,1
10157,A,1000000,300000,2,44,1,134995,89561,1
10158,A,500000,500000,2,27,1,10174,20160,1
10159,A,200000,200000,5,25,0,0,112970,1
10160,A,1000000,1000000,2,33,0,0,67388,1
10161,A,500000,500000,2,30,1,30108,67788,1
10162,A,300000,300000,6,23,1,12490,29672,1
10163,A,200000,200000,6,20,1,9226,28579,1
10164,A,500000,500000,2,36,1,47842,78390,1
10165,B,500000,500000,2,37,1,150519,52579,1
10166,R,500000,500000,2,35,1,56601,141399,1
10167,A,700000,300000,4,59,1,17132,12934,1
10168,A,500000,500000,2,38,0,62800,4446,1
10169,A,1000000,1000000,1,60,0,354948,30195,1
10170,A,400000,400000,2,32,0,96261,59985,1
10171,A,1000000,1000000,2,46,1,0,44120,1
10172,A,700000,700000,7,46,1,254546,0,1
10173,A,700000,700000,2,25,1,109177,3109,1
10174,A,1000000,1000000,3,45,1,4950,24463,1
10175,A,400000,400000,2,26,1,52760,63189,1
10176,A,600000,600000,13,63,1,68062,32583,1
10177,B,200000,200000,5,26,0,0,76399,1
10178,A,500000,500000,2,27,1,29451,2946,1
10179,A,300000,300000,3,24,1,0,93150,1
10180,A,1000000,1000000,2,60,1,54595,99000,1
10181,A,500000,500000,5,43,1,30000,98100,1
10182,A,600000,600000,2,28,1,0,83468,1
10183,A,1000000,1000000,1,46,1,34260,66780,1
10184,A,1000000,1000000,2,41,0,4165,0,1
10185,A,700000,700000,1,67,1,42470,6800,1
10186,A,700000,300000,4,48,1,5330,10413,1
10187,A,1000000,1000000,2,51,0,69822,20880,1
10188,A,700000,700000,3,61,0,377174,37956,1
10189,A,1000000,1000000,1,46,1,221616,183806,1
10190,A,1000000,800000,2,54,1,46282,59076,1
10191,A,1000000,1000000,2,57,1,99584,94950,1
10192,R,400000,400000,1,31,1,250733,67194,1
10193,A,400000,400000,2,39,0,116579,19935,1
10194,A,1000000,300000,7,45,1,13094,168,1
10195,A,300000,300000,6,22,1,45369,14940,1
10196,A,200000,200000,6,20,1,360805,14355,1
10197,A,1000000,1000000,2,42,1,85054,56520,1
10198,A,400000,400000,2,41,0,2841,48381,1
10199,A,1000000,300000,11,60,1,24639,18337,1
10200,A,600000,600000,10,37,0,13358,540000,1
10201,A,1000000,1000000,2,48,0,803362,69065,1
10202,A,500000,500000,1,36,1,333098,450000,1
10203,A,200000,200000,6,21,1,47606,13857,1
10204,A,600000,600000,2,35,1,279491,25474,1
10205,A,1000000,700000,5,57,1,75255,53595,1
10206,A,200000,200000,2,27,0,26740,30304,1
10207,A,1000000,1000000,4,51,1,85690,14684,1
10208,A,500000,500000,2,32,1,97269,50686,1
10209,A,700000,700000,2,32,1,43401,28800,1
10210,A,700000,700000,4,44,1,27423,102602,1
10211,A,1000000,1000000,2,30,0,84671,58545,1
10212,A,1000000,1000000,2,39,1,3458,89100,1
10213,A,1000000,1000000,2,34,1,21824,11910,1
10214,A,1000000,1000000,2,54,1,83664,3465,1
10215,A,1000000,1000000,1,67,0,6086,8982,1
10216,A,200000,200000,6,24,1,0,3645,1
10217,A,700000,700000,2,29,1,193463,10425,1
10218,A,300000,300000,2,24,1,72954,34862,1
10219,A,600000,600000,2,30,1,29449,14850,1
10220,A,1000000,300000,4,68,1,102402,37221,1
10221,A,200000,200000,2,38,0,21879,45981,1
10222,A,700000,700000,2,35,1,76355,57510,1
10223,A,700000,700000,1,42,1,40661,14989,1
10224,A,200000,200000,7,28,1,129880,44263,1
10225,A,400000,400000,7,44,1,220603,43981,1
10226,A,1000000,1000000,10,29,0,120910,44442,1
10227,A,1000000,1000000,2,57,0,16344,21240,1
10228,A,600000,500000,8,80,1,35338,19333,1
10229,A,400000,300000,7,29,1,30021,22727,1
10230,A,700000,200000,6,20,1,33425,112171,1
10231,A,600000,600000,2,36,1,41869,7812,1
10232,A,700000,200000,6,21,1,25768,18099,1
10233,A,1000000,1000000,2,57,0,,13643,1
10234,A,1000000,1000000,2,54,1,84659,40185,1
10235,A,600000,600000,3,24,1,79215,20124,1
10236,A,300000,300000,2,22,0,3219,45429,1
10237,A,300000,300000,7,48,1,434360,84857,1
10238,A,1000000,1000000,2,26,1,21332,17111,1
10239,A,600000,600000,2,41,0,17562,180000,1
10240,A,600000,600000,2,55,0,211699,93150,1
10241,A,700000,700000,2,32,1,0,77468,1
10242,A,600000,600000,2,54,0,37853,2070,1
10243,A,1000000,1000000,2,28,0,45581,8901,1
10244,A,500000,500000,4,49,1,84816,39402,1
10245,A,700000,700000,2,32,0,10616,47700,1
10246,R,1000000,1000000,2,41,0,133954,7461,1
10247,R,200000,200000,2,30,0,34057,73656,1
10248,A,500000,500000,1,59,0,55110,171,1
10249,A,600000,600000,2,24,1,0,47928,1
10250,A,1000000,1000000,2,42,1,243956,151620,1
10251,A,1000000,1000000,2,36,1,25297,6147,1
10252,A,1000000,1000000,3,28,1,5425,29076,1
10253,A,200000,200000,2,28,1,26870,66341,1
10254,A,600000,600000,2,23,0,106895,22860,1
10255,A,700000,700000,3,29,1,236178,36720,1
10256,A,600000,300000,7,55,1,34244,41661,1
10257,A,1200000,1200000,2,29,1,8475,26320,1
10258,A,200000,200000,6,19,1,33580,17820,1
10259,A,700000,700000,2,40,1,32844,34812,1
10260,A,1000000,1000000,2,31,0,21800,15435,1
10261,A,200000,200000,2,25,1,46174,7038,1
10262,A,1100000,1100000,2,25,1,0,24670,1
10263,A,1000000,1000000,2,34,1,7791,3065,1
10264,R,700000,700000,2,29,1,9928,50040,1
10265,A,700000,700000,2,28,1,,43650,1
10266,A,1000000,1000000,2,36,0,0,337227,1
10267,A,1000000,1000000,2,49,1,1990,138294,1
10268,A,500000,500000,2,54,0,14171,5409,1
10269,A,1000000,1000000,2,30,1,21868,441,1
10270,A,600000,600000,2,28,1,15780,113297,1
10271,A,600000,600000,2,27,1,31350,26595,1
10272,A,700000,300000,4,56,1,7933,126,1
10273,A,1000000,1000000,3,41,1,39029,7228,1
10274,A,200000,200000,6,22,1,19460,46144,1
10275,A,600000,300000,6,23,1,62397,15301,1
10276,R,600000,600000,2,24,1,21448,77373,1
10277,A,1000000,1000000,1,66,0,9681,8910,1
10278,A,600000,600000,2,23,0,79782,41195,1
10279,A,1000000,300000,7,63,1,21949,11563,1
10280,A,1000000,300000,4,63,1,124757,16457,1
10281,A,600000,600000,2,24,1,30944,48600,1
10282,A,1000000,300000,4,53,1,42197,11766,1
10283,A,600000,600000,2,32,0,12322,61524,1
10284,A,600000,600000,2,31,0,21000,37512,1
10285,A,600000,600000,2,24,1,,1337,1
10286,A,500000,500000,2,25,1,128294,28288,1
10287,A,1000000,1000000,2,30,1,8318,17794,1
10288,A,700000,700000,2,30,1,93938,73350,1
10289,A,300000,300000,2,23,1,30450,4941,1
10290,A,700000,500000,5,31,1,10000,62661,1
10291,A,1000000,1000000,10,41,1,4327,69534,1
10292,A,700000,700000,2,30,1,0,134145,1
10293,A,1000000,1000000,2,29,1,27693,96120,1
10294,A,400000,400000,2,25,1,155512,30280,1
10295,A,1000000,1000000,2,35,1,51620,30780,1
10296,A,700000,700000,2,30,0,29455,51997,1
10297,A,700000,300000,12,57,1,10370,54665,1
10298,B,700000,700000,2,25,1,18000,27404,1
10299,A,200000,200000,5,65,1,68838,9112,1
10300,A,200000,200000,2,25,1,36575,29033,1
10301,A,700000,700000,2,24,1,184602,62163,1
10302,R,600000,600000,3,24,1,35725,57708,1
10303,B,200000,200000,6,24,1,47054,19656,1
10304,A,700000,700000,2,52,0,79540,25820,1
10305,A,1000000,1000000,2,57,0,46420,27810,0
10306,A,1000000,1000000,2,60,0,10234,72051,0
10307,A,700000,300000,4,71,1,30919,9784,0
10308,B,700000,700000,8,90,0,554,5928,0
10309,A,500000,300000,8,82,1,5064,2231,0
10310,A,1000000,1000000,5,54,1,1484,46263,0
10311,A,700000,300000,4,74,1,125400,86108,0
10312,A,1000000,300000,7,53,1,26962,2394,0
10313,A,1000000,700000,7,64,0,407262,20046,0
10314,A,1000000,1000000,2,44,1,144232,173337,0
10315,A,1000000,300000,5,53,1,96743,46503,0
10316,A,1000000,700000,8,67,1,42961,16643,0
10317,A,600000,300000,7,52,1,55652,6258,0
10318,A,1000000,1000000,2,50,1,46653,27693,0
10319,B,1000000,1000000,7,50,1,3865,64790,0
10320,A,600000,600000,2,48,1,656026,3078,0
10321,A,600000,600000,2,47,1,41080,12331,0
10322,A,1000000,900000,2,54,1,13535,8455,0
10323,A,1000000,1000000,2,47,1,69616,28164,0
10324,A,400000,400000,7,42,1,254057,31873,0
10325,A,1000000,1000000,4,56,1,6322,24045,0
10326,A,700000,700000,4,46,1,34560,54027,0
10327,A,600000,600000,8,89,1,101064,8057,0
10328,A,700000,300000,7,68,1,92850,17034,0
10329,R,1000000,1000000,3,46,1,100059,41481,0
10330,A,600000,600000,1,58,0,5582,190000,0
10331,A,1000000,1000000,8,82,0,11317,16211,0
10332,B,1000000,1000000,1,63,1,48124,71907,0
10333,A,1000000,1000000,2,48,1,14716,2708,0
10334,R,1000000,1000000,2,65,1,94292,106839,0
10335,A,500000,500000,2,44,1,90626,22040,0
10336,A,1000000,1000000,3,51,1,31870,34433,0
10337,A,500000,300000,7,49,1,360462,20951,0
10338,B,700000,700000,8,77,1,9789,5989,0
10339,R,1000000,300000,7,45,1,41942,8183,0
10340,A,1000000,1000000,2,40,1,16515,28111,0
10341,A,1000000,1000000,3,60,0,9119,16855,0
10342,A,500000,500000,2,45,1,13101,23967,0
10343,R,300000,300000,2,69,0,293886,2595,0
10344,R,1000000,1000000,12,57,0,17991,149084,0
10345,A,700000,300000,2,45,1,84723,78166,0
10346,B,1000000,1000000,2,45,0,205496,14572,0
10347,A,600000,600000,4,47,1,29714,423,0
10348,B,1000000,1000000,1,49,1,95920,605920,0
10349,R,700000,700000,2,42,1,93896,27275,0
10350,B,1000000,1000000,4,44,1,52606,110466,0
10351,A,600000,600000,7,47,0,14725,70110,0
10352,A,1000000,1000000,2,46,1,0,16009,0
10353,A,1000000,1000000,2,56,0,136715,126540,0
10354,A,600000,600000,1,64,1,26922,7890,0
10355,B,1000000,1000000,2,42,1,53789,136231,0
10356,A,1000000,1000000,10,40,0,73837,44222,0
10357,A,1000000,300000,2,44,1,4148,52441,0
10358,A,1000000,1000000,10,52,1,80988,74813,0
10359,R,1000000,1000000,1,67,1,0,80674,0
10360,A,1000000,1000000,2,48,0,152100,74290,0
10361,B,1000000,1000000,2,44,1,219264,113710,0
10362,A,1000000,300000,2,41,1,7700,30229,0
10363,A,700000,300000,2,41,1,84392,134501,0
10364,A,1000000,1000000,2,41,1,3895,5943,0
10365,A,600000,600000,5,42,1,11929,14819,0
10366,A,300000,300000,4,64,1,2493,50160,0
10367,A,1000000,1000000,5,55,0,47808,1045,0
10368,A,700000,300000,8,85,1,3705,14704,0
10369,A,600000,600000,8,81,0,46439,8298,0
10370,R,700000,300000,7,58,1,63425,6637,0
10371,A,1000000,1000000,3,41,1,28050,10180,0
10372,A,1000000,1000000,2,40,1,444991,17860,0
10373,A,1000000,1000000,3,47,1,199803,3094,0
10374,A,1000000,1000000,2,37,1,0,78500,0
10375,A,1000000,1000000,2,40,1,44655,10023,0
10376,A,500000,300000,1,81,1,309571,8863,0
10377,A,700000,700000,2,45,1,10582,124355,0
10378,A,1000000,1000000,3,48,1,12521,26210,0
10379,R,600000,600000,2,59,1,44935,97185,0
10380,A,1000000,1000000,2,62,1,774,12061,0
10381,A,1000000,1000000,7,35,1,72853,24429,0
10382,B,1000000,1000000,2,37,1,91300,23513,0
10383,A,1000000,1000000,3,38,1,1898,5130,0
10384,A,1000000,300000,7,56,1,93984,12251,0
10385,R,1000000,1000000,2,45,0,13114,34067,0
10386,R,1000000,1000000,2,55,0,113945,47142,0
10387,A,700000,700000,2,36,0,6668,190000,0
10388,A,1000000,1000000,4,71,1,3302,15099,0
10389,A,1000000,1000000,1,93,0,5338,2570,0
10390,B,1000000,1000000,2,68,1,15343,10346,0
10391,A,700000,700000,5,58,0,0,37316,0
10392,A,1000000,1000000,2,42,0,61420,81605,0
10393,B,500000,500000,10,47,1,68704,47025,0
10394,A,600000,600000,2,63,1,14212,64335,0
10395,B,1000000,1000000,4,64,1,14107,4436,0
10396,B,1000000,1000000,2,57,1,205076,82756,0
10397,A,600000,600000,2,41,1,0,106590,0
10398,A,1000000,1000000,2,52,1,6945,1867,0
10399,A,1000000,1000000,12,61,1,16879,21530,0
10400,A,1000000,1000000,2,33,1,0,1885,0
10401,A,1000000,1000000,5,79,1,1416,89505,0
10402,A,1000000,1000000,7,50,1,45805,50664,0
10403,A,1000000,300000,4,61,1,3700,74290,0
10404,A,1000000,300000,7,42,1,6228,28215,0
10405,A,1000000,1000000,1,70,1,0,9368,0
10406,A,1000000,1000000,2,55,1,62810,66567,0
10407,A,400000,400000,2,34,1,45306,8586,0
10408,A,600000,600000,2,33,1,54195,33056,0
10409,A,400000,400000,4,57,1,435767,15108,0
10410,A,600000,600000,2,45,1,103398,16830,0
10411,A,700000,700000,2,43,1,36198,21841,0
10412,A,600000,600000,8,79,0,101866,23204,0
10413,A,500000,500000,7,72,1,11913,14725,0
10414,R,1000000,1000000,2,28,1,0,57475,0
10415,A,1100000,1100000,2,28,0,166175,47459,0
10416,A,600000,600000,2,41,1,0,29355,0
10417,A,1000000,1000000,3,39,1,33625,29821,0
10418,A,700000,300000,4,61,1,989,55480,0
10419,B,1000000,1000000,2,33,1,82672,31873,0
10420,A,1000000,300000,4,50,1,36414,92990,0
10421,B,1000000,1000000,2,43,1,2495,55908,0
10422,A,1000000,1000000,2,45,1,99556,54350,0
10423,A,700000,700000,2,36,1,14683,172986,0
10424,A,500000,500000,5,57,1,109069,30699,0
10425,B,600000,600000,1,62,0,8950,32214,0
10426,R,700000,700000,2,35,1,44616,35530,0
10427,R,1000000,1000000,2,41,1,72861,100320,0
10428,A,1000000,300000,4,73,1,17973,15380,0
10429,A,600000,300000,7,66,1,49302,360,0
10430,A,700000,700000,2,33,1,5434,24393,0
10431,A,1000000,1000000,2,52,1,2708,56430,0
10432,B,500000,500000,1,43,1,0,353125,0
10433,A,600000,300000,8,72,1,26008,29001,0
10434,A,600000,600000,2,38,1,12519,74290,0
10435,A,1000000,300000,4,74,1,3000,384,0
10436,A,700000,700000,12,65,0,9726,9785,0
10437,A,1000000,1000000,2,41,1,813311,10574,0
10438,A,1000000,1000000,2,58,0,22900,166982,0
10439,B,1000000,800000,8,67,1,1881,19992,0
10440,A,700000,700000,2,35,0,259595,149380,0
10441,R,1000000,1000000,2,34,1,30000,140994,0
10442,A,1000000,1000000,2,55,1,82836,15618,0
10443,A,600000,600000,2,28,1,58648,1078,0
10444,A,700000,700000,4,55,1,70440,40592,0
10445,A,1000000,800000,7,57,1,93364,14986,0
10446,A,600000,300000,4,77,1,24540,8633,0
10447,R,1000000,1000000,2,47,1,4599,6818,0
10448,A,1000000,1000000,2,33,1,62622,22877,0
10449,A,1000000,1000000,4,36,1,8571,6223,0
10450,A,1000000,1000000,1,70,1,559962,34374,0
10451,R,600000,600000,2,51,1,21790,0,0
10452,A,500000,500000,2,41,0,127634,161370,0
10453,A,700000,700000,3,35,1,0,2844,0
10454,R,1000000,300000,7,47,1,75937,19827,0
10455,A,500000,500000,12,40,1,100845,18201,0
10456,A,1000000,1000000,2,55,1,94622,21772,0
10457,A,1000000,300000,4,40,1,41195,64672,0
10458,A,1000000,1000000,3,52,1,32678,15666,0
10459,A,1000000,300000,8,67,1,0,126111,0
10460,A,200000,200000,7,29,1,177273,45988,0
10461,B,700000,300000,7,55,1,0,306134,0
10462,A,1000000,1000000,7,65,1,20614,190000,0
10463,A,200000,200000,2,29,1,74412,24026,0
10464,A,600000,600000,2,31,1,12781,154660,0
10465,A,1000000,1000000,2,31,0,63954,16188,0
10466,A,700000,700000,3,44,1,0,26220,0
10467,A,1000000,1000000,2,53,1,1173,28774,0
10468,A,1000000,1000000,2,70,1,4099,73197,0
10469,R,700000,700000,2,31,0,6992,177223,0
10470,A,1000000,1000000,2,34,1,40243,18374,0
10471,A,1000000,300000,12,63,1,126685,20378,0
10472,A,700000,700000,2,47,1,185017,24121,0
10473,A,500000,500000,8,83,0,13064,10846,0
10474,A,1000000,1000000,4,53,1,2090,56544,0
10475,A,1000000,1000000,2,32,1,24254,4262,0
10476,A,1000000,800000,3,31,1,18000,84880,0
10477,R,1000000,1000000,2,35,0,6156,39710,0
10478,A,700000,700000,1,47,1,35145,178790,0
10479,A,1000000,1000000,3,33,0,1843,88056,0
10480,A,700000,700000,2,27,1,37780,43303,0
10481,R,600000,600000,2,40,1,3867,109725,0
10482,A,600000,600000,2,27,1,7000,38665,0
10483,A,600000,300000,4,66,1,37818,3058,0
10484,A,1000000,1000000,2,34,1,0,52616,0
10485,A,600000,600000,2,27,1,1881,58437,0
10486,A,700000,700000,2,29,1,28461,18915,0
10487,A,600000,600000,2,32,1,2538,328999,0
10488,A,1000000,1000000,7,30,1,2285,18025,0
10489,A,1000000,1000000,2,29,1,98387,18165,0
10490,A,1000000,1000000,2,59,1,91967,941,0
10491,A,600000,600000,10,39,0,584852,29224,0
10492,A,1000000,500000,2,31,1,0,22582,0
10493,A,600000,600000,2,33,1,68353,24521,0
10494,A,600000,600000,2,30,1,21946,23560,0
10495,R,400000,400000,2,30,1,30804,25415,0
10496,A,1000000,1000000,2,52,1,14817,60364,0
10497,A,700000,700000,5,53,0,85398,13363,0
10498,R,500000,500000,2,26,1,101264,10546,0
10499,A,1000000,1000000,2,37,1,9288,58091,0
10500,A,600000,300000,6,22,1,0,79145,0
10501,A,700000,700000,3,28,1,6396,11100,0
10502,A,600000,600000,2,23,1,21571,12067,0
10503,A,600000,600000,2,27,1,41298,3824,0
10504,A,400000,400000,13,62,0,287223,5999,0
10505,B,1000000,1000000,8,74,0,5504,2603,0
10506,A,1000000,300000,8,78,1,19808,14443,0
10507,R,700000,300000,7,38,1,22241,27943,0
10508,R,700000,700000,2,28,1,8801,80782,0
10509,A,1000000,1000000,4,61,0,5127,242440,0
10510,R,600000,600000,5,39,1,103617,86948,0
10511,A,600000,600000,2,26,1,11472,27911,0
10512,A,700000,700000,3,26,1,24754,36223,0
10513,B,1000000,1000000,2,30,1,113578,49742,0
10514,A,1500000,1500000,2,32,1,58176,40544,0
10515,A,200000,200000,2,25,1,92884,57551,0
10516,A,600000,400000,2,26,0,143867,8550,0
10517,A,700000,700000,2,27,1,21229,3791,0
10518,R,1000000,300000,11,63,1,11765,11098,0
10519,A,1000000,1000000,4,38,1,8875,34276,0
10520,A,700000,700000,10,33,1,6206,190000,0
10521,A,500000,500000,2,26,1,10692,19468,0
10522,A,1000000,1000000,2,55,1,129236,61110,0
10523,A,1000000,1000000,2,59,0,40166,36575,0
10524,A,1000000,300000,4,73,1,1891,1891,0
10525,R,1000000,1000000,2,59,1,50235,540,0
10526,A,1000000,1000000,2,54,1,92877,797,0
10527,A,200000,200000,7,22,1,215917,0,0
10528,B,700000,700000,8,85,1,31187,9203,0
10529,A,600000,600000,3,38,0,0,1254,0
10530,B,500000,300000,6,23,1,151331,33556,0
10531,A,1000000,1000000,2,57,0,82459,0,0
10532,A,500000,300000,8,82,1,16908,4464,0
10533,A,1000000,300000,8,79,0,1468,4121,0
10534,A,700000,700000,2,38,1,134874,2299,0
10535,A,600000,600000,7,59,1,34400,58545,0
10536,A,1000000,1000000,2,56,1,103099,106920,0
10537,A,1000000,300000,4,68,1,96164,1393,0
10538,A,400000,300000,8,93,1,230434,2754,0
10539,A,700000,700000,2,44,1,13453,26847,0
10540,A,700000,700000,2,65,1,0,8883,0
10541,R,600000,600000,2,62,0,21757,14106,0
10542,A,500000,500000,8,86,0,351497,61201,0
10543,A,1000000,900000,7,72,0,81128,11729,0
10544,A,500000,500000,2,24,1,183210,1226,0
10545,A,1000000,1000000,2,53,0,110760,0,0
10546,A,500000,500000,1,47,1,32082,17034,0
10547,A,700000,700000,7,66,1,161408,3929,0
10548,A,700000,700000,8,80,0,0,2442,0
10549,A,700000,700000,8,80,0,702996,2442,0
10550,A,1000000,500000,2,54,1,27513,15470,0
10551,A,400000,400000,4,82,1,34613,50761,0
10552,R,500000,300000,4,41,1,167767,11672,0
10553,A,600000,600000,5,65,1,138499,7289,0
10554,A,600000,600000,2,24,1,97782,7808,0
10555,A,700000,300000,4,73,1,94972,12258,0
10556,A,600000,300000,6,23,1,35214,9932,0
10557,A,700000,300000,2,49,1,11156,8494,0
10558,A,600000,600000,2,28,1,93447,33535,0
10559,A,400000,400000,2,30,0,65996,24528,0
10560,A,600000,300000,6,22,1,3235,1466,0
10561,A,700000,700000,3,26,1,59754,23793,0
10562,A,700000,300000,5,39,1,875,14266,0
10563,A,700000,300000,7,58,1,18557,23602,0
10564,A,600000,300000,7,59,1,29023,11287,0
10565,A,1000000,1000000,3,52,1,167028,12627,0
10566,R,600000,600000,2,39,1,41730,59043,0
10567,R,500000,500000,7,43,1,62182,40630,0
10568,A,400000,400000,2,25,1,21020,3515,0
10569,A,700000,700000,2,52,0,12503,24767,0
10570,R,400000,400000,2,27,1,7159,14103,0
10571,R,200000,200000,2,24,1,13464,15675,0
10572,A,1000000,300000,4,73,1,18838,3574,0
10573,A,1000000,300000,4,70,1,39688,25400,0
10574,A,1000000,300000,4,70,1,0,25400,0
10575,R,1000000,1000000,5,71,1,12874,8399,0
10576,A,500000,500000,2,36,1,223550,26359,0
10577,A,500000,500000,8,77,1,174237,40793,0
10578,A,700000,700000,2,59,1,54268,7741,0
10579,R,700000,700000,12,26,1,125029,2660,0
10580,A,500000,300000,8,88,1,439,2791,0
10581,A,600000,600000,2,26,1,0,0,0
10582,A,600000,600000,7,51,1,198473,5090,0
10583,A,1000000,1000000,2,27,1,108426,78470,0
10584,A,1000000,1000000,2,47,1,0,63840,0
10585,A,1000000,1000000,2,49,1,0,190000,0
10586,A,300000,300000,7,36,1,5970,29737,0
10587,A,600000,600000,2,26,1,27450,144305,0
10588,A,400000,300000,7,42,1,144506,27265,0
10589,A,1000000,1000000,2,36,1,96428,98976,0
10590,A,1000000,300000,7,59,1,0,40624,0
10591,A,1000000,1000000,2,35,1,70538,170074,0
10592,B,1000000,1000000,2,28,1,0,20900,0
10593,R,1000000,1000000,2,57,1,0,190000,0
10594,A,200000,200000,5,34,0,116589,103978,0
10595,B,1000000,1000000,2,49,1,0,124929,0
10596,A,700000,700000,2,39,1,0,81040,0
10597,A,1000000,300000,7,59,1,146050,71630,0
10598,A,1000000,1000000,7,42,1,34814,44935,0
10599,B,1000000,300000,11,34,1,452193,61431,0
10600,A,600000,600000,5,49,1,17993,49780,0
10601,B,300000,300000,8,72,1,800,11399,0
10602,B,600000,600000,2,47,1,72757,91124,0
10603,R,600000,600000,2,35,1,519923,152552,0
10604,R,500000,500000,2,50,1,187474,89870,0
10605,B,600000,600000,2,31,1,58127,14725,0
10606,A,500000,500000,2,27,0,35000,72105,0
10607,A,1000000,1000000,1,53,0,148707,17881,0
10608,A,1000000,1000000,2,46,1,69950,196424,0
10609,A,700000,700000,2,32,0,8309,15770,0
10610,A,700000,700000,2,37,1,67247,360000,0
10611,A,1000000,1000000,2,36,1,26665,21109,0
10612,A,1000000,1000000,2,31,0,21890,188100,0
10613,A,700000,700000,3,27,1,81363,166039,0
10614,A,1000000,1000000,10,31,0,19340,20792,0
10615,A,1000000,1000000,2,40,1,29335,59660,0
10616,A,1000000,1000000,2,39,1,12365,195432,0
10617,A,700000,700000,2,31,1,35025,186200,0
10618,A,200000,200000,2,25,0,110939,17426,0
10619,R,500000,500000,2,44,0,6156,219450,0
10620,A,1000000,1000000,3,32,1,561281,108997,0
10621,R,700000,700000,2,36,0,20820,168435,0
10622,A,700000,700000,3,49,0,20900,56430,0
10623,A,700000,700000,2,43,1,1550,151525,0
10624,A,500000,500000,2,27,0,84429,91960,0
10625,R,1000000,1000000,2,39,0,124220,50160,0
10626,A,1000000,900000,2,52,1,17733,24130,0
10627,R,1000000,1000000,1,50,0,0,153615,0
10628,A,1000000,300000,4,64,1,99847,23095,0
10629,B,300000,300000,6,22,0,308730,67737,0
10630,A,1000000,1000000,2,44,1,0,12018,0
10631,R,1000000,1000000,2,60,1,50223,24871,0
10632,A,600000,600000,2,26,0,59821,88825,0
10633,R,600000,600000,2,48,1,302037,15675,0
10634,A,700000,700000,2,33,0,72410,371165,0
10635,A,1000000,1000000,2,27,1,6041,5225,0
10636,A,600000,600000,2,37,1,6152,50787,0
10637,A,1000000,1000000,2,38,1,6927,67852,0
10638,A,500000,300000,7,53,1,16234,99845,0
10639,A,1000000,300000,3,64,1,29907,16510,0
10640,R,600000,600000,2,32,0,14738,35255,0
10641,B,500000,300000,6,25,1,83556,104561,0
10642,R,700000,700000,2,53,1,524,43890,0
10643,A,700000,300000,6,25,1,6491,5957,0
10644,B,700000,300000,4,55,1,20038,1411,0
10645,A,600000,600000,2,63,1,12490,18430,0
10646,A,1000000,300000,11,70,1,1683,8529,0
10647,R,1000000,1000000,2,38,0,130325,21746,0
10648,A,1000000,1000000,2,46,0,66158,3791,0
10649,R,1000000,1000000,3,39,1,55440,158212,0
10650,A,700000,700000,2,34,0,13299,75794,0
10651,A,700000,700000,2,27,1,81293,49106,0
10652,B,1000000,1000000,2,57,1,55962,52668,0
10653,A,1000000,1000000,2,29,1,6555,30305,0
10654,A,1000000,1000000,2,56,0,32560,58029,0
10655,A,1000000,1000000,2,31,1,57801,20049,0
10656,R,700000,700000,3,38,1,44547,49011,0
10657,A,700000,700000,2,54,1,14767,32262,0
10658,A,1000000,1000000,2,32,1,4168,31863,0
10659,R,300000,300000,2,27,1,180174,42574,0
10660,A,600000,600000,2,53,0,63948,28080,0
10661,A,600000,600000,2,28,1,7988,71973,0
10662,R,200000,200000,7,75,1,11376,25390,0
10663,A,500000,300000,7,35,1,4530,7051,0
10664,A,600000,600000,2,29,1,133130,39074,0
10665,A,600000,600000,5,51,1,35856,39938,0
10666,A,700000,700000,3,30,1,15589,36481,0
10667,A,500000,500000,3,24,1,166870,24152,0
10668,A,600000,600000,2,49,1,5887,1235,0
10669,A,1000000,1000000,3,27,0,164898,37715,0
10670,A,600000,600000,3,24,1,48120,7315,0
10671,A,1000000,500000,3,23,1,72375,14421,0
10672,A,700000,700000,12,50,1,208230,21518,0
10673,A,600000,600000,1,37,1,129581,75910,0
10674,A,600000,600000,2,48,0,181552,19417,0
10675,A,500000,500000,2,27,1,58057,17043,0
10676,A,600000,300000,2,40,1,15561,12455,0
10677,A,600000,600000,2,48,0,39860,20995,0
10678,A,500000,300000,6,25,1,2926,23551,0
10679,A,500000,400000,7,22,1,546023,24552,0
10680,A,1000000,1000000,1,55,0,23189,7999,0
10681,A,500000,500000,3,26,1,37610,4142,0
10682,A,200000,200000,12,25,1,45746,37715,0
10683,A,1000000,1000000,2,54,1,36790,46075,0
10684,A,1000000,1000000,2,39,1,0,54331,0
10685,R,700000,700000,2,50,1,39011,3306,0
10686,A,600000,400000,3,23,1,58055,30883,0
10687,A,500000,500000,3,25,1,124830,21727,0
10688,A,500000,500000,2,36,0,44695,155719,0
10689,A,600000,600000,2,22,1,59148,8403,0
10690,A,600000,600000,2,32,1,34900,103535,0
10691,A,200000,200000,6,21,1,12009,26036,0
10692,A,1000000,1000000,2,29,1,10855,12290,0
10693,B,200000,200000,2,24,1,16980,49806,0
10694,A,400000,400000,2,26,1,7865,22135,0
10695,A,700000,700000,2,28,1,185636,21527,0
10696,A,200000,200000,6,20,1,4703,20276,0
10697,A,700000,700000,2,25,1,18198,37355,0
10698,A,300000,300000,1,68,1,15153,105272,0
10699,A,500000,300000,6,22,1,45552,17297,0
10700,A,600000,600000,2,30,1,0,81911,0
10701,A,400000,400000,2,24,1,45465,37493,0
10702,A,1000000,1000000,7,61,1,68224,2185,0
10703,A,600000,300000,6,22,1,6473,9104,0
10704,B,200000,200000,2,24,1,150647,5570,0
10705,A,200000,200000,6,20,1,33174,10211,0
10706,A,600000,300000,5,28,1,101912,31236,0
10707,A,600000,600000,2,26,1,61952,29070,0
10708,A,1000000,300000,12,71,1,,15930,0
10709,A,200000,200000,6,21,1,73266,27804,0
10710,A,600000,300000,11,30,1,113352,20900,0
10711,A,200000,200000,7,34,1,205550,18162,0
10712,A,500000,500000,11,30,1,16692,26252,0
10713,A,1000000,1000000,2,65,0,25250,303,0
10714,A,700000,700000,2,25,1,4755,11011,0
10715,A,600000,600000,3,28,1,15048,17870,0
10716,A,700000,700000,3,26,1,3878,19114,0
10717,A,200000,200000,2,23,1,17270,7040,0
10718,R,600000,600000,2,24,1,0,148756,0
10719,A,1000000,1000000,3,51,1,39399,55955,0
10720,A,600000,600000,2,24,1,37831,21835,0
10721,A,1000000,500000,7,63,1,6635,11953,0
10722,A,1000000,1000000,2,26,0,30349,17860,0
10723,A,600000,600000,2,27,1,15400,97217,0
10724,A,700000,700000,2,23,0,73980,36670,0
10725,A,600000,600000,13,36,1,20032,54482,0
10726,A,600000,600000,2,31,1,17087,102370,0
10727,R,700000,700000,2,24,1,45980,38665,0
10728,A,600000,300000,5,35,1,506572,157590,0
10729,A,200000,200000,6,20,1,66082,14098,0
10730,A,700000,700000,2,30,1,25000,54435,0
10731,A,200000,200000,2,26,1,26402,90982,0
10732,A,400000,300000,6,21,1,14275,5216,0
10733,A,400000,400000,2,31,1,106067,80280,0
10734,A,200000,200000,2,25,1,24736,15930,0
10735,A,700000,700000,2,27,1,112282,32300,0
10736,R,1000000,1000000,2,26,1,34522,66868,0
10737,A,200000,200000,2,23,1,16700,12384,0
10738,A,600000,600000,5,38,1,86421,2242,0
10739,A,1000000,1000000,2,29,1,6270,38732,0
10740,A,400000,400000,2,28,0,36708,80076,0
10741,A,600000,300000,6,23,1,122563,24209,0
10742,A,500000,500000,7,25,1,0,3021,0
10743,A,400000,400000,4,36,1,108121,100980,0
10744,A,700000,700000,2,30,1,31073,33013,0
10745,A,200000,200000,6,25,1,18469,81637,0
10746,A,200000,200000,6,22,1,23395,5862,0
10747,A,200000,200000,12,24,1,218234,27864,0
10748,R,700000,300000,6,28,1,113722,4256,0
10749,A,1000000,1000000,5,50,1,0,50265,0
10750,A,500000,500000,2,25,0,92130,58207,0
10751,B,700000,700000,2,29,1,285,51258,0
10752,A,1000000,1000000,2,30,1,30039,9177,0
10753,R,1000000,1000000,2,28,1,30576,103455,0
10754,A,700000,300000,2,24,1,84081,16806,0
10755,A,500000,400000,7,25,1,8411,40233,0
10756,A,400000,400000,2,29,1,219890,22886,0
10757,B,400000,400000,5,41,1,10000,73150,0
10758,A,700000,700000,2,53,1,0,62105,0
10759,R,1000000,1000000,2,28,1,46634,50160,0
10760,A,1000000,300000,7,45,1,191764,88825,0
10761,R,700000,700000,2,27,1,324926,41905,0
10762,B,300000,300000,2,25,1,39105,22855,0
10763,R,200000,200000,2,38,1,92850,10973,0
10764,B,700000,700000,2,23,1,96286,16093,0
10765,R,600000,600000,2,25,1,2822,38665,0
10766,A,500000,500000,2,27,1,9900,48931,0
10767,A,1000000,1000000,2,45,1,650187,55833,0
10768,B,600000,600000,2,25,1,29887,86735,0
10769,A,1000000,1000000,2,39,1,45980,109759,0
10770,A,1000000,1000000,2,63,1,4319,81836,0
10771,A,200000,200000,6,24,1,121544,5900,0
10772,A,600000,600000,2,24,1,28458,3240,0
10773,B,500000,300000,4,33,1,51618,131670,0
10774,B,1000000,1000000,2,27,1,12468,12950,0
10775,R,500000,500000,2,26,1,10033,38760,0
10776,A,1000000,1000000,2,33,1,1330,26648,0
10777,A,500000,300000,6,23,1,26230,76285,0
10778,R,700000,700000,2,55,1,199145,34736,0
10779,B,1000000,500000,2,57,1,654176,15764,0
10780,B,700000,700000,2,26,1,665,62700,0
10781,R,700000,700000,2,30,1,2442,32918,0
10782,A,600000,600000,2,24,1,160785,1311,0
10783,R,300000,300000,2,21,1,13493,45520,0
10784,A,500000,500000,8,67,0,27170,125400,0
10785,A,1000000,1000000,2,45,0,58984,51855,0
10786,A,700000,700000,3,35,1,66805,20210,0
10787,A,600000,300000,7,23,1,47960,22354,0
10788,A,500000,500000,2,23,1,42465,24833,0
10789,A,600000,600000,2,27,1,49860,52023,0
10790,A,700000,300000,5,44,1,15654,6097,0
10791,A,700000,700000,2,45,1,19259,35939,0
10792,A,200000,200000,6,20,1,207002,11585,0
10793,A,600000,600000,3,24,1,436408,39330,0
10794,A,700000,700000,2,49,0,11508,26220,0
10795,A,500000,500000,2,44,1,15603,52346,0
10796,A,400000,300000,6,20,1,181263,41177,0
10797,R,600000,600000,3,26,0,305365,38665,0
10798,A,700000,700000,2,27,1,28290,24695,0
10799,A,1000000,1000000,2,51,1,231953,186800,0
10800,A,400000,400000,2,23,1,22848,54853,0
10801,A,1000000,1000000,3,32,0,77330,86830,0
10802,A,1000000,1000000,2,31,1,41813,14720,0
10803,A,700000,700000,2,32,1,2869,15666,0
10804,A,700000,700000,2,26,1,36566,36670,0
10805,A,1000000,1000000,4,83,1,3990,8579,0
10806,A,1000000,800000,2,48,1,180656,106780,0
10807,A,500000,300000,6,22,1,31229,19874,0
10808,B,200000,200000,2,41,1,140262,67859,0
10809,A,1000000,1000000,7,76,1,7156,4180,0
10810,A,400000,400000,2,31,1,187592,31445,0
10811,A,700000,700000,12,52,1,53454,0,0
10812,A,200000,200000,6,20,1,29789,22836,0
10813,A,200000,200000,6,19,0,16255,16189,0
10814,A,200000,200000,6,20,1,38693,12369,0
10815,A,600000,600000,12,25,1,36509,9810,0
10816,A,1000000,300000,13,57,1,83700,40945,0
10817,A,500000,500000,2,28,1,150337,27248,0
10818,A,300000,300000,13,26,1,16825,41895,0
10819,A,600000,300000,4,48,1,0,51205,0
10820,A,1000000,1000000,2,46,1,199375,64384,0
10821,A,600000,600000,2,25,1,47155,23562,0
10822,A,600000,600000,2,24,1,37588,4891,0
10823,A,200000,200000,11,20,1,12343,39321,0
10824,A,500000,300000,6,23,1,16941,11310,0
10825,A,200000,200000,2,38,1,50285,13184,0
10826,A,1000000,1000000,2,54,1,2717,20453,0
10827,A,400000,400000,2,29,1,21162,26743,0
10828,A,200000,200000,2,24,1,24180,46709,0
10829,A,1000000,1000000,2,37,1,0,68020,0
10830,A,200000,200000,6,21,1,17034,34077,0
10831,A,1000000,300000,7,66,1,1098,12217,0
10832,A,700000,700000,2,25,1,485454,33822,0
10833,A,600000,600000,2,51,1,64189,6888,0
10834,A,1000000,1000000,2,31,1,22080,11839,0
10835,A,1000000,1000000,2,34,1,0,26325,0
10836,A,600000,600000,3,24,1,63920,11543,0
10837,A,500000,300000,6,21,1,168568,15414,0
10838,A,200000,200000,7,26,1,37029,79835,0
10839,A,1000000,1000000,2,48,1,12213,19950,0
10840,A,600000,300000,7,51,1,12298,53694,0
10841,A,700000,700000,2,30,1,465575,33983,0
10842,A,600000,600000,2,25,1,22171,10478,0
10843,A,500000,500000,2,40,1,574217,3867,0
10844,A,1000000,300000,2,54,1,8743,34013,0
10845,A,500000,300000,6,23,1,147916,48793,0
10846,A,1000000,1000000,2,37,1,20006,87615,0
10847,A,500000,300000,6,23,1,6716,239,0
10848,A,700000,700000,5,29,1,58473,63862,0
10849,A,300000,300000,6,20,0,48288,5665,0
10850,A,400000,300000,6,22,1,129485,8674,0
10851,A,300000,300000,6,21,1,880,24444,0
10852,B,400000,400000,3,28,1,40843,31559,0
10853,A,400000,300000,6,20,1,170049,169186,0
10854,R,300000,200000,2,29,1,40156,10355,0
10855,A,700000,700000,12,56,1,38753,14555,0
10856,R,200000,200000,2,37,1,85338,23513,0
10857,B,1000000,1000000,2,55,1,45581,15039,0
10858,A,1000000,1000000,3,50,1,160210,7733,0
10859,B,200000,200000,6,20,0,110953,28681,0
10860,B,700000,300000,5,52,1,27586,82932,0
10861,A,700000,300000,4,51,1,179509,160408,0
10862,R,500000,500000,7,30,1,34058,20805,0
10863,A,1000000,1000000,2,29,1,0,31924,0
10864,B,700000,700000,2,29,0,49337,2953,0
10865,R,200000,200000,6,20,0,0,54027,0
10866,A,300000,300000,3,23,1,20093,24251,0
10867,R,200000,200000,6,23,0,202039,7524,0
10868,R,1000000,1000000,1,46,1,42257,5769,0
10869,A,600000,300000,6,25,0,23813,23952,0
10870,R,400000,400000,2,25,1,50301,49780,0
10871,R,1000000,1000000,2,33,1,4203,12323,0
10872,A,200000,200000,6,19,1,28832,18525,0
10873,A,700000,700000,4,52,1,97280,190000,0
10874,B,1000000,1000000,3,38,1,51670,42646,0
10875,R,500000,500000,2,27,1,2827,11201,0
10876,A,700000,300000,13,61,1,34485,32823,0
10877,A,400000,400000,2,25,1,8883,28054,0
10878,R,700000,700000,2,29,0,62021,1463,0
10879,A,1000000,1000000,2,50,1,201391,9500,0
10880,A,700000,300000,8,69,1,17805,10440,0
10881,R,700000,300000,4,49,1,0,20774,0
10882,A,1000000,1000000,3,71,0,9851,9510,0
10883,R,700000,300000,8,68,1,5921,37620,0
10884,A,600000,600000,8,97,0,33926,3807,0
10885,R,1000000,1000000,2,56,1,4458,32500,0
10886,A,700000,700000,2,49,1,65533,38000,0
10887,B,700000,700000,2,64,1,76685,12873,0
10888,R,600000,600000,4,47,1,19652,0,0
10889,A,1000000,1000000,8,69,0,203118,8679,0
10890,A,700000,700000,12,47,1,32154,31350,0
10891,A,700000,300000,4,78,1,7167,77216,0
10892,R,1000000,800000,2,57,1,186393,0,0
10893,B,600000,600000,8,71,1,3914,3316,0
10894,A,1000000,1000000,8,86,0,49850,36129,0
10895,A,500000,500000,2,24,1,4230,5605,0
10896,A,1000000,1000000,2,27,1,10792,32146,0
10897,A,400000,400000,2,24,1,83296,7891,0
10898,A,700000,700000,2,26,1,0,23085,0
10899,A,400000,400000,2,27,1,43663,30165,0
10900,R,600000,600000,2,28,0,14399,13680,0
10901,A,400000,300000,6,22,1,140347,33454,0
10902,A,1000000,300000,3,26,1,61982,25196,0
10903,A,700000,700000,2,30,1,109200,44533,0
10904,A,600000,300000,6,24,1,104739,2051,0
10905,A,200000,200000,6,21,1,0,4589,0
10906,A,600000,600000,2,24,1,3096,76342,0
10907,A,1000000,300000,7,53,1,21727,31920,0
10908,A,1000000,500000,4,59,1,0,33859,0
10909,A,700000,700000,2,29,1,29895,32438,0
10910,R,600000,600000,2,28,1,75573,20837,0
10911,A,200000,200000,2,25,1,407,58157,0
10912,A,600000,600000,2,32,1,335434,17495,0
10913,A,600000,600000,2,31,1,27669,29146,0
10914,A,1000000,1000000,2,41,1,87495,66568,0
10915,A,500000,300000,6,20,1,9424,15118,0
10916,A,1000000,1000000,2,62,1,17184,10574,0
10917,A,500000,500000,2,31,1,0,17908,0
10918,A,200000,200000,6,22,1,142379,44219,0
10919,A,700000,300000,6,25,1,,43204,0
10920,A,500000,500000,2,26,1,33859,34502,0
10921,A,500000,500000,2,26,1,0,11277,0
10922,A,1000000,1000000,4,52,1,14310,48165,0
10923,A,600000,600000,2,27,1,3658,19998,0
10924,A,1000000,300000,7,33,1,1861,10336,0
10925,A,1000000,1000000,2,30,1,66827,1881,0
10926,A,600000,300000,6,20,1,0,37519,0
10927,A,200000,200000,6,19,1,19800,1777,0
10928,A,1000000,500000,2,50,1,139670,140542,0
10929,A,1000000,1000000,2,34,1,12556,1230,0
10930,A,500000,500000,2,25,1,26887,17547,0
10931,A,200000,200000,2,23,1,54512,4703,0
10932,R,200000,200000,2,23,1,8890,26461,0
10933,A,300000,300000,2,27,1,51368,21043,0
10934,A,1000000,1000000,2,28,1,278620,20957,0
10935,A,1000000,1000000,3,24,1,18013,19314,0
10936,A,500000,500000,3,23,1,274405,54343,0
10937,A,600000,600000,3,27,1,106137,56012,0
10938,A,700000,700000,2,28,1,3911,50179,0
10939,A,600000,300000,7,44,1,86235,15295,0
10940,A,500000,300000,6,20,1,2613,34162,0
10941,A,1000000,1000000,2,30,0,38567,24645,0
10942,A,600000,600000,2,26,1,15373,71028,0
10943,A,1000000,1000000,2,25,1,80596,123842,0
10944,A,600000,600000,2,28,1,,16293,0
10945,A,400000,300000,2,25,1,17154,29726,0
10946,A,500000,300000,7,28,1,353375,33013,0
10947,A,700000,700000,2,27,1,63189,4874,0
10948,A,1000000,1000000,2,29,1,72983,49628,0
10949,A,700000,700000,2,27,1,100360,13378,0
10950,B,500000,500000,2,25,1,116856,36090,0
10951,A,200000,200000,6,20,1,67589,15770,0
10952,A,600000,600000,2,24,1,24681,13680,0
10953,A,200000,200000,6,20,1,202729,16910,0
10954,A,300000,300000,6,22,1,9823,30400,0
10955,A,500000,300000,6,22,1,15259,4171,0
10956,A,200000,200000,6,22,1,0,0,0
10957,A,200000,200000,10,25,1,27450,76921,0
10958,A,600000,300000,6,22,1,21940,29534,0
10959,A,1000000,1000000,4,50,1,,23582,0
10960,A,400000,300000,6,20,1,146578,15696,0
10961,A,500000,500000,13,25,1,0,20690,0
10962,A,200000,200000,6,19,1,138652,32262,0
10963,A,200000,200000,6,20,1,180876,4171,0
10964,A,400000,400000,2,23,1,55962,25289,0
10965,A,600000,300000,6,21,1,115464,41966,0
10966,A,1000000,1000000,2,26,1,0,6365,0
10967,A,600000,600000,2,23,1,133087,44821,0
10968,A,1000000,1000000,2,49,1,28637,35321,0
10969,A,600000,300000,7,52,1,60610,16720,0
10970,A,700000,300000,7,42,1,77915,21654,0
10971,A,500000,500000,2,29,1,44500,136582,0
10972,A,1000000,1000000,2,50,1,175085,139032,0
10973,A,1000000,1000000,2,32,1,45980,161234,0
10974,R,700000,700000,2,26,1,18810,0,0
10975,A,600000,600000,2,29,1,43575,1140,0
10976,A,1000000,1000000,2,52,1,11300,97866,0
10977,A,1000000,1000000,3,60,1,21496,25451,0
10978,A,700000,700000,2,26,1,3767,29469,0
10979,A,1000000,1000000,2,43,0,941,8835,0
10980,A,1000000,1000000,2,41,1,206181,158015,0
10981,A,700000,700000,2,27,0,138773,16660,0
10982,A,1000000,1000000,4,47,1,5557,17323,0
10983,A,400000,400000,4,46,1,109331,146395,0
10984,A,500000,500000,1,48,1,119842,190000,0
10985,B,600000,300000,7,74,1,27808,37620,0
10986,A,200000,200000,6,22,1,68324,56430,0
10987,R,600000,600000,5,61,1,282254,191235,0
10988,A,200000,200000,2,38,1,6868,42123,0
10989,A,500000,500000,2,26,1,26961,17870,0
10990,B,1000000,1000000,2,49,1,84207,75240,0
10991,A,1000000,1000000,4,38,1,28080,78375,0
10992,R,600000,600000,2,24,1,2746,8360,0
10993,R,700000,700000,2,25,1,37934,72105,0
10994,A,700000,700000,2,52,1,58541,37915,0
10995,R,1000000,1000000,1,51,0,5549,190000,0
10996,A,400000,400000,2,30,1,31863,47025,0
10997,R,500000,500000,2,42,1,159723,110770,0
10998,A,200000,200000,7,24,0,29992,82555,0
10999,R,1000000,300000,7,46,1,9495,28529,0
11000,A,1000000,1000000,10,38,1,20000,68023,0
11001,A,700000,700000,2,52,1,95150,41410,0
11002,A,700000,700000,2,39,0,2290,157254,0
11003,A,1000000,1000000,10,39,1,28215,65864,0
11004,B,500000,500000,2,50,1,91960,32395,0
11005,R,500000,500000,2,31,1,0,2870,0
11006,B,1000000,1000000,2,30,0,104560,51205,0
11007,A,1000000,1000000,2,40,1,462618,94829,0
11008,A,600000,300000,7,25,1,1990,9049,0
11009,A,1000000,300000,6,25,1,0,127818,0
11010,A,500000,300000,4,65,1,55355,13680,0
11011,A,1000000,900000,2,55,1,226633,101654,0
11012,A,200000,200000,6,20,1,99379,15770,0
11013,A,700000,700000,2,24,1,5002,56992,0
11014,A,700000,500000,7,55,1,20610,20055,0
11015,A,700000,700000,2,26,1,6840,16084,0
11016,A,600000,600000,2,30,1,140804,15355,0
11017,A,500000,300000,6,23,1,44792,14269,0
11018,A,500000,500000,2,31,1,184327,22781,0
11019,A,1000000,1000000,2,49,1,54676,59755,0
11020,A,1000000,900000,2,23,1,57541,5947,0
11021,A,1000000,400000,2,24,1,93725,21409,0
11022,A,500000,300000,6,22,1,13358,11157,0
11023,A,500000,500000,2,34,1,404303,58824,0
11024,A,700000,700000,2,37,1,71760,43985,0
11025,A,700000,700000,2,26,1,95000,792,0
11026,A,700000,300000,7,42,1,202738,35030,0
11027,A,200000,200000,2,34,1,23066,5320,0
11028,A,500000,500000,2,25,1,102870,14426,0
11029,A,200000,200000,2,29,1,45827,23789,0
11030,A,1000000,1000000,2,38,1,28243,8550,0
11031,A,500000,500000,2,23,1,148832,5216,0
11032,A,1000000,1000000,3,28,1,0,26306,0
11033,A,600000,300000,6,23,1,12378,7691,0
11034,A,700000,700000,2,28,1,56930,1976,0
11035,A,1000000,1000000,2,40,1,140906,35770,0
11036,A,500000,500000,2,27,1,45747,28310,0
11037,R,1000000,1000000,3,26,0,45670,24400,0
11038,A,600000,600000,3,48,1,47766,7985,0
11039,A,600000,600000,2,32,1,26032,18012,0
11040,A,500000,300000,6,21,1,80836,12779,0
11041,A,700000,700000,2,25,0,15856,7619,0
11042,A,600000,600000,3,27,1,0,36984,0
11043,A,1000000,1000000,2,52,0,40417,30819,0
11044,A,1000000,1000000,2,27,1,10689,9979,0
11045,A,700000,700000,2,27,1,48682,12099,0
11046,A,500000,500000,3,29,1,6466,26132,0
11047,A,1000000,400000,7,58,1,3199,107601,0
11048,A,1000000,1000000,1,55,1,259064,116918,0
11049,A,500000,500000,2,62,1,112510,30400,0
11050,B,400000,400000,2,24,1,175530,83331,0
11051,A,1000000,300000,4,51,1,0,13215,0
11052,A,500000,500000,10,27,1,21679,44907,0
11053,A,1000000,1000000,2,47,0,23326,190000,0
11054,A,1000000,300000,12,53,1,9149,32392,0
11055,A,700000,700000,2,28,1,36910,23465,0
11056,A,600000,600000,3,28,1,79417,5927,0
11057,A,500000,500000,2,24,1,0,9519,0
11058,A,1000000,300000,4,43,1,1310,26888,0
11059,A,400000,400000,2,29,1,74255,45135,0
11060,A,400000,300000,6,34,1,218660,58840,0
11061,A,400000,300000,6,20,1,29961,25726,0
11062,A,700000,700000,2,29,1,,18696,0
11063,A,500000,500000,2,24,1,0,43444,0
11064,A,400000,400000,2,22,1,120934,4787,0
11065,A,1000000,900000,5,53,1,2160,22806,0
11066,A,600000,600000,2,24,1,8257,10754,0
11067,A,400000,300000,7,40,1,79001,10432,0
11068,A,600000,300000,7,23,1,3200,27454,0
11069,A,700000,700000,3,30,1,20687,39254,0
11070,A,600000,600000,2,28,1,34192,23294,0
11071,A,700000,700000,3,24,1,0,34594,0
11072,A,1000000,1000000,4,65,1,49877,4140,0
11073,A,700000,700000,2,41,1,693,13680,0
11074,A,200000,200000,6,19,1,27385,10963,0
11075,B,1000000,1000000,2,28,0,61000,46882,0
11076,A,400000,400000,2,28,1,500882,128266,0
11077,A,1000000,1000000,2,32,1,30198,7163,0
11078,R,600000,600000,2,37,1,72986,39822,0
11079,A,700000,700000,10,33,1,81767,168718,0
11080,A,400000,400000,2,27,1,25260,5478,0
11081,A,1000000,300000,7,54,1,87653,3031,0
11082,A,600000,600000,2,29,1,22979,56232,0
11083,A,200000,200000,2,28,1,64232,5797,0
11084,A,1000000,1000000,2,29,1,104182,25593,0
11085,A,500000,500000,2,24,1,100733,67745,0
11086,A,200000,200000,2,28,1,6688,15729,0
11087,A,700000,700000,2,31,1,71248,37611,0
11088,A,500000,300000,7,42,1,116317,3878,0
11089,A,500000,500000,2,32,1,178416,180000,0
11090,A,600000,600000,2,53,1,6000,133960,0
11091,A,1000000,1000000,2,35,0,123591,20431,0
11092,A,1000000,1000000,2,52,1,105910,28510,0
11093,A,700000,700000,2,28,0,14786,14637,0
11094,A,1000000,1000000,1,56,0,118800,78470,0
11095,A,700000,700000,2,26,1,11430,2090,0
11096,A,600000,300000,8,62,1,229808,91836,0
11097,A,600000,300000,7,65,1,1786,60705,0
11098,A,200000,200000,2,34,1,13897,86830,0
11099,A,600000,300000,4,44,1,6380,13690,0
11100,A,700000,700000,2,27,1,254708,50930,0
11101,A,600000,600000,2,24,1,38561,82649,0
11102,A,700000,700000,2,26,1,47322,101460,0
11103,A,300000,300000,2,26,1,9249,7752,0
11104,A,700000,700000,2,44,1,50784,139185,0
11105,R,600000,600000,2,23,0,0,0,0
11106,A,400000,400000,2,27,1,175399,62521,0
11107,A,700000,700000,2,50,1,23978,35109,0
11108,A,600000,600000,2,32,1,1659,15086,0
11109,B,600000,600000,2,24,1,17818,92089,0
11110,A,500000,500000,2,25,1,33433,9957,0
11111,A,500000,300000,2,27,1,3875,25106,0
11112,B,300000,300000,1,37,1,5332432,1359,0
11113,R,600000,600000,1,33,0,243238,58578,0
11114,A,1000000,1000000,2,31,1,42012,78375,0
11115,B,1000000,1000000,2,25,1,21983,2613,0
11116,A,700000,700000,2,61,1,10346,40755,0
11117,R,1000000,1000000,2,49,0,71345,163188,0
11118,A,1000000,1000000,2,27,1,20350,13585,0
11119,A,1000000,1000000,3,34,1,29337,9405,0
11120,A,1000000,1000000,3,31,1,831,33200,0
11121,R,700000,300000,11,27,1,84624,17860,0
11122,A,700000,700000,7,49,1,15314,90393,0
11123,B,700000,700000,2,36,1,108448,91542,0
11124,B,600000,300000,6,23,1,143447,19901,0
11125,R,1000000,1000000,2,31,1,19351,82587,0
11126,A,700000,700000,2,34,0,87780,72685,0
11127,R,600000,600000,2,29,1,50000,78375,0
11128,R,500000,500000,10,31,0,143165,190000,0
11129,R,1000000,1000000,2,31,1,0,38007,0
11130,A,500000,500000,2,24,0,97511,75240,0
11131,B,600000,600000,2,25,1,61118,9954,0
11132,A,600000,600000,3,45,1,49982,17974,0
11133,A,1000000,1000000,2,40,1,45073,5173,0
11134,A,1000000,1000000,2,32,1,35379,79420,0
11135,B,600000,600000,2,33,1,58227,53599,0
11136,A,700000,700000,2,35,1,30400,130625,0
11137,A,500000,500000,2,35,1,30743,149976,0
11138,B,600000,600000,2,32,1,138093,91438,0
11139,A,400000,300000,7,25,1,101854,6061,0
11140,A,1000000,1000000,3,55,1,147830,12540,0
11141,A,1000000,1000000,2,30,1,74549,55718,0
11142,A,700000,700000,2,33,0,363,153615,0
11143,A,600000,600000,2,30,0,56018,19542,0
11144,A,1000000,1000000,2,34,1,11402,7933,0
11145,A,500000,500000,2,25,1,85223,25836,0
11146,R,1000000,1000000,1,65,0,261364,65075,0
11147,R,1000000,1000000,2,51,0,35630,4839,0
11148,A,200000,200000,2,24,1,7420,20995,0
11149,A,1000000,300000,7,46,1,48178,2280,0
11150,A,700000,700000,2,25,1,21176,10545,0
11151,A,600000,600000,2,25,1,6235,35858,0
11152,A,600000,600000,3,48,1,0,27550,0
11153,A,300000,300000,2,26,1,23207,11590,0
11154,A,500000,500000,2,26,1,34242,22800,0
11155,A,700000,700000,3,31,1,70073,18515,0
11156,A,1000000,1000000,2,27,1,20170,67945,0
11157,B,600000,600000,2,26,1,117149,6574,0
11158,R,600000,600000,2,38,1,65698,4836,0
11159,R,200000,200000,2,33,1,94140,30925,0
11160,A,500000,500000,5,63,0,4620,8702,0
11161,B,600000,600000,2,28,1,42170,57898,0
11162,R,600000,300000,2,23,1,17234,10629,0
11163,A,1000000,1000000,2,33,1,62250,58810,0
11164,R,500000,500000,2,52,1,68027,29282,0
11165,R,700000,700000,2,42,0,51856,50578,0
11166,R,700000,700000,2,28,1,750,11672,0
11167,A,1000000,1000000,4,57,1,0,32728,0
11168,A,500000,500000,2,23,1,43368,6688,0
11169,B,600000,600000,2,30,1,81378,3867,0
11170,A,1000000,300000,4,46,1,193110,114010,0
11171,R,600000,600000,2,31,1,11934,6154,0
11172,B,600000,600000,2,23,1,102242,40984,0
11173,B,600000,600000,2,31,0,186016,13737,0
11174,R,700000,700000,2,27,1,82688,16520,0
11175,A,700000,700000,2,25,1,4892,20425,0
11176,A,400000,400000,7,53,1,70771,1765,0
11177,A,1000000,1000000,3,36,0,41378,66358,0
11178,A,600000,600000,2,25,1,57408,15951,0
11179,A,700000,700000,2,29,1,98537,7773,0
11180,R,700000,300000,4,57,1,104639,9508,0
11181,A,200000,200000,6,20,1,22283,24714,0
11182,B,500000,400000,7,43,1,28951,13657,0
11183,A,1000000,1000000,4,40,1,0,37098,0
11184,B,600000,600000,2,30,1,0,53895,0
11185,R,700000,300000,6,24,1,15362,38445,0
11186,A,700000,700000,2,24,1,19231,16511,0
11187,A,400000,400000,2,24,1,17379,48469,0
11188,A,600000,600000,12,28,1,173079,32003,0
11189,R,500000,500000,2,24,1,231392,14108,0
11190,A,1000000,300000,11,33,1,34118,24026,0
11191,A,200000,200000,6,20,0,61799,19000,0
11192,A,500000,500000,2,23,1,51805,10450,0
11193,B,300000,300000,6,22,1,67560,22678,0
11194,A,600000,600000,2,41,0,6888,38941,0
11195,B,200000,200000,2,20,0,68126,18810,0
11196,R,500000,500000,7,48,1,5440,28054,0
11197,A,1000000,1000000,3,57,1,266219,22792,0
11198,A,500000,300000,6,22,1,71561,20663,0
11199,A,700000,700000,2,27,1,24614,25807,0
11200,A,400000,400000,2,25,1,48150,65835,0
11201,A,1000000,1000000,5,62,1,0,55480,0
11202,A,1000000,1000000,7,52,1,28941,132126,0
11203,R,200000,200000,6,20,1,96160,13175,0
11204,A,1000000,700000,8,69,0,104677,3474,0
11205,B,400000,400000,2,24,1,58112,154660,0
11206,A,500000,300000,11,24,1,112977,54131,0
11207,A,700000,700000,2,40,1,12253,22917,0
11208,R,700000,700000,3,27,1,105460,75763,0
11209,B,1000000,1000000,1,69,1,35954,18810,0
11210,R,600000,600000,2,25,0,319358,70735,0
11211,B,700000,700000,2,48,1,5007,99275,0
11212,R,700000,300000,4,54,1,13983,9928,0
11213,B,500000,400000,12,47,1,31684,15893,0
11214,R,1000000,1000000,2,28,1,5582,41212,0
11215,A,200000,200000,3,22,1,257626,6474,0
11216,A,200000,200000,2,24,1,1347,16720,0
11217,A,300000,300000,6,19,1,3110,14024,0
11218,A,700000,700000,3,25,1,87649,46712,0
11219,B,500000,500000,2,24,0,34968,21195,0
11220,A,600000,300000,6,22,1,11068,16321,0
11221,A,600000,600000,2,28,1,33250,9415,0
11222,A,700000,700000,2,28,0,5710,14355,0
11223,A,1000000,1000000,2,58,0,13627,43515,0
11224,A,500000,500000,2,24,1,24767,8778,0
11225,A,500000,500000,2,33,1,64235,11914,0
11226,A,500000,500000,1,55,1,0,111179,0
11227,A,700000,700000,2,52,1,50453,71155,0
11228,A,700000,700000,3,33,1,98792,79282,0
11229,A,1000000,1000000,2,59,1,67848,7733,0
11230,A,700000,300000,7,32,1,0,9975,0
11231,A,400000,400000,2,27,1,109859,31111,0
11232,A,300000,300000,6,21,1,1549,19561,0
11233,A,500000,500000,2,24,1,84883,13680,0
11234,A,500000,500000,2,26,1,534114,0,0
11235,A,600000,600000,2,26,1,33794,28491,0
11236,A,400000,300000,6,20,1,48611,28622,0
11237,A,1000000,1000000,2,34,0,0,32177,0
11238,A,600000,600000,2,24,1,0,6365,0
11239,A,600000,600000,2,27,1,18073,46332,0
11240,A,600000,600000,2,26,1,18810,57209,0
11241,A,500000,500000,2,24,1,49779,18035,0
11242,A,400000,400000,8,78,1,135700,13210,0
11243,A,1000000,1000000,2,27,1,31679,43246,0
11244,A,600000,600000,2,28,1,84735,22604,0
11245,A,1000000,1000000,2,31,1,17444,1254,0
11246,A,1000000,1000000,4,62,1,0,12270,0
11247,A,400000,400000,3,23,0,25185,19751,0
11248,A,1000000,1000000,2,30,1,54615,20578,0
11249,A,400000,400000,2,24,1,16459,4990,0
11250,A,700000,700000,2,37,1,350815,122171,0
11251,A,500000,500000,2,26,1,30780,7201,0
11252,A,400000,300000,6,24,1,32038,32996,0
11253,A,700000,700000,2,26,1,71595,72912,0
11254,A,700000,700000,2,32,0,43302,27835,0
11255,A,300000,300000,2,27,1,359618,12250,0
11256,A,400000,400000,2,23,1,3376,96653,0
11257,A,1000000,600000,7,35,1,76675,43903,0
11258,A,500000,500000,2,32,1,12540,9500,0
11259,A,500000,500000,2,28,1,3232,3736,0
11260,A,400000,300000,6,22,1,120413,8019,0
11261,A,500000,500000,2,20,1,19913,109925,0
11262,A,200000,200000,2,26,1,0,52508,0
11263,B,1000000,1000000,2,27,1,69292,60819,0
11264,B,500000,300000,2,26,1,8705,65541,0
11265,B,600000,600000,2,31,0,35681,150898,0
11266,R,700000,400000,7,51,1,192954,17361,0
11267,B,600000,300000,4,78,1,83980,45980,0
11268,B,500000,300000,6,22,1,71263,31387,0
11269,A,1000000,1000000,2,25,1,118887,33639,0
11270,A,600000,600000,2,66,1,61822,36366,0
11271,B,500000,500000,2,24,1,66509,66498,0
11272,A,1000000,1000000,2,40,0,106943,12255,0
11273,B,1000000,1000000,2,58,1,4074,0,0
11274,B,600000,600000,7,24,1,384931,16674,0
11275,B,500000,500000,2,29,1,7660,19490,0
11276,A,700000,700000,2,26,1,26492,107296,0
11277,A,700000,700000,7,58,1,876,7984,0
11278,B,1000000,1000000,3,31,1,7083,42874,0
11279,B,700000,300000,4,50,1,121458,68458,0
11280,R,700000,700000,2,28,1,2738,5750,0
11281,A,500000,500000,2,24,1,5225,17243,0
11282,A,200000,200000,7,50,1,66598,21661,0
11283,B,700000,700000,2,33,1,471766,37412,0
11284,A,1000000,300000,4,42,1,44070,11937,0
11285,R,1000000,1000000,1,56,1,23617,63223,0
11286,A,1000000,300000,7,56,1,124307,18309,0
11287,R,1000000,1000000,2,40,1,34911,62510,0
11288,A,500000,500000,12,34,1,61710,19164,0
11289,B,1000000,300000,6,22,1,0,20615,0
11290,R,1000000,1000000,2,34,1,2278,44935,0
11291,R,600000,600000,2,54,1,41069,15144,0
11292,A,200000,200000,6,21,1,100715,17765,0
11293,A,700000,300000,4,53,1,38886,38903,0
11294,B,300000,300000,6,24,1,72419,32362,0
11295,B,200000,200000,6,21,1,25050,523,0
11296,A,700000,700000,10,27,1,73002,43368,0
11297,A,1000000,1000000,2,51,1,36485,23304,0
11298,B,700000,700000,2,25,1,0,25080,0
11299,A,200000,200000,13,32,1,8672,38770,0
11300,R,200000,200000,6,20,1,69538,13376,0
11301,A,1000000,300000,7,44,1,20855,8151,0
11302,A,400000,400000,2,26,1,83379,49498,0
11303,A,700000,300000,4,53,1,74858,5375,0
11304,B,300000,300000,2,30,1,188816,7106,0
11305,R,500000,300000,6,24,1,25441,15295,0
11306,B,600000,600000,2,25,1,47637,14212,0
11307,B,1000000,1000000,3,29,1,2901,48650,0
11308,R,1000000,1000000,12,70,1,,25582,0
11309,B,500000,500000,2,26,1,50995,941,0
11310,R,600000,600000,3,24,1,2166,19719,0
11311,A,1000000,1000000,5,62,1,17957,38247,0
11312,A,1000000,1000000,1,55,1,30132,44350,0
11313,B,600000,600000,1,32,1,32282,27826,0
11314,B,500000,500000,2,24,1,46033,2299,0
11315,A,500000,500000,2,27,1,16951,8950,0
11316,A,600000,500000,2,23,1,33193,23760,0
11317,R,300000,300000,12,28,1,34806,2634,0
11318,A,200000,200000,6,20,1,62070,28216,0
11319,B,400000,400000,2,36,1,243762,10792,0
11320,A,200000,200000,2,25,1,240812,66880,0
11321,B,200000,200000,6,19,1,0,19075,0
11322,A,600000,600000,12,29,1,9854,11569,0
11323,A,1000000,1000000,4,55,1,0,116850,0
11324,R,200000,200000,3,21,1,57493,21945,0
11325,A,600000,600000,3,25,1,0,20407,0
11326,A,1000000,1000000,2,63,0,89091,94615,0
11327,A,600000,300000,7,46,1,15051,125400,0
11328,A,700000,700000,2,38,0,8943,146300,0
11329,R,500000,500000,7,36,1,963513,173813,0
11330,R,200000,200000,2,40,1,4074,11839,0
11331,A,1000000,1000000,2,41,1,2463,86526,0
11332,R,1000000,1000000,2,54,1,31962,40516,0
11333,A,1000000,1000000,2,58,0,78191,173993,0
11334,A,500000,500000,2,27,1,47133,7421,0
11335,A,500000,300000,6,23,1,150691,2926,0
11336,A,200000,200000,6,19,1,33401,26320,0
11337,A,600000,300000,7,80,1,62057,16131,0
11338,A,700000,300000,7,51,1,14798,62668,0
11339,B,1000000,1000000,7,34,1,47240,25080,0
11340,R,700000,700000,2,38,1,111187,133663,0
11341,A,200000,200000,6,19,1,18295,2385,0
11342,R,600000,600000,2,25,1,62454,28498,0
11343,A,700000,700000,2,23,1,108846,3909,0
11344,A,200000,200000,2,26,1,139418,10413,0
11345,R,700000,300000,8,77,0,23759,2888,0
11346,A,700000,700000,4,55,1,70747,13395,0
11347,B,500000,500000,2,27,1,6578,4370,0
11348,A,700000,300000,8,79,1,0,99814,0
11349,B,200000,200000,6,23,1,171113,0,0
11350,A,200000,200000,6,20,1,0,151525,0
11351,A,1000000,1000000,2,45,1,10250,36575,0
11352,A,1000000,1000000,2,45,0,12972,190000,0
11353,A,700000,500000,7,52,1,38611,14099,0
11354,R,600000,300000,6,22,0,67172,5843,0
11355,A,400000,400000,2,25,1,29736,40588,0
11356,R,600000,600000,2,25,1,65416,89335,0
11357,A,1000000,1000000,2,32,1,,40160,0
11358,A,500000,500000,2,26,1,6000,67393,0
11359,A,600000,600000,2,25,1,6061,11182,0
11360,A,700000,700000,2,29,1,48422,20245,0
11361,A,700000,700000,2,24,1,8607,48887,0
11362,A,600000,600000,2,25,1,439,45345,0
11363,A,400000,400000,12,31,1,106020,55898,0
11364,A,1000000,1000000,2,39,1,72000,145350,0
11365,A,600000,600000,2,26,1,56008,15602,0
11366,A,400000,400000,2,22,1,11980,73001,0
11367,A,1000000,1000000,2,40,1,358852,6517,0
11368,A,1000000,1000000,2,56,1,4521,21518,0
11369,A,600000,600000,4,62,1,12854,9092,0
11370,A,200000,200000,7,56,1,0,153710,0
11371,A,200000,200000,7,56,1,,153710,0
11372,A,1000000,1000000,3,28,1,49073,30400,0
11373,A,700000,300000,6,23,1,189140,10545,0
11374,A,400000,400000,2,28,1,65805,9960,0
11375,A,700000,700000,7,41,1,5138,77582,0
11376,A,500000,500000,2,28,1,512813,0,0
11377,A,700000,700000,2,28,1,17439,73607,0
11378,A,700000,700000,2,30,1,4000,59660,0
11379,A,1000000,1000000,2,28,1,7315,64971,0
11380,A,1000000,1000000,3,47,0,119447,69073,0
11381,A,1000000,1000000,2,58,1,44657,26239,0
11382,A,1000000,1000000,10,26,1,11934,66975,0
11383,A,1000000,1000000,2,59,0,13530,10486,0
11384,A,600000,600000,2,38,1,82457,39817,0
11385,A,600000,600000,2,25,1,211506,14839,0
11386,R,700000,700000,12,39,0,0,49500,0
11387,R,600000,600000,2,26,1,14839,47681,0
11388,A,600000,600000,2,43,1,57255,98325,0
11389,A,700000,700000,2,35,0,5225,40014,0
11390,A,700000,700000,2,43,0,50502,43244,0
11391,A,400000,400000,10,28,0,41596,48615,0
11392,R,300000,300000,2,25,1,0,31340,0
11393,A,500000,300000,6,22,0,4609,14108,0
11394,A,1000000,1000000,2,47,1,34174,41533,0
11395,A,200000,200000,6,20,1,11274,10764,0
11396,R,700000,700000,2,33,0,148845,172425,0
11397,A,1000000,1000000,2,57,1,0,70680,0
11398,A,1000000,300000,3,56,1,61609,48374,0
11399,A,600000,600000,3,29,1,41910,86935,0
11400,A,500000,500000,2,27,0,1425,78002,0
11401,A,700000,700000,2,30,0,0,31075,0
11402,A,300000,300000,6,21,1,64563,70851,0
11403,A,600000,600000,1,56,1,73575,23608,0
11404,A,1000000,1000000,2,34,0,843766,17965,0
11405,B,600000,300000,6,23,1,61341,26021,0
11406,A,700000,700000,2,29,1,0,108775,0
11407,A,1000000,1000000,2,52,0,0,124450,0
11408,A,400000,400000,2,26,1,160756,18278,0
11409,A,700000,700000,2,30,0,429608,34267,0
11410,A,200000,200000,6,21,1,179564,42589,0
11411,A,600000,300000,2,24,0,13160,15561,0
11412,A,700000,700000,3,24,0,106590,105640,0
11413,A,600000,600000,2,28,1,52761,79658,0
11414,A,600000,600000,2,33,1,34530,21413,0
11415,A,600000,600000,2,24,1,15303,36746,0
11416,A,700000,300000,12,42,1,87787,15354,0
11417,A,700000,700000,2,26,1,29459,5691,0
11418,A,600000,600000,2,24,0,117402,19903,0
11419,A,700000,700000,2,25,1,5577,12555,0
11420,A,600000,300000,5,66,1,5330,83646,0
11421,A,1000000,1000000,2,40,1,80964,5467,0
11422,A,200000,200000,6,20,1,10240,37620,0
11423,A,500000,500000,2,62,1,383067,69118,0
11424,A,400000,300000,6,20,1,36958,26158,0
11425,A,1000000,1000000,4,64,1,9584,57570,0
11426,A,400000,400000,2,24,1,87987,147114,0
11427,A,700000,700000,2,50,1,28215,169385,0
11428,A,500000,500000,5,67,1,79633,22990,0
11429,A,500000,300000,6,23,1,58258,11667,0
11430,A,700000,300000,4,52,1,138928,30875,0
11431,A,1000000,1000000,3,25,1,8530,17090,0
11432,A,500000,300000,7,30,1,11495,155800,0
11433,A,400000,400000,2,53,1,62462,23633,0
11434,A,1000000,1000000,2,55,1,47804,71635,0
11435,A,600000,600000,2,24,1,21841,57637,0
11436,R,600000,600000,4,37,1,60062,53295,0
11437,A,600000,300000,7,50,1,65059,31037,0
11438,R,200000,200000,2,27,1,20510,12236,0
11439,A,600000,500000,7,62,1,281746,18810,0
11440,B,600000,600000,2,37,0,15000,50474,0
11441,R,600000,600000,2,50,1,455064,76285,0
11442,B,400000,300000,6,22,1,8914,41099,0
11443,A,600000,300000,6,23,1,81630,6396,0
11444,A,1000000,300000,7,30,1,4128,6061,0
11445,A,700000,700000,2,30,1,6040,33231,0
11446,A,600000,600000,2,26,1,31455,32918,0
11447,A,500000,500000,2,26,1,0,54915,0
11448,A,1000000,1000000,2,59,0,30970,188100,0
11449,B,700000,700000,2,28,1,39510,42608,0
11450,A,1000000,1000000,2,42,1,61770,57779,0
11451,B,1000000,500000,3,27,1,2603,13585,0
11452,A,400000,300000,4,69,1,7115,11782,0
11453,R,600000,600000,2,24,0,50500,89870,0
11454,B,500000,500000,2,28,1,37067,17994,0
11455,B,600000,600000,2,27,1,0,64372,0
11456,A,1000000,1000000,4,61,1,60057,99275,0
11457,A,600000,500000,2,23,1,104553,16073,0
11458,A,500000,500000,2,28,0,129961,64307,0
11459,R,500000,500000,2,36,0,104681,2989,0
11460,A,1000000,1000000,2,29,1,7771,123310,0
11461,A,200000,200000,6,22,1,32176,24009,0
11462,A,1000000,1000000,2,25,1,0,68638,0
11463,B,700000,700000,10,28,1,37117,12132,0
11464,B,600000,600000,2,30,1,61380,133029,0
11465,A,700000,700000,2,52,1,524,40445,0
11466,B,600000,600000,2,29,1,147014,126968,0
11467,B,700000,700000,2,28,1,53992,17765,0
11468,R,400000,400000,2,27,1,7150,54623,0
11469,A,1000000,1000000,2,25,1,54625,32484,0
11470,R,700000,700000,2,54,1,16853,55963,0
11471,A,700000,700000,2,29,1,2492,23408,0
11472,A,300000,300000,2,28,1,67229,9554,0
11473,A,500000,500000,2,35,1,0,10602,0
11474,A,1000000,1000000,2,48,1,0,48070,0
11475,A,700000,700000,2,73,1,3590,2686,0
11476,A,600000,600000,2,29,1,140389,38916,0
11477,A,200000,200000,5,45,0,59537,23304,0
11478,A,700000,700000,3,25,1,18915,60425,0
11479,A,600000,300000,2,24,1,36755,13585,0
11480,A,500000,500000,2,25,0,314799,17604,0
11481,A,400000,400000,7,46,1,30019,15287,0
11482,B,700000,700000,2,29,1,82656,24621,0
11483,A,600000,300000,2,24,1,185826,4865,0
11484,R,700000,300000,6,23,1,32539,26962,0
11485,A,700000,700000,2,32,1,219966,116785,0
11486,A,200000,200000,2,56,1,6398,43577,0
11487,A,400000,300000,2,23,1,11596,2507,0
11488,A,200000,200000,7,24,1,40305,20321,0
11489,A,200000,200000,12,23,1,117115,15675,0
11490,A,600000,300000,6,22,1,37729,17243,0
11491,A,1000000,1000000,3,38,1,32125,190000,0
11492,A,400000,400000,13,32,0,101297,13481,0
11493,A,1000000,300000,7,57,1,186953,2717,0
11494,B,600000,300000,6,24,1,198708,15237,0
11495,A,700000,700000,3,25,1,19800,77801,0
11496,A,500000,500000,2,26,1,45482,33127,0
11497,B,600000,600000,5,49,0,0,114114,0
11498,B,1000000,900000,7,46,1,89525,15970,0
11499,A,1000000,300000,2,56,1,13241,49628,0
11500,R,1000000,1000000,4,58,1,132860,147831,0
11501,R,500000,300000,2,48,1,110426,88825,0
11502,R,1000000,1000000,2,30,1,66592,11002,0
11503,R,500000,500000,2,27,1,61893,82009,0
11504,R,1000000,300000,7,53,1,53009,151525,0
11505,B,600000,600000,3,25,1,0,50160,0
11506,R,600000,600000,1,43,0,732436,190000,0
11507,A,1000000,1000000,2,39,1,145652,68807,0
11508,R,600000,600000,2,41,1,20434,64895,0
11509,R,1000000,1000000,3,27,0,14315,19715,0
11510,A,700000,700000,2,39,1,64620,152361,0
11511,A,600000,600000,2,27,1,5525,18810,0
11512,R,1000000,1000000,2,44,0,75790,79211,0
11513,B,1000000,1000000,2,46,0,255495,155747,0
11514,B,400000,300000,6,21,1,0,51358,0
11515,A,1000000,1000000,3,33,1,23604,27275,0
11516,R,600000,600000,2,26,1,52970,51149,0
11517,A,1000000,1000000,3,51,1,256766,54863,0
11518,R,1000000,1000000,2,41,1,160684,36879,0
11519,B,500000,300000,11,29,1,4474,40547,0
11520,A,200000,200000,6,26,1,35076,21945,0
11521,B,500000,500000,2,25,1,21705,24074,0
11522,A,1000000,1000000,2,31,1,5225,7148,0
11523,A,600000,600000,2,25,1,40777,16834,0
11524,A,200000,200000,2,25,1,248546,34846,0
11525,R,600000,600000,2,28,1,69521,32616,0
11526,B,1000000,1000000,2,33,1,2976,24130,0
11527,R,400000,300000,6,21,1,33193,18980,0
11528,B,700000,700000,7,28,1,,24701,0
11529,R,500000,500000,2,23,1,30511,7315,0
11530,A,400000,400000,2,26,1,132394,45306,0
11531,R,600000,600000,2,24,1,62659,22991,0
11532,R,700000,700000,2,25,1,22980,3031,0
11533,R,200000,200000,6,20,1,544,21945,0
11534,A,200000,200000,6,21,1,63487,83117,0
11535,A,1000000,1000000,2,31,1,112803,32918,0
11536,B,700000,300000,7,50,1,10294,48260,0
11537,A,400000,300000,6,20,1,52884,50223,0
11538,B,500000,500000,7,26,1,79325,28215,0
11539,A,400000,400000,12,22,1,40255,14668,0
11540,A,600000,600000,2,26,1,4964,9965,0
11541,B,1000000,1000000,2,47,1,2925,60988,0
11542,A,500000,300000,6,22,1,3042,54329,0
11543,A,400000,300000,2,25,1,71260,9405,0
11544,R,600000,500000,7,57,1,67064,8044,0
11545,R,700000,700000,2,26,1,65115,189145,0
11546,B,500000,500000,2,27,1,50578,38201,0
11547,B,400000,300000,6,21,1,18239,112860,0
11548,B,200000,200000,7,22,1,92603,16081,0
11549,A,500000,500000,2,26,1,90750,29509,0
11550,A,400000,300000,6,21,1,12360,20597,0
11551,B,600000,600000,2,28,1,58466,117397,0
11552,A,1000000,1000000,2,51,1,13886,17072,0
11553,B,600000,600000,2,25,1,176995,155571,0
11554,R,1000000,1000000,3,51,1,69944,23740,0
11555,R,600000,600000,2,26,1,49472,40395,0
11556,A,600000,400000,2,25,1,45096,8256,0
11557,R,500000,300000,6,25,0,193871,123500,0
11558,A,1000000,1000000,2,27,1,338005,63498,0
11559,B,700000,700000,2,26,1,0,42637,0
11560,R,1000000,1000000,4,62,1,28278,25346,0
11561,R,500000,500000,2,33,1,83760,28111,0
11562,A,600000,600000,2,26,1,74765,25647,0
11563,A,500000,500000,2,32,1,68068,100478,0
11564,B,200000,200000,2,29,1,25791,9194,0
11565,B,200000,200000,6,22,1,20500,37934,0
11566,A,200000,200000,6,21,0,44567,11495,0
11567,A,600000,600000,2,27,1,4479,14002,0
11568,A,500000,500000,5,30,1,38344,2252,0
11569,A,500000,300000,6,23,1,41830,37915,0
11570,A,400000,300000,6,20,0,21372,15960,0
11571,B,500000,500000,3,26,1,62174,27066,0
11572,A,1000000,1000000,2,46,1,39619,44979,0
11573,A,1000000,1000000,3,39,1,115153,16720,0
11574,B,200000,200000,6,20,1,11606,24130,0
11575,R,400000,400000,7,27,1,0,18810,0
11576,A,500000,300000,6,23,0,81247,64790,0
11577,A,400000,300000,6,22,0,79566,15425,0
11578,A,200000,200000,6,21,1,0,43055,0
11579,B,700000,700000,2,35,1,20432,79426,0
11580,A,500000,400000,7,31,1,465706,196983,0
11581,A,700000,700000,2,25,1,,45231,0
11582,A,1000000,1000000,4,55,1,12940,28672,0
11583,B,700000,700000,2,25,1,7501,31224,0
11584,R,200000,200000,6,20,1,25237,29437,0
11585,B,600000,600000,2,24,1,54414,15392,0
11586,A,500000,500000,2,25,1,18942,20430,0
11587,A,600000,600000,2,23,1,44923,30600,0
11588,A,600000,300000,6,25,1,,26182,0
11589,A,700000,700000,2,25,1,80516,22938,0
11590,A,700000,700000,2,28,1,32342,20900,0
11591,R,200000,200000,2,29,1,0,16720,0
11592,B,700000,700000,2,32,1,31859,54796,0
11593,R,400000,300000,6,20,1,28268,15675,0
11594,R,700000,700000,2,23,1,16224,51049,0
11595,B,1000000,300000,4,61,1,0,183293,0
11596,R,1000000,400000,2,40,1,19508,55819,0
11597,A,400000,400000,7,33,1,98760,30149,0
11598,A,1000000,300000,2,47,1,0,22468,0
11599,R,1000000,900000,2,26,1,0,9197,0
11600,R,400000,300000,6,20,1,16530,1463,0
11601,A,1000000,1000000,2,30,1,3000,45980,0
11602,A,1000000,1000000,1,72,1,,20094,0
11603,B,200000,200000,6,21,1,63070,16720,0
11604,A,1000000,300000,7,60,1,18542,2759,0
11605,B,700000,300000,7,48,1,,22031,0
11606,A,200000,200000,6,20,1,,65892,0
11607,A,200000,200000,6,21,1,2390,50160,0
11608,B,500000,300000,3,23,1,492566,13481,0
11609,R,700000,700000,2,27,1,54866,56402,0
11610,R,1000000,1000000,2,37,1,130386,43182,0
11611,B,1000000,1000000,2,30,0,3306,25080,0
11612,R,1000000,1000000,2,51,1,8541,15732,0
11613,A,500000,500000,2,27,1,162715,12730,0
11614,B,1000000,300000,4,67,1,1129,36178,0
11615,A,1000000,1000000,2,33,1,0,14839,0
11616,A,400000,300000,6,19,1,386867,30305,0
11617,B,1000000,300000,4,53,1,101702,28215,0
11618,B,600000,600000,2,32,1,656509,19124,0
11619,B,1000000,300000,4,51,1,386460,19000,0
11620,R,500000,300000,6,21,1,2000,18758,0
11621,R,600000,600000,2,25,1,36435,50759,0
11622,A,200000,200000,1,54,0,459882,46018,0
11623,A,600000,600000,2,34,1,11077,25223,0
11624,R,500000,300000,6,22,1,27641,15639,0
11625,A,1000000,1000000,2,41,1,11872,68970,0
11626,B,500000,500000,2,31,1,165418,65835,0
11627,B,500000,500000,2,30,1,5330,1482,0
11628,A,400000,300000,4,56,1,13020,110060,0
11629,R,700000,700000,2,27,1,17637,71973,0
11630,A,1000000,1000000,3,37,1,476245,167702,0
11631,A,500000,300000,6,22,1,198394,62739,0
11632,A,200000,200000,6,22,1,247056,100891,0
11633,R,700000,300000,4,51,1,309111,27835,0
11634,B,200000,200000,7,24,1,18659,40223,0
11635,A,1000000,1000000,2,24,1,42690,8517,0
11636,A,200000,200000,6,19,1,59216,19950,0
11637,A,1000000,300000,4,58,1,73530,37354,0
11638,A,500000,300000,6,20,1,14826,15169,0
11639,B,200000,200000,6,20,1,240598,16550,0
11640,R,600000,600000,2,24,1,39340,1231,0
11641,A,300000,300000,10,24,1,34373,3867,0
11642,A,1000000,1000000,2,25,1,658433,30752,0
11643,A,200000,200000,6,21,1,27320,6584,0
11644,R,400000,300000,6,28,1,113817,60752,0
11645,B,700000,300000,7,55,1,57689,128250,0
11646,A,400000,400000,2,26,1,66641,13585,0
11647,B,600000,600000,4,39,1,40924,6342,0
11648,B,200000,200000,7,42,1,78227,14527,0
11649,A,1000000,300000,7,31,1,46351,7339,0
11650,B,600000,600000,3,29,1,3000,26491,0
11651,A,500000,500000,12,52,1,66847,48070,0
11652,B,500000,500000,2,28,1,32591,14095,0
11653,B,700000,700000,3,24,1,27590,54550,0
11654,R,700000,700000,10,36,0,50054,184728,0
11655,B,200000,200000,6,22,1,39664,16720,0
11656,R,500000,500000,2,31,1,32953,18457,0
11657,A,1000000,1000000,3,26,1,56260,20702,0
11658,A,1000000,1000000,2,28,1,59315,17827,0
11659,B,700000,700000,2,25,1,268703,18370,0
11660,A,400000,400000,7,51,1,137884,17833,0
11661,A,700000,700000,3,28,1,20900,61049,0
11662,A,700000,700000,2,30,1,16976,18811,0
11663,A,1000000,1000000,2,29,1,161612,65094,0
11664,A,200000,200000,6,21,1,42257,19431,0
11665,A,1000000,1000000,2,55,1,285597,4034,0
11666,A,500000,500000,7,38,1,56955,56557,0
11667,A,200000,200000,6,20,1,24454,4034,0
11668,A,500000,300000,4,56,1,23800,1320,0
11669,B,600000,600000,2,25,1,69552,11809,0
11670,A,1000000,1000000,2,31,1,3264,21371,0
11671,A,1000000,1000000,3,35,1,48479,0,0
11672,A,1000000,1000000,2,34,0,67716,63318,0
11673,R,400000,400000,2,27,1,53504,51728,0
11674,R,1500000,1500000,3,24,1,3021,25641,0
11675,A,700000,700000,2,27,0,18327,38095,0
11676,A,700000,700000,2,34,1,0,48441,0
11677,R,1000000,1000000,2,51,1,686625,10075,0
11678,A,600000,600000,2,28,0,84078,18668,0
11679,R,1000000,300000,11,67,0,5251,4807,0
11680,A,700000,700000,2,24,1,0,46816,0
11681,A,700000,700000,2,26,1,216277,46911,0
11682,A,700000,200000,6,22,1,6532,53423,0
11683,A,600000,600000,5,69,1,805466,6639,0
11684,A,1000000,1000000,2,52,1,95055,64671,0
11685,A,700000,700000,2,30,1,20207,6080,0
11686,A,600000,600000,2,52,1,231164,62050,0
11687,A,1000000,1000000,2,34,1,59634,38818,0
11688,A,1000000,300000,7,31,1,42674,23655,0
11689,A,1000000,1000000,2,45,0,5769,36100,0
11690,A,1000000,1000000,2,55,1,273571,11057,0
11691,A,200000,200000,2,59,1,196982,4761,0
11692,A,700000,300000,7,30,1,390355,4240,0
11693,A,700000,700000,2,53,0,26000,375716,0
11694,A,1000000,1000000,2,60,1,24927,7942,0
11695,A,700000,700000,2,27,0,33405,104215,0
11696,A,700000,700000,2,57,1,93071,6394,0
11697,A,200000,200000,5,36,1,67968,190000,0
11698,A,500000,500000,2,39,1,239872,1058,0
11699,A,1000000,1000000,10,58,1,49283,20112,0
11700,A,200000,200000,1,38,0,67286,4760,0
11701,A,700000,700000,2,30,1,0,20045,0
11702,A,1000000,1000000,2,34,0,111199,7299,0
11703,A,1000000,1000000,2,45,1,107593,72770,0
11704,A,600000,600000,2,45,1,80328,57474,0
11705,A,1000000,1000000,2,40,1,54414,31630,0
11706,A,700000,700000,3,37,1,68003,49413,0
11707,A,700000,700000,2,44,1,141144,7497,0
11708,A,700000,700000,2,49,1,127318,51843,0
11709,A,400000,400000,2,25,1,0,7107,0
11710,R,500000,500000,2,30,0,137365,46305,0
11711,R,600000,600000,4,56,1,263218,188287,0
11712,A,600000,600000,2,33,0,102620,58520,0
11713,A,700000,700000,5,44,1,0,78375,0
11714,R,200000,200000,6,19,0,18943,6559,0
11715,A,500000,500000,2,32,0,0,128222,0
11716,B,700000,700000,2,49,1,146700,9470,0
11717,A,1000000,1000000,7,57,1,481,3797,0
11718,A,200000,200000,7,49,1,10586,1359,0
11719,A,1000000,1000000,2,40,0,14839,67926,0
11720,B,1000000,300000,7,67,1,941,14504,0
11721,A,1000000,1000000,2,43,1,11161,13716,0
11722,R,600000,600000,2,40,1,1330,41800,0
11723,R,500000,500000,2,37,1,6237,148390,0
11724,A,700000,700000,2,36,1,127547,37620,0
11725,R,1000000,1000000,4,46,1,40290,11182,0
11726,A,1000000,1000000,2,60,1,93251,73660,0
11727,R,200000,200000,6,21,1,13943,5442,0
11728,B,500000,500000,1,59,1,19462,49932,0
11729,A,1000000,1000000,2,33,0,17486,36660,0
11730,A,1000000,1000000,3,33,0,54340,47500,0
11731,R,1000000,1000000,1,66,0,0,151525,0
11732,B,400000,400000,2,27,1,0,143830,0
11733,R,600000,600000,2,34,1,12461,26325,0
11734,A,1000000,1000000,2,41,1,86148,2652,0
11735,A,700000,700000,2,24,1,524,44270,0
11736,A,1000000,1000000,2,33,1,83469,13224,0
11737,B,700000,700000,2,26,0,68277,39188,0
11738,R,1000000,1000000,2,32,1,118606,45638,0
11739,A,200000,200000,2,23,1,51859,10969,0
11740,A,700000,700000,2,26,1,17799,62938,0
11741,R,300000,300000,2,27,0,21586,21553,0
11742,A,500000,500000,7,25,1,0,44717,0
11743,A,700000,700000,2,30,0,28689,109820,0
11744,R,700000,700000,2,32,1,326430,10450,0
11745,A,700000,700000,2,29,0,0,35103,0
11746,A,600000,600000,2,28,0,117860,77425,0
11747,A,200000,200000,6,21,1,3000,11681,0
11748,A,200000,200000,2,26,0,0,23310,0
11749,B,500000,500000,2,26,0,14389,0,0
