No,card,credit1,credit2,work,age,sex,90days,14days,CP
1,R,800000,600000,8,89,1,527314,66734,1
2,R,700000,700000,2,53,1,9453,24498,1
3,R,1000000,300000,8,72,0,1840,17893,1
4,R,700000,700000,2,54,1,875272,30759,1
5,B,400000,400000,2,55,1,,120232,1
6,R,1000000,1000000,2,52,0,33079,30843,1
7,R,1000000,1000000,5,70,0,4166,1476,1
8,R,1000000,1000000,2,55,1,3776,8604,1
9,R,1000000,1000000,8,76,1,8300,12069,1
10,R,200000,200000,8,76,1,56993,13199,1
11,R,1000000,1000000,2,56,0,0,86229,1
12,R,1000000,1000000,2,54,0,491915,11234,1
13,R,500000,500000,5,77,1,57213,8554,1
14,R,1000000,1000000,2,66,0,71845,25228,1
15,R,1000000,1000000,2,55,0,24558,27810,1
16,R,1000000,1000000,1,62,1,0,9099,1
17,R,1000000,300000,8,90,1,58332,6719,1
18,R,600000,600000,2,58,0,13585,32364,1
19,R,500000,500000,1,77,1,63780,62161,1
20,R,1000000,1000000,2,63,0,4380,45630,1
21,R,1000000,1000000,2,58,0,13793,9900,1
22,R,1000000,1000000,8,68,0,39955,6519,1
23,R,700000,700000,8,70,0,87803,17193,1
24,R,1000000,1000000,2,57,1,889,10997,1
25,R,1500000,1500000,1,65,0,80090,73944,1
26,R,1000000,1000000,2,58,1,43331,1512,1
27,R,700000,300000,7,57,1,112711,25227,1
28,R,1000000,1000000,2,51,1,210111,78850,1
29,R,1000000,1000000,1,71,0,52418,46859,1
30,R,1000000,1000000,4,61,1,4651,46530,1
31,R,700000,700000,2,52,1,,18421,1
32,R,1000000,1000000,2,62,1,4943,169500,1
33,R,600000,600000,2,58,1,97886,19890,1
34,R,600000,300000,7,53,1,11725,180000,1
35,R,1000000,300000,7,67,1,24288,18208,1
36,R,700000,700000,2,54,1,34949,34740,1
37,R,1000000,1000000,2,50,0,2498,14085,1
38,R,1000000,1000000,2,61,1,14281,30285,1
39,R,600000,600000,8,68,1,202762,42728,1
40,R,700000,700000,4,49,1,7971,37547,1
41,R,1000000,300000,11,58,1,2178,8161,1
42,B,400000,400000,12,51,1,88384,60480,1
43,R,1000000,300000,5,71,1,11804,14850,1
44,R,400000,400000,2,50,1,153590,47520,1
45,R,1000000,300000,2,45,1,58717,3483,1
46,R,700000,300000,7,57,1,25012,14963,1
47,R,1000000,300000,3,47,1,200825,11970,1
48,R,1000000,300000,4,62,1,17599,15642,1
49,R,1000000,1000000,3,49,1,3240,22435,1
50,R,1000000,1000000,2,53,1,128315,7326,1
51,R,1000000,500000,8,70,1,19532,9108,1
52,R,700000,300000,7,54,1,24308,15126,1
53,R,1000000,1000000,2,54,1,750289,2448,1
54,R,600000,600000,2,60,1,182827,1209,1
55,R,1000000,1000000,2,53,1,,9891,1
56,R,1000000,1000000,2,52,1,5176,27612,1
57,R,1000000,1000000,2,47,1,118222,21830,1
58,R,700000,700000,1,60,1,40212,32175,1
59,R,700000,300000,7,59,1,,40941,1
60,R,1000000,300000,11,57,1,2185,7920,1
61,R,1000000,1000000,2,46,1,92788,34119,1
62,R,700000,700000,2,53,1,29874,17433,1
63,R,1000000,1000000,2,59,1,19048,14073,1
64,R,700000,300000,7,51,1,72535,34990,1
65,R,200000,200000,7,58,1,94090,12633,1
66,R,1000000,1000000,2,47,1,157886,10830,1
67,A,1000000,1000000,8,85,1,72685,13860,1
68,R,1000000,300000,2,60,1,2347,7231,1
69,R,1000000,1000000,2,53,0,0,41382,1
70,B,1000000,1000000,2,54,1,3240,2413,1
71,R,1200000,1200000,2,51,1,25223,5674,1
72,A,1000000,300000,4,45,1,72354,27631,1
73,R,1000000,1000000,2,68,0,17626,7585,1
74,A,1000000,1000000,5,48,1,21800,55804,1
75,R,1000000,1000000,2,44,1,490095,131589,1
76,R,1000000,300000,8,75,1,63435,28717,1
77,R,1000000,1000000,7,51,1,24978,10346,1
78,R,700000,700000,8,56,1,4505,17589,1
79,R,1000000,1000000,2,55,1,59737,12506,1
80,R,1000000,1000000,2,55,1,19584,57723,1
81,R,1000000,1000000,2,50,1,34215,83518,1
82,R,1000000,600000,7,66,1,19467,8363,1
83,R,1000000,1000000,2,59,1,13051,12380,1
84,R,700000,300000,11,65,1,0,46395,1
85,R,1000000,900000,2,55,1,3016,14058,1
86,R,1000000,1000000,2,55,1,6672,20434,1
87,R,600000,600000,12,58,1,1200,8397,1
88,R,1000000,1000000,2,47,1,144028,37581,1
89,R,600000,600000,8,72,1,175456,112662,1
90,R,700000,700000,2,46,1,44299,43650,1
91,R,1000000,1000000,2,58,1,35984,29205,1
92,R,700000,700000,2,62,0,1911,32490,1
93,R,1000000,1000000,2,51,1,80843,54540,1
94,R,1000000,1000000,2,44,1,19657,34965,1
95,R,1000000,1000000,8,65,1,42785,1973,1
96,R,1000000,300000,4,47,1,32542,66921,1
97,R,1500000,300000,8,65,1,158992,46735,1
98,R,700000,300000,7,52,1,71883,43143,1
99,R,500000,300000,7,48,1,46644,80056,1
100,R,1000000,1000000,2,51,1,4600,18783,1
101,R,1000000,300000,4,60,1,19098,7893,1
102,R,1000000,300000,7,74,1,14666,1036,1
103,R,1000000,1000000,2,48,1,394666,106728,1
104,R,1000000,300000,4,46,1,12677,3868,1
105,R,600000,300000,13,50,1,3803,12474,1
106,R,700000,700000,8,74,1,,25542,1
107,R,1000000,1000000,2,56,0,125158,49630,1
108,R,700000,700000,5,67,1,24501,28029,1
109,R,1000000,1000000,2,53,1,484727,92475,1
110,R,200000,200000,2,49,1,0,33315,1
111,R,600000,600000,7,66,1,408589,9873,1
112,R,1000000,1000000,5,53,1,52357,13158,1
113,R,1000000,1000000,10,45,1,138893,6435,1
114,R,1000000,300000,4,53,1,0,2841,1
115,R,200000,200000,8,79,1,101426,9660,1
116,R,1000000,1000000,7,44,1,67020,3681,1
117,R,600000,600000,7,50,1,51791,51273,1
118,R,700000,700000,2,47,1,79545,6422,1
119,R,1000000,300000,4,69,1,65861,6040,1
120,R,700000,700000,2,49,0,375064,10845,1
121,R,700000,700000,4,51,1,25631,70821,1
122,B,1000000,1000000,2,49,1,24250,20832,1
123,R,1000000,1000000,4,58,1,287690,78669,1
124,R,1000000,300000,4,58,1,,6776,1
125,R,500000,500000,1,48,1,47787,3348,1
126,R,700000,700000,4,68,1,119695,23077,1
127,R,1000000,1000000,2,52,1,46842,38087,1
128,R,1000000,300000,7,60,1,13396,2133,1
129,R,1000000,1000000,4,45,1,71255,24761,1
130,R,1000000,300000,7,49,1,7373,16623,1
131,A,1000000,1000000,5,65,1,0,74800,1
132,R,700000,700000,4,46,1,5244,263934,1
133,R,1000000,300000,8,63,1,5699,6808,1
134,R,1000000,1000000,2,43,1,381473,183312,1
135,R,1000000,1000000,2,50,1,884,180000,1
136,R,700000,700000,13,42,1,6540,28126,1
137,R,1000000,300000,7,47,1,39978,2850,1
138,R,600000,600000,8,81,1,6318,26325,1
139,R,1000000,1000000,2,62,1,11590,3467,1
140,R,1000000,1000000,4,57,1,61884,33999,1
141,R,1000000,300000,8,87,1,15845,3529,1
142,R,1000000,300000,8,87,1,0,3529,1
143,R,1000000,300000,8,87,1,,3529,1
144,R,1000000,300000,8,87,1,,3529,1
145,R,1000000,300000,4,68,1,29294,55026,1
146,R,700000,700000,4,45,1,36086,4932,1
147,R,1000000,900000,12,49,1,40934,3964,1
148,R,1000000,1000000,2,55,1,45336,19692,1
149,R,1000000,1000000,3,66,1,10047,45432,1
150,R,1000000,1000000,2,45,0,15153,26766,1
151,R,600000,300000,4,51,1,12575,174822,1
152,A,400000,400000,8,79,1,35739,3975,1
153,R,1000000,300000,7,43,1,93767,46457,1
154,R,700000,300000,7,43,1,1455,14742,1
155,R,1000000,1000000,2,58,1,45210,40572,1
156,R,400000,300000,4,53,1,102465,46620,1
157,R,1000000,300000,8,72,1,17144,7699,1
158,R,600000,300000,8,89,1,215283,3643,1
159,A,600000,300000,8,75,1,16679,3948,1
160,R,1000000,1000000,2,56,0,9840,8075,1
161,R,1000000,1000000,2,46,0,,49536,1
162,R,1000000,300000,4,69,1,10911,6284,1
163,R,700000,300000,4,73,1,8319,2127,1
164,R,1000000,800000,7,65,1,11411,3386,1
165,R,1000000,1000000,2,46,1,242594,27054,1
166,R,600000,600000,4,62,1,174069,26541,1
167,R,1000000,700000,8,70,1,29668,50724,1
168,R,1000000,300000,7,63,1,160505,8010,1
169,R,1000000,300000,7,57,1,117650,19800,1
170,R,500000,500000,1,60,0,276620,819,1
171,R,1000000,1000000,10,48,0,65042,9990,1
172,R,1000000,300000,7,56,1,242464,486,1
173,A,1200000,1200000,4,46,1,44986,66233,1
174,R,1000000,300000,7,47,1,24657,6822,1
175,R,700000,700000,2,44,1,90547,22653,1
176,R,1000000,300000,4,44,1,81774,110138,1
177,R,1500000,1500000,2,40,0,,26087,1
178,B,400000,400000,4,46,1,35781,46808,1
179,R,1000000,300000,7,56,1,23489,10980,1
180,R,500000,300000,7,41,1,42073,9792,1
181,R,700000,700000,2,47,1,33984,3603,1
182,R,1000000,1000000,2,52,1,38420,5788,1
183,R,1000000,1000000,2,52,1,302421,75765,1
184,R,1000000,1000000,2,65,1,46075,13464,1
185,R,1000000,1000000,2,46,1,331512,180000,1
186,R,1000000,700000,2,54,1,6204,18794,1
187,R,700000,700000,2,49,1,41425,76088,1
188,R,1000000,300000,7,56,1,1691,39203,1
189,R,1000000,1000000,5,45,1,92859,42403,1
190,R,1000000,1000000,4,72,1,6907,19831,1
191,R,600000,300000,7,45,1,128788,156681,1
192,R,700000,700000,4,55,1,29482,5534,1
193,R,1000000,1000000,3,58,1,31740,19800,1
194,R,1000000,1000000,2,50,1,7194,7020,1
195,R,1000000,1000000,2,58,0,94209,51570,1
196,R,1000000,300000,4,67,1,18657,0,1
197,R,1000000,500000,7,47,1,10506,18850,1
198,R,1000000,1000000,4,69,1,47817,4266,1
199,R,600000,600000,2,44,1,171986,26974,1
200,R,600000,600000,2,51,1,15696,67770,1
201,R,1000000,1000000,7,48,1,30210,20001,1
202,R,1000000,300000,4,51,1,16106,180000,1
203,R,1000000,1000000,2,64,1,63967,9900,1
204,R,700000,700000,8,80,1,91038,21570,1
205,R,1000000,1000000,4,65,1,1735,46620,1
206,R,1000000,800000,5,51,1,4180,62272,1
207,R,600000,600000,4,57,1,5627,7224,1
208,R,600000,600000,1,71,1,196826,3906,1
209,R,1000000,1000000,4,64,1,125790,80860,1
210,B,1000000,1000000,2,51,1,65292,50585,1
211,R,700000,700000,3,70,1,71593,9629,1
212,R,1000000,900000,3,48,1,29307,20385,1
213,R,1000000,300000,7,57,1,24989,10184,1
214,R,700000,700000,13,47,0,8047,30830,1
215,R,1000000,300000,11,64,0,2543,4738,1
216,R,600000,600000,2,43,1,17933,37422,1
217,R,500000,500000,7,58,1,395216,22324,1
218,R,700000,300000,8,66,1,24967,0,1
219,R,600000,600000,2,50,1,763881,190344,1
220,R,600000,600000,2,43,1,2179,180000,1
221,R,1000000,1000000,2,56,1,7199,5706,1
222,R,700000,300000,2,51,1,215577,17613,1
223,R,1000000,1000000,4,54,1,,90090,1
224,R,300000,300000,1,52,1,,21474,1
225,R,1500000,1500000,5,65,1,95459,7743,1
226,A,1000000,1000000,2,52,1,136804,1025,1
227,R,500000,500000,13,69,1,63627,0,1
228,B,1000000,1000000,2,46,1,13536,22680,1
229,R,1000000,1000000,2,46,1,26265,4442,1
230,R,1000000,1000000,5,60,1,67012,41382,1
231,R,1000000,1000000,2,60,0,30619,24395,1
232,R,1000000,1000000,2,50,1,51550,12960,1
233,R,1000000,1000000,3,57,1,12412,22291,1
234,A,700000,300000,4,54,1,193851,56205,1
235,A,500000,300000,4,58,1,58372,6029,1
236,A,500000,300000,4,58,1,,6029,1
237,R,1000000,1000000,2,63,0,147635,53037,1
238,R,200000,0,4,50,1,,22862,1
239,R,1000000,1000000,4,68,1,31187,34670,1
240,R,500000,300000,7,51,1,14665,33156,1
241,R,1000000,1000000,13,64,1,113850,10980,1
242,R,1000000,1000000,2,46,1,88486,31374,1
243,R,1000000,1000000,2,49,1,2704,1836,1
244,R,1000000,1000000,4,49,1,348352,69510,1
245,R,600000,600000,4,44,1,8107,28727,1
246,R,600000,300000,1,40,1,2575,7020,1
247,R,1000000,500000,12,46,1,18080,15182,1
248,R,1000000,1000000,2,56,0,30964,20265,1
249,A,1500000,1500000,2,46,1,165570,6303,1
250,R,1200000,1200000,8,78,1,25054,3835,1
251,B,1000000,300000,7,48,1,42172,59385,1
252,R,700000,700000,2,43,1,23814,8205,1
253,R,1000000,300000,7,70,1,,34114,1
254,R,1000000,1000000,4,53,1,9288,20633,1
255,R,700000,700000,2,49,1,38188,371,1
256,R,400000,400000,2,44,1,655,17910,1
257,R,1000000,1000000,2,51,1,2979,24345,1
258,R,1000000,300000,7,55,1,176590,63765,1
259,R,1000000,300000,7,51,1,72755,12961,1
260,R,300000,300000,7,54,1,119314,10215,1
261,R,1000000,1000000,2,39,1,71524,26644,1
262,R,600000,300000,5,57,1,80343,11583,1
263,R,1000000,1000000,2,53,0,523977,24696,1
264,R,500000,500000,7,48,1,941,48603,1
265,R,1000000,300000,7,49,1,2123,3247,1
266,R,1000000,1000000,2,43,0,33065,1477,1
267,R,700000,700000,2,58,1,615424,1934,1
268,R,1000000,1000000,4,51,1,11455,12614,1
269,R,1000000,1000000,3,51,1,65799,5364,1
270,R,700000,700000,2,43,1,98484,29690,1
271,R,1000000,1000000,2,44,1,23581,7821,1
272,R,1000000,1000000,2,51,1,3175,48466,1
273,R,700000,700000,8,86,1,6641,13783,1
274,R,1000000,1000000,8,90,0,5484,1598,1
275,R,1000000,600000,8,85,1,1146,7250,1
276,R,1000000,1000000,2,60,1,163229,34094,1
277,R,700000,700000,5,59,1,45268,2708,1
278,R,700000,300000,8,79,1,56427,20648,1
279,R,1000000,1000000,2,53,0,24498,28081,1
280,R,1000000,300000,11,56,1,53802,3289,1
281,A,1000000,1000000,13,52,1,,19539,1
282,A,500000,300000,11,91,0,3191,2981,1
283,R,700000,300000,8,79,1,34578,10915,1
284,R,600000,600000,5,82,1,10450,50580,1
285,R,1000000,1000000,7,76,1,0,8352,1
286,R,1000000,1000000,4,72,1,0,3285,1
287,R,1000000,300000,4,57,1,3500,6930,1
288,R,700000,700000,5,66,0,31900,9655,1
289,R,1000000,1000000,3,53,0,80031,16364,1
290,R,1000000,1000000,2,60,1,59128,11752,1
291,R,600000,600000,5,55,0,3,3492,1
292,R,1000000,1000000,2,60,0,38601,26258,1
293,R,1000000,1000000,2,52,1,29052,79596,1
294,R,1000000,1000000,2,44,0,124517,12118,1
295,R,600000,300000,7,49,1,,34201,1
296,R,600000,600000,11,83,0,8152,5430,1
297,A,700000,600000,8,72,1,49445,27321,1
298,R,1000000,1000000,2,52,1,40797,5130,1
299,R,1500000,1500000,2,54,0,16188,127800,1
300,R,1000000,1000000,4,50,1,66752,115357,1
301,R,1200000,1200000,2,54,0,76027,85571,1
302,R,1000000,1000000,2,46,1,34439,52326,1
303,R,1000000,1000000,2,62,1,1352,4833,1
304,R,1000000,1000000,2,47,0,14027,16605,1
305,R,1000000,1000000,2,63,0,30816,10809,1
306,R,1000000,1000000,2,60,0,48843,5510,1
307,R,700000,300000,4,58,1,2972,1188,1
308,R,1000000,1000000,2,58,1,17933,3174,1
309,R,1000000,1000000,2,47,1,11200,1273,1
310,R,1000000,1000000,2,48,0,49139,8855,1
311,R,1000000,1000000,3,65,1,76655,17052,1
312,R,1000000,1000000,7,60,1,20120,7173,1
313,R,1000000,500000,8,69,1,11217,904,1
314,A,1000000,300000,8,76,1,1357,3369,1
315,R,700000,300000,8,70,1,,18096,1
316,R,1000000,1000000,8,78,0,941,9986,1
317,R,1000000,1000000,2,43,1,69606,53833,1
318,R,1500000,300000,4,59,1,,34146,1
319,R,1000000,1000000,8,72,1,14667,3975,1
320,R,1500000,1500000,2,56,0,218762,132169,1
321,R,400000,400000,4,56,1,169458,52470,1
322,R,1000000,1000000,2,46,1,222399,25380,1
323,R,500000,300000,7,48,1,131854,111335,1
324,R,700000,700000,2,41,1,73980,9405,1
325,R,1000000,1000000,2,60,1,62424,6741,1
326,R,1000000,1000000,2,54,1,4820,117,1
327,R,1000000,1000000,2,59,0,23472,0,1
328,R,1000000,1000000,2,55,1,72537,1089,1
329,R,1000000,300000,7,63,1,19198,16215,1
330,R,1000000,1000000,2,54,0,80193,10201,1
331,R,1000000,1000000,1,58,0,276,6318,1
332,R,1000000,1000000,13,53,1,153665,89055,1
333,R,1000000,1000000,2,56,1,10577,22885,1
334,R,1000000,700000,7,59,1,267795,30083,1
335,R,600000,500000,8,79,0,25499,8109,1
336,R,1000000,1000000,2,46,0,32110,1161,1
337,R,1000000,1000000,8,66,0,25033,998,1
338,R,1000000,1000000,7,67,0,20627,180000,1
339,R,1000000,1000000,2,47,0,103465,68250,1
340,R,1000000,1000000,1,63,0,16026,3685,1
341,R,1000000,1000000,2,62,0,22446,1539,1
342,R,300000,0,2,44,0,86350,43585,1
343,R,1000000,1000000,2,61,0,0,9405,1
344,R,700000,700000,4,71,1,313583,135760,1
345,R,1000000,1000000,2,45,1,35482,62964,1
346,R,1000000,1000000,2,39,1,77448,10980,1
347,R,1000000,1000000,4,48,1,216749,16484,1
348,R,600000,600000,2,51,1,102960,36567,1
349,R,500000,300000,7,54,1,44822,17843,1
350,R,1000000,1000000,2,65,1,2700,24282,1
351,A,1000000,1000000,2,48,1,434850,40392,1
352,R,700000,700000,2,45,1,136824,139896,1
353,R,1000000,1000000,3,51,1,25559,36463,1
354,R,1000000,1000000,4,58,1,131156,12664,1
355,A,200000,200000,2,56,1,366723,26995,1
356,R,1100000,1100000,7,54,1,41853,23355,1
357,R,1000000,1000000,4,52,1,516035,66451,1
358,R,1000000,300000,2,39,1,5431,57015,1
359,R,1000000,1000000,2,46,1,60142,18304,1
360,R,600000,300000,4,45,1,5979,14871,1
361,R,1000000,1000000,8,66,1,7264,13580,1
362,A,1000000,1000000,4,77,1,46756,15079,1
363,R,700000,700000,2,48,0,11440,32562,1
364,R,1500000,1500000,2,62,0,749,57510,1
365,R,700000,700000,5,66,0,186137,13455,1
366,R,1500000,300000,7,56,1,49165,42623,1
367,R,1000000,1000000,2,50,0,1193971,116809,1
368,R,1000000,1000000,2,67,1,65652,40085,1
369,R,600000,300000,4,48,1,27034,53619,1
370,R,1000000,300000,4,65,1,30060,2907,1
371,R,600000,300000,4,52,1,156458,12960,1
372,R,600000,300000,4,57,1,105227,18123,1
373,R,1000000,1000000,3,70,1,28425,0,1
374,R,1000000,300000,4,69,1,5017,24210,1
375,R,1000000,1000000,1,77,0,43499,14422,1
376,R,1000000,300000,8,76,1,131996,22990,1
377,R,1000000,500000,2,47,1,63443,14256,1
378,R,700000,700000,2,52,1,1000,16886,1
379,R,300000,300000,8,85,1,12973,814,1
380,B,600000,600000,13,58,1,17986,16462,1
381,R,1000000,1000000,2,60,1,360610,171023,1
382,R,1000000,1000000,2,42,0,27748,10254,1
383,R,1000000,1000000,1,56,1,303230,4423,1
384,R,1000000,300000,4,74,1,66476,2352,1
385,R,1000000,300000,4,50,1,51208,58431,1
386,R,1500000,1000000,7,59,1,16633,55575,1
387,R,600000,600000,1,66,0,5605,30977,1
388,R,1000000,1000000,5,64,0,223284,56816,1
389,R,1000000,1000000,2,55,1,48074,10677,1
390,R,1000000,1000000,2,48,0,21201,1791,1
391,R,700000,300000,11,48,1,,15897,1
392,R,400000,400000,2,44,1,321279,10205,1
393,R,400000,400000,5,45,1,168146,46699,1
394,R,1000000,300000,7,42,1,28529,41936,1
395,R,1000000,300000,7,52,1,20015,19165,1
396,A,1000000,1000000,1,58,0,34162,10664,1
397,B,200000,200000,2,45,1,135042,0,1
398,R,1000000,1000000,2,40,1,49320,31185,1
399,R,1000000,800000,5,61,1,101475,25348,1
400,R,1000000,1000000,4,57,1,58685,15363,1
401,R,700000,700000,2,40,1,796958,10980,1
402,R,1000000,1000000,4,60,1,19857,15283,1
403,R,1000000,1000000,2,64,0,51842,816,1
404,B,700000,700000,8,87,0,63398,14631,1
405,R,1000000,1000000,11,70,0,31986,8003,1
406,R,700000,700000,5,69,1,,9720,1
407,R,1000000,1000000,4,65,1,5379,2734,1
408,R,1000000,1000000,2,52,0,960,109485,1
409,R,500000,500000,2,41,1,38511,40064,1
410,B,600000,600000,4,37,1,106245,57308,1
411,R,1000000,1000000,2,38,1,1061,6713,1
412,R,700000,300000,5,41,1,136052,65835,1
413,R,1000000,1000000,2,59,1,23642,58137,1
414,R,500000,300000,7,78,1,15032,19422,1
415,R,1000000,300000,4,72,1,28215,76230,1
416,R,1000000,1000000,2,57,1,1478,2664,1
417,R,1000000,1000000,2,40,1,5769,4808,1
418,R,700000,700000,2,40,0,48009,68310,1
419,R,1500000,1500000,2,48,1,73410,11291,1
420,R,500000,500000,1,43,1,3825,13752,1
421,R,700000,300000,7,53,1,56849,35730,1
422,R,1000000,1000000,2,64,1,6750,23103,1
423,R,500000,500000,7,45,1,42164,56520,1
424,R,1000000,1000000,2,40,1,89073,23997,1
425,A,600000,300000,7,47,1,128046,37903,1
426,R,700000,700000,13,52,1,8321,55954,1
427,R,300000,300000,2,45,0,63536,177705,1
428,R,700000,300000,8,41,0,34144,12960,1
429,A,500000,500000,3,42,1,21721,42418,1
430,R,500000,500000,2,42,1,98223,75476,1
431,R,700000,500000,2,60,1,22159,1600,1
432,R,1000000,700000,7,44,1,24315,12317,1
433,R,700000,700000,3,42,1,10941,148646,1
434,R,700000,700000,2,61,1,15376,16524,1
435,R,1000000,1000000,2,58,1,36769,90252,1
436,R,1000000,1000000,2,48,1,124389,20385,1
437,R,700000,300000,7,55,1,46955,70749,1
438,R,1000000,1000000,1,45,1,0,78705,1
439,R,1000000,1000000,2,51,1,169459,85932,1
440,R,1000000,1000000,1,53,0,25704,121001,1
441,R,1000000,1000000,2,40,0,37734,159390,1
442,R,1000000,1000000,2,40,0,129515,5338,1
443,R,1000000,1000000,4,59,1,197354,75071,1
444,R,1000000,1000000,8,79,0,10533,9485,1
445,R,1000000,1000000,2,61,0,41029,10386,1
446,R,1000000,300000,4,72,1,49620,12510,1
447,R,1000000,1000000,2,61,0,37204,77097,1
448,R,1000000,1000000,2,50,0,74270,41261,1
449,R,1000000,1000000,2,52,0,2763,101615,1
450,R,700000,700000,2,50,0,52029,20466,1
451,R,1000000,1000000,4,45,1,37478,8841,1
452,R,1000000,1000000,2,47,1,87986,38538,1
453,A,1000000,300000,7,52,1,141883,76079,1
454,R,1000000,1000000,2,56,0,9999,5472,1
455,R,1000000,1000000,3,50,0,103358,12807,1
456,R,700000,300000,5,71,1,28947,28800,1
457,R,1000000,300000,5,57,1,35903,29223,1
458,R,1500000,1500000,2,57,1,0,30510,1
459,R,1000000,1000000,7,69,1,9772,4153,1
460,R,1000000,1000000,1,59,1,36928,65352,1
461,R,1000000,1000000,7,72,1,78693,5593,1
462,R,1000000,1000000,2,45,1,72328,179100,1
463,R,1000000,1000000,1,59,0,,29510,1
464,R,1000000,1000000,2,48,0,23913,2223,1
465,R,400000,400000,2,59,1,,0,1
466,R,1500000,1000000,3,58,1,8547,2502,1
467,B,1000000,1000000,4,60,1,0,25938,1
468,R,1000000,1000000,2,56,1,9825,3885,1
469,R,1000000,1000000,2,46,1,19723,20311,1
470,R,1000000,1000000,2,50,0,63506,40030,1
471,R,1500000,300000,4,63,1,,10811,1
472,R,1000000,1000000,3,45,1,81969,10049,1
473,R,1000000,1000000,4,57,1,126148,19329,1
474,R,1000000,1000000,4,40,1,23089,40201,1
475,R,1000000,800000,4,60,1,176458,14091,1
476,R,1000000,1000000,2,42,0,3696,17777,1
477,R,1500000,1500000,2,53,0,12227,441,1
478,R,1000000,1000000,3,45,0,930,18000,1
479,R,1000000,1000000,1,49,0,6223,14742,1
480,R,1000000,500000,7,63,1,8341,6986,1
481,B,1000000,1000000,2,46,0,0,13023,1
482,R,1000000,1000000,2,62,0,4314,113490,1
483,R,700000,700000,2,48,0,34080,105044,1
484,R,1000000,1000000,2,45,0,22970,48888,1
485,R,1000000,1000000,2,57,1,58564,37894,1
486,R,1000000,600000,7,57,1,16720,1599,1
487,R,1000000,1000000,2,57,1,33639,8379,1
488,R,1000000,1000000,4,47,1,3417,22950,1
489,R,1000000,300000,2,40,1,35091,7703,1
490,R,700000,700000,8,82,1,10562,0,1
491,R,700000,300000,8,73,1,135795,6722,1
492,R,500000,500000,8,73,1,,1179,1
493,R,1000000,1000000,2,50,0,13881,513,1
494,R,1000000,1000000,10,57,0,359849,35394,1
495,R,1000000,1000000,2,52,0,110011,41962,1
496,R,1000000,1000000,2,45,0,40026,42611,1
497,R,700000,300000,7,70,1,60429,156947,1
498,R,1000000,1000000,2,56,1,40405,5488,1
499,R,1000000,1000000,4,70,1,57316,16757,1
500,R,500000,500000,4,46,1,24037,11475,1
501,R,700000,700000,2,44,1,0,77140,1
502,R,600000,600000,2,39,1,11273,49320,1
503,R,1000000,300000,4,73,1,282435,3026,1
504,R,1000000,1000000,2,57,1,239354,57758,1
505,R,600000,600000,2,43,1,10498,27117,1
506,R,600000,600000,2,55,1,89251,18593,1
507,R,1000000,300000,2,41,1,26326,26801,1
508,R,700000,700000,2,38,0,76194,14570,1
509,R,1000000,1000000,4,39,1,24000,18104,1
510,R,1000000,300000,7,51,1,48887,82409,1
511,R,1000000,1000000,4,64,1,16932,38511,1
512,R,1000000,1000000,3,56,1,9222,175230,1
513,R,1000000,1000000,2,38,1,130196,7020,1
514,R,1000000,1000000,2,44,1,15734,22455,1
515,R,1000000,800000,2,48,1,2991,39294,1
516,R,1000000,1000000,2,38,1,32872,8155,1
517,R,1000000,1000000,4,44,1,2000,63269,1
518,R,500000,500000,5,40,1,106676,67320,1
519,A,1000000,1000000,8,66,0,2561,13482,1
520,R,1000000,1000000,7,72,1,476,2441,1
521,A,1000000,1000000,3,52,1,375583,3550,1
522,R,700000,700000,2,38,1,41823,58689,1
523,R,1000000,1000000,3,42,1,112853,11609,1
524,R,300000,300000,4,53,1,16313,2555,1
525,R,1000000,300000,7,64,1,,44730,1
526,R,400000,400000,8,82,1,97468,178119,1
527,R,1000000,1000000,2,45,0,31442,51316,1
528,R,500000,300000,7,42,1,18828,16812,1
529,R,700000,700000,2,44,1,6965,25335,1
530,R,1000000,300000,4,65,1,314276,180000,1
531,R,1000000,1000000,2,47,1,31779,27117,1
532,B,1000000,1000000,3,44,1,591368,79913,1
533,R,1000000,300000,4,48,1,6323,11129,1
534,R,1000000,1000000,4,48,0,36645,38629,1
535,R,1000000,1000000,2,55,0,15675,57070,1
536,R,1000000,300000,4,72,1,0,7372,1
537,R,700000,700000,4,57,1,47448,116726,1
538,R,1000000,1000000,2,51,1,9689,3059,1
539,R,1000000,1000000,2,56,1,,83160,1
540,R,1000000,1000000,1,49,1,18288,46620,1
541,R,400000,400000,13,41,1,100980,1141,1
542,R,400000,400000,2,38,1,57160,14286,1
543,R,700000,300000,12,42,1,13528,14940,1
544,R,700000,700000,2,47,1,10560,18495,1
545,R,1000000,1000000,4,69,1,17782,1245,1
546,A,1000000,300000,4,45,1,88893,4150,1
547,R,500000,500000,12,50,1,19502,11646,1
548,R,1000000,300000,7,41,1,165405,40767,1
549,R,1100000,400000,7,40,1,15229,15683,1
550,R,1000000,1000000,2,40,1,4378,3654,1
551,R,1000000,1000000,2,45,0,57469,150975,1
552,R,1000000,1000000,2,50,0,24788,102648,1
553,R,700000,700000,8,78,0,5985,1275,1
554,B,600000,600000,1,45,0,111396,128700,1
555,R,1000000,1000000,5,60,1,199482,60087,1
556,R,700000,700000,2,49,0,48593,105069,1
557,R,1000000,1000000,1,65,1,16720,35640,1
558,R,1000000,1000000,8,69,0,56167,17502,1
559,R,1000000,1000000,2,51,1,63906,18093,1
560,R,1000000,1000000,8,75,0,21512,9474,1
561,R,1000000,1000000,5,48,1,20758,33954,1
562,R,1000000,1000000,2,59,0,0,1779,1
563,R,1000000,1000000,4,59,1,0,17370,1
564,R,1000000,300000,4,68,1,37979,6409,1
565,R,700000,700000,5,85,1,,15809,1
566,R,1500000,1500000,2,50,0,990,20592,1
567,R,1000000,1000000,2,45,0,72090,54450,1
568,R,1000000,1000000,2,39,1,0,9130,1
569,R,1000000,1000000,4,56,1,90158,38266,1
570,R,1000000,1000000,2,49,0,33348,36750,1
571,R,1000000,1000000,2,48,1,129259,47160,1
572,A,1000000,1000000,2,41,1,137472,19800,1
573,R,1000000,1000000,1,50,1,33976,15678,1
574,R,1000000,800000,2,61,1,22356,71769,1
575,R,1000000,1000000,8,68,0,94383,89330,1
576,R,1000000,1000000,8,81,1,122390,27797,1
577,R,500000,300000,7,43,1,37985,3932,1
578,R,700000,700000,2,44,1,0,7614,1
579,R,700000,700000,2,42,1,78472,3654,1
580,R,1000000,1000000,2,46,1,90921,97779,1
581,R,1000000,1000000,2,38,1,49221,46530,1
582,R,700000,700000,3,47,0,4966,33503,1
583,R,1000000,1000000,2,46,1,1933,972,1
584,R,1000000,1000000,1,73,0,,7300,1
585,R,1000000,1000000,2,60,1,35649,173470,1
586,R,1000000,1000000,2,83,0,29071,4494,1
587,R,1200000,300000,4,51,1,11032,4689,1
588,R,1500000,1500000,10,46,0,318684,52186,1
589,R,1500000,1500000,10,46,0,,52186,1
590,R,600000,300000,7,53,1,25264,2822,1
591,R,1000000,1000000,4,56,1,3230,8111,1
592,R,1000000,1000000,2,61,0,28323,1377,1
593,R,700000,300000,7,53,1,73152,7128,1
594,R,1000000,1000000,2,44,1,16933,1239,1
595,R,600000,600000,4,66,1,88541,8455,1
596,R,1000000,1000000,2,53,0,184147,111781,1
597,R,1000000,1000000,4,51,1,36640,44487,1
598,A,1000000,300000,12,55,1,64905,39177,1
599,B,1000000,1000000,2,50,1,201357,55533,1
600,R,700000,300000,11,67,1,11495,12366,1
601,R,600000,300000,7,52,1,12693,24345,1
602,R,600000,600000,2,62,1,57277,68041,1
603,R,1000000,300000,4,59,1,155464,55104,1
604,R,500000,0,5,80,1,0,14725,1
605,R,600000,600000,2,63,1,5738,3240,1
606,R,1000000,1000000,4,56,1,9551,4526,1
607,R,1000000,1000000,2,45,1,15840,20385,1
608,R,1000000,1000000,2,56,1,4160,86569,1
609,R,1000000,300000,7,49,1,12066,16594,1
610,R,700000,500000,2,40,1,74664,23760,1
611,R,1000000,1000000,11,46,1,26191,100325,1
612,R,1000000,1000000,2,45,0,193481,155205,1
613,R,600000,600000,4,39,1,58901,7255,1
614,R,1000000,500000,7,41,1,13585,11168,1
615,R,1000000,1000000,2,48,1,18288,14940,1
616,R,1000000,1000000,2,48,1,115564,14951,1
617,R,1000000,1000000,2,42,1,4886,15966,1
618,R,1000000,1000000,2,48,1,18905,59895,1
619,R,1000000,300000,4,45,1,97927,14589,1
620,R,600000,300000,7,54,1,89169,25684,1
621,A,600000,300000,7,49,1,41580,167310,1
622,R,1200000,700000,4,54,1,69354,9738,1
623,R,700000,700000,2,38,1,144634,7920,1
624,R,1000000,300000,7,50,1,46653,30879,1
625,R,500000,500000,5,37,1,56589,36233,1
626,A,400000,400000,2,41,1,6840,14777,1
627,R,1000000,1000000,2,40,1,1957,14850,1
628,R,1000000,300000,3,65,1,136525,76288,1
629,R,1000000,1000000,4,37,1,60112,31136,1
630,R,1000000,1000000,2,41,1,47989,40384,1
631,R,700000,700000,13,45,1,,51030,1
632,R,700000,700000,2,50,1,0,155142,1
633,R,200000,200000,12,26,1,4990,22510,1
634,R,1000000,1000000,2,54,0,9954,5275,1
635,R,500000,300000,6,20,1,3884,10944,1
636,R,1000000,500000,4,59,1,57539,10603,1
637,R,1000000,300000,7,68,1,13872,6408,1
638,R,600000,600000,2,61,0,623444,39070,1
639,R,1000000,300000,8,69,1,63868,18289,1
640,R,200000,200000,6,21,1,55413,4321,1
641,R,700000,300000,8,77,1,16019,12717,1
642,R,1000000,1000000,8,69,1,15545,18117,1
643,R,1000000,1000000,2,32,1,41917,13930,1
644,B,1000000,300000,7,53,1,258191,178845,1
645,R,600000,300000,6,23,1,175462,36369,1
646,R,1000000,1000000,2,44,0,53588,19667,1
647,R,300000,300000,8,76,1,45742,7761,1
648,R,700000,700000,2,33,0,17847,25982,1
649,R,1000000,1000000,10,57,1,0,4020,1
650,R,1000000,1000000,4,67,1,1529,5040,1
651,R,1000000,1000000,2,60,1,12224,3941,1
652,R,1000000,300000,7,71,1,45676,1652,1
653,R,600000,300000,6,30,1,85008,4938,1
654,R,1100000,1100000,4,38,1,130158,59490,1
655,R,1000000,1000000,2,41,1,14130,67258,1
656,R,1500000,1500000,2,57,1,84365,23454,1
657,A,700000,700000,8,82,0,3814,6630,1
658,R,500000,300000,8,79,1,98402,10856,1
659,R,1000000,1000000,10,50,0,21465,34434,1
660,R,1500000,1500000,2,52,0,181658,152865,1
661,R,1000000,1000000,2,50,0,45194,87120,1
662,R,1000000,300000,7,57,1,7492,13665,1
663,R,1000000,1000000,1,47,0,,10281,1
664,R,600000,600000,2,37,0,7110,59040,1
665,R,1000000,1000000,5,60,1,,2843,1
666,R,1000000,1000000,2,51,0,8391,28710,1
667,R,1500000,1500000,2,58,0,,25830,1
668,R,1000000,300000,7,56,1,40992,2052,1
669,R,1000000,300000,4,70,1,13260,14652,1
670,R,1000000,1000000,2,44,1,,39076,1
671,R,1000000,1000000,4,53,1,10834,1188,1
672,R,1000000,1000000,2,48,1,75935,16758,1
673,R,1000000,1000000,2,57,0,60140,69219,1
674,R,1000000,1000000,3,54,0,14334,20043,1
675,R,1000000,1000000,2,54,1,836,36981,1
676,R,1000000,1000000,4,55,1,1691,28044,1
677,R,1000000,1000000,1,68,0,118694,6071,1
678,R,1000000,1000000,5,68,1,23646,7092,1
679,R,600000,300000,8,83,1,12241,12855,1
680,B,1500000,300000,4,74,1,14307,9685,1
681,R,1500000,1500000,1,60,1,11481,1966,1
682,R,1000000,1000000,2,63,0,55532,61025,1
683,R,1000000,300000,5,58,1,99275,5251,1
684,R,1000000,1000000,5,68,1,298755,50286,1
685,R,1000000,1000000,2,55,0,247,445,1
686,R,700000,700000,8,85,1,20508,16145,1
687,R,1500000,1500000,1,61,0,17934,44053,1
688,R,600000,300000,8,80,1,2362,45630,1
689,R,1000000,1000000,1,54,0,,54162,1
690,R,1000000,1000000,1,78,1,21139,7198,1
691,R,1000000,1000000,3,40,1,136000,25535,1
692,R,1000000,1000000,4,67,1,17719,5695,1
693,R,1000000,300000,7,56,1,380419,5796,1
694,R,700000,300000,12,58,1,50007,17527,1
695,B,600000,300000,8,79,1,22566,7605,1
696,R,600000,600000,2,62,1,28054,38250,1
697,R,1000000,1000000,2,55,1,12331,38700,1
698,R,700000,300000,4,57,1,33379,89125,1
699,R,300000,300000,5,52,1,13455,19098,1
700,R,1000000,1000000,2,57,0,84250,6040,1
701,R,1000000,1000000,2,55,0,295497,87876,1
702,A,700000,700000,5,55,1,910895,10533,1
703,R,1000000,1000000,10,50,0,48673,22395,1
704,R,1000000,1000000,2,43,1,10175,30393,1
705,R,1500000,1500000,2,52,0,0,5233,1
706,R,1000000,1000000,2,58,0,86454,30474,1
707,R,1000000,300000,4,73,1,88231,124164,1
708,R,700000,700000,3,44,0,35793,70416,1
709,R,1000000,1000000,2,44,1,3344,2972,1
710,R,1000000,1000000,3,38,1,426188,91841,1
711,R,1000000,1000000,2,38,0,10275,37965,1
712,R,1000000,1000000,5,51,0,20790,19890,1
713,R,1000000,500000,7,45,1,54720,22365,1
714,R,1000000,1000000,8,71,1,343277,16178,1
715,R,1000000,1000000,2,50,0,35530,64000,1
716,R,1000000,1000000,5,52,1,13895,180000,1
717,R,1000000,1000000,2,45,1,491837,64971,1
718,R,1000000,1000000,4,58,1,903176,87120,1
719,R,1500000,1500000,2,56,1,55394,2775,1
720,R,1000000,1000000,2,58,1,136658,30207,1
721,R,1000000,300000,7,51,1,54526,4437,1
722,R,1000000,300000,5,69,1,963,29648,1
723,R,1000000,1000000,1,44,0,364804,76028,1
724,R,700000,700000,4,66,1,22537,6171,1
725,R,1000000,1000000,2,51,1,92549,180000,1
726,R,700000,700000,2,42,1,47672,38421,1
727,R,1000000,300000,7,50,1,18667,10953,1
728,R,1000000,1000000,2,41,0,11339,8802,1
729,R,700000,700000,2,42,1,39204,67410,1
730,R,600000,300000,7,46,1,35228,44303,1
731,R,1000000,1000000,2,38,0,35699,166642,1
732,R,1000000,300000,4,45,1,,43268,1
733,R,1000000,1000000,2,37,1,460163,22649,1
734,R,1000000,1000000,3,38,1,101180,6842,1
735,R,500000,500000,2,41,1,245369,3203,1
736,A,700000,300000,7,64,1,19314,5841,1
737,R,500000,500000,2,38,0,211711,47773,1
738,R,500000,500000,4,50,1,25634,9453,1
739,R,1000000,1000000,4,39,1,0,72711,1
740,R,1500000,300000,7,62,1,118333,11814,1
741,R,1000000,1000000,2,56,1,,42365,1
742,R,1000000,300000,7,39,1,49051,4958,1
743,R,1000000,1000000,2,39,0,93733,11618,1
744,R,700000,700000,2,38,1,,2763,1
745,R,400000,400000,5,58,1,11822,26730,1
746,R,1000000,1000000,2,51,1,14049,18132,1
747,A,1000000,1000000,2,53,1,55355,41877,1
748,R,300000,300000,7,37,1,26819,53010,1
749,R,1000000,1000000,4,39,1,20000,13699,1
750,R,600000,300000,4,43,1,37409,1359,1
751,R,500000,500000,3,43,1,93584,40509,1
752,R,1000000,1000000,2,48,1,3947,26204,1
753,R,1000000,1000000,2,51,1,18076,38745,1
754,R,1000000,1000000,2,41,1,80903,61916,1
755,R,700000,300000,7,56,1,24400,26980,1
756,R,600000,600000,5,62,1,41796,5832,1
757,R,700000,700000,7,40,1,18079,35730,1
758,R,1000000,1000000,2,39,0,2756,28735,1
759,R,1000000,1000000,2,62,0,99466,4725,1
760,R,600000,600000,8,79,1,365050,3597,1
761,R,1500000,1500000,2,68,1,385870,46931,1
762,R,1000000,1000000,4,68,1,26914,3353,1
763,R,700000,300000,7,65,1,17898,8460,1
764,R,700000,500000,11,49,1,18810,57255,1
765,R,1000000,1000000,2,54,0,65756,7173,1
766,R,1000000,1000000,2,48,0,13719,26631,1
767,R,1000000,1000000,3,39,1,,630,1
768,R,1000000,1000000,4,70,1,23395,2863,1
769,R,1000000,1000000,2,55,1,3644,20727,1
770,R,1000000,300000,11,51,0,261565,5407,1
771,R,1500000,300000,4,74,1,379260,72311,1
772,R,600000,300000,8,69,0,89827,14034,1
773,R,1000000,1000000,1,61,0,155697,34067,1
774,R,700000,700000,5,57,1,104919,50526,1
775,R,1000000,300000,8,76,1,36518,0,1
776,R,700000,700000,2,55,1,,4641,1
777,R,1000000,1000000,4,55,1,173822,22410,1
778,R,1000000,1000000,2,45,0,31990,727,1
779,R,1000000,1000000,2,49,0,0,16524,1
780,R,1000000,1000000,3,56,1,9901,8910,1
781,R,600000,600000,2,53,0,40520,14957,1
782,R,1000000,1000000,2,41,0,16720,37719,1
783,R,1000000,300000,7,55,1,31413,26946,1
784,R,600000,300000,8,75,1,20000,34542,1
785,R,1500000,1500000,2,68,0,6692,18858,1
786,R,1500000,1000000,7,60,1,52565,16866,1
787,R,1000000,1000000,2,54,1,449315,8610,1
788,R,700000,700000,3,41,1,11714,43340,1
789,R,1000000,1000000,5,58,1,0,47170,1
790,R,1000000,1000000,2,54,1,74755,2394,1
791,R,400000,400000,7,54,1,172815,4923,1
792,R,1000000,1000000,2,57,1,39254,16919,1
793,R,1000000,1000000,1,60,0,27570,2565,1
794,R,600000,600000,2,56,1,44730,26482,1
795,R,1200000,1200000,4,59,1,80176,97218,1
796,R,1200000,1200000,4,59,1,,97218,1
797,R,1000000,300000,4,58,1,254555,57063,1
798,R,1000000,1000000,2,59,0,22569,16411,1
799,R,1000000,1000000,2,60,1,100720,19272,1
800,R,700000,700000,5,48,1,,25574,1
801,R,1000000,1000000,2,57,1,8943,63950,1
802,R,1000000,800000,8,68,1,11426,7367,1
803,R,300000,300000,12,49,1,183488,23724,1
804,R,1000000,1000000,2,36,0,25086,13759,1
805,R,700000,300000,4,53,1,88208,34074,1
806,R,1000000,1000000,2,47,1,95004,11347,1
807,R,1000000,1000000,2,52,0,0,8900,1
808,R,1000000,1000000,2,59,1,26666,34776,1
809,R,1000000,1000000,2,51,1,27767,9489,1
810,R,1000000,1000000,5,54,1,,56520,1
811,R,700000,300000,4,61,1,,32576,1
812,R,700000,300000,4,39,1,,15993,1
813,R,600000,600000,2,47,0,145755,24750,1
814,R,1000000,300000,4,72,1,18603,93762,1
815,R,1000000,1000000,2,56,0,14421,32760,1
816,R,1000000,1000000,2,36,1,104182,28505,1
817,R,1000000,1000000,2,55,1,44632,39128,1
818,R,1000000,1000000,2,54,1,5384,26797,1
819,R,1000000,1000000,5,82,0,147658,30240,1
820,R,1000000,1000000,2,38,1,9740,15633,1
821,A,700000,700000,2,37,1,99385,34650,1
822,R,400000,400000,2,46,1,112394,36522,1
823,R,1000000,1000000,1,57,0,13941,13766,1
824,R,1000000,1000000,2,43,1,103581,30980,1
825,R,400000,300000,13,40,1,52174,116514,1
826,R,600000,600000,2,38,0,183948,41670,1
827,R,1000000,1000000,2,36,1,32290,18471,1
828,R,1000000,300000,4,64,1,24929,7317,1
829,R,1000000,1000000,4,65,1,8802,30428,1
830,R,1000000,1000000,7,44,1,120373,16548,1
831,R,1000000,1000000,3,49,1,81351,82639,1
832,R,1000000,300000,11,63,0,51521,23484,1
833,R,1000000,300000,4,64,1,,2528,1
834,R,1000000,300000,4,48,1,3000,25569,1
835,R,1000000,1000000,2,46,0,,3864,1
836,A,600000,300000,2,39,1,148452,27210,1
837,R,1000000,1000000,2,58,1,20267,5916,1
838,R,700000,300000,7,47,1,5198,118800,1
839,R,1000000,600000,8,80,0,241842,5848,1
840,R,600000,300000,4,53,1,52955,24687,1
841,R,1000000,1000000,2,58,0,5157,10489,1
842,R,400000,400000,2,65,1,1178,774,1
843,R,1000000,1000000,8,70,0,,5679,1
844,R,200000,200000,5,41,0,6357,10287,1
845,R,1000000,300000,4,57,1,17206,15224,1
846,R,1000000,700000,7,57,1,7467,44550,1
847,R,600000,600000,2,40,1,2151,11600,1
848,R,1000000,1000000,2,65,0,8478,2241,1
849,R,700000,300000,7,56,1,1035,32634,1
850,R,1000000,300000,7,58,1,100035,128790,1
851,R,1000000,1000000,5,42,0,18641,7452,1
852,R,200000,200000,8,84,1,9827,7560,1
853,R,1500000,1500000,2,41,1,60782,10296,1
854,R,500000,500000,2,46,0,93085,65953,1
855,R,700000,600000,7,37,1,23777,8703,1
856,R,1000000,1000000,11,35,0,107644,0,1
857,R,700000,700000,2,36,0,1516,72900,1
858,R,1000000,1000000,2,40,1,8513,4896,1
859,R,700000,300000,4,58,1,33248,161593,1
860,R,1000000,300000,2,54,1,,13005,1
861,R,1000000,300000,4,47,1,7425,28800,1
862,R,600000,500000,5,49,1,18079,14346,1
863,R,1000000,1000000,1,49,1,65316,879,1
864,R,1000000,300000,4,57,1,209645,125370,1
865,R,1000000,1000000,2,36,1,0,3240,1
866,R,1500000,1500000,2,72,0,41710,180000,1
867,R,700000,500000,7,49,1,107840,155476,1
868,R,1000000,1000000,2,55,1,73655,16227,1
869,R,500000,500000,2,42,0,74927,4402,1
870,R,1000000,1000000,4,63,1,0,11937,1
871,R,600000,600000,5,78,1,11880,36720,1
872,R,1000000,1000000,2,56,1,204187,20880,1
873,A,1000000,1000000,2,60,1,151591,73459,1
874,R,1000000,1000000,2,37,1,26173,57143,1
875,R,700000,500000,7,54,1,3791,12555,1
876,R,1000000,1000000,3,39,1,21370,8514,1
877,R,1000000,1000000,2,38,0,0,44780,1
878,R,700000,700000,2,53,1,17974,14706,1
879,A,700000,700000,2,56,1,71802,157163,1
880,R,1000000,1000000,2,46,1,28996,122699,1
881,R,600000,600000,8,81,0,159965,34115,1
882,R,1000000,1000000,2,47,0,82572,16926,1
883,R,1000000,300000,4,75,1,134045,180000,1
884,R,1000000,1000000,2,42,1,15107,11752,1
885,R,1000000,1000000,2,56,1,82405,16841,1
886,R,700000,300000,7,50,1,11244,4383,1
887,R,600000,300000,7,45,1,3390,90675,1
888,A,1000000,1000000,2,41,1,17138,75735,1
889,R,1000000,800000,1,73,1,184273,90774,1
890,R,1000000,1000000,2,54,1,20000,30195,1
891,B,600000,300000,2,65,1,26125,74283,1
892,A,1000000,1000000,3,49,0,8800,1044,1
893,A,1000000,1000000,3,49,0,200941,1044,1
894,R,1000000,300000,4,48,1,0,48600,1
895,R,1000000,300000,4,59,1,,359,1
896,R,500000,300000,7,53,1,31050,1480,1
897,R,700000,300000,8,76,1,,7020,1
898,R,200000,200000,2,32,1,21918,56926,1
899,R,1000000,700000,2,51,1,42546,180000,1
900,R,1000000,1000000,2,34,1,3515,160470,1
901,A,500000,500000,2,34,1,45980,22770,1
902,R,1000000,1000000,2,54,1,63035,23127,1
903,R,1000000,1000000,4,70,1,9330,7902,1
904,R,1000000,1000000,2,51,1,2805,42512,1
905,R,1000000,1000000,2,53,1,129130,4355,1
906,R,1000000,1000000,2,50,0,4255,3941,1
907,R,700000,700000,2,45,1,263846,3167,1
908,R,1000000,1000000,8,75,0,17048,41382,1
909,R,500000,500000,7,49,1,14865,22095,1
910,R,1000000,1000000,2,50,0,57229,560,1
911,R,1500000,300000,8,64,0,295467,12521,1
912,R,400000,400000,2,54,1,29954,2885,1
913,R,1200000,1200000,2,38,0,6777,6137,1
914,R,1000000,1000000,3,59,0,27215,3948,1
915,R,1000000,300000,4,76,1,75755,36870,1
916,B,700000,700000,2,35,1,177931,51193,1
917,R,700000,700000,7,43,1,88858,49395,1
918,R,700000,700000,2,54,0,48030,11199,1
919,B,1000000,300000,4,53,1,75160,55872,1
920,R,400000,300000,13,60,1,21885,1446,1
921,R,1000000,1000000,3,37,0,216128,144540,1
922,R,1000000,1000000,2,26,1,,9072,1
923,R,700000,300000,7,39,1,150637,6653,1
924,R,700000,700000,2,48,0,22406,29567,1
925,R,1500000,1500000,2,49,0,399,512,1
926,R,1000000,1000000,3,26,1,231371,190000,1
927,R,600000,600000,5,35,0,11552,59743,1
928,R,600000,600000,2,40,1,,38700,1
929,R,1200000,1200000,2,23,1,119807,28378,1
930,R,1000000,1000000,10,26,0,20311,33360,1
931,R,800000,300000,6,22,1,23157,2248,1
932,R,1500000,1500000,3,30,1,13867,10692,1
933,R,1000000,1000000,2,44,0,163902,26370,1
934,R,1000000,300000,12,28,0,118724,13934,1
935,R,1000000,1000000,4,55,1,14983,13095,1
936,R,1000000,1000000,2,44,1,126122,18393,1
937,R,400000,400000,1,41,1,322308,109332,1
938,R,600000,600000,7,59,1,30977,948,1
939,R,1500000,1500000,5,52,1,250397,124728,1
940,R,1000000,1000000,2,39,0,174523,18009,1
941,R,1000000,300000,4,78,1,3122,891,1
942,R,1000000,1000000,1,71,1,191803,891,1
943,R,1000000,1000000,1,71,1,,891,1
944,R,50000,50000,2,64,1,48620,15769,1
945,R,1000000,1000000,11,67,1,78949,96302,1
946,R,700000,500000,8,69,1,39506,11546,1
947,R,1500000,1000000,7,65,1,36678,33678,1
948,R,700000,700000,4,52,1,36112,70726,1
949,R,700000,300000,11,65,1,23252,30610,1
950,R,400000,400000,1,47,1,431710,7497,1
951,R,1000000,900000,2,43,1,31119,39780,1
952,R,1100000,1100000,7,52,1,68495,73287,1
953,R,1000000,300000,7,35,1,21284,17145,1
954,R,1000000,1000000,2,38,1,81020,22860,1
955,R,1000000,1000000,2,36,0,3135,88516,1
956,R,1000000,300000,7,42,1,15309,61166,1
957,R,1000000,1000000,2,35,1,10674,6052,1
958,R,600000,600000,7,40,1,53713,45630,1
959,R,1000000,1000000,2,36,0,272975,54153,1
960,R,1000000,1000000,2,32,1,16139,27168,1
961,R,1000000,800000,2,37,1,8000,14049,1
962,R,1000000,1000000,2,35,1,5395,16524,1
963,R,700000,700000,2,47,1,70703,27966,1
964,R,600000,300000,13,34,1,52849,35252,1
965,R,1000000,1000000,2,41,1,16136,173943,1
966,R,200000,200000,2,37,1,13530,12960,1
967,R,500000,500000,2,40,1,1600,180000,1
968,R,700000,700000,4,55,1,14683,39553,1
969,R,1000000,1000000,2,42,1,88110,62460,1
970,R,1000000,1000000,2,40,0,151575,151470,1
971,R,1000000,400000,7,61,1,32058,10374,1
972,R,1000000,1000000,1,56,0,140382,24358,1
973,R,1000000,1000000,2,29,1,25938,35364,1
974,R,1000000,1000000,2,47,0,3235,63483,1
975,R,1100000,1100000,2,34,0,15153,50707,1
976,R,1000000,1000000,2,47,0,7735,9099,1
977,B,1200000,1200000,7,29,1,33501,7830,1
978,R,700000,700000,2,31,0,,40230,1
979,R,1000000,1000000,7,56,1,332512,107603,1
980,R,1000000,1000000,2,25,0,12331,36828,1
981,R,1000000,300000,4,45,1,59469,22952,1
982,R,1000000,1000000,1,47,1,51407,12017,1
983,R,600000,600000,2,29,1,106009,2106,1
984,R,1000000,1000000,2,45,1,74957,26321,1
985,R,600000,600000,2,25,1,18120,14724,1
986,R,1500000,1500000,2,31,1,41582,11970,1
987,R,1000000,1000000,2,39,1,33661,37224,1
988,R,1000000,1000000,2,57,1,106068,59895,1
989,R,1000000,1000000,10,48,1,96856,45556,1
990,B,1500000,1500000,2,56,1,52529,90317,1
991,B,1500000,1500000,2,32,1,,72765,1
992,R,1000000,1000000,2,41,0,0,51098,1
993,R,1000000,1000000,2,30,0,48993,18450,1
994,R,1000000,1000000,2,28,0,14212,31674,1
995,R,1000000,300000,5,36,1,10725,12816,1
996,R,1500000,1500000,4,60,1,30650,15513,1
997,R,500000,500000,2,34,1,15821,8802,1
998,R,700000,700000,2,27,1,5557,9707,1
999,R,600000,600000,8,75,1,40595,5669,1
1000,R,600000,600000,2,60,1,21864,7315,1
1001,R,1500000,300000,7,74,1,2755,1789,1
1002,A,1000000,1000000,10,68,0,0,55440,1
1003,R,1000000,1000000,2,33,0,4035,39806,1
1004,R,700000,300000,7,53,1,35272,8316,1
1005,A,600000,300000,7,35,1,4122,0,1
1006,R,1500000,300000,7,67,1,138791,37493,1
1007,B,1000000,1000000,2,39,0,62172,167112,1
1008,R,1000000,300000,8,66,1,1745,5824,1
1009,R,1000000,1000000,1,33,0,,40680,1
1010,R,1000000,1000000,2,37,1,45738,190807,1
1011,R,700000,700000,2,36,0,,19053,1
1012,R,700000,300000,4,58,1,43801,20027,1
1013,R,1000000,1000000,2,63,0,25590,15876,1
1014,R,600000,600000,4,36,1,55620,180000,1
1015,R,1000000,1000000,2,43,1,45003,73682,1
1016,R,1000000,1000000,2,36,1,33263,10584,1
1017,R,1000000,1000000,2,33,1,27075,48600,1
1018,R,1000000,1000000,2,43,1,,22464,1
1019,R,1000000,300000,4,57,1,20781,101601,1
1020,R,1000000,300000,7,38,1,42369,50085,1
1021,R,600000,300000,8,74,1,4857,14787,1
1022,R,1000000,1000000,2,46,0,12018,7151,1
1023,R,600000,600000,2,50,1,58154,11970,1
1024,R,1000000,1000000,5,65,0,18760,20977,1
1025,R,1000000,500000,2,46,0,71845,54720,1
1026,A,1000000,1000000,2,49,1,84365,43560,1
1027,R,600000,600000,2,47,1,,13978,1
1028,R,700000,300000,4,53,1,205406,30984,1
1029,R,1000000,1000000,2,43,0,5796,1854,1
1030,R,1000000,1000000,2,38,0,200668,9990,1
1031,R,1000000,1000000,2,47,1,,67027,1
1032,R,700000,700000,4,39,1,,48009,1
1033,R,1000000,300000,7,46,1,0,17244,1
1034,R,1000000,300000,7,61,1,7464,1753,1
1035,R,700000,700000,7,44,1,308379,20493,1
1036,R,1000000,1000000,2,45,1,351293,175320,1
1037,R,700000,300000,8,69,1,52847,37784,1
1038,R,1000000,300000,7,56,1,3164,9023,1
1039,R,700000,700000,2,38,1,543856,6426,1
1040,R,1000000,1000000,2,36,0,239286,13231,1
1041,R,600000,600000,2,35,1,80118,10800,1
1042,R,700000,700000,2,31,1,1295749,126864,1
1043,B,1000000,1000000,2,42,1,20070,32472,1
1044,R,700000,700000,2,34,1,9347,28776,1
1045,R,600000,600000,2,32,1,0,18909,1
1046,R,600000,600000,2,56,1,83600,61380,1
1047,R,1000000,1000000,4,52,1,49578,4333,1
1048,R,600000,600000,5,43,1,53803,19193,1
1049,R,1000000,1000000,2,37,1,51950,35308,1
1050,R,1000000,1000000,2,31,1,8263,143046,1
1051,R,1000000,1000000,2,34,1,45012,91341,1
1052,R,1000000,1000000,2,56,1,3515,2931,1
1053,R,1000000,1000000,2,42,1,48906,13860,1
1054,R,1000000,1000000,3,35,1,503305,87803,1
1055,R,700000,700000,8,78,0,857431,1944,1
1056,R,700000,500000,4,79,1,1089,3529,1
1057,R,1000000,1000000,4,53,1,5573,16412,1
1058,R,600000,600000,2,35,0,14488,121132,1
1059,R,1000000,300000,4,63,1,170961,70748,1
1060,R,1000000,1000000,4,69,1,,93756,1
1061,R,1000000,1000000,2,44,1,63777,4271,1
1062,R,1500000,1500000,2,56,0,9012,40122,1
1063,R,1000000,1000000,1,38,1,8450,14346,1
1064,R,1500000,1500000,2,58,1,,22460,1
1065,R,1000000,1000000,2,45,0,22031,31273,1
1066,R,700000,700000,5,37,0,0,26549,1
1067,R,1000000,1000000,2,54,0,804341,2299,1
1068,R,1000000,300000,8,67,0,,30886,1
1069,R,1000000,1000000,4,65,1,11660,66321,1
1070,R,1000000,1000000,2,55,1,141776,31410,1
1071,R,1000000,1000000,2,57,1,42302,37512,1
1072,R,500000,500000,2,52,0,25179,21438,1
1073,R,1000000,1000000,2,60,0,56290,180000,1
1074,B,1000000,1000000,2,36,1,751327,3038,1
1075,R,700000,700000,7,35,1,0,17006,1
1076,R,1000000,1000000,2,40,0,342915,180000,1
1077,R,500000,500000,7,41,1,31428,34227,1
1078,R,1000000,1000000,2,51,1,137228,43164,1
1079,A,300000,0,5,60,1,74679,4694,1
1080,R,1000000,1000000,2,31,0,19082,51848,1
1081,R,700000,700000,2,54,1,201907,13014,1
1082,R,1000000,1000000,2,31,1,3993,81081,1
1083,R,700000,700000,2,58,1,140623,1978,1
1084,R,500000,500000,2,36,1,990,23262,1
1085,R,600000,600000,2,33,0,53460,21123,1
1086,R,700000,300000,4,59,1,,12015,1
1087,R,1000000,300000,5,58,1,2080,24453,1
1088,R,1500000,1500000,2,54,1,,26388,1
1089,R,1000000,1000000,2,32,0,646,134277,1
1090,R,700000,700000,2,34,0,0,61470,1
1091,R,1000000,1000000,2,49,1,118956,11268,1
1092,R,700000,700000,4,71,1,44855,28124,1
1093,R,700000,700000,2,50,1,57055,29346,1
1094,R,1000000,300000,2,48,1,8541,75737,1
1095,R,1000000,1000000,2,31,1,7285,47690,1
1096,R,700000,700000,2,36,0,166090,25380,1
1097,R,600000,600000,7,31,1,123347,34000,1
1098,R,700000,700000,2,32,1,23654,20259,1
1099,R,600000,600000,2,57,1,25080,40680,1
1100,R,600000,600000,2,48,1,,52992,1
1101,R,1000000,300000,4,52,1,18740,35235,1
1102,R,700000,300000,7,55,1,62534,26730,1
1103,A,200000,200000,2,61,1,176592,14652,1
1104,R,700000,700000,4,61,1,60649,26065,1
1105,R,600000,300000,4,62,1,13358,4594,1
1106,R,1000000,1000000,1,61,1,332079,7238,1
1107,R,1000000,1000000,2,38,1,129517,18312,1
1108,R,1000000,1000000,2,54,1,37332,74436,1
1109,R,500000,500000,2,41,1,0,37656,1
1110,R,1000000,1000000,2,44,1,11288,1656,1
1111,R,1000000,1000000,5,78,0,,4449,1
1112,R,1000000,1000000,2,55,1,11030,46980,1
1113,R,700000,700000,5,52,0,3,88200,1
1114,R,1000000,1000000,2,28,0,12445,28305,1
1115,R,1000000,1000000,2,36,0,19412,1741,1
1116,R,1000000,1000000,2,43,1,2934,14986,1
1117,R,1000000,700000,7,65,1,32477,42660,1
1118,R,1000000,1000000,2,38,1,0,38457,1
1119,R,600000,600000,4,76,1,13213,4496,1
1120,B,1000000,1000000,10,43,0,75150,31820,1
1121,R,1000000,1000000,2,60,1,71010,7326,1
1122,R,1000000,1000000,2,42,1,176464,18504,1
1123,R,1200000,1200000,2,36,1,333340,167319,1
1124,R,500000,500000,4,52,1,9992,7425,1
1125,R,1500000,300000,4,54,1,32395,45990,1
1126,R,1500000,1500000,1,49,0,0,71370,1
1127,R,1000000,1000000,2,60,0,25232,8762,1
1128,R,1000000,300000,8,80,1,5238,7000,1
1129,R,1000000,1000000,12,68,1,20622,10659,1
1130,R,1000000,1000000,2,58,0,,8360,1
1131,R,600000,600000,7,44,1,31534,76222,1
1132,R,1000000,1000000,2,35,0,57819,31419,1
1133,R,1000000,1000000,4,69,1,29601,14380,1
1134,R,700000,300000,8,77,1,1078,32971,1
1135,R,1000000,1000000,4,70,1,11385,84207,1
1136,R,1000000,1000000,2,39,0,34927,40822,1
1137,R,1500000,1500000,10,44,0,87721,12714,1
1138,R,1000000,1000000,2,47,0,23419,14250,1
1139,R,1000000,1000000,10,44,1,156810,12840,1
1140,R,400000,300000,4,38,1,27903,10525,1
1141,R,1000000,1000000,2,32,1,65327,103932,1
1142,R,1000000,1000000,2,33,1,138802,5484,1
1143,R,600000,600000,1,37,1,13690,15840,1
1144,R,1000000,1000000,2,52,1,7677,21614,1
1145,R,1000000,1000000,2,47,0,64049,79675,1
1146,A,700000,700000,2,50,1,31244,3168,1
1147,R,700000,300000,7,63,1,94194,4554,1
1148,R,600000,300000,7,54,1,922,2772,1
1149,R,600000,300000,4,51,1,23020,20985,1
1150,A,600000,600000,2,35,1,30808,45982,1
1151,R,1000000,1000000,2,48,1,35767,3410,1
1152,R,1000000,1000000,2,49,0,32873,5663,1
1153,R,500000,500000,2,30,1,96046,67680,1
1154,R,1000000,1000000,2,31,1,46379,30240,1
1155,R,500000,300000,2,30,1,33348,9803,1
1156,R,700000,700000,2,47,1,9014,17274,1
1157,A,1000000,1000000,2,31,1,78512,73260,1
1158,R,1000000,1000000,2,29,0,,104161,1
1159,R,1000000,1000000,2,51,1,97424,45630,1
1160,R,600000,600000,2,60,1,0,16186,1
1161,R,1000000,1000000,2,60,1,288994,40517,1
1162,R,1000000,1000000,3,32,1,69621,49527,1
1163,R,1000000,1000000,2,42,1,73924,52470,1
1164,R,1000000,1000000,2,37,1,14295,64298,1
1165,R,700000,300000,8,73,1,18713,2596,1
1166,R,1000000,300000,4,62,1,14988,18496,1
1167,R,1000000,1000000,2,37,1,44940,78763,1
1168,R,1000000,1000000,2,34,0,70275,82260,1
1169,R,700000,300000,7,54,1,80133,10247,1
1170,R,200000,200000,2,40,0,213768,11520,1
1171,R,1000000,1000000,2,67,0,36875,15408,1
1172,R,1000000,1000000,2,35,0,10000,9612,1
1173,R,1500000,1500000,1,62,0,91333,2042,1
1174,R,1000000,1000000,2,59,1,2508,166454,1
1175,A,1100000,300000,2,45,1,32168,55025,1
1176,R,1000000,1000000,2,51,1,12973,57319,1
1177,R,600000,600000,2,48,1,114505,15485,1
1178,R,1000000,1000000,2,33,1,25340,140760,1
1179,R,700000,700000,2,37,1,,140580,1
1180,R,1500000,300000,4,53,1,6237,61971,1
1181,R,700000,700000,2,54,1,4838,3420,1
1182,R,1000000,1000000,2,58,0,,1125,1
1183,R,1000000,1000000,2,47,0,6323,43095,1
1184,R,700000,700000,2,39,1,317856,164480,1
1185,A,1000000,1000000,2,54,1,524,1053,1
1186,R,1000000,1000000,2,50,1,61931,56628,1
1187,R,1000000,1000000,2,42,0,13520,51131,1
1188,R,1000000,1000000,2,56,1,999,42121,1
1189,R,1000000,1000000,10,40,0,221152,84933,1
1190,R,1000000,1000000,7,43,1,3618,37933,1
1191,R,1000000,1000000,2,32,0,151736,163449,1
1192,R,1000000,1000000,5,57,1,94866,25404,1
1193,R,1000000,1000000,5,57,1,82870,25404,1
1194,R,1000000,1000000,2,61,0,21945,105711,1
1195,R,1000000,1000000,2,41,0,41470,97020,1
1196,R,1200000,1200000,1,49,0,15984,1098,1
1197,R,1000000,1000000,2,42,0,7515,84735,1
1198,R,1000000,900000,8,78,0,1937,3861,1
1199,R,1000000,1000000,2,42,1,29635,35433,1
1200,R,700000,300000,7,64,1,20880,82170,1
1201,R,1000000,300000,4,59,1,,18722,1
1202,R,1000000,1000000,4,53,1,23265,10980,1
1203,R,1000000,1000000,3,31,1,0,11602,1
1204,R,600000,600000,12,37,1,48539,21555,1
1205,R,1000000,300000,7,51,1,9405,4692,1
1206,B,700000,700000,2,30,1,81907,42506,1
1207,R,1000000,1000000,7,51,1,,30330,1
1208,R,1000000,1000000,2,44,0,137372,20884,1
1209,R,500000,500000,7,30,1,112743,70418,1
1210,R,600000,600000,2,49,1,,72014,1
1211,R,600000,600000,2,33,1,186380,73710,1
1212,R,1000000,300000,11,74,1,68605,23523,1
1213,R,600000,600000,2,34,1,,31707,1
1214,R,1000000,1000000,2,60,0,16992,2466,1
1215,R,500000,300000,7,33,1,40454,27400,1
1216,R,600000,600000,2,56,1,44349,25740,1
1217,R,500000,500000,2,31,1,130212,12911,1
1218,R,700000,300000,7,56,1,47569,17334,1
1219,R,1000000,1000000,2,31,1,35170,52512,1
1220,R,1000000,1000000,2,47,1,445307,5157,1
1221,R,500000,400000,3,52,1,400503,37268,1
1222,R,1000000,1000000,2,55,1,53306,64620,1
1223,R,700000,700000,7,39,1,4441,17820,1
1224,R,1000000,300000,4,61,1,26793,0,1
1225,R,1000000,1000000,2,53,1,1516,31869,1
1226,R,1000000,1000000,2,38,1,8925,30780,1
1227,R,1000000,1000000,2,37,1,20482,15435,1
1228,R,1000000,1000000,10,61,0,198774,45861,1
1229,R,1000000,1000000,2,56,1,67923,13930,1
1230,R,700000,700000,2,32,1,156272,43263,1
1231,R,1000000,1000000,4,46,1,5188,3402,1
1232,B,1000000,1000000,3,36,0,411484,87219,1
1233,R,700000,700000,2,33,0,0,58180,1
1234,R,1000000,1000000,4,50,1,184909,25656,1
1235,R,700000,500000,2,61,1,6633,27283,1
1236,R,1000000,300000,7,55,1,39357,39666,1
1237,R,1000000,1000000,2,55,0,101324,5724,1
1238,R,1000000,300000,13,63,1,16531,5609,1
1239,R,1000000,1000000,2,36,1,78727,15806,1
1240,R,1000000,1000000,2,49,1,1373,14949,1
1241,A,600000,600000,2,36,1,17085,103806,1
1242,R,1000000,500000,2,58,1,13000,1782,1
1243,R,1000000,1000000,2,34,1,26395,16119,1
1244,R,700000,300000,7,55,1,19674,32962,1
1245,B,1000000,300000,7,50,1,79148,7330,1
1246,R,1500000,1500000,3,44,0,42064,48955,1
1247,R,600000,600000,11,62,0,0,84600,1
1248,R,1000000,1000000,2,57,1,79508,108000,1
1249,R,500000,100000,7,49,1,6070,14841,1
1250,R,1500000,1500000,4,65,1,46642,25771,1
1251,R,1000000,1000000,2,33,0,11990,1691,1
1252,R,1000000,1000000,2,61,1,202932,56191,1
1253,R,1000000,1000000,2,64,1,,99501,1
1254,R,1000000,300000,5,64,1,22868,4320,1
1255,R,700000,700000,2,51,1,,48006,1
1256,R,700000,300000,4,72,1,68517,8126,1
1257,R,1000000,1000000,3,70,0,7715,234,1
1258,R,1000000,1000000,2,40,1,40680,52560,1
1259,R,1000000,1000000,7,70,1,1357,68872,1
1260,R,500000,300000,2,35,1,34618,10092,1
1261,R,500000,500000,2,43,1,4756,92880,1
1262,R,700000,300000,7,50,1,12522,65914,1
1263,R,1000000,300000,7,61,1,117006,36800,1
1264,R,700000,700000,8,92,1,12135,0,1
1265,A,600000,600000,5,43,1,21776,38409,1
1266,R,600000,600000,2,32,1,,33057,1
1267,R,1000000,1000000,2,37,0,129587,3382,1
1268,R,1000000,1000000,12,39,1,3135,57753,1
1269,A,1000000,1000000,2,49,1,416819,84604,1
1270,R,600000,600000,2,42,1,,39591,1
1271,R,1000000,300000,4,50,1,3000,49266,1
1272,R,1000000,1000000,2,32,0,37875,29784,1
1273,R,1000000,1000000,2,30,1,145046,38691,1
1274,R,1000000,1000000,3,30,1,297036,169551,1
1275,R,1000000,1000000,2,45,1,155488,7403,1
1276,R,1000000,1000000,2,30,1,680,16815,1
1277,R,1000000,1000000,2,52,0,189628,20385,1
1278,R,1000000,1000000,2,43,1,402836,119491,1
1279,R,1000000,1000000,2,52,1,62888,37881,1
1280,R,1000000,800000,2,56,1,0,3149,1
1281,R,1000000,1000000,3,56,0,0,7956,1
1282,R,1000000,1000000,4,76,1,29260,5596,1
1283,R,1000000,1000000,2,45,1,,127407,1
1284,R,1000000,1000000,13,73,1,28110,8581,1
1285,R,1000000,300000,7,51,1,66022,27855,1
1286,R,1000000,500000,4,72,1,64361,28514,1
1287,R,1000000,1000000,2,45,1,3794,119880,1
1288,R,600000,600000,2,39,1,21927,7854,1
1289,R,1000000,1000000,3,31,1,1898,34105,1
1290,R,1000000,1000000,12,40,1,85899,22910,1
1291,R,100000,100000,7,40,1,,8886,1
1292,R,700000,300000,7,60,1,12009,23184,1
1293,R,1000000,1000000,2,33,1,68878,6876,1
1294,R,1000000,1000000,8,75,1,,1341,1
1295,R,1500000,1500000,2,56,0,74586,17894,1
1296,R,1000000,1000000,5,62,0,129304,60972,1
1297,R,700000,700000,4,46,1,34603,35442,1
1298,R,1500000,1500000,2,47,1,,11286,1
1299,R,700000,700000,1,85,1,62340,33894,1
1300,R,1000000,1000000,2,58,0,112830,46620,1
1301,R,600000,600000,2,32,1,75105,38106,1
1302,R,700000,700000,3,38,0,,31770,1
1303,R,1000000,1000000,7,57,1,2200,17196,1
1304,R,1000000,1000000,4,62,1,47728,9405,1
1305,R,1000000,1000000,2,49,1,39447,11763,1
1306,R,700000,700000,12,30,1,85991,18577,1
1307,R,1000000,1000000,10,52,0,522688,34793,1
1308,R,1000000,1000000,2,35,0,66435,86255,1
1309,R,1000000,1000000,2,36,0,29845,68148,1
1310,R,1000000,1000000,2,40,1,76560,19989,1
1311,R,1000000,1000000,2,53,0,51480,68465,1
1312,R,1500000,1500000,2,61,1,50810,23972,1
1313,R,1000000,1000000,2,40,0,6035,6013,1
1314,R,1000000,300000,7,64,1,8921,20880,1
1315,R,1000000,1000000,2,36,0,1602,15930,1
1316,R,1000000,700000,7,50,1,236389,31022,1
1317,R,700000,700000,2,37,0,145644,24533,1
1318,R,1000000,1000000,2,54,0,26037,90675,1
1319,R,1000000,1000000,2,43,1,1425,13275,1
1320,R,700000,700000,2,35,1,14165,180000,1
1321,B,1000000,1000000,2,33,1,23456,21186,1
1322,A,1000000,1000000,2,37,1,133717,43197,1
1323,R,1000000,1000000,2,28,1,56694,86220,1
1324,R,1000000,1000000,2,32,1,25631,26928,1
1325,B,600000,600000,4,69,1,179453,4583,1
1326,R,1000000,1000000,3,41,1,105275,85263,1
1327,R,500000,500000,2,36,1,83907,10587,1
1328,R,1500000,300000,4,50,1,56484,32976,1
1329,R,1000000,1000000,2,39,1,57204,76285,1
1330,R,700000,300000,7,65,1,0,177300,1
1331,R,700000,700000,2,57,1,23984,18142,1
1332,R,400000,400000,7,29,1,130725,69529,1
1333,R,1000000,1000000,2,30,1,35263,73350,1
1334,A,700000,700000,2,44,1,694122,30146,1
1335,R,600000,400000,5,62,1,129168,31059,1
1336,R,1000000,300000,4,54,1,16121,14666,1
1337,R,1000000,1000000,2,30,1,42903,24354,1
1338,R,600000,300000,7,35,1,5035,48896,1
1339,R,500000,500000,2,29,1,16268,7128,1
1340,R,1000000,1000000,1,54,1,0,8683,1
1341,R,600000,600000,2,29,1,47373,82059,1
1342,R,700000,700000,1,58,1,144837,47562,1
1343,R,1000000,1000000,2,34,1,44342,19890,1
1344,R,1000000,1000000,4,34,1,31298,14674,1
1345,R,600000,600000,2,61,0,66717,32688,1
1346,R,700000,500000,4,73,1,363928,1980,1
1347,R,1000000,300000,4,57,1,146406,95040,1
1348,R,1000000,1000000,2,58,0,645581,119691,1
1349,R,500000,500000,5,41,0,,25875,1
1350,R,1000000,300000,8,71,1,17860,10782,1
1351,R,1000000,300000,4,70,1,48118,8010,1
1352,R,1000000,300000,7,50,1,85767,67410,1
1353,R,1000000,300000,4,62,1,175307,8703,1
1354,R,1000000,1000000,2,64,1,55445,9780,1
1355,R,1200000,300000,7,40,1,23938,63432,1
1356,R,1000000,1000000,2,52,0,21140,36270,1
1357,R,1000000,1000000,2,62,1,,24840,1
1358,R,1500000,1500000,2,43,0,157344,28078,1
1359,R,1000000,1000000,2,48,0,74055,13206,1
1360,R,1000000,1000000,2,45,0,99000,48600,1
1361,R,500000,500000,7,42,1,76321,24532,1
1362,R,1000000,1000000,2,44,0,18112,3068,1
1363,R,700000,700000,2,40,1,9405,29997,1
1364,R,1000000,500000,7,61,1,47514,16296,1
1365,R,1000000,1000000,2,49,0,46783,11605,1
1366,R,700000,700000,2,52,1,,59946,1
1367,R,1000000,1000000,2,32,0,360279,147398,1
1368,A,600000,600000,2,31,1,12170,5346,1
1369,R,700000,700000,2,37,1,116086,36360,1
1370,R,700000,300000,7,39,1,0,8532,1
1371,R,600000,600000,2,30,1,49247,52290,1
1372,R,1000000,1000000,2,40,1,47529,8109,1
1373,R,1000000,500000,12,52,1,44325,64841,1
1374,R,1000000,1000000,2,31,0,15362,49030,1
1375,R,1500000,1000000,2,52,0,1529860,540,1
1376,R,1000000,300000,7,43,1,,85329,1
1377,R,1000000,1000000,2,49,1,5841,77064,1
1378,R,1000000,1000000,2,39,0,731551,18900,1
1379,A,1000000,300000,5,71,1,49999,14550,1
1380,R,1000000,1000000,8,56,1,76631,462911,1
1381,R,1500000,1500000,2,51,1,127807,62598,1
1382,R,1000000,1000000,2,38,1,12870,44640,1
1383,R,1000000,1000000,2,41,1,41866,8590,1
1384,A,600000,600000,2,36,0,14121,12366,1
1385,R,700000,700000,2,28,1,157765,41760,1
1386,R,1000000,1000000,5,30,0,30462,11668,1
1387,R,1000000,1000000,2,44,1,50134,17870,1
1388,R,700000,700000,8,66,1,1911,53955,1
1389,A,1000000,1000000,1,81,0,0,14630,1
1390,R,700000,700000,4,36,1,15502,3544,1
1391,R,1000000,1000000,2,44,0,60053,52938,1
1392,R,1000000,1000000,2,32,0,36453,7486,1
1393,A,400000,300000,7,60,1,39563,28008,1
1394,R,600000,600000,2,34,0,74036,18414,1
1395,A,500000,500000,2,32,1,16929,10574,1
1396,R,700000,200000,7,32,1,63867,15930,1
1397,R,700000,700000,2,29,1,13898,4347,1
1398,R,1000000,1000000,2,48,0,55813,51660,1
1399,R,1000000,1000000,2,34,0,35286,13455,1
1400,R,700000,700000,5,62,1,234429,140580,1
1401,R,1000000,300000,7,45,1,,13950,1
1402,R,600000,600000,2,32,1,0,5931,1
1403,R,1000000,1000000,2,49,1,1722,933,1
1404,R,1000000,1000000,2,29,0,1630,88034,1
1405,R,600000,600000,2,32,0,72090,56760,1
1406,R,700000,300000,4,62,1,15152,5382,1
1407,R,1000000,1000000,2,62,0,437755,53361,1
1408,R,500000,500000,2,29,1,10850,55191,1
1409,R,700000,300000,7,37,1,0,32136,1
1410,R,700000,700000,2,31,1,72733,20412,1
1411,R,600000,600000,2,38,1,125351,163872,1
1412,R,1000000,900000,2,43,1,4056,54747,1
1413,R,600000,600000,2,31,1,0,18466,1
1414,A,1000000,300000,13,52,1,,22781,1
1415,R,200000,200000,2,37,1,8231,35182,1
1416,R,500000,500000,2,29,1,0,10238,1
1417,R,700000,700000,2,45,1,16258,5562,1
1418,R,600000,400000,2,41,1,201349,15899,1
1419,R,600000,300000,2,36,1,56463,33732,1
1420,R,200000,200000,2,28,1,11550,882,1
1421,R,700000,700000,2,28,1,103855,30563,1
1422,R,600000,600000,2,30,1,,3258,1
1423,R,500000,500000,2,37,1,40218,9436,1
1424,R,1000000,1000000,2,34,1,90592,18333,1
1425,R,600000,600000,2,54,1,60095,64672,1
1426,R,700000,300000,7,51,1,,24750,1
1427,R,700000,700000,2,33,1,22460,33750,1
1428,R,700000,700000,4,55,1,1982,7199,1
1429,R,600000,600000,7,50,1,,5670,1
1430,R,700000,700000,4,36,1,19653,9669,1
1431,R,1000000,1000000,2,31,1,63041,12430,1
1432,R,1000000,1000000,1,60,1,15076,6622,1
1433,R,700000,700000,8,72,1,,15760,1
1434,R,1000000,1000000,2,34,1,9833,45635,1
1435,R,1000000,1000000,7,46,0,44069,15381,1
1436,R,1000000,300000,7,54,1,33930,27594,1
1437,R,1000000,1000000,5,80,1,14841,30987,1
1438,R,1000000,1000000,2,30,0,98010,50481,1
1439,R,1000000,1000000,1,64,1,121392,10524,1
1440,R,1000000,1000000,10,48,1,678973,180000,1
1441,R,1000000,1000000,2,31,1,1121,21420,1
1442,R,1000000,1000000,2,28,1,,13742,1
1443,R,600000,600000,2,26,1,72936,8503,1
1444,R,1000000,1000000,2,27,1,180906,17776,1
1445,A,600000,600000,2,29,1,50085,97767,1
1446,R,700000,700000,2,29,1,789928,27847,1
1447,R,700000,700000,2,25,1,20426,9269,1
1448,R,200000,200000,2,29,1,38475,23936,1
1449,R,700000,700000,2,31,0,6593,9188,1
1450,R,500000,500000,2,48,1,46828,19701,1
1451,R,700000,700000,3,28,1,145001,26580,1
1452,R,1000000,1000000,3,62,1,22770,1750,1
1453,R,1000000,1000000,2,33,1,118445,54437,1
1454,R,1000000,1000000,2,45,0,66398,7442,1
1455,R,1000000,1000000,2,35,0,181377,10889,1
1456,R,500000,500000,2,30,1,15179,48813,1
1457,R,1000000,1000000,2,27,1,,29184,1
1458,R,1000000,1000000,2,33,0,25029,93154,1
1459,R,400000,400000,5,69,0,8731,12510,1
1460,R,1000000,1000000,2,51,1,119016,28149,1
1461,R,1000000,1000000,2,30,1,49914,39455,1
1462,R,1000000,1000000,2,35,0,24440,88200,1
1463,R,600000,600000,2,33,0,110360,21969,1
1464,R,600000,600000,1,59,0,213419,5736,1
1465,R,1000000,1000000,2,57,1,39443,35696,1
1466,R,700000,700000,2,29,0,4770,180000,1
1467,A,1000000,1000000,5,68,1,,18810,1
1468,R,1000000,1000000,3,40,0,45898,11025,1
1469,A,600000,600000,2,31,1,363190,9794,1
1470,R,1000000,1000000,2,30,1,,16038,1
1471,R,1000000,400000,2,45,1,38668,315,1
1472,R,700000,700000,2,27,1,,22859,1
1473,R,1000000,1000000,5,49,1,222201,25007,1
1474,R,700000,300000,4,64,1,0,4810,1
1475,R,1000000,1000000,2,31,1,323352,42064,1
1476,R,1000000,1000000,4,52,1,12051,8604,1
1477,R,1000000,1000000,2,31,1,88640,32588,1
1478,R,1000000,1000000,2,30,0,12270,46620,1
1479,R,1500000,1500000,2,42,0,48798,31770,1
1480,R,1000000,1000000,2,54,1,79124,645,1
1481,R,1000000,1000000,2,54,0,128134,51951,1
1482,R,1000000,300000,4,55,1,4175,3638,1
1483,R,1000000,1000000,2,32,1,30024,82824,1
1484,R,500000,500000,13,42,1,111273,21969,1
1485,R,700000,700000,2,46,1,538956,24555,1
1486,R,1000000,1000000,2,35,0,75394,4614,1
1487,R,1000000,1000000,2,38,0,5542,269,1
1488,R,400000,400000,2,31,1,156503,27362,1
1489,R,700000,300000,7,30,1,49984,5175,1
1490,A,1000000,1000000,2,27,1,419179,16506,1
1491,R,1000000,1000000,2,28,1,24736,12870,1
1492,R,600000,600000,2,41,1,3234,54810,1
1493,R,300000,300000,2,62,1,445110,11375,1
1494,R,700000,300000,2,39,1,199638,12305,1
1495,R,1000000,1000000,2,55,1,69728,62856,1
1496,R,200000,200000,2,27,1,128621,21672,1
1497,R,500000,500000,3,30,1,1891,24754,1
1498,R,700000,300000,7,62,1,26220,15494,1
1499,R,1000000,1000000,2,37,1,3839,7614,1
1500,R,1000000,1000000,2,41,1,0,14040,1
1501,R,1000000,1000000,2,31,1,55892,12681,1
1502,R,1000000,1000000,2,47,0,,29925,1
1503,A,600000,600000,2,29,1,16938,18614,1
1504,R,1000000,1000000,2,26,1,49858,10593,1
1505,R,700000,700000,2,68,1,56876,48850,1
1506,R,700000,700000,2,33,0,62004,21573,1
1507,R,1000000,1000000,4,49,1,131338,14204,1
1508,R,1000000,1000000,2,52,1,5926,59096,1
1509,R,1000000,300000,7,53,1,0,47329,1
1510,R,1000000,1000000,2,34,1,107419,32878,1
1511,R,500000,300000,6,25,0,0,23085,1
1512,R,700000,700000,2,47,1,33440,30195,1
1513,A,500000,500000,7,50,1,946,159894,1
1514,R,1000000,1000000,2,34,1,170280,17651,1
1515,R,500000,500000,2,46,0,137940,96719,1
1516,R,700000,700000,2,46,1,,155282,1
1517,R,1000000,1000000,2,48,1,135565,9823,1
1518,R,300000,300000,2,24,0,126207,26820,1
1519,R,700000,700000,2,30,1,0,20187,1
1520,R,500000,500000,3,25,1,74684,16920,1
1521,R,700000,300000,6,23,1,69125,37215,1
1522,R,700000,700000,2,36,0,35892,22016,1
1523,R,500000,500000,2,29,1,183969,15517,1
1524,R,1000000,1000000,2,45,1,55667,99071,1
1525,R,1000000,1000000,2,25,1,170343,19789,1
1526,R,1000000,1000000,2,57,1,25684,11352,1
1527,R,700000,700000,2,31,1,487806,183744,1
1528,R,300000,300000,2,28,0,13659,62370,1
1529,B,200000,200000,2,41,0,140709,28320,1
1530,R,700000,700000,2,40,1,105674,113850,1
1531,R,1000000,1000000,3,29,0,65649,76914,1
1532,R,1000000,1000000,2,54,0,314995,126810,1
1533,R,600000,600000,2,27,0,,180000,1
1534,R,700000,700000,2,38,1,55247,19444,1
1535,R,1000000,300000,7,68,1,15971,25380,1
1536,R,1000000,400000,2,63,1,40455,27879,1
1537,R,500000,500000,2,23,0,107002,50085,1
1538,R,600000,500000,5,36,1,75997,51971,1
1539,R,700000,700000,2,30,1,,52560,1
1540,A,500000,300000,5,45,1,178363,122958,1
1541,R,500000,300000,2,24,0,92427,22770,1
1542,R,600000,600000,2,29,1,309829,90127,1
1543,R,1000000,1000000,2,46,1,941,68607,1
1544,R,700000,300000,5,61,1,131130,65034,1
1545,R,600000,600000,2,37,1,43429,25740,1
1546,R,1000000,1000000,13,60,1,3658,1170,1
1547,R,1000000,1000000,4,57,1,127250,33552,1
1548,R,500000,500000,2,41,1,189050,64440,1
1549,R,700000,700000,4,55,1,58564,82980,1
1550,R,1000000,1000000,4,56,1,485101,385549,1
1551,R,600000,600000,1,51,1,30577,51336,1
1552,R,500000,500000,2,26,1,31790,14940,1
1553,R,700000,700000,2,28,1,142556,53715,1
1554,R,600000,300000,7,67,1,,251550,1
1555,R,700000,700000,4,46,1,646607,128522,1
1556,R,600000,600000,12,50,1,444755,68211,1
1557,R,500000,500000,2,43,1,236616,32342,1
1558,R,400000,400000,2,38,1,229968,63549,1
1559,R,600000,600000,10,34,0,220397,39829,1
1560,R,700000,700000,2,29,1,0,27986,1
1561,R,1000000,1000000,4,59,1,36720,65340,1
1562,R,200000,200000,2,26,1,4845,37836,1
1563,R,600000,600000,2,31,1,76445,23760,1
1564,A,700000,700000,4,32,1,87021,40590,1
1565,R,700000,300000,6,22,0,31840,12510,1
1566,R,600000,600000,2,29,1,127887,35549,1
1567,R,500000,500000,2,25,1,278825,31680,1
1568,R,1000000,1000000,4,58,1,288296,16470,1
1569,R,1000000,300000,7,59,1,60914,19500,1
1570,R,200000,200000,2,31,1,12540,66420,1
1571,R,400000,400000,2,41,1,300000,38610,1
1572,R,200000,200000,7,24,1,40292,20487,1
1573,R,500000,500000,4,56,1,39475,101565,1
1574,A,500000,500000,3,25,1,445070,127710,1
1575,A,600000,600000,10,29,1,22737,10890,1
1576,R,700000,700000,2,49,0,300000,69786,1
1577,R,700000,700000,2,33,1,0,24840,1
1578,R,700000,700000,2,28,1,8493,51165,1
1579,R,600000,300000,8,89,1,153648,1683,1
1580,R,1000000,1000000,4,51,1,98269,50392,1
1581,R,1000000,300000,7,60,1,63082,38484,1
1582,R,1000000,1000000,4,58,1,55938,1311,1
1583,R,1000000,1000000,4,51,1,0,97650,1
1584,R,700000,700000,2,46,1,85416,39846,1
1585,A,700000,700000,3,58,1,57889,2970,1
1586,A,600000,600000,2,28,1,76079,56314,1
1587,R,1000000,1000000,2,32,1,17924,10623,1
1588,R,1000000,1000000,2,32,1,116001,180000,1
1589,R,600000,600000,2,31,1,,105290,1
1590,R,500000,500000,7,36,1,127705,10051,1
1591,R,500000,500000,2,34,1,0,116713,1
1592,R,700000,700000,2,46,1,2871,289926,1
1593,R,1000000,1000000,2,32,0,9976,14049,1
1594,R,1000000,300000,4,69,1,63526,9287,1
1595,R,400000,400000,2,37,0,72506,62370,1
1596,R,600000,600000,2,28,1,109371,88508,1
1597,R,600000,600000,7,28,1,125976,45333,1
1598,R,1000000,1000000,2,38,1,50158,3277,1
1599,A,500000,500000,2,28,1,117054,29663,1
1600,R,700000,700000,7,65,1,25764,27621,1
1601,A,700000,700000,2,32,1,233419,855,1
1602,R,1000000,1000000,7,34,1,57772,88353,1
1603,R,200000,200000,12,55,1,950,20880,1
1604,R,700000,700000,2,49,1,,23868,1
1605,R,500000,500000,2,31,1,82234,27216,1
1606,R,1500000,1500000,2,32,0,18727,9990,1
1607,R,1000000,1000000,2,33,1,502,15564,1
1608,R,1000000,1000000,2,45,0,220575,4545,1
1609,R,1000000,300000,4,75,1,4122,7020,1
1610,R,1000000,1000000,2,30,1,75229,5633,1
1611,R,200000,200000,13,64,0,,34290,1
1612,B,700000,700000,2,45,1,190260,87012,1
1613,R,700000,700000,2,40,1,68399,127791,1
1614,R,1000000,1000000,2,53,1,3162,15579,1
1615,R,1000000,1000000,2,40,1,50000,1845,1
1616,R,1000000,1000000,2,32,0,213391,18405,1
1617,R,1000000,1000000,2,37,1,,26088,1
1618,R,700000,700000,2,31,1,54289,17267,1
1619,R,1000000,1000000,10,33,1,291613,166348,1
1620,R,1000000,1000000,2,28,1,58280,27918,1
1621,R,1000000,1000000,13,56,1,68050,0,1
1622,R,600000,600000,2,32,0,88170,53460,1
1623,R,1200000,800000,2,31,1,,135630,1
1624,A,700000,700000,10,39,0,888933,42570,1
1625,R,1000000,1000000,2,51,1,23450,86205,1
1626,A,200000,200000,2,48,0,278735,46788,1
1627,R,1000000,1000000,10,37,1,13259,14706,1
1628,R,500000,500000,2,46,1,37491,14682,1
1629,R,1000000,1000000,2,45,0,127859,1566,1
1630,R,700000,700000,2,31,1,177823,28673,1
1631,R,200000,200000,1,49,0,157902,45795,1
1632,R,500000,300000,7,60,1,154392,83996,1
1633,R,600000,600000,2,27,1,70300,94950,1
1634,R,700000,700000,2,56,1,23558,14057,1
1635,R,600000,400000,2,26,1,57593,36861,1
1636,R,400000,400000,2,31,1,30284,7515,1
1637,R,200000,200000,5,53,1,4041,57133,1
1638,R,500000,500000,2,30,0,0,58545,1
1639,R,1000000,500000,7,69,1,110486,51153,1
1640,R,1000000,1000000,2,63,1,279726,12704,1
1641,R,1000000,1000000,3,30,0,84010,39393,1
1642,R,1000000,1000000,2,31,1,904,25830,1
1643,A,500000,500000,4,52,1,186168,27720,1
1644,A,500000,500000,4,52,1,0,27720,1
1645,R,600000,600000,5,34,1,29296,12078,1
1646,R,600000,600000,2,44,1,27531,11961,1
1647,R,1500000,1500000,2,55,1,111735,136800,1
1648,A,700000,700000,2,30,1,31536,58635,1
1649,R,1000000,1000000,2,42,0,,180000,1
1650,R,700000,700000,10,49,1,17639,15592,1
1651,R,1000000,1000000,1,39,0,149942,10476,1
1652,R,1000000,1000000,2,41,0,63080,9378,1
1653,R,1000000,1000000,2,52,1,145190,4287,1
1654,R,1000000,1000000,2,42,1,102162,22417,1
1655,R,1000000,1000000,2,68,1,18466,67032,1
1656,R,1000000,1000000,2,53,0,94711,37571,1
1657,R,1000000,300000,7,55,1,1004060,180000,1
1658,R,1000000,1000000,8,68,1,43334,11583,1
1659,R,1000000,1000000,2,31,1,170240,84240,1
1660,R,1000000,1000000,2,56,0,16355,13604,1
1661,R,1000000,1000000,3,66,0,0,43249,1
1662,R,700000,700000,2,50,1,135353,91656,1
1663,R,1000000,1000000,3,65,1,45238,14271,1
1664,R,600000,600000,2,30,1,305288,48879,1
1665,R,1000000,300000,4,45,1,35049,18450,1
1666,R,1000000,1000000,2,44,1,43357,14836,1
1667,R,1000000,1000000,1,65,0,24322,4122,1
1668,R,700000,700000,2,27,1,67327,8829,1
1669,R,700000,700000,2,39,0,62290,107676,1
1670,R,1000000,1000000,2,35,1,54000,139023,1
1671,R,600000,600000,4,50,1,30274,12501,1
1672,R,1000000,300000,7,58,1,2869,3587,1
1673,R,1000000,1000000,3,31,0,37395,1584,1
1674,R,700000,700000,2,32,1,20520,16029,1
1675,R,1000000,1000000,4,69,1,0,86238,1
1676,R,1000000,1000000,2,39,1,,33100,1
1677,R,1000000,1000000,2,31,0,0,161280,1
1678,R,700000,700000,2,28,0,294965,10441,1
1679,R,1000000,1000000,5,73,1,8366,2700,1
1680,R,1000000,1000000,5,50,1,12150,26865,1
1681,R,1200000,1200000,4,47,1,113785,57510,1
1682,R,1000000,1000000,5,37,1,13546,2843,1
1683,R,1000000,1000000,4,57,1,21206,70786,1
1684,R,1000000,1000000,2,35,0,0,151650,1
1685,R,1000000,1000000,2,40,1,16922,104466,1
1686,R,1000000,1000000,2,41,0,126126,24147,1
1687,B,700000,700000,2,41,1,,33165,1
1688,R,700000,700000,2,27,1,188701,46632,1
1689,R,700000,700000,2,35,1,608,64818,1
1690,R,1000000,300000,7,59,1,119203,3555,1
1691,R,1000000,1000000,2,42,1,134475,108900,1
1692,R,1000000,1000000,2,29,1,42421,20862,1
1693,A,300000,0,4,58,1,116013,17034,1
1694,R,1000000,1000000,2,37,0,3774,6030,1
1695,A,700000,700000,2,31,1,20070,35640,1
1696,R,700000,700000,12,62,0,7061,3704,1
1697,R,600000,600000,2,31,1,3000,38849,1
1698,R,1000000,1000000,2,28,1,37702,5337,1
1699,R,1000000,300000,4,55,1,13220,4032,1
1700,R,1000000,1000000,2,31,1,1425,53297,1
1701,R,1000000,300000,13,65,1,25725,33552,1
1702,R,1000000,600000,4,80,1,22837,6273,1
1703,R,1000000,1000000,2,51,1,285739,81081,1
1704,R,1000000,900000,2,26,1,41643,11429,1
1705,R,200000,200000,7,26,1,127038,3541,1
1706,R,1000000,1000000,2,52,1,44262,8921,1
1707,R,1000000,300000,7,55,1,0,180000,1
1708,R,600000,600000,2,32,1,4964,3906,1
1709,R,700000,700000,2,27,1,2236,5094,1
1710,A,1000000,1000000,2,35,1,45690,35759,1
1711,R,200000,200000,2,25,1,9766,19198,1
1712,R,1000000,900000,2,43,1,,28480,1
1713,R,700000,700000,4,75,1,7350,2212,1
1714,R,1000000,600000,4,71,1,27845,8807,1
1715,R,1000000,1000000,4,49,1,3691,16173,1
1716,A,500000,500000,2,35,1,373671,55806,1
1717,R,500000,500000,2,34,1,20229,35640,1
1718,R,1000000,1000000,1,40,0,50765,26994,1
1719,R,700000,300000,2,31,1,58248,135413,1
1720,R,1000000,1000000,3,32,1,22527,40346,1
1721,R,200000,200000,2,30,1,19903,14850,1
1722,R,200000,200000,2,30,1,20576,11970,1
1723,R,500000,500000,2,32,1,58485,24255,1
1724,R,200000,200000,2,29,0,2917,49590,1
1725,R,400000,400000,7,26,1,16219,11650,1
1726,R,600000,600000,2,28,1,15226,18142,1
1727,R,200000,200000,2,28,1,113704,41670,1
1728,R,400000,400000,13,44,1,127931,38869,1
1729,A,600000,600000,2,30,1,19599,9000,1
1730,R,1000000,1000000,1,36,0,12562,4914,1
1731,R,1000000,1000000,2,52,0,15290,22867,1
1732,R,600000,600000,4,27,1,14355,11019,1
1733,R,1000000,1000000,2,27,1,62712,21776,1
1734,R,600000,600000,2,38,1,17091,10881,1
1735,R,1000000,300000,7,52,1,96570,63945,1
1736,A,1000000,1000000,2,39,1,52525,14835,1
1737,R,700000,700000,2,27,1,134359,17590,1
1738,R,700000,700000,2,31,1,17000,5985,1
1739,R,1000000,500000,2,42,1,70880,58113,1
1740,R,1000000,1000000,2,40,0,122257,81716,1
1741,R,700000,700000,2,28,1,165608,60451,1
1742,R,1000000,1000000,2,56,1,35739,4859,1
1743,R,1000000,1000000,3,36,1,152673,117859,1
1744,R,1000000,300000,4,69,1,36441,15730,1
1745,R,700000,700000,2,29,1,122265,65340,1
1746,R,700000,300000,4,33,1,16811,5578,1
1747,R,700000,700000,2,47,0,198788,59400,1
1748,R,1000000,1000000,2,35,1,0,55530,1
1749,R,600000,600000,2,33,1,62282,29495,1
1750,R,600000,600000,2,26,1,50252,58367,1
1751,R,1000000,1000000,2,31,1,2841,58770,1
1752,R,700000,700000,2,34,0,1659,50921,1
1753,R,1500000,1500000,2,31,0,,36670,1
1754,R,700000,700000,2,35,1,122421,28578,1
1755,R,1000000,300000,4,60,1,80101,45421,1
1756,R,1500000,1500000,4,63,1,260889,63480,1
1757,R,600000,600000,4,45,1,0,42876,1
1758,R,1000000,1000000,2,42,1,,29988,1
1759,R,1000000,1000000,2,33,1,21465,10202,1
1760,R,1000000,1000000,2,30,0,14382,46026,1
1761,R,1000000,1000000,5,53,1,896741,86864,1
1762,R,1000000,1000000,2,56,1,56270,1647,1
1763,R,1000000,1000000,2,56,1,0,6921,1
1764,R,1000000,1000000,10,68,1,44055,13455,1
1765,R,1000000,1000000,2,28,0,180637,59760,1
1766,R,500000,500000,2,26,1,,21771,1
1767,R,1000000,1000000,2,30,1,46647,29943,1
1768,R,700000,700000,2,29,1,82909,13445,1
1769,R,1500000,1500000,2,29,0,13103,76299,1
1770,R,500000,500000,2,25,0,2850,24651,1
1771,R,1000000,1000000,4,61,1,175134,52047,1
1772,R,500000,500000,5,49,1,163992,25136,1
1773,R,1000000,1000000,2,54,0,,27834,1
1774,R,1000000,1000000,2,30,1,,28415,1
1775,R,1000000,1000000,2,50,1,256064,183425,1
1776,B,700000,700000,2,26,1,66283,14652,1
1777,R,600000,600000,1,41,1,47293,20209,1
1778,R,1500000,300000,7,53,1,19925,1278,1
1779,R,1000000,1000000,2,29,1,19107,18900,1
1780,R,500000,500000,2,27,1,35094,693,1
1781,R,700000,700000,2,33,1,3813,2377,1
1782,R,1000000,1000000,2,27,1,64376,105867,1
1783,A,1000000,1000000,2,28,0,33520,40590,1
1784,R,600000,600000,2,40,1,23703,45675,1
1785,R,500000,500000,2,25,1,62461,75695,1
1786,R,500000,500000,5,61,1,69390,40185,1
1787,R,600000,600000,2,48,1,209814,98505,1
1788,R,1000000,1000000,5,45,0,7382,9455,1
1789,R,600000,600000,2,44,0,,43200,1
1790,R,1200000,1200000,4,58,1,77571,3960,1
1791,R,1500000,1500000,4,69,1,18124,9000,1
1792,R,1000000,1000000,2,38,1,128739,3233,1
1793,R,1000000,1000000,3,38,0,35965,8835,1
1794,R,1000000,1000000,5,34,0,53622,47592,1
1795,R,700000,700000,2,35,1,536846,37413,1
1796,R,1000000,1000000,2,59,1,68217,65232,1
1797,R,200000,200000,5,33,1,16177,44363,1
1798,R,500000,500000,2,58,1,76481,10825,1
1799,R,600000,600000,2,61,0,4494,47450,1
1800,R,1000000,1000000,2,32,0,13585,66484,1
1801,R,1000000,1000000,2,47,0,4914,29044,1
1802,R,1000000,1000000,2,52,0,33880,46170,1
1803,R,1000000,1000000,5,51,1,5826,96093,1
1804,R,1500000,300000,7,66,1,116075,29646,1
1805,R,400000,300000,7,58,1,59320,105515,1
1806,R,1000000,1000000,2,41,0,0,35820,1
1807,R,1000000,300000,7,56,1,47959,33528,1
1808,R,1000000,1000000,2,54,1,43426,39006,1
1809,R,1000000,1000000,2,34,0,81972,19026,1
1810,R,1500000,300000,4,54,1,54592,63144,1
1811,R,1000000,300000,7,50,1,60541,33146,1
1812,R,500000,500000,5,57,1,594717,110970,1
1813,R,600000,300000,6,22,1,17556,43156,1
1814,R,1000000,1000000,4,64,1,198734,142560,1
1815,R,1000000,300000,7,44,1,52010,34740,1
1816,R,1000000,700000,2,73,0,31588,7366,1
1817,R,1000000,1000000,2,47,1,10472,66317,1
1818,R,700000,700000,2,36,0,64447,1017,1
1819,R,1000000,1000000,3,55,1,2673,55628,1
1820,R,600000,600000,4,41,1,29466,8123,1
1821,R,500000,500000,5,62,1,165846,16887,1
1822,B,1000000,1000000,5,66,1,47313,873,1
1823,R,1000000,1000000,2,28,1,29813,17811,1
1824,R,1000000,1000000,2,56,1,131865,47965,1
1825,R,700000,700000,2,48,1,416346,8062,1
1826,R,500000,500000,4,31,1,140718,30780,1
1827,R,600000,600000,2,41,0,79671,3402,1
1828,R,700000,700000,4,48,1,69219,73890,1
1829,R,1000000,1000000,2,43,0,52877,39960,1
1830,R,1000000,1000000,3,26,1,30117,39501,1
1831,R,600000,600000,2,26,1,12426,60718,1
1832,R,400000,400000,2,27,1,16991,41863,1
1833,R,700000,700000,2,27,1,199699,67955,1
1834,R,700000,700000,2,25,1,29689,3618,1
1835,R,700000,300000,7,58,1,,39195,1
1836,R,1000000,1000000,3,29,1,58156,20770,1
1837,R,1000000,1000000,2,32,1,8045,50985,1
1838,R,1000000,1000000,4,62,1,7964,22365,1
1839,R,700000,700000,2,28,1,622226,18596,1
1840,R,700000,700000,11,67,1,53808,43650,1
1841,R,700000,700000,2,46,1,9638,59919,1
1842,R,600000,300000,7,54,1,8639,13950,1
1843,R,700000,700000,2,25,1,31427,3852,1
1844,R,200000,200000,2,26,1,51337,67569,1
1845,R,500000,500000,4,45,1,0,0,1
1846,R,1000000,1000000,4,54,1,27579,46107,1
1847,R,700000,700000,2,28,1,,34145,1
1848,R,1000000,1000000,3,30,0,50615,16920,1
1849,R,300000,300000,7,56,1,25380,63450,1
1850,R,1000000,300000,7,63,1,28224,43851,1
1851,R,400000,400000,2,28,1,75669,24467,1
1852,R,700000,700000,1,39,1,52105,108000,1
1853,R,600000,600000,2,25,1,18261,25281,1
1854,R,1000000,1000000,1,62,0,85169,21258,1
1855,R,700000,700000,3,45,1,28234,33134,1
1856,R,1000000,300000,4,54,1,0,53550,1
1857,R,600000,600000,2,25,1,2760,1300,1
1858,B,800000,800000,2,27,1,7791,12438,1
1859,R,400000,400000,2,25,1,314735,12564,1
1860,R,600000,600000,2,24,1,98993,45098,1
1861,R,1000000,1000000,2,30,1,103153,69487,1
1862,R,1000000,1000000,2,53,1,534600,765,1
1863,R,500000,400000,7,27,1,406564,62163,1
1864,R,1000000,1000000,3,33,1,28710,12870,1
1865,R,400000,400000,2,25,1,258306,8813,1
1866,R,500000,500000,2,29,0,137563,11471,1
1867,R,700000,400000,2,48,1,4329,33477,1
1868,R,1000000,300000,4,56,1,7128,14372,1
1869,R,500000,500000,2,56,1,329556,6030,1
1870,R,1000000,1000000,3,25,1,37389,94140,1
1871,R,700000,700000,2,25,1,31868,14563,1
1872,R,700000,700000,2,30,1,75919,29238,1
1873,R,1000000,1000000,2,74,0,,42660,1
1874,R,1500000,600000,2,52,1,8614,19557,1
1875,R,1000000,1000000,2,39,0,0,180000,1
1876,R,1000000,1000000,2,70,1,,29700,1
1877,R,700000,700000,2,30,1,43650,19329,1
1878,R,1000000,300000,4,71,1,31679,44739,1
1879,R,1000000,300000,2,42,1,,83790,1
1880,R,600000,600000,2,25,1,30015,48113,1
1881,R,1000000,1000000,2,29,0,15479,54200,1
1882,R,1000000,1000000,2,53,0,300147,34538,1
1883,A,1000000,300000,4,60,1,141917,36630,1
1884,R,1000000,1000000,3,27,0,0,12600,1
1885,R,1000000,1000000,2,32,0,84473,55696,1
1886,R,700000,600000,2,33,1,121279,17471,1
1887,R,1000000,1000000,2,54,1,1188,1611,1
1888,R,1000000,1000000,3,34,1,24844,2862,1
1889,R,1000000,1000000,3,38,1,,0,1
1890,R,1000000,1000000,2,54,1,5242,39891,1
1891,R,1000000,1000000,2,28,1,129425,30431,1
1892,A,1000000,900000,3,27,1,18180,24156,1
1893,R,600000,600000,5,65,1,351703,149382,1
1894,A,500000,300000,12,63,1,35052,51037,1
1895,R,700000,300000,7,52,1,96486,21384,1
1896,R,1000000,1000000,2,35,1,37480,8003,1
1897,R,1000000,1000000,4,64,1,70154,18438,1
1898,R,1000000,1000000,2,29,1,55412,23594,1
1899,R,1000000,800000,12,46,1,17712,1431,1
1900,R,1000000,1000000,2,32,0,64307,3974,1
1901,R,700000,700000,5,48,1,21780,34740,1
1902,A,700000,700000,2,26,1,69138,101015,1
1903,R,600000,300000,4,53,1,115881,166419,1
1904,R,1000000,1000000,2,45,1,7222,33750,1
1905,R,1000000,1000000,2,32,0,109405,15127,1
1906,R,1000000,1000000,2,31,1,98294,59175,1
1907,R,1000000,300000,7,60,1,531742,21061,1
1908,R,1000000,1000000,2,30,0,7928,7273,1
1909,R,1000000,1000000,10,43,1,13653,98900,1
1910,R,700000,700000,2,40,1,,23463,1
1911,B,1000000,1000000,2,38,0,29260,47520,1
1912,R,1000000,1000000,2,32,1,40807,7119,1
1913,R,1000000,1000000,2,33,0,50672,176040,1
1914,R,1000000,1000000,2,29,1,4923,77715,1
1915,R,1500000,1500000,3,62,1,8600,7028,1
1916,R,1500000,1500000,2,29,1,70559,32187,1
1917,R,1000000,1000000,2,35,0,,8542,1
1918,B,700000,700000,2,45,0,23225,47151,1
1919,R,1000000,1000000,2,52,0,,83295,1
1920,R,1000000,1000000,2,31,1,4583,17618,1
1921,R,1000000,1000000,2,29,1,9727,27627,1
1922,B,700000,700000,2,38,1,0,16821,1
1923,R,1000000,1000000,4,62,1,285151,208413,1
1924,R,1000000,1000000,2,30,1,103300,31194,1
1925,R,1000000,1000000,2,59,1,22026,7450,1
1926,R,1000000,1000000,2,28,1,33783,28530,1
1927,R,1500000,1500000,2,29,1,16433,9912,1
1928,R,1200000,1200000,12,25,1,7716,1070,1
1929,R,1000000,300000,8,71,1,35555,3057,1
1930,R,1000000,1000000,2,40,1,4649,180000,1
1931,R,400000,400000,5,29,0,26408,26073,1
1932,R,600000,600000,2,32,1,82081,13013,1
1933,R,500000,500000,7,39,1,144080,28800,1
1934,R,400000,300000,2,34,1,26874,78882,1
1935,R,1000000,300000,4,52,1,0,33741,1
1936,R,500000,500000,13,35,1,15299,27416,1
1937,R,500000,500000,4,35,1,22534,81426,1
1938,R,1000000,800000,2,25,1,19080,13410,1
1939,R,1000000,1000000,2,25,1,160621,35968,1
1940,R,1000000,1000000,2,24,1,51973,17954,1
1941,R,200000,200000,6,23,1,65525,36541,1
1942,R,600000,600000,3,25,1,0,8010,1
1943,R,1500000,1500000,4,56,1,213513,67985,1
1944,R,700000,700000,5,50,1,,21321,1
1945,R,1000000,1000000,4,36,1,25970,138591,1
1946,R,1500000,1500000,2,48,1,79217,167418,1
1947,R,600000,600000,2,26,1,65378,15642,1
1948,R,500000,500000,2,28,0,11296,10657,1
1949,R,600000,600000,2,25,1,97229,24318,1
1950,R,1000000,1000000,12,32,1,4950,22275,1
1951,R,700000,700000,2,36,1,927,93690,1
1952,R,1000000,800000,2,29,1,46060,12123,1
1953,R,600000,600000,2,25,1,42827,144606,1
1954,R,1000000,1000000,3,29,0,24563,45630,1
1955,R,1000000,1000000,2,36,1,108862,14505,1
1956,R,600000,600000,2,30,1,,55728,1
1957,R,1000000,1000000,4,55,1,108079,0,1
1958,R,300000,300000,2,25,1,142779,86229,1
1959,R,700000,700000,2,29,1,119493,27225,1
1960,R,700000,700000,2,33,1,12389,9428,1
1961,R,400000,300000,6,23,1,37530,29691,1
1962,R,200000,200000,2,23,1,59196,72024,1
1963,A,1000000,1000000,2,31,1,110838,30247,1
1964,R,700000,700000,2,37,0,1254,32780,1
1965,R,600000,600000,2,28,1,64841,19050,1
1966,R,700000,700000,2,55,0,78751,15653,1
1967,R,1000000,1000000,4,68,1,6307,6090,1
1968,R,500000,500000,2,24,0,44060,68310,1
1969,R,500000,500000,4,35,1,42570,45513,1
1970,R,200000,200000,2,30,1,0,22450,1
1971,R,700000,300000,4,65,1,26265,61713,1
1972,B,200000,200000,12,25,1,47428,39397,1
1973,R,1000000,1000000,2,32,1,25271,44838,1
1974,R,400000,300000,6,26,1,,13950,1
1975,B,700000,700000,2,52,1,46266,14058,1
1976,R,600000,500000,7,56,1,32803,29459,1
1977,R,700000,300000,6,22,1,0,38405,1
1978,R,700000,700000,2,25,1,,36561,1
1979,R,500000,500000,2,30,1,342540,79694,1
1980,R,700000,700000,4,39,1,87060,34161,1
1981,R,500000,500000,2,25,1,138966,25465,1
1982,R,600000,600000,2,53,1,346048,74553,1
1983,R,1000000,300000,7,40,1,13040,2678,1
1984,R,1000000,1000000,2,26,1,197579,40240,1
1985,R,600000,300000,2,49,1,24840,41498,1
1986,R,200000,200000,6,21,0,,28022,1
1987,R,400000,400000,2,28,1,40026,43002,1
1988,R,1000000,500000,3,37,1,45757,26262,1
1989,R,600000,300000,6,23,1,,7862,1
1990,R,600000,600000,2,24,1,98159,60390,1
1991,R,700000,700000,2,33,1,131880,9113,1
1992,R,700000,700000,2,26,1,2354,68103,1
1993,R,1000000,1000000,3,28,1,42713,19296,1
1994,R,300000,300000,2,26,1,40876,31860,1
1995,R,1000000,1000000,2,53,1,43362,54720,1
1996,R,1000000,1000000,4,60,1,93612,15462,1
1997,A,1000000,600000,7,43,1,15582,19800,1
1998,R,1000000,300000,7,56,1,25135,17280,1
1999,R,1000000,300000,7,53,1,40427,23831,1
2000,R,1000000,1000000,2,51,1,119596,13661,1
2001,R,1000000,300000,7,54,1,53109,18000,1
2002,R,1000000,1000000,3,54,1,23705,1545,1
2003,R,300000,300000,4,47,1,2611,10936,1
2004,R,1000000,1000000,2,56,0,102051,15804,1
2005,R,1000000,1000000,2,54,0,27529,32912,1
2006,R,700000,700000,8,70,1,0,1990,1
2007,R,1000000,1000000,3,53,1,327767,15246,1
2008,R,600000,600000,4,42,1,113572,14063,1
2009,R,700000,700000,2,36,0,31613,42422,1
2010,R,1000000,1000000,8,74,1,5342,3258,1
2011,R,700000,700000,8,70,1,38928,27274,1
2012,R,600000,600000,3,41,1,27315,37899,1
2013,R,600000,300000,7,51,1,129138,23040,1
2014,R,700000,700000,2,52,1,9422,70967,1
2015,R,700000,300000,7,66,1,20837,2145,1
2016,R,600000,600000,7,71,1,17358,1161,1
2017,R,600000,300000,8,75,1,11830,2583,1
2018,R,400000,300000,7,42,1,45626,8416,1
2019,R,1000000,1000000,3,78,0,,702,1
2020,R,700000,700000,7,72,1,6600,14253,1
2021,A,300000,300000,8,85,1,4218,1739,1
2022,R,1000000,1000000,2,51,1,96077,9683,1
2023,R,700000,700000,2,27,1,197621,9404,1
2024,R,1000000,1000000,4,57,1,2508,3941,1
2025,R,600000,600000,2,29,1,1359,5950,1
2026,R,700000,700000,2,52,1,99659,3192,1
2027,R,500000,500000,4,51,1,3002,12176,1
2028,R,1000000,300000,7,56,1,14155,12960,1
2029,R,1000000,1000000,2,24,1,28480,595,1
2030,R,700000,300000,13,40,1,27900,9495,1
2031,R,700000,700000,2,56,1,70629,1575,1
2032,R,500000,500000,2,28,1,13726,12816,1
2033,R,1000000,300000,7,64,1,238229,3315,1
2034,R,600000,500000,8,81,1,7902,0,1
2035,R,1000000,500000,2,62,1,2247,161881,1
2036,R,600000,600000,5,80,0,17025,11949,1
2037,R,400000,300000,4,39,1,27831,7011,1
2038,R,700000,700000,2,59,1,0,25020,1
2039,R,600000,300000,7,52,1,369,17910,1
2040,A,500000,500000,8,82,0,15684,4425,1
2041,R,600000,300000,8,73,1,33886,8711,1
2042,R,1000000,300000,2,55,1,52888,18476,1
2043,R,1000000,1000000,3,34,0,261294,45000,1
2044,R,1000000,1000000,2,62,0,56173,23940,1
2045,R,600000,600000,8,78,0,33945,5382,1
2046,R,500000,500000,2,23,1,165746,14859,1
2047,B,200000,200000,2,23,1,267620,13066,1
2048,R,1000000,1000000,2,63,1,10365,11874,1
2049,R,700000,600000,8,87,1,3978,27909,1
2050,R,1000000,1000000,4,73,1,150808,5214,1
2051,R,500000,300000,7,42,1,281071,17984,1
2052,A,600000,600000,1,55,1,10361,6633,1
2053,R,1000000,1000000,4,61,1,32360,6060,1
2054,R,600000,300000,7,42,1,34519,18000,1
2055,R,200000,200000,6,21,1,40498,4100,1
2056,R,1000000,300000,8,74,1,13117,11348,1
2057,R,600000,300000,7,49,1,257646,8840,1
2058,R,1000000,1000000,4,63,1,28353,38160,1
2059,R,500000,500000,13,62,1,30388,2264,1
2060,R,1000000,1000000,4,67,1,37180,3492,1
2061,R,700000,700000,3,28,1,60720,2430,1
2062,R,1000000,300000,7,63,1,71797,17452,1
2063,R,600000,600000,2,56,1,36838,69561,1
2064,A,700000,700000,4,57,1,35202,23138,1
2065,R,400000,400000,8,86,0,73585,389,1
2066,R,1000000,1000000,2,52,0,317853,9043,1
2067,R,600000,600000,4,81,1,0,30375,1
2068,R,600000,300000,2,28,1,148356,10646,1
2069,R,500000,500000,8,83,1,19207,1196,1
2070,R,100000,100000,7,50,1,122461,22996,1
2071,R,700000,300000,7,59,1,91035,20248,1
2072,R,1000000,1000000,12,67,1,34791,19721,1
2073,R,200000,200000,3,23,1,75439,1767,1
2074,R,700000,700000,2,33,1,36728,57223,1
2075,R,1000000,300000,7,49,1,2416,3135,1
2076,R,700000,700000,2,48,1,0,71628,1
2077,R,1000000,1000000,3,58,1,68906,3584,1
2078,A,1000000,300000,5,63,1,91175,10481,1
2079,A,1000000,300000,5,63,1,0,10481,1
2080,R,1000000,1000000,2,39,1,259539,15143,1
2081,R,1000000,1000000,8,72,1,1451,4455,1
2082,A,1000000,300000,7,54,1,41759,21321,1
2083,R,1000000,1000000,2,56,1,3040,43472,1
2084,R,1000000,800000,7,57,1,81451,73587,1
2085,R,600000,600000,2,26,1,61856,43947,1
2086,R,700000,700000,2,54,1,7171,18702,1
2087,R,700000,700000,1,55,1,109477,16609,1
2088,R,400000,300000,6,19,1,31754,17292,1
2089,R,1000000,300000,3,65,1,34561,22916,1
2090,R,500000,500000,2,38,1,149908,35388,1
2091,R,700000,300000,11,62,1,7459,40675,1
2092,R,600000,600000,2,42,0,12616,7098,1
2093,A,1000000,600000,7,70,1,34789,53856,1
2094,R,600000,600000,8,75,1,11437,12535,1
2095,R,600000,600000,4,50,1,235890,13464,1
2096,R,500000,300000,4,75,1,0,5349,1
2097,R,600000,600000,2,27,1,45646,39932,1
2098,R,1000000,300000,7,50,1,68771,14257,1
2099,R,400000,400000,5,39,1,27450,80343,1
2100,R,1000000,1000000,2,55,1,41477,32785,1
2101,R,700000,300000,8,85,1,,981,1
2102,R,1000000,1000000,2,64,1,43505,12234,1
2103,R,1000000,300000,4,52,1,126103,10782,1
2104,R,1000000,1000000,4,68,1,38732,16396,1
2105,R,700000,300000,7,55,1,15613,20925,1
2106,R,200000,200000,6,20,1,186782,15345,1
2107,R,500000,300000,4,79,1,17727,3555,1
2108,R,1000000,300000,8,82,1,13846,13060,1
2109,R,1000000,300000,7,52,1,158708,39871,1
2110,R,700000,700000,4,34,1,116694,25746,1
2111,R,300000,300000,8,80,1,115723,51095,1
2112,R,1000000,300000,8,73,1,5248,29186,1
2113,R,600000,300000,6,22,1,27420,16991,1
2114,R,700000,500000,12,57,1,32237,6815,1
2115,B,1000000,1000000,2,40,1,0,15345,1
2116,R,700000,500000,4,61,1,,8731,1
2117,R,700000,700000,2,33,1,42710,14391,1
2118,R,200000,200000,7,23,1,3131,31176,1
2119,R,200000,200000,2,50,1,28610,9738,1
2120,R,500000,300000,4,61,1,23767,8713,1
2121,R,700000,700000,4,64,1,98056,7226,1
2122,R,700000,700000,2,30,1,40079,3802,1
2123,R,700000,700000,1,57,0,135239,58193,1
2124,R,600000,300000,7,63,1,15345,59626,1
2125,R,1000000,1000000,2,55,1,411275,13624,1
2126,R,700000,300000,7,50,1,35257,3257,1
2127,R,1000000,1000000,2,29,1,20699,27713,1
2128,A,1000000,1000000,4,66,1,244149,17337,1
2129,R,600000,600000,1,69,1,252803,27243,1
2130,R,600000,300000,7,56,1,51487,23895,1
2131,R,1000000,300000,4,71,1,7455,17395,1
2132,R,1000000,1000000,8,91,0,211950,990,1
2133,R,1000000,300000,7,69,1,34727,21356,1
2134,R,400000,300000,7,22,1,135492,8901,1
2135,R,1000000,1000000,2,44,1,36056,43461,1
2136,R,1000000,1000000,1,64,0,197601,6767,1
2137,R,1000000,1000000,3,53,1,326908,35178,1
2138,R,200000,200000,8,78,1,17872,13892,1
2139,R,1000000,1000000,2,42,0,15750,6291,1
2140,A,500000,300000,5,61,1,17028,3762,1
2141,R,700000,700000,5,72,1,70742,10417,1
2142,R,300000,300000,6,21,1,62755,8199,1
2143,B,500000,500000,2,25,1,189541,37091,1
2144,R,1000000,300000,7,53,1,5442,4644,1
2145,R,600000,600000,2,54,1,26843,13293,1
2146,R,600000,600000,4,52,1,46348,8901,1
2147,R,1000000,600000,7,65,1,30935,14850,1
2148,R,700000,700000,1,35,1,133271,0,1
2149,R,500000,300000,8,83,1,38622,4336,1
2150,R,700000,700000,2,31,1,148830,72864,1
2151,R,700000,300000,7,55,1,9620,12384,1
2152,R,200000,200000,4,56,1,129422,43633,1
2153,R,1000000,1000000,7,56,1,17482,4545,1
2154,R,700000,700000,2,29,1,135932,19077,1
2155,R,1000000,300000,4,49,1,0,6291,1
2156,R,1000000,1000000,5,39,1,116110,26512,1
2157,R,400000,300000,4,74,1,10710,8218,1
2158,R,1000000,1000000,3,44,1,24453,77820,1
2159,R,600000,600000,7,33,1,41757,14940,1
2160,R,700000,700000,2,28,1,155797,10313,1
2161,R,1000000,1000000,5,70,1,23418,43317,1
2162,R,1000000,1000000,2,58,0,148503,50388,1
2163,R,1000000,600000,4,59,1,16437,8676,1
2164,R,600000,600000,5,55,0,256019,91224,1
2165,R,500000,500000,2,42,1,199124,17542,1
2166,R,600000,600000,7,52,1,273116,1476,1
2167,R,1000000,1000000,2,30,1,45335,10890,1
2168,R,1000000,1000000,2,49,0,18050,10854,1
2169,R,600000,600000,2,24,0,4200,7029,1
2170,R,700000,300000,4,62,1,675005,47515,1
2171,R,1000000,1000000,2,64,0,29983,25868,1
2172,R,1000000,1000000,2,53,0,93325,4050,1
2173,R,1000000,1000000,1,66,0,39187,103272,1
2174,R,500000,300000,7,57,1,3630,7722,1
2175,R,1000000,1000000,3,61,1,133700,11880,1
2176,R,1000000,300000,7,64,1,36081,13542,1
2177,R,1000000,1000000,4,47,1,168048,134986,1
2178,R,600000,600000,11,42,1,3582,7894,1
2179,R,1000000,1000000,3,36,1,105123,25795,1
2180,R,600000,600000,2,42,1,242248,8330,1
2181,R,1000000,1000000,2,41,0,59655,5691,1
2182,R,1000000,300000,4,52,1,186909,15113,1
2183,R,1000000,300000,3,58,1,42644,3317,1
2184,R,600000,300000,5,51,0,42825,2623,1
2185,R,1000000,1000000,8,75,1,7285,2883,1
2186,R,1000000,300000,7,65,1,3116,13860,1
2187,R,1000000,1000000,4,67,1,23387,8812,1
2188,R,1000000,1000000,4,70,1,76037,2489,1
2189,R,1000000,1000000,2,38,1,334544,20310,1
2190,R,600000,300000,6,23,1,17162,15417,1
2191,R,1000000,1000000,1,62,0,204761,23349,1
2192,R,1000000,300000,3,65,1,29132,11993,1
2193,R,1000000,1000000,2,59,0,659794,7869,1
2194,R,700000,300000,4,63,1,9955,39690,1
2195,R,200000,200000,7,49,1,0,1241,1
2196,R,600000,600000,3,24,1,28702,4395,1
2197,A,1000000,1000000,2,72,1,277271,18669,1
2198,R,1000000,300000,7,65,1,14942,3564,1
2199,R,1000000,1000000,2,55,1,166445,3591,1
2200,R,1000000,1000000,2,46,0,42883,56987,1
2201,R,1000000,300000,11,54,1,,16929,1
2202,R,500000,500000,7,47,1,27387,8354,1
2203,R,700000,700000,2,48,0,105809,4122,1
2204,R,1000000,300000,4,47,1,93031,8298,1
2205,R,500000,500000,1,46,1,15928,6822,1
2206,R,1000000,1000000,2,61,0,198624,63000,1
2207,R,1000000,1000000,4,70,1,58639,5044,1
2208,R,700000,700000,3,39,1,42888,55996,1
2209,R,1000000,1000000,2,46,0,373403,4067,1
2210,R,1000000,1000000,2,51,1,106188,29391,1
2211,A,500000,300000,2,23,1,12309,2613,1
2212,R,600000,300000,7,50,1,87195,24191,1
2213,R,600000,600000,7,57,1,9333,14943,1
2214,R,1000000,300000,2,59,1,59302,22904,1
2215,R,600000,300000,7,69,1,1511,17460,1
2216,B,500000,500000,13,40,1,9744,33332,1
2217,R,500000,300000,5,43,1,48999,13712,1
2218,R,1000000,1000000,5,72,1,,5733,1
2219,R,1000000,1000000,3,42,0,155979,5016,1
2220,R,500000,500000,5,45,1,38797,1080,1
2221,R,1000000,1000000,2,27,1,118243,12757,1
2222,R,700000,300000,4,81,1,13379,16796,1
2223,R,600000,300000,4,39,1,82499,6231,1
2224,R,1000000,300000,7,60,1,28139,8550,1
2225,R,700000,300000,4,44,1,41085,10902,1
2226,R,600000,600000,2,31,1,20948,17001,1
2227,R,700000,300000,4,61,1,26371,5666,1
2228,R,300000,300000,3,23,1,89807,5643,1
2229,B,700000,300000,7,46,1,45942,12779,1
2230,R,1000000,700000,2,54,1,96084,5648,1
2231,R,500000,500000,3,24,1,203111,40127,1
2232,R,300000,300000,2,29,1,202242,1683,1
2233,R,1000000,1000000,5,44,0,29681,138240,1
2234,A,700000,300000,2,35,1,42914,33384,1
2235,R,1000000,300000,4,51,1,28552,4851,1
2236,R,500000,500000,2,27,1,153943,35393,1
2237,B,500000,500000,7,38,1,66769,6532,1
2238,R,1000000,700000,7,67,1,913,19681,1
2239,A,1000000,300000,4,67,1,33440,28116,1
2240,R,700000,300000,4,53,1,127066,69534,1
2241,R,700000,500000,8,72,0,53672,4828,1
2242,R,400000,400000,8,77,1,32464,1980,1
2243,R,700000,300000,4,50,1,69643,39936,1
2244,R,600000,600000,8,78,0,22972,25398,1
2245,R,500000,500000,7,51,1,344214,9044,1
2246,R,500000,500000,8,84,1,30101,6110,1
2247,R,1000000,1000000,2,24,1,19544,37353,1
2248,R,600000,600000,2,27,1,129980,5079,1
2249,R,200000,200000,8,86,1,47235,29566,1
2250,R,700000,700000,3,32,0,41065,22004,1
2251,R,600000,600000,8,75,0,8328,28776,1
2252,B,1000000,1000000,2,51,1,98230,77013,1
2253,R,600000,300000,4,35,1,108107,11159,1
2254,R,600000,600000,2,35,0,10043,5772,1
2255,R,200000,200000,13,25,1,141764,33367,1
2256,R,1000000,300000,7,53,1,54517,3677,1
2257,R,500000,300000,8,80,1,5022,928,1
2258,R,600000,600000,2,29,1,3317,13752,1
2259,R,400000,300000,8,74,1,105196,8772,1
2260,R,500000,300000,4,82,1,,1540,1
2261,R,500000,500000,2,32,1,,28463,1
2262,R,1000000,1000000,2,47,1,453419,84183,1
2263,R,200000,200000,7,68,1,158716,87134,1
2264,R,1000000,1000000,2,41,1,265608,73476,1
2265,R,500000,500000,4,66,1,9876,10259,1
2266,R,1000000,1000000,1,46,0,19561,33532,1
2267,R,500000,500000,2,57,1,49692,0,1
2268,R,500000,500000,2,27,1,10637,7646,1
2269,R,1000000,1000000,2,39,1,19148,9734,1
2270,R,1000000,1000000,2,48,1,48434,53590,1
2271,R,500000,500000,2,25,1,12911,5436,1
2272,A,700000,700000,2,62,1,84516,6286,1
2273,R,1000000,1000000,2,58,0,3564,25425,1
2274,R,1000000,1000000,2,32,1,27075,18108,1
2275,R,1000000,300000,7,39,1,123549,32058,1
2276,R,600000,600000,2,43,1,73423,32896,1
2277,R,200000,200000,6,21,0,143244,21692,1
2278,R,500000,500000,2,24,1,68320,41303,1
2279,R,700000,300000,7,61,1,76837,12514,1
2280,R,600000,300000,4,66,1,118122,27660,1
2281,R,500000,300000,7,41,1,4273,22582,1
2282,R,600000,600000,8,83,1,50471,17903,1
2283,R,200000,200000,6,22,1,213263,33264,1
2284,R,200000,200000,7,49,1,95073,22421,1
2285,R,1000000,1000000,2,40,1,174297,66132,1
2286,B,500000,500000,2,47,1,121619,66459,1
2287,R,700000,700000,2,28,1,35170,33418,1
2288,R,1000000,1000000,2,26,1,1000,8415,1
2289,B,300000,300000,7,40,1,236130,9710,1
2290,R,700000,700000,12,28,1,0,19389,1
2291,R,600000,600000,2,24,1,107528,53078,1
2292,R,200000,200000,6,21,1,100740,9111,1
2293,R,1000000,1000000,2,39,1,31650,31805,1
2294,R,600000,600000,12,32,1,86149,2808,1
2295,R,1000000,300000,4,70,1,14214,2952,1
2296,R,500000,300000,4,43,1,73633,8046,1
2297,R,300000,300000,6,21,1,126534,29071,1
2298,R,1000000,1000000,4,57,1,28998,153701,1
2299,R,700000,300000,7,42,1,31128,594,1
2300,R,400000,400000,8,73,1,74092,18416,1
2301,R,700000,300000,7,68,1,170506,26888,1
2302,R,600000,300000,8,81,1,5882,6318,1
2303,R,1000000,1000000,2,32,1,28283,7881,1
2304,R,700000,300000,7,49,1,163786,6264,1
2305,R,1000000,1000000,2,59,1,212616,30690,1
2306,R,300000,300000,7,46,1,62782,75857,1
2307,A,200000,200000,2,29,1,165512,8974,1
2308,R,1000000,1000000,5,59,1,682631,36404,1
2309,R,700000,700000,3,43,1,30321,82260,1
2310,R,1000000,900000,7,50,1,8096,10355,1
2311,R,500000,300000,7,52,1,116648,11298,1
2312,A,700000,700000,2,30,1,67330,29798,1
2313,R,700000,700000,7,73,0,79318,14062,1
2314,R,600000,600000,2,29,1,27869,3906,1
2315,R,600000,600000,2,47,0,94053,0,1
2316,R,1000000,1000000,2,43,0,40802,18057,1
2317,A,1000000,1000000,2,35,1,40660,0,1
2318,R,400000,400000,3,29,0,47730,1683,1
2319,R,1000000,1000000,2,33,0,44334,4779,1
2320,R,1000000,1000000,2,52,0,8232,9990,1
2321,R,1000000,300000,7,47,1,2020,4320,1
2322,R,1000000,300000,4,49,1,33971,23454,1
2323,R,500000,500000,2,31,1,4342,15691,1
2324,R,1000000,1000000,2,47,0,9577,13822,1
2325,A,1000000,1000000,2,61,0,16093,82863,1
2326,R,1000000,1000000,2,51,1,48118,9938,1
2327,R,600000,300000,4,44,1,150063,36628,1
2328,R,1000000,300000,4,71,1,67754,14978,1
2329,R,1000000,1000000,2,64,1,7776,117257,1
2330,R,1000000,900000,8,78,1,7728,4567,1
2331,R,1000000,1000000,4,78,1,1934,5346,1
2332,R,1000000,300000,4,70,1,6736,5832,1
2333,A,400000,400000,2,37,1,141020,72483,1
2334,R,400000,400000,2,46,1,3786,8686,1
2335,R,600000,600000,2,45,0,84892,29790,1
2336,R,200000,200000,6,20,0,4048,10980,1
2337,R,600000,600000,2,45,1,133037,7020,1
2338,R,1000000,1000000,2,42,1,54599,16514,1
2339,R,1000000,300000,11,57,1,20751,16683,1
2340,R,500000,500000,8,87,1,5130,8033,1
2341,R,1000000,1000000,2,41,1,116360,21514,1
2342,R,700000,300000,8,71,1,116786,27845,1
2343,R,1000000,300000,2,40,1,74861,1155,1
2344,R,1000000,1000000,2,39,0,6141,17087,1
2345,R,1000000,1000000,2,41,1,,6570,1
2346,R,200000,200000,7,36,1,98908,11891,1
2347,R,400000,400000,8,92,0,44046,882,1
2348,R,200000,200000,7,30,0,104285,52668,1
2349,R,600000,300000,8,74,1,0,2682,1
2350,R,700000,700000,8,65,1,33400,172000,1
2351,R,400000,400000,2,24,1,84097,12894,1
2352,R,1000000,1000000,2,39,1,43800,21178,1
2353,R,1000000,1000000,2,45,0,65759,1391,1
2354,R,700000,700000,2,28,1,26527,7565,1
2355,R,1000000,300000,8,78,1,43362,2555,1
2356,R,200000,200000,6,21,1,51248,2028,1
2357,R,700000,700000,2,29,1,160595,98168,1
2358,R,1000000,1000000,2,66,1,79049,8901,1
2359,R,1000000,1000000,5,63,1,58891,5436,1
2360,R,500000,300000,6,21,1,67299,20599,1
2361,R,700000,700000,2,31,1,4338,5620,1
2362,R,700000,700000,2,36,0,13422,2654,1
2363,R,500000,500000,2,84,1,9843,11574,1
2364,R,1000000,1000000,2,42,1,21473,294930,1
2365,R,500000,300000,7,40,1,212688,14891,1
2366,R,1000000,1000000,8,80,0,2484,6896,1
2367,B,1000000,1000000,2,32,1,81390,7846,1
2368,R,1000000,1000000,2,26,0,4199,8025,1
2369,R,500000,500000,2,36,1,74412,20748,1
2370,R,1000000,1000000,2,45,0,70756,4671,1
2371,R,600000,300000,7,55,1,,14382,1
2372,R,700000,700000,2,45,1,22081,43430,1
2373,R,600000,600000,3,34,1,77411,10288,1
2374,R,700000,700000,3,25,1,8528,16602,1
2375,R,1000000,1000000,2,52,1,86139,1464,1
2376,R,700000,700000,3,36,0,48159,22920,1
2377,R,400000,400000,2,25,1,,14301,1
2378,A,600000,600000,7,35,1,22138,4032,1
2379,R,1000000,1000000,8,72,1,,14744,1
2380,B,500000,500000,2,26,1,277201,52288,1
2381,R,1000000,1000000,2,25,1,35580,1485,1
2382,R,200000,200000,6,21,1,288304,3768,1
2383,R,700000,700000,12,53,1,3467,7643,1
2384,R,600000,300000,2,23,1,24801,19570,1
2385,R,700000,300000,7,53,1,53001,4195,1
2386,R,500000,500000,3,25,1,84831,14436,1
2387,R,1000000,600000,7,69,0,7470,8460,1
2388,R,500000,300000,6,22,1,,3986,1
2389,B,600000,600000,5,83,1,15191,14850,1
2390,R,500000,500000,2,31,1,,9495,1
2391,R,1000000,1000000,4,58,1,,4802,1
2392,R,1000000,1000000,2,45,1,33064,1125,1
2393,R,700000,700000,7,47,0,5947,12870,1
2394,R,1000000,1000000,13,62,1,9143,5848,1
2395,R,1000000,1000000,2,49,1,141795,57669,1
2396,R,1000000,1000000,2,50,1,14468,8073,1
2397,R,700000,700000,2,25,1,10078,66856,1
2398,R,700000,700000,2,45,1,60156,22920,1
2399,R,600000,600000,2,26,0,22200,13158,1
2400,R,400000,400000,2,27,1,40026,234193,1
2401,R,500000,500000,2,25,1,75934,6732,1
2402,R,600000,600000,2,24,1,190220,35758,1
2403,R,1000000,1000000,2,35,1,,34740,1
2404,R,600000,600000,7,51,1,79549,25167,1
2405,R,700000,300000,7,59,1,4028,14420,1
2406,R,1000000,300000,4,71,1,15938,21457,1
2407,R,700000,700000,2,49,1,315044,162360,1
2408,R,400000,300000,7,53,1,28553,56839,1
2409,R,1000000,1000000,2,52,0,482395,180000,1
2410,R,200000,200000,5,49,1,,180000,1
2411,R,600000,300000,6,23,1,68583,68760,1
2412,R,600000,300000,7,55,1,3725,972,1
2413,R,1000000,300000,12,52,1,0,4797,1
2414,A,1000000,1000000,2,38,1,52056,22860,1
2415,R,400000,400000,1,37,1,0,49101,1
2416,R,1000000,1000000,1,63,1,0,181043,1
2417,B,1000000,1000000,1,59,1,,43452,1
2418,R,1000000,1000000,2,23,1,3135,2881,1
2419,R,200000,200000,5,51,1,188121,132696,1
2420,A,600000,600000,2,41,0,50939,32670,1
2421,R,600000,600000,2,38,1,60820,43773,1
2422,R,1000000,1000000,2,65,1,110776,69973,1
2423,R,500000,500000,2,57,1,20796,40881,1
2424,R,1000000,1000000,2,42,1,149353,57644,1
2425,R,500000,500000,2,29,0,20141,4004,1
2426,R,1000000,800000,3,42,1,18229,38981,1
2427,R,1000000,300000,7,57,1,99761,28042,1
2428,R,700000,700000,2,34,0,40000,87827,1
2429,R,500000,500000,2,25,1,35250,23961,1
2430,R,500000,500000,2,44,0,0,181098,1
2431,R,1000000,1000000,2,49,1,137418,25175,1
2432,R,600000,600000,2,36,1,226731,2185,1
2433,R,600000,600000,2,32,1,23313,22365,1
2434,R,500000,500000,2,28,1,,12741,1
2435,R,600000,600000,2,27,1,27170,58615,1
2436,R,1000000,1000000,2,26,1,5748,14598,1
2437,R,700000,700000,2,29,1,118188,7976,1
2438,R,1000000,1000000,2,50,1,8201,570,1
2439,R,1000000,1000000,2,50,1,197796,25189,1
2440,R,700000,700000,2,34,1,15153,52065,1
2441,R,700000,300000,4,47,1,,49590,1
2442,R,1000000,1000000,2,47,1,34068,65907,1
2443,R,700000,700000,2,52,1,24181,21877,1
2444,R,1000000,900000,7,54,1,30059,3500,1
2445,R,500000,500000,2,32,1,10000,89370,1
2446,R,700000,700000,5,44,1,203752,319410,1
2447,R,500000,300000,3,23,1,,88137,1
2448,R,400000,400000,2,36,1,,38709,1
2449,R,1000000,1000000,2,30,1,37440,15187,1
2450,R,1000000,1000000,2,29,0,50000,85320,1
2451,R,1000000,1000000,2,29,1,84690,114345,1
2452,R,300000,300000,13,56,1,24160,46415,1
2453,R,1000000,1000000,2,30,1,8865,19656,1
2454,R,600000,600000,2,42,1,99019,10973,1
2455,R,1000000,1000000,2,44,1,24833,10844,1
2456,R,1000000,1000000,2,46,1,13672,120060,1
2457,R,400000,400000,2,34,1,,48289,1
2458,R,1000000,300000,7,30,1,81976,72845,1
2459,R,600000,600000,2,26,1,3031,10683,1
2460,R,1000000,1000000,2,55,1,47853,37710,1
2461,R,700000,700000,10,37,1,388883,75048,1
2462,R,700000,700000,2,28,1,93569,67070,1
2463,R,700000,400000,3,27,1,23877,1767,1
2464,R,600000,600000,2,26,1,52470,47595,1
2465,R,1000000,1000000,2,28,1,351168,288279,1
2466,R,1000000,300000,7,61,1,284782,254520,1
2467,R,700000,700000,2,39,1,91730,61227,1
2468,R,1000000,800000,2,42,1,203853,25731,1
2469,R,1000000,1000000,4,65,1,210968,24246,1
2470,R,600000,600000,2,53,1,54084,57780,1
2471,R,600000,600000,5,47,1,0,173745,1
2472,B,600000,500000,8,76,1,130802,10629,1
2473,R,700000,700000,2,33,1,791742,37324,1
2474,R,1000000,1000000,2,30,1,22413,34069,1
2475,R,200000,200000,6,20,1,215456,15246,1
2476,R,700000,700000,2,36,1,180523,26433,1
2477,A,600000,600000,3,54,1,259462,180000,1
2478,R,700000,700000,2,45,1,65313,27810,1
2479,R,700000,700000,2,31,1,240582,14094,1
2480,R,500000,500000,4,58,1,141212,24552,1
2481,R,1000000,300000,11,61,1,45083,8505,1
2482,A,1000000,1000000,4,78,1,9396,43560,1
2483,R,600000,600000,4,53,1,188687,198088,1
2484,R,1000000,1000000,2,24,1,13779,16920,1
2485,R,600000,600000,10,24,1,23348,32175,1
2486,R,600000,600000,2,35,1,21318,86229,1
2487,R,600000,600000,2,25,1,331293,37790,1
2488,R,1000000,300000,7,47,1,,69588,1
2489,R,400000,400000,2,25,1,80576,177210,1
2490,R,600000,300000,4,39,1,,19890,1
2491,R,200000,200000,2,24,1,90850,27720,1
2492,R,500000,500000,2,30,1,63376,6300,1
2493,R,300000,300000,4,34,1,15372,46530,1
2494,R,1000000,1000000,3,54,1,64140,51975,1
2495,R,1000000,1000000,4,51,1,297492,68183,1
2496,R,1000000,500000,7,57,1,5368,7081,1
2497,R,500000,500000,2,33,1,115545,175725,1
2498,R,700000,300000,4,57,1,0,37710,1
2499,R,1000000,1000000,2,39,1,31654,80338,1
2500,R,500000,500000,2,42,1,688573,50490,1
2501,R,1000000,1000000,2,51,1,5710,23270,1
2502,R,500000,500000,2,30,0,105708,40516,1
2503,R,600000,600000,2,26,1,79381,5319,1
2504,A,1000000,1000000,2,33,1,112964,26352,1
2505,R,1000000,1000000,2,50,1,,89473,1
2506,R,1000000,1000000,2,32,1,,174240,1
2507,R,500000,500000,2,27,1,274448,12870,1
2508,R,500000,500000,2,31,1,16093,40770,1
2509,R,600000,600000,3,27,1,169322,47709,1
2510,R,600000,600000,13,47,1,47801,0,1
2511,R,400000,400000,2,55,1,83499,21573,1
2512,R,1000000,1000000,2,43,1,1383,73350,1
2513,R,1000000,1000000,2,45,1,0,35046,1
2514,R,700000,700000,4,43,1,51464,65793,1
2515,R,700000,700000,2,34,1,7222,180000,1
2516,R,700000,300000,7,57,1,39434,50418,1
2517,R,200000,200000,2,32,1,95676,16110,1
2518,R,1000000,1000000,2,46,1,137954,40806,1
2519,A,700000,300000,4,52,1,260025,41436,1
2520,R,600000,600000,7,50,1,66818,15032,1
2521,R,500000,300000,2,24,1,247253,58175,1
2522,R,600000,600000,2,39,1,61484,4058,1
2523,A,400000,300000,6,21,1,81353,5433,1
2524,R,1000000,300000,6,25,1,50598,14940,1
2525,R,600000,600000,1,46,1,,76257,1
2526,R,600000,600000,2,36,1,17895,54831,1
2527,R,200000,200000,6,21,1,200683,5030,1
2528,R,1000000,300000,7,54,1,38500,15930,1
2529,R,500000,500000,3,24,1,127010,7200,1
2530,R,1000000,1000000,2,28,1,78768,13876,1
2531,A,1000000,1000000,2,44,1,510,54450,1
2532,A,200000,200000,13,37,1,74447,53763,1
2533,R,1000000,1000000,2,58,1,51248,30681,1
2534,R,1000000,300000,12,52,1,136542,11567,1
2535,R,200000,200000,6,28,1,,12960,1
2536,A,1000000,1000000,3,47,1,10336,141075,1
2537,R,700000,300000,12,48,1,93644,10251,1
2538,R,1000000,1000000,4,63,1,0,26919,1
2539,R,700000,700000,2,49,1,264529,133650,1
2540,B,1000000,1000000,2,37,1,133977,36135,1
2541,R,1000000,1000000,2,31,1,2733,84060,1
2542,R,500000,500000,2,25,1,42004,9351,1
2543,R,1000000,1000000,2,25,0,89870,47880,1
2544,R,600000,600000,2,29,0,211277,30780,1
2545,R,400000,400000,2,24,1,0,10001,1
2546,R,400000,400000,3,26,1,77721,15840,1
2547,R,600000,300000,7,64,1,198751,180000,1
2548,R,1000000,1000000,2,24,0,,64044,1
2549,R,600000,600000,2,61,1,159342,31185,1
2550,R,600000,600000,2,39,1,257527,52322,1
2551,A,500000,300000,11,40,1,481927,150687,1
2552,A,1000000,1000000,2,32,1,34030,9396,1
2553,R,600000,600000,2,26,1,139602,11817,1
2554,R,1000000,300000,4,60,1,882,882,1
2555,R,500000,300000,5,65,1,,56520,1
2556,R,700000,300000,7,54,1,836,75735,1
2557,B,1000000,1000000,3,27,1,69396,19800,1
2558,R,1000000,1000000,2,31,0,,172368,1
2559,B,400000,400000,3,22,1,102150,80190,1
2560,R,700000,700000,4,37,1,45928,29790,1
2561,R,600000,600000,2,26,1,120532,38645,1
2562,R,1000000,1000000,2,38,1,,48905,1
2563,A,1000000,1000000,2,39,1,64581,16110,1
2564,R,1000000,1000000,2,45,1,130095,77310,1
2565,R,600000,600000,3,29,1,40395,15624,1
2566,R,1500000,1500000,2,31,1,13794,34740,1
2567,R,500000,500000,2,26,0,82100,108495,1
2568,B,600000,600000,2,26,1,44669,10890,1
2569,R,1000000,1000000,2,37,1,11016,29700,1
2570,R,700000,700000,2,39,1,50360,78300,1
2571,R,700000,300000,6,23,1,230944,89407,1
2572,R,600000,600000,2,36,1,19899,49500,1
2573,R,700000,700000,2,23,1,42309,12770,1
2574,R,300000,300000,2,25,1,160160,49590,1
2575,R,600000,300000,6,22,1,155087,76286,1
2576,R,700000,700000,2,23,1,33750,6633,1
2577,R,400000,400000,2,27,1,523,93060,1
2578,R,600000,600000,2,25,1,30578,26598,1
2579,R,700000,700000,2,34,1,79316,61380,1
2580,R,1000000,1000000,1,51,0,123825,64389,1
2581,R,500000,300000,7,40,1,33460,35640,1
2582,R,700000,700000,2,29,1,,32866,1
2583,R,1000000,1000000,2,27,0,20790,48906,1
2584,R,700000,700000,2,34,1,122940,97995,1
2585,R,700000,700000,2,25,1,31383,28512,1
2586,R,600000,600000,2,30,1,108118,4001,1
2587,R,400000,300000,7,45,1,48252,79290,1
2588,A,400000,400000,2,50,1,549682,37996,1
2589,R,500000,500000,2,23,1,69592,6866,1
2590,R,400000,400000,6,23,1,36019,8316,1
2591,R,500000,500000,2,25,1,0,2466,1
2592,B,600000,600000,2,26,1,112440,97490,1
2593,B,700000,700000,2,46,1,284600,180000,1
2594,R,600000,600000,2,33,1,69231,84303,1
2595,R,1000000,1000000,2,35,1,66006,43650,1
2596,R,700000,700000,2,32,1,82587,30289,1
2597,R,700000,700000,2,33,1,17820,90180,1
2598,R,500000,500000,2,26,1,,15390,1
2599,R,500000,500000,2,29,1,2484,41742,1
2600,R,400000,300000,6,22,1,,85410,1
2601,R,600000,600000,2,46,1,36130,78298,1
2602,R,1000000,1000000,2,40,0,31491,69291,1
2603,R,700000,300000,7,48,1,0,70380,1
2604,R,700000,300000,4,55,1,4104,46710,1
2605,R,1000000,1000000,5,43,1,85142,116712,1
2606,R,700000,700000,7,42,1,35321,163260,1
2607,R,600000,600000,2,27,1,10200,28830,1
2608,R,1000000,1000000,2,32,1,47976,13232,1
2609,R,1000000,1000000,2,37,1,5027,143748,1
2610,R,1000000,1000000,2,58,1,5000,4698,1
2611,R,400000,300000,6,19,1,337348,29404,1
2612,R,1000000,1000000,7,58,1,,26199,1
2613,R,1000000,300000,7,62,1,49005,108009,1
2614,R,1000000,1000000,2,34,1,19826,5397,1
2615,R,600000,300000,4,51,1,56506,44550,1
2616,R,400000,400000,2,25,1,51940,44496,1
2617,R,600000,600000,2,34,1,106713,85863,1
2618,R,700000,700000,2,63,1,81180,204045,1
2619,R,400000,400000,2,26,1,116636,59985,1
2620,R,1000000,1000000,2,42,1,148463,18082,1
2621,R,1000000,1000000,2,38,1,23469,84610,1
2622,R,200000,200000,3,25,1,27399,36810,1
2623,R,700000,700000,2,27,1,94088,45621,1
2624,R,600000,300000,7,50,1,154984,25982,1
2625,R,500000,300000,7,50,1,343419,147420,1
2626,R,1000000,1000000,2,33,1,34276,73449,1
2627,R,500000,500000,2,28,1,54275,28514,1
2628,R,1000000,1000000,2,31,1,15000,52560,1
2629,R,500000,500000,2,26,0,9405,52560,1
2630,R,1000000,1000000,2,40,1,3658,52010,1
2631,R,1000000,1000000,2,55,0,,16920,1
2632,R,1000000,1000000,2,52,1,79380,39987,1
2633,R,500000,500000,2,27,1,28310,61324,1
2634,R,700000,700000,2,36,1,33660,34740,1
2635,R,300000,300000,2,24,0,95606,9396,1
2636,R,700000,300000,4,40,1,166649,81270,1
2637,R,500000,300000,6,26,0,24766,68440,1
2638,R,600000,600000,2,54,1,92395,180000,1
2639,A,600000,600000,10,25,1,174727,75240,1
2640,R,500000,500000,2,24,1,0,59400,1
2641,R,1000000,1000000,3,35,0,0,101763,1
2642,R,1000000,1000000,3,53,1,33179,95207,1
2643,R,1000000,1000000,1,33,1,29659,133601,1
2644,R,500000,500000,4,42,1,,33804,1
2645,R,700000,700000,2,37,1,84910,150570,1
2646,R,1000000,1000000,3,50,1,65200,40680,1
2647,R,1000000,1000000,4,45,1,80826,178644,1
2648,A,600000,600000,5,54,0,22990,52965,1
2649,R,700000,400000,2,25,1,40151,36501,1
2650,B,200000,200000,6,20,1,74689,20067,1
2651,R,600000,600000,2,43,1,32736,24152,1
2652,R,600000,600000,5,51,1,290350,69250,1
2653,R,1000000,300000,7,63,1,12198,7344,1
2654,B,1000000,1000000,2,33,0,,69300,1
2655,R,1000000,1000000,2,54,1,159542,158408,1
2656,R,500000,300000,6,23,1,0,32760,1
2657,R,600000,600000,7,27,1,6030,5040,1
2658,R,400000,300000,6,22,1,427991,7772,1
2659,R,1000000,1000000,3,55,1,161959,81849,1
2660,R,1000000,300000,7,48,1,2469,25883,1
2661,R,500000,500000,2,26,1,24946,8316,1
2662,R,500000,500000,2,26,1,111497,46643,1
2663,R,700000,700000,4,55,1,48815,24924,1
2664,R,500000,300000,6,23,1,20047,4637,1
2665,A,700000,700000,3,29,1,21351,31687,1
2666,R,500000,500000,2,28,1,2079,27810,1
2667,R,1000000,900000,2,49,1,51382,37656,1
2668,R,1000000,1000000,2,26,1,1720,29436,1
2669,R,700000,700000,2,33,1,58277,62694,1
2670,R,500000,500000,2,29,1,28389,25542,1
2671,R,400000,400000,7,24,1,2178,13515,1
2672,R,600000,300000,4,73,1,28852,90,1
2673,A,1000000,1000000,10,53,0,12104,93235,1
2674,R,600000,500000,2,46,1,38162,17055,1
2675,R,1000000,1000000,2,37,0,,36720,1
2676,A,700000,700000,2,38,1,76523,73260,1
2677,R,500000,500000,2,26,1,375043,44622,1
2678,R,1000000,1000000,2,39,1,391707,94555,1
2679,R,600000,600000,2,43,1,0,1773,1
2680,R,700000,700000,2,24,1,45851,51480,1
2681,R,700000,700000,3,53,1,12520,11651,1
2682,R,500000,500000,2,28,1,194043,29205,1
2683,R,600000,300000,6,23,1,,16920,1
2684,R,1000000,1000000,2,25,1,0,48501,1
2685,R,500000,500000,1,43,1,60897,104490,1
2686,R,400000,400000,2,39,1,,53100,1
2687,R,1000000,1000000,2,30,1,16699,67167,1
2688,R,700000,700000,2,30,0,42754,143957,1
2689,R,1000000,1000000,2,35,1,65648,125957,1
2690,R,500000,500000,2,46,1,643491,180000,1
2691,R,1000000,1000000,2,34,1,29631,21480,1
2692,R,400000,400000,2,27,1,20760,11583,1
2693,R,1000000,1000000,10,51,1,32939,162332,1
2694,R,700000,700000,2,43,1,0,50580,1
2695,R,1000000,1000000,3,65,0,0,122265,1
2696,R,1000000,1000000,1,64,0,108400,100080,1
2697,R,600000,600000,2,25,1,5500,91575,1
2698,R,700000,700000,2,26,1,75597,41670,1
2699,R,700000,700000,2,41,1,,55134,1
2700,R,600000,600000,2,39,0,102960,16920,1
2701,R,1000000,1000000,2,51,0,4285,39294,1
2702,R,1000000,1000000,2,51,0,98278,37334,1
2703,R,500000,500000,2,28,0,24000,41670,1
2704,R,1000000,1000000,2,30,1,523,5642,1
2705,R,700000,700000,2,41,1,52023,120014,1
2706,R,1000000,1000000,2,32,0,38156,6066,1
2707,R,700000,700000,2,27,1,109000,81162,1
2708,R,500000,500000,2,27,1,82315,12960,1
2709,R,1000000,1000000,2,31,1,1387,180000,1
2710,R,700000,700000,1,67,1,1746,73350,1
2711,R,1000000,1000000,5,54,0,25520,70380,1
2712,A,600000,600000,4,62,1,22044,15780,1
2713,R,600000,600000,2,58,0,3833,34245,1
2714,R,1000000,1000000,1,45,0,29367,50670,1
2715,R,700000,700000,2,32,1,55880,129285,1
2716,R,400000,400000,2,28,1,3411,2268,1
2717,R,600000,600000,2,51,1,7774,13860,1
2718,R,700000,700000,2,25,1,19836,87210,1
2719,R,500000,500000,2,26,0,35530,20880,1
2720,R,1000000,1000000,3,48,1,,63540,1
2721,A,300000,300000,1,49,1,207183,59670,1
2722,R,1000000,1000000,2,52,1,22301,14490,1
2723,R,500000,500000,2,28,0,49826,27810,1
2724,R,500000,300000,6,21,0,,16227,1
2725,R,1000000,300000,11,51,1,16323,145824,1
2726,R,1000000,1000000,2,45,0,,17622,1
2727,R,600000,600000,5,37,1,2873,88943,1
2728,R,1000000,300000,7,60,1,39102,53910,1
2729,R,500000,500000,2,36,1,89177,28175,1
2730,R,1000000,300000,7,35,1,2881,35047,1
2731,R,200000,200000,6,20,1,26311,24151,1
2732,R,700000,700000,2,25,1,,96996,1
2733,R,700000,300000,7,50,1,86481,16632,1
2734,R,1000000,1000000,2,46,1,17720,27117,1
2735,R,600000,600000,2,29,1,37483,31779,1
2736,R,200000,200000,6,20,0,0,32274,1
2737,R,300000,300000,2,27,1,,59707,1
2738,R,700000,700000,2,28,1,82560,22629,1
2739,R,600000,600000,3,37,0,9949,21672,1
2740,R,700000,700000,2,33,0,651967,123840,1
2741,R,600000,600000,12,26,1,408041,34780,1
2742,R,500000,500000,2,31,1,63986,93953,1
2743,R,500000,500000,5,37,0,7315,144054,1
2744,R,700000,700000,2,31,0,15444,35640,1
2745,R,700000,700000,2,30,1,30492,56761,1
2746,R,700000,700000,5,60,1,30305,31770,1
2747,R,700000,700000,2,39,1,309428,35640,1
2748,R,1000000,1000000,2,34,1,297446,50292,1
2749,R,1000000,1000000,4,54,1,13696,133825,1
2750,R,400000,300000,7,33,1,65237,16236,1
2751,R,1000000,1000000,2,47,1,5426,33750,1
2752,R,200000,200000,6,22,1,,26820,1
2753,R,600000,600000,2,38,1,1587,93150,1
2754,R,600000,600000,1,37,0,,75874,1
2755,R,700000,700000,11,54,1,25964,91170,1
2756,R,600000,400000,2,56,1,152916,94635,1
2757,R,600000,600000,2,25,1,66790,22545,1
2758,R,600000,600000,2,26,1,0,63684,1
2759,B,700000,700000,2,28,1,142995,101497,1
2760,R,300000,300000,7,29,1,228563,5893,1
2761,R,1000000,1000000,2,52,0,427478,10980,1
2762,R,1000000,1000000,2,56,0,97504,91637,1
2763,R,500000,500000,2,25,1,61759,12642,1
2764,R,500000,300000,7,48,1,454224,175230,1
2765,R,400000,400000,2,32,1,48926,133740,1
2766,R,700000,500000,7,53,1,32028,101021,1
2767,R,700000,700000,2,30,0,0,14808,1
2768,R,500000,300000,2,55,1,44915,122850,1
2769,B,500000,500000,2,28,1,48360,31189,1
2770,R,500000,500000,2,28,1,37934,55329,1
2771,R,1000000,300000,8,75,1,5211,4123,1
2772,R,500000,500000,2,25,0,,5320,1
2773,R,1000000,1000000,10,36,1,208050,35564,1
2774,B,600000,400000,2,23,1,36311,50094,1
2775,A,1000000,1000000,2,28,1,39453,19352,1
2776,R,1000000,1000000,4,57,1,20893,83785,1
2777,R,500000,300000,5,34,1,,15930,1
2778,R,1000000,1000000,2,57,0,96198,44388,1
2779,R,600000,600000,2,59,1,43809,13950,1
2780,R,700000,700000,1,46,1,510076,120780,1
2781,R,600000,300000,7,50,1,40837,85555,1
2782,R,500000,500000,2,33,1,31605,10232,1
2783,R,400000,300000,4,49,1,121628,180000,1
2784,R,1000000,1000000,2,43,1,63417,21866,1
2785,R,1000000,1000000,2,41,0,67377,51570,1
2786,R,700000,700000,10,27,1,195917,5841,1
2787,R,600000,600000,2,35,1,22741,10550,1
2788,R,1000000,1000000,2,36,0,,103140,1
2789,R,500000,500000,1,50,0,358600,143550,1
2790,R,700000,300000,12,50,1,,181548,1
2791,R,500000,500000,2,42,1,622851,40288,1
2792,R,700000,300000,7,29,1,0,20880,1
2793,A,1000000,1000000,2,41,0,278015,30441,1
2794,A,1000000,300000,4,46,1,64402,31659,1
2795,R,1000000,1000000,2,51,1,71175,17024,1
2796,R,600000,400000,2,35,1,0,31680,1
2797,A,1000000,1000000,2,47,1,70437,27963,1
2798,R,1000000,1000000,2,45,0,0,190000,1
2799,R,600000,600000,2,26,0,2192,34580,1
2800,R,1000000,1000000,2,38,0,0,22770,1
2801,R,500000,500000,2,25,0,12493,38092,1
2802,R,700000,700000,2,37,0,148155,34059,1
2803,R,700000,700000,2,31,1,3449,18905,1
2804,R,600000,600000,2,28,1,121757,32067,1
2805,R,500000,500000,2,25,0,62193,17594,1
2806,R,1000000,1000000,2,48,1,130573,0,1
2807,R,700000,700000,2,56,1,10090,18432,1
2808,R,1000000,1000000,2,48,1,69746,137700,1
2809,R,600000,600000,2,46,1,82609,10719,1
2810,R,400000,300000,7,58,1,48803,78210,1
2811,R,1000000,1000000,4,64,1,15157,37452,1
2812,R,1000000,1000000,3,39,0,634589,125730,1
2813,R,700000,700000,2,37,0,295864,180000,1
2814,R,700000,700000,2,34,1,52339,119723,1
2815,R,700000,300000,6,23,1,31665,23593,1
2816,R,600000,600000,12,35,1,143785,3344,1
2817,R,200000,200000,5,49,0,29158,170010,1
2818,R,200000,200000,6,21,0,3415,24840,1
2819,R,700000,300000,5,55,1,185484,23940,1
2820,R,1000000,1000000,2,50,0,23500,32787,1
2821,R,600000,300000,7,56,1,,28800,1
2822,R,1000000,1000000,13,55,1,25798,29295,1
2823,R,600000,600000,2,56,1,25000,67573,1
2824,A,600000,300000,6,24,1,4147,28710,1
2825,A,200000,200000,6,19,1,171603,5445,1
2826,R,400000,400000,2,24,1,270428,6372,1
2827,R,200000,200000,2,61,0,98010,142560,1
2828,R,500000,500000,2,27,1,21577,69480,1
2829,R,1000000,1000000,2,46,1,22179,41895,1
2830,R,200000,200000,7,57,1,62318,54540,1
2831,A,500000,500000,5,56,0,,196020,1
2832,B,200000,200000,2,25,1,118180,20048,1
2833,R,1000000,1000000,4,64,1,1200,495,1
2834,R,1000000,1000000,3,62,1,23420,38262,1
2835,R,1000000,1000000,2,38,0,27993,72360,1
2836,R,500000,300000,6,22,1,187218,34076,1
2837,R,1000000,1000000,2,36,1,154677,85725,1
2838,R,1000000,1000000,2,38,1,20493,45713,1
2839,R,1000000,1000000,2,35,0,247998,49194,1
2840,R,600000,600000,3,24,1,30975,180000,1
2841,R,700000,300000,7,41,1,1257,24750,1
2842,R,400000,300000,7,42,1,149569,10098,1
2843,R,500000,500000,5,44,1,195213,32543,1
2844,R,400000,400000,2,27,1,524,16313,1
2845,R,400000,400000,2,27,1,19905,16313,1
2846,R,400000,400000,2,27,1,,16313,1
2847,R,1000000,1000000,3,40,0,598700,53550,1
2848,R,500000,500000,2,43,1,22486,82260,1
2849,R,500000,500000,2,27,1,41013,14323,1
2850,R,1000000,1000000,2,40,0,544138,23655,1
2851,R,500000,500000,2,25,1,2603,82062,1
2852,R,1000000,300000,7,49,1,4645,14126,1
2853,R,200000,200000,6,21,1,35426,25830,1
2854,R,700000,700000,2,30,1,8693,11961,1
2855,R,600000,600000,2,28,0,0,128700,1
2856,R,600000,600000,12,51,1,5959,15971,1
2857,R,500000,500000,2,45,1,438878,66121,1
2858,R,1000000,1000000,2,29,1,20640,33750,1
2859,R,1000000,1000000,2,68,1,158318,47223,1
2860,R,1000000,300000,7,36,1,,937,1
2861,R,500000,500000,2,43,1,,27281,1
2862,R,1000000,1000000,2,29,0,12444,3749,1
2863,A,600000,300000,7,49,1,117480,63083,1
2864,R,600000,600000,2,28,1,19445,42669,1
2865,R,500000,300000,6,21,1,103156,47182,1
2866,R,200000,200000,6,22,0,7781,6865,1
2867,R,1000000,1000000,3,30,1,20996,28850,1
2868,R,600000,600000,4,51,1,383067,72324,1
2869,R,600000,600000,2,26,1,,31860,1
2870,A,400000,400000,13,53,1,16043,60167,1
2871,R,1000000,1000000,3,44,0,297606,63450,1
2872,R,500000,500000,10,30,0,176618,49761,1
2873,R,1000000,300000,7,49,1,22477,371,1
2874,R,700000,700000,8,52,1,59130,58768,1
2875,R,1000000,1000000,4,61,1,,8478,1
2876,R,300000,300000,6,21,1,1822,6822,1
2877,R,1000000,1000000,3,34,1,25952,10592,1
2878,R,200000,200000,6,22,0,1045,2385,1
2879,R,1000000,1000000,2,27,0,136990,56520,1
2880,R,1000000,1000000,2,46,1,11944,180000,1
2881,R,700000,700000,2,43,0,163239,29789,1
2882,R,1000000,1000000,3,36,0,13511,98100,1
2883,R,500000,500000,2,45,0,40500,28519,1
2884,R,1000000,1000000,2,39,1,9689,64350,1
2885,R,200000,200000,2,35,0,83237,156845,1
2886,R,200000,200000,2,35,0,186716,52560,1
2887,R,700000,700000,2,36,1,0,14346,1
2888,R,200000,200000,7,65,1,68995,15370,1
2889,A,1000000,1000000,2,32,1,178202,176122,1
2890,R,600000,600000,2,28,1,20064,61965,1
2891,R,700000,300000,11,48,1,9365,26820,1
2892,R,1000000,1000000,2,34,1,21346,4059,1
2893,R,1000000,1000000,2,33,1,221364,33895,1
2894,R,600000,600000,2,30,1,18018,26226,1
2895,R,700000,300000,7,57,1,5723,21582,1
2896,R,1000000,800000,2,51,1,11454,25830,1
2897,R,700000,700000,2,32,1,0,34740,1
2898,R,700000,500000,7,53,1,16317,14445,1
2899,R,1000000,1000000,2,54,1,0,22860,1
2900,R,600000,300000,7,42,1,41304,24264,1
2901,R,1000000,1000000,2,46,0,221288,69750,1
2902,R,700000,700000,1,50,1,50580,16533,1
2903,R,1000000,1000000,4,63,1,3753,113171,1
2904,R,1000000,1000000,2,35,1,112809,110636,1
2905,R,500000,500000,2,44,1,33427,4158,1
2906,R,700000,700000,2,27,1,4779,100872,1
2907,R,1000000,1000000,4,52,1,22090,173102,1
2908,R,400000,400000,2,26,1,103049,22272,1
2909,R,1000000,1000000,3,34,1,5295,24840,1
2910,R,1000000,1000000,2,45,1,13365,15837,1
2911,R,700000,700000,2,28,1,24412,11871,1
2912,R,1000000,1000000,2,55,1,,162450,1
2913,R,1000000,1000000,2,30,0,40106,53249,1
2914,R,700000,700000,2,27,0,70934,63965,1
2915,R,700000,700000,2,47,1,217496,107478,1
2916,R,500000,300000,8,78,1,115792,127741,1
2917,R,500000,500000,2,33,1,89919,156220,1
2918,B,1000000,300000,7,56,1,169854,103455,1
2919,R,200000,200000,2,24,1,67136,11385,1
2920,R,1000000,1000000,4,51,1,40801,177714,1
2921,R,1000000,300000,12,53,1,9360,48600,1
2922,R,1000000,1000000,1,54,0,83279,176310,1
2923,R,1000000,1000000,1,54,0,40254,176310,1
2924,R,1000000,1000000,2,27,1,,22875,1
2925,R,1000000,500000,3,57,1,7544,6534,1
2926,R,1000000,1000000,2,46,1,47258,67968,1
2927,R,600000,600000,2,34,0,34181,26919,1
2928,A,1000000,1000000,2,38,0,20540,177507,1
2929,R,1000000,1000000,2,44,0,261382,81270,1
2930,R,400000,400000,4,41,1,231048,25650,1
2931,R,1000000,1000000,3,43,0,14290,4741,1
2932,R,200000,200000,7,27,1,60000,17465,1
2933,R,700000,700000,2,32,1,0,74092,1
2934,R,1000000,1000000,2,29,0,323342,156033,1
2935,R,1000000,300000,2,43,1,3800,46517,1
2936,R,1000000,300000,7,63,1,4266,75240,1
2937,R,600000,600000,7,34,1,32286,81963,1
2938,R,1000000,1000000,2,32,1,52114,151470,1
2939,R,600000,600000,2,28,1,94911,34621,1
2940,R,600000,600000,2,28,1,524,34621,1
2941,R,700000,300000,6,22,1,16067,21582,1
2942,R,1000000,1000000,2,29,1,387777,95526,1
2943,R,700000,700000,2,27,1,149729,14751,1
2944,R,1000000,1000000,2,53,1,177478,5377,1
2945,R,600000,600000,2,28,1,5288,82037,1
2946,R,1000000,1000000,5,59,1,30322,22707,1
2947,R,1000000,1000000,2,27,0,0,55638,1
2948,R,400000,400000,2,28,1,,0,1
2949,R,1000000,1000000,2,32,0,2783,116280,1
2950,R,600000,600000,2,28,1,31560,11475,1
2951,B,1000000,1000000,2,31,1,13590,79992,1
2952,R,500000,300000,2,26,1,62796,34542,1
2953,R,1000000,1000000,2,40,0,179495,2412,1
2954,R,700000,700000,2,60,0,484885,50580,1
2955,R,1000000,1000000,2,33,0,3000,180000,1
2956,R,600000,600000,3,30,0,184840,53055,1
2957,A,600000,600000,2,28,1,119343,96275,1
2958,R,700000,700000,5,51,1,70831,0,1
2959,R,1000000,1000000,2,51,1,80827,41607,1
2960,R,700000,700000,12,33,1,3782,21645,1
2961,R,600000,600000,2,40,1,7293,24930,1
2962,R,1000000,1000000,4,32,1,87,55764,1
2963,R,1000000,1000000,2,45,1,,28449,1
2964,R,700000,700000,3,27,0,134871,92397,1
2965,R,1000000,1000000,2,30,1,6643,24930,1
2966,R,1000000,1000000,3,37,1,139825,3397,1
2967,R,700000,700000,2,26,1,94216,8511,1
2968,R,600000,600000,2,26,0,,41670,1
2969,A,700000,700000,2,26,1,74284,4482,1
2970,R,1000000,1000000,3,28,1,20536,30879,1
2971,A,300000,300000,7,50,1,21632,180000,1
2972,R,1000000,1000000,2,32,1,81888,170550,1
2973,R,600000,600000,2,26,1,135811,35494,1
2974,R,700000,700000,4,45,1,35743,84519,1
2975,R,600000,300000,7,36,1,47004,84400,1
2976,R,1000000,1000000,2,44,0,80744,77580,1
2977,B,200000,200000,7,51,1,41933,21780,1
2978,R,1000000,1000000,2,30,1,80471,32968,1
2979,R,700000,700000,7,59,1,60000,33651,1
2980,R,700000,700000,2,34,1,0,42750,1
2981,R,1000000,1000000,2,43,1,174713,161788,1
2982,R,1000000,1000000,2,37,1,22515,96120,1
2983,R,1000000,700000,8,67,1,25189,177210,1
2984,R,1000000,1000000,2,35,0,,88200,1
2985,B,1000000,1000000,3,55,1,168097,3782,1
2986,R,1000000,300000,12,34,1,263580,12366,1
2987,R,1000000,1000000,3,55,1,211065,30508,1
2988,R,600000,600000,2,28,0,170763,66024,1
2989,R,1000000,1000000,3,57,1,9255,9185,1
2990,R,1000000,1000000,2,29,1,7550,27819,1
2991,R,1000000,600000,8,77,1,18152,6075,1
2992,R,1000000,1000000,3,28,1,14412,41760,1
2993,R,300000,300000,2,53,0,73104,7883,1
2994,R,600000,600000,2,35,1,265693,4026,1
2995,R,500000,500000,2,28,1,1240,119205,1
2996,R,1000000,1000000,2,60,0,524,12960,1
2997,R,1000000,1000000,2,60,0,26143,12960,1
2998,R,700000,700000,2,25,0,,25830,1
2999,R,1000000,1000000,2,39,1,3071,46017,1
3000,A,500000,500000,2,25,1,328873,6630,1
3001,R,600000,600000,1,36,0,64363,33066,1
3002,R,500000,500000,2,34,1,8286,5742,1
3003,R,600000,600000,2,28,0,180657,18405,1
3004,A,600000,600000,13,44,0,364231,39006,1
3005,R,600000,600000,2,31,1,,16200,1
3006,R,500000,500000,2,27,1,,15732,1
3007,R,1000000,1000000,4,68,1,505780,188100,1
3008,R,700000,700000,2,48,1,217805,165033,1
3009,R,400000,400000,2,37,0,,25830,1
3010,R,700000,700000,2,52,1,5317,129780,1
3011,R,600000,600000,2,31,1,43472,47718,1
3012,R,700000,700000,2,31,0,,66123,1
3013,R,500000,500000,2,26,0,188920,58630,1
3014,R,600000,600000,3,29,1,,7020,1
3015,R,1000000,300000,4,50,1,35529,44566,1
3016,R,700000,700000,4,39,1,35761,34394,1
3017,R,700000,700000,2,27,1,157814,23850,1
3018,R,1000000,300000,4,62,1,,24543,1
3019,R,700000,300000,7,55,1,100964,114930,1
3020,R,1000000,1000000,2,48,0,38352,34670,1
3021,R,500000,500000,2,26,1,52446,4743,1
3022,R,1000000,1000000,2,44,1,23720,41967,1
3023,R,1000000,1000000,2,63,1,446594,21246,1
3024,R,700000,700000,1,65,1,53019,34740,1
3025,R,400000,400000,2,26,1,53686,16397,1
3026,R,400000,400000,2,38,1,232447,36275,1
3027,R,400000,400000,2,38,1,,36275,1
3028,R,1000000,1000000,1,55,0,11543,67212,1
3029,R,500000,500000,2,24,1,223164,4446,1
3030,R,700000,700000,7,31,1,64603,7515,1
3031,R,600000,600000,2,36,1,,143550,1
3032,R,200000,200000,2,20,1,0,5238,1
3033,R,1000000,300000,2,63,1,7315,43650,1
3034,R,1500000,1500000,2,24,1,,18744,1
3035,R,600000,600000,7,83,1,4313,12147,1
3036,R,700000,400000,2,54,1,0,26820,1
3037,R,700000,700000,2,30,0,,73350,1
3038,R,1000000,1000000,3,25,1,60411,2660,1
3039,R,1000000,1000000,2,30,0,39220,14475,1
3040,A,1000000,1000000,7,56,1,186261,13943,1
3041,A,600000,600000,3,24,0,178294,32318,1
3042,R,700000,500000,2,28,1,36912,23364,1
3043,R,700000,700000,2,56,0,162785,95648,1
3044,R,1000000,1000000,2,50,1,47322,48006,1
3045,R,1000000,1000000,2,34,0,9884,34290,1
3046,R,1000000,1000000,2,66,0,65192,3374,1
3047,R,700000,300000,4,57,1,227724,18527,1
3048,R,1000000,1000000,10,29,1,167300,16074,1
3049,R,1000000,1000000,2,43,1,61490,2664,1
3050,R,700000,700000,2,37,0,22083,9756,1
3051,A,700000,700000,5,55,1,46403,7874,1
3052,R,700000,700000,2,38,1,50305,2307,1
3053,R,1000000,1000000,2,49,0,25393,30710,1
3054,R,1000000,1000000,2,27,0,15310,60357,1
3055,R,600000,600000,2,29,1,43931,25114,1
3056,R,600000,600000,2,47,1,65808,23378,1
3057,R,1000000,1000000,2,34,1,87183,21164,1
3058,R,1000000,500000,2,32,0,127393,9292,1
3059,R,1000000,1000000,3,57,1,57453,7803,1
3060,R,1200000,800000,2,30,1,72617,23872,1
3061,R,700000,700000,2,29,0,12293,95085,1
3062,R,600000,600000,2,43,1,28499,8347,1
3063,R,1000000,800000,7,47,1,,40578,1
3064,R,1000000,1000000,2,32,0,9514,48170,1
3065,R,600000,600000,2,30,1,7623,37925,1
3066,R,1000000,1000000,2,37,1,64751,10399,1
3067,R,600000,600000,2,51,1,266665,187040,1
3068,R,600000,600000,2,29,1,181650,62649,1
3069,R,600000,600000,2,28,1,2898,23355,1
3070,R,1000000,1000000,2,36,0,2717,90315,1
3071,A,1200000,1200000,4,68,1,28204,162037,1
3072,R,1000000,1000000,2,25,0,133041,65499,1
3073,R,1000000,1000000,1,32,1,7350,127911,1
3074,R,1200000,300000,4,44,1,0,10467,1
3075,R,1000000,300000,6,25,0,16590,32330,1
3076,B,200000,200000,4,50,1,178193,61380,1
3077,R,600000,600000,2,55,0,66050,122257,1
3078,R,600000,600000,2,23,1,53661,16893,1
3079,R,700000,700000,2,26,1,7087,15669,1
3080,R,600000,600000,2,36,1,30906,9936,1
3081,R,500000,500000,2,46,1,334363,86130,1
3082,R,600000,600000,2,33,1,37739,306,1
3083,R,1000000,1000000,2,54,1,477284,151674,1
3084,R,1000000,1000000,4,53,1,75193,17955,1
3085,R,1000000,1000000,2,54,0,29400,25444,1
3086,R,1000000,1000000,2,37,0,16000,142650,1
3087,R,600000,600000,2,25,1,,17074,1
3088,R,1000000,1000000,2,57,0,29629,39324,1
3089,R,700000,300000,7,56,1,4324,67404,1
3090,A,400000,400000,2,27,1,16632,9702,1
3091,R,600000,300000,7,49,1,17338,53550,1
3092,R,1000000,1000000,2,34,1,6356,9633,1
3093,R,600000,300000,7,55,1,3135,64922,1
3094,R,500000,500000,5,41,1,0,39690,1
3095,R,1000000,1000000,13,68,1,46893,25988,1
3096,R,600000,300000,13,26,1,775,9540,1
3097,R,1000000,300000,7,51,1,147704,3060,1
3098,R,1000000,1000000,2,33,1,,45531,1
3099,R,1000000,1000000,2,54,1,,114642,1
3100,R,1000000,300000,2,66,1,6486,5832,1
3101,R,1000000,1000000,10,52,1,70129,81688,1
3102,R,1500000,1500000,2,29,0,738,50283,1
3103,R,1000000,1000000,2,28,1,43346,14445,1
3104,R,700000,300000,7,58,1,50031,16850,1
3105,R,700000,700000,2,23,1,5980,17955,1
3106,R,1000000,1000000,2,52,1,129268,10890,1
3107,R,1000000,1000000,2,29,0,2604,71729,1
3108,R,1000000,1000000,2,37,0,1700,8870,1
3109,R,1000000,1000000,2,31,1,148594,24402,1
3110,R,600000,300000,6,25,0,28216,21060,1
3111,R,1500000,1500000,5,32,0,,14660,1
3112,R,1000000,1000000,2,41,0,135500,3582,1
3113,R,700000,700000,2,30,1,80917,102092,1
3114,R,1000000,300000,7,29,1,10315,8413,1
3115,R,1000000,1000000,2,29,0,61309,26235,1
3116,R,1000000,300000,4,60,1,102602,7231,1
3117,R,1000000,1000000,10,35,0,,9630,1
3118,R,700000,400000,2,23,1,45702,19574,1
3119,R,1500000,1500000,2,53,0,33664,11590,1
3120,R,1000000,1000000,4,53,1,14249,20235,1
3121,R,1200000,300000,4,59,1,36575,3998,1
3122,R,600000,300000,6,23,1,71027,21919,1
3123,R,1000000,1000000,2,26,1,130746,9495,1
3124,R,1000000,300000,7,49,1,29821,8415,1
3125,R,1000000,1000000,2,70,1,6462,8645,1
3126,R,1000000,1000000,2,35,0,83144,27945,1
3127,R,1500000,1500000,3,50,0,98843,14018,1
3128,R,1500000,1500000,2,44,1,42826,75516,1
3129,A,1000000,1000000,2,36,0,34010,57915,1
3130,R,600000,600000,2,24,1,13680,2862,1
3131,R,200000,200000,2,26,1,36423,0,1
3132,R,1000000,1000000,2,32,0,836,13455,1
3133,R,700000,700000,2,26,1,524,12492,1
3134,R,1000000,400000,2,23,1,69197,42300,1
3135,B,700000,700000,2,30,0,68756,179910,1
3136,R,700000,700000,2,27,0,21616,16431,1
3137,A,1000000,1000000,2,71,0,23974,83160,1
3138,R,1000000,300000,7,51,1,30219,28559,1
3139,A,500000,500000,2,28,1,285707,17017,1
3140,B,600000,600000,2,26,1,39784,31680,1
3141,R,1100000,300000,5,32,1,47953,32760,1
3142,R,1000000,1000000,2,55,0,25288,6796,1
3143,R,1000000,1000000,2,51,1,5009,1026,1
3144,R,600000,600000,2,29,0,221722,180000,1
3145,R,700000,700000,2,35,1,43701,8135,1
3146,A,600000,600000,2,52,1,202936,77007,1
3147,R,1500000,300000,7,57,1,2841,19349,1
3148,R,500000,300000,6,21,0,,16322,1
3149,R,1000000,1000000,2,33,1,54847,19652,1
3150,R,700000,700000,2,25,0,1023,13320,1
3151,R,500000,500000,3,27,0,0,17860,1
3152,R,600000,300000,2,24,1,19200,35541,1
3153,R,1000000,1000000,2,53,1,105796,167048,1
3154,R,1500000,300000,4,59,1,0,3069,1
3155,R,1000000,1000000,5,46,0,0,0,1
3156,R,1000000,1000000,2,28,1,36127,8981,1
3157,R,1000000,1000000,2,60,1,5212,28026,1
3158,R,500000,400000,2,37,1,3267,19117,1
3159,R,600000,600000,2,24,1,26577,7551,1
3160,R,1000000,1000000,2,27,1,6845,12023,1
3161,R,1000000,1000000,2,36,1,51027,0,1
3162,R,500000,400000,2,59,1,49472,10123,1
3163,R,700000,700000,2,25,1,22779,31978,1
3164,R,700000,700000,2,26,1,120555,14425,1
3165,R,700000,700000,2,43,1,78154,5200,1
3166,R,900000,300000,6,23,1,138849,9503,1
3167,R,400000,300000,6,22,0,3459,16010,1
3168,R,1000000,500000,2,36,1,21786,8901,1
3169,R,1000000,1000000,2,47,0,9132,5144,1
3170,R,400000,400000,2,33,0,,2551,1
3171,R,700000,700000,2,33,1,12547,41374,1
3172,R,1000000,1000000,4,64,1,63421,178200,1
3173,R,1000000,1000000,2,28,1,9307,245016,1
3174,R,1000000,300000,4,67,1,78094,10404,1
3175,R,1000000,1000000,8,76,0,60702,3373,1
3176,R,700000,700000,5,63,1,292182,18120,1
3177,R,500000,500000,8,80,1,7689,22576,1
3178,R,1000000,1000000,1,55,1,5862,54810,1
3179,R,700000,700000,2,25,1,412148,19620,1
3180,R,1000000,1000000,2,29,1,64269,47521,1
3181,R,600000,600000,2,27,1,16701,59807,1
3182,R,500000,500000,2,23,1,72276,26534,1
3183,R,1000000,1000000,3,57,1,125375,63558,1
3184,R,700000,700000,8,69,1,3550,26624,1
3185,R,700000,700000,2,28,1,35169,32076,1
3186,R,1000000,1000000,2,52,1,10878,33390,1
3187,R,700000,300000,7,26,0,34305,25238,1
3188,R,1000000,800000,2,28,1,30721,20633,1
3189,R,1500000,1500000,2,36,1,43678,7202,1
3190,R,700000,700000,2,28,1,25158,4545,1
3191,R,400000,400000,6,22,1,5206,10782,1
3192,R,700000,700000,2,31,0,20135,4765,1
3193,R,1000000,1000000,2,57,0,294690,148500,1
3194,R,700000,700000,2,44,1,21210,67406,1
3195,R,700000,300000,6,32,0,30636,21785,1
3196,R,1000000,1000000,2,26,1,94817,23976,1
3197,R,800000,800000,3,26,0,0,136620,1
3198,R,1000000,1000000,2,27,1,,32013,1
3199,R,1500000,1500000,2,31,0,43938,12161,1
3200,R,700000,700000,2,38,1,5027,9854,1
3201,R,700000,700000,2,27,1,45103,114119,1
3202,R,700000,300000,7,59,1,1083,801,1
3203,R,600000,300000,7,56,1,13050,13941,1
3204,R,1000000,1000000,2,33,1,83973,14940,1
3205,R,800000,700000,7,64,1,245304,326196,1
3206,R,1000000,1000000,2,27,0,150597,22737,1
3207,R,700000,700000,2,57,0,0,78250,1
3208,R,700000,700000,2,29,1,33668,91139,1
3209,R,700000,700000,2,29,1,,91139,1
3210,R,600000,600000,2,24,1,,505,1
3211,R,500000,500000,2,23,1,14601,24653,1
3212,B,700000,700000,2,50,1,21664,4294,1
3213,R,600000,600000,7,43,1,9568,1558,1
3214,R,1000000,900000,2,44,1,,8911,1
3215,R,200000,200000,2,52,1,88843,17575,1
3216,R,300000,300000,6,20,1,35345,10692,1
3217,R,200000,200000,6,21,1,155958,20538,1
3218,R,200000,200000,6,21,1,,20538,1
3219,R,600000,600000,2,26,1,6614,41085,1
3220,R,500000,500000,7,30,1,95163,76326,1
3221,R,500000,500000,2,30,1,145814,19028,1
3222,R,700000,700000,2,27,1,123416,6822,1
3223,R,200000,200000,7,25,1,72169,57880,1
3224,R,500000,500000,2,25,1,211504,6897,1
3225,R,200000,200000,6,21,1,32472,9126,1
3226,R,400000,300000,2,23,1,11024,3209,1
3227,R,600000,600000,2,42,0,4645,980,1
3228,R,200000,200000,7,26,1,5077,21831,1
3229,B,200000,200000,8,25,1,62889,85095,1
3230,R,200000,200000,2,21,1,0,7920,1
3231,R,1000000,800000,2,34,1,24251,14430,1
3232,R,400000,300000,6,22,1,13320,14886,1
3233,R,200000,200000,6,20,1,114549,14563,1
3234,R,700000,700000,2,37,1,0,9230,1
3235,R,1000000,1000000,3,28,1,836,13244,1
3236,R,1000000,300000,7,30,1,42855,185121,1
3237,R,1000000,500000,4,60,1,503050,84330,1
3238,R,500000,500000,2,24,1,186060,132010,1
3239,B,700000,700000,2,25,1,93941,35995,1
3240,R,1000000,1000000,2,34,1,48174,29440,1
3241,R,500000,500000,2,26,1,243649,17548,1
3242,R,700000,700000,2,28,1,0,2727,1
3243,R,500000,300000,2,22,1,103026,56058,1
3244,R,500000,300000,6,20,1,34808,18814,1
3245,R,400000,300000,6,22,1,22649,23652,1
3246,R,700000,700000,2,26,1,61413,9044,1
3247,R,200000,200000,2,26,1,22834,37539,1
3248,R,600000,600000,2,23,1,186950,24018,1
3249,R,700000,300000,2,25,1,2752,31653,1
3250,R,700000,300000,2,25,1,43982,31653,1
3251,R,200000,200000,7,27,1,59560,27810,1
3252,R,600000,600000,3,39,1,94512,12357,1
3253,R,400000,300000,6,20,1,33522,53785,1
3254,R,500000,500000,2,52,1,62477,99866,1
3255,R,1000000,300000,4,51,1,42363,95265,1
3256,R,700000,700000,2,30,0,6242,180000,1
3257,R,700000,700000,2,39,1,27893,40194,1
3258,R,1000000,1000000,2,49,1,19855,7515,1
3259,R,600000,600000,2,23,1,119241,2613,1
3260,B,1000000,900000,2,53,1,6753,76535,1
3261,R,700000,700000,2,43,0,311970,22860,1
3262,R,700000,700000,2,35,1,,30567,1
3263,R,1000000,300000,7,60,1,41400,17910,1
3264,R,200000,200000,7,36,1,255133,11951,1
3265,R,1000000,1000000,2,30,0,73053,20585,1
3266,R,400000,400000,2,27,0,8110,16815,1
3267,R,600000,600000,2,28,1,438496,173025,1
3268,R,600000,600000,2,28,1,82152,30285,1
3269,R,700000,700000,2,44,0,314538,71172,1
3270,R,200000,200000,2,26,1,241019,40270,1
3271,R,1000000,1000000,3,25,1,74428,86452,1
3272,R,500000,500000,2,24,1,92040,83344,1
3273,R,600000,600000,2,29,1,50852,4050,1
3274,R,500000,500000,2,24,1,205162,17100,1
3275,R,1000000,1000000,2,35,1,40325,22860,1
3276,R,700000,700000,2,26,0,3686,34755,1
3277,R,600000,600000,3,27,1,71322,12682,1
3278,R,600000,600000,2,25,0,76952,10980,1
3279,R,1000000,300000,7,68,1,73278,4962,1
3280,R,1000000,1000000,3,31,1,39675,85604,1
3281,R,200000,200000,6,20,1,115315,4520,1
3282,R,400000,400000,2,24,1,,35730,1
3283,R,600000,600000,2,46,0,89475,187265,1
3284,R,700000,700000,2,27,1,5436,89078,1
3285,R,700000,700000,3,36,1,10218,178200,1
3286,R,1000000,1000000,2,29,1,52011,50537,1
3287,R,1000000,900000,2,26,1,9040,8811,1
3288,R,400000,400000,2,47,1,135489,34919,1
3289,R,600000,600000,1,53,1,261297,57342,1
3290,B,300000,300000,6,20,1,30513,4752,1
3291,R,300000,300000,2,20,1,140012,29843,1
3292,R,1000000,1000000,2,34,1,7451,33759,1
3293,R,700000,700000,2,53,1,9653,180000,1
3294,R,1000000,1000000,4,64,1,7858,5653,1
3295,R,500000,300000,7,50,1,,48518,1
3296,R,1000000,1000000,2,52,0,73098,25830,1
3297,R,200000,200000,6,21,1,15211,18117,1
3298,R,1000000,1000000,3,30,1,9000,1900,1
3299,R,1000000,1000000,2,38,1,30177,62725,1
3300,R,700000,700000,2,27,1,8180,23824,1
3301,R,1000000,1000000,2,47,1,85618,41253,1
3302,A,600000,600000,2,24,1,79092,196218,1
3303,R,700000,300000,7,56,1,4424,15770,1
3304,R,700000,700000,2,53,1,140035,147677,1
3305,R,300000,300000,6,21,1,44812,17910,1
3306,R,600000,600000,1,53,1,102005,33440,1
3307,R,500000,500000,7,28,1,3960,14589,1
3308,R,700000,700000,2,25,1,70905,12015,1
3309,R,600000,600000,2,30,1,134873,16058,1
3310,R,700000,700000,2,26,1,118735,33030,1
3311,R,1000000,1000000,3,51,1,51101,13680,1
3312,R,600000,600000,2,28,1,71223,180000,1
3313,R,400000,300000,11,24,1,85978,23323,1
3314,R,600000,600000,2,37,1,15695,20826,1
3315,R,600000,600000,10,41,0,37040,30985,1
3316,R,1000000,600000,3,54,1,42010,190000,1
3317,R,700000,400000,11,24,1,3658,24510,1
3318,R,400000,400000,2,33,0,1951,26316,1
3319,R,200000,200000,6,20,1,22845,23796,1
3320,R,200000,200000,3,25,0,0,14868,1
3321,R,400000,300000,6,23,1,8779,11772,1
3322,R,200000,200000,2,20,1,331386,31203,1
3323,R,1000000,600000,12,58,1,110714,38711,1
3324,R,500000,300000,7,46,1,15866,17860,1
3325,R,200000,200000,7,20,1,275283,37868,1
3326,R,400000,300000,6,23,1,,18266,1
3327,R,1000000,1000000,2,38,1,8400,16236,1
3328,R,600000,600000,2,47,1,203027,70875,1
3329,R,1000000,500000,2,48,1,12000,39308,1
3330,R,700000,700000,2,50,1,40939,55154,1
3331,R,700000,700000,2,29,1,591169,28103,1
3332,R,700000,300000,7,58,1,0,39600,1
3333,R,700000,700000,2,26,1,53896,35334,1
3334,R,700000,700000,2,31,0,445476,69107,1
3335,R,700000,700000,2,35,1,18050,16150,1
3336,R,200000,200000,6,23,1,7106,19400,1
3337,R,700000,300000,7,50,1,69859,10545,1
3338,R,600000,600000,2,34,1,191507,15416,1
3339,R,1000000,1000000,4,59,1,28314,4024,1
3340,R,700000,700000,2,25,1,61800,24710,1
3341,R,400000,400000,2,27,1,126825,16877,1
3342,A,600000,300000,2,24,1,2565,78364,1
3343,R,700000,700000,2,29,1,,33452,1
3344,R,700000,700000,2,25,1,349943,20849,1
3345,R,200000,200000,6,21,1,20069,18438,1
3346,R,500000,500000,2,25,1,23848,9067,1
3347,R,500000,500000,2,28,1,114617,18779,1
3348,R,500000,500000,2,22,1,5958,14841,1
3349,R,600000,600000,2,25,1,30302,30635,1
3350,A,500000,300000,6,21,1,143714,28814,1
3351,R,200000,200000,7,28,1,28354,180000,1
3352,R,700000,700000,7,38,1,34278,10782,1
3353,R,700000,600000,7,52,1,383252,50580,1
3354,R,500000,500000,2,52,1,5985,46224,1
3355,R,1000000,900000,2,26,1,137118,30591,1
3356,R,1000000,300000,7,52,1,6510,28638,1
3357,R,1000000,1000000,3,43,1,23859,30953,1
3358,R,600000,600000,2,31,0,,190000,1
3359,R,1000000,1000000,2,44,1,12976,6974,1
3360,B,700000,700000,2,35,1,2600,53012,1
3361,R,700000,700000,2,30,1,35082,6318,1
3362,R,1000000,1000000,1,45,0,27246,47835,1
3363,A,400000,300000,6,21,1,90446,24145,1
3364,R,500000,500000,2,35,1,9605,9207,1
3365,R,1000000,300000,7,47,1,8884,46932,1
3366,R,1000000,300000,7,57,1,47520,6635,1
3367,R,200000,200000,6,19,1,60529,11396,1
3368,A,200000,200000,6,21,1,11900,28215,1
3369,R,500000,500000,2,22,1,5904,70567,1
3370,R,700000,700000,7,34,1,91138,19683,1
3371,R,700000,600000,2,24,1,11391,8455,1
3372,R,600000,600000,3,27,1,72896,93832,1
3373,R,700000,300000,7,58,1,82696,9648,1
3374,R,600000,600000,1,34,1,14487,82241,1
3375,R,200000,200000,6,21,1,168611,25442,1
3376,R,400000,300000,6,20,1,79987,21393,1
3377,R,400000,400000,12,26,1,116097,6207,1
3378,R,600000,600000,2,25,1,115791,17687,1
3379,R,200000,200000,6,21,0,61391,17415,1
3380,R,200000,200000,7,28,1,74181,14242,1
3381,R,500000,500000,2,25,1,10441,10197,1
3382,B,700000,700000,3,48,1,116926,28433,1
3383,R,600000,600000,2,25,0,138443,29007,1
3384,R,200000,200000,6,21,1,15067,16591,1
3385,R,500000,400000,2,45,1,101604,134591,1
3386,R,700000,300000,7,34,1,56359,43738,1
3387,B,600000,600000,2,34,0,18954,77735,1
3388,A,500000,300000,7,31,1,195482,30776,1
3389,R,600000,300000,4,36,1,19745,11673,1
3390,R,400000,300000,5,37,1,93247,4771,1
3391,R,600000,300000,5,43,1,5183,9848,1
3392,A,700000,600000,2,25,1,154476,4851,1
3393,R,200000,200000,7,22,1,,5843,1
3394,A,600000,600000,2,25,1,528656,55986,1
3395,R,200000,200000,6,20,1,17952,13130,1
3396,R,700000,300000,4,63,1,63610,69035,1
3397,R,400000,300000,6,19,1,20840,36221,1
3398,R,700000,700000,2,25,1,29556,44817,1
3399,R,1000000,1000000,7,72,1,160949,179908,1
3400,R,500000,500000,2,33,1,102839,33003,1
3401,R,1000000,300000,4,65,1,101694,56144,1
3402,R,1000000,1000000,12,38,1,66609,18372,1
3403,R,500000,500000,2,29,1,4258,27638,1
3404,R,600000,300000,7,25,1,218841,29251,1
3405,R,700000,700000,2,24,1,9801,15633,1
3406,R,200000,200000,6,22,1,58792,19652,1
3407,R,1000000,1000000,2,28,1,25620,5267,1
3408,R,500000,500000,2,30,1,88913,29476,1
3409,R,1000000,1000000,5,39,0,5225,4050,1
3410,R,200000,200000,6,19,1,8308,14241,1
3411,R,1000000,1000000,2,34,1,174855,23382,1
3412,R,1000000,1000000,2,31,0,0,113850,1
3413,R,400000,400000,4,32,1,46571,171076,1
3414,R,600000,300000,3,25,1,59756,11258,1
3415,R,600000,600000,2,33,1,77882,53095,1
3416,R,600000,300000,6,23,1,7057,22694,1
3417,R,1000000,300000,12,53,1,108141,14544,1
3418,R,200000,200000,6,21,1,38128,2488,1
3419,R,600000,600000,4,44,1,548714,18792,1
3420,R,400000,300000,7,23,1,128523,74385,1
3421,R,200000,200000,6,21,1,122114,16416,1
3422,R,1000000,300000,4,64,1,39179,13352,1
3423,R,200000,200000,6,21,1,8110,13297,1
3424,R,500000,500000,2,24,1,0,4374,1
3425,A,400000,400000,2,27,1,47740,16287,1
3426,R,400000,400000,2,24,1,159820,57123,1
3427,R,500000,500000,5,41,0,1420,144540,1
3428,R,400000,400000,2,23,1,48059,55161,1
3429,R,1000000,300000,7,48,1,297,45432,1
3430,R,1000000,900000,2,23,1,4554,36539,1
3431,R,200000,200000,6,20,1,20871,12690,1
3432,R,1000000,1000000,2,52,0,2771,3006,1
3433,R,1000000,1000000,2,48,1,31383,12932,1
3434,R,700000,700000,2,27,1,169438,5211,1
3435,A,500000,500000,1,66,0,284390,14177,1
3436,R,500000,300000,6,22,1,47154,8658,1
3437,R,200000,200000,7,20,1,43987,17869,1
3438,R,1000000,700000,2,24,1,89402,25743,1
3439,R,700000,300000,4,60,1,2090,10881,1
3440,R,1000000,1000000,3,27,1,75464,18405,1
3441,R,700000,700000,3,28,1,0,48051,1
3442,R,400000,300000,2,22,1,0,12366,1
3443,R,1000000,300000,7,48,1,31755,5865,1
3444,R,700000,300000,7,48,1,20280,1278,1
3445,R,1000000,300000,7,48,1,73208,15094,1
3446,R,700000,700000,2,52,0,45711,56430,1
3447,R,300000,300000,7,26,1,4664,62812,1
3448,R,400000,300000,6,22,1,81550,12150,1
3449,R,500000,300000,6,24,1,13572,11970,1
3450,R,500000,300000,6,22,1,11729,5519,1
3451,R,300000,300000,2,24,1,20516,3771,1
3452,R,500000,300000,6,22,1,111432,16830,1
3453,R,1000000,1000000,2,40,1,,11682,1
3454,R,600000,300000,7,35,1,25245,26325,1
3455,A,200000,200000,7,19,1,186192,13938,1
3456,R,600000,300000,7,54,1,200538,12375,1
3457,R,1000000,1000000,3,59,1,84190,82170,1
3458,R,600000,300000,4,63,1,259103,1764,1
3459,R,200000,200000,2,25,0,41227,28305,1
3460,R,1000000,300000,4,54,1,14814,8208,1
3461,R,400000,400000,2,24,1,64413,19692,1
3462,R,1000000,1000000,2,54,1,3208,14940,1
3463,R,500000,300000,6,21,0,,21375,1
3464,A,300000,300000,7,43,1,90400,58569,1
3465,R,200000,200000,2,25,1,26099,14985,1
3466,R,1000000,1000000,2,47,0,65304,77400,1
3467,A,600000,600000,3,26,1,56896,39501,1
3468,R,700000,400000,11,52,1,,28512,1
3469,B,200000,200000,6,21,1,29156,10713,1
3470,B,700000,700000,2,30,1,103187,31086,1
3471,R,600000,600000,3,44,1,13750,187475,1
3472,R,200000,200000,5,31,1,44545,42660,1
3473,R,300000,300000,2,22,1,0,24642,1
3474,R,500000,500000,2,25,1,126330,31457,1
3475,R,700000,600000,2,29,1,42776,7362,1
3476,R,600000,600000,2,27,1,28402,31622,1
3477,R,1000000,1000000,3,28,1,48039,12787,1
3478,R,1000000,1000000,3,30,1,,22959,1
3479,R,1000000,300000,2,35,1,36069,10710,1
3480,B,1000000,1000000,4,58,1,2613,23067,1
3481,R,1000000,1000000,4,47,1,83885,4290,1
3482,R,1000000,1000000,4,52,1,1250,10390,1
3483,R,1000000,300000,7,56,1,14678,17820,1
3484,R,400000,400000,7,53,1,111600,80047,1
3485,R,1000000,300000,4,72,1,3047,3644,1
3486,R,1000000,1000000,4,57,1,69472,39423,1
3487,R,500000,500000,2,26,1,54781,35027,1
3488,R,700000,700000,5,49,1,134038,104319,1
3489,R,500000,500000,2,28,1,17765,67107,1
3490,R,1000000,300000,4,33,1,116021,23967,1
3491,R,700000,700000,2,24,1,58285,35609,1
3492,R,400000,400000,2,27,1,134103,40066,1
3493,R,500000,300000,6,22,1,38927,12564,1
3494,A,1000000,300000,4,51,1,9175,1763,1
3495,R,600000,600000,2,25,1,35167,40242,1
3496,R,400000,400000,7,32,1,23083,9441,1
3497,R,500000,300000,6,23,0,4180,9614,1
3498,R,400000,400000,2,24,1,2090,7920,1
3499,R,200000,200000,6,22,1,140126,19923,1
3500,R,200000,200000,6,20,1,208466,12908,1
3501,R,600000,300000,11,25,1,28324,11583,1
3502,R,700000,700000,4,34,1,2821,5351,1
3503,R,1000000,1000000,2,66,1,36469,30832,1
3504,R,500000,500000,2,23,1,37972,20880,1
3505,R,600000,300000,6,23,1,40215,4050,1
3506,A,600000,600000,13,39,1,19005,12616,1
3507,R,400000,300000,6,25,0,63897,1638,1
3508,R,600000,600000,2,24,1,72830,34875,1
3509,R,500000,500000,2,26,1,56402,32760,1
3510,R,700000,700000,2,29,1,64402,9183,1
3511,R,600000,500000,2,34,1,39701,52193,1
3512,R,400000,400000,2,27,1,62154,50017,1
3513,R,200000,200000,3,25,0,166393,48216,1
3514,A,200000,200000,6,22,1,36665,13041,1
3515,R,700000,700000,2,25,1,273478,88764,1
3516,B,500000,500000,2,40,1,151445,193114,1
3517,R,700000,500000,2,47,1,129830,20369,1
3518,R,500000,500000,7,24,1,13995,14634,1
3519,R,600000,300000,2,24,1,0,4077,1
3520,R,1000000,300000,4,50,1,43818,13033,1
3521,R,1000000,1000000,2,29,1,34760,90519,1
3522,R,200000,200000,2,22,1,,13257,1
3523,R,500000,300000,2,23,1,2184,13950,1
3524,R,600000,300000,7,55,1,29002,8145,1
3525,R,200000,200000,6,22,1,94244,19058,1
3526,R,500000,300000,7,52,1,134079,51332,1
3527,R,1000000,300000,7,65,1,0,5195,1
3528,R,600000,300000,6,21,1,101567,4674,1
3529,R,1000000,300000,4,76,1,14195,3636,1
3530,R,400000,400000,2,30,1,2864,16094,1
3531,R,1000000,300000,6,23,1,4180,5733,1
3532,R,700000,700000,2,37,1,28363,83547,1
3533,R,600000,600000,2,24,1,184723,52155,1
3534,R,200000,200000,2,28,1,39501,17810,1
3535,R,700000,700000,2,24,1,79811,33620,1
3536,R,600000,600000,2,54,1,,6390,1
3537,R,600000,600000,3,25,1,39625,27835,1
3538,R,500000,500000,7,28,1,45059,32562,1
3539,A,500000,500000,2,26,1,134720,23643,1
3540,R,500000,500000,2,24,1,45030,34838,1
3541,R,500000,300000,6,23,0,,15930,1
3542,R,1000000,1000000,2,53,1,95401,15226,1
3543,R,700000,700000,2,35,1,229259,32631,1
3544,R,400000,400000,2,26,1,17685,6246,1
3545,R,300000,300000,2,26,1,1983,9504,1
3546,R,300000,300000,2,26,1,68249,9504,1
3547,R,500000,300000,6,22,1,1798,5040,1
3548,R,400000,300000,6,22,1,334045,20643,1
3549,A,500000,500000,2,24,1,34371,9673,1
3550,R,400000,300000,6,21,1,23439,10989,1
3551,R,700000,700000,2,61,0,36623,64775,1
3552,R,1000000,300000,7,41,1,,16921,1
3553,R,600000,600000,2,29,0,20000,11727,1
3554,R,1000000,1000000,2,27,1,3154,68251,1
3555,R,500000,300000,6,22,1,4312,6228,1
3556,R,1000000,1000000,2,33,0,50837,149535,1
3557,R,1000000,1000000,2,34,0,30750,69102,1
3558,R,700000,300000,11,85,1,,40481,1
3559,B,600000,600000,2,33,0,102017,9900,1
3560,R,200000,200000,7,22,1,12161,15985,1
3561,R,500000,300000,6,22,1,38596,16911,1
3562,R,1000000,800000,2,25,1,51394,12356,1
3563,R,300000,300000,6,21,1,124097,43041,1
3564,R,200000,200000,2,47,1,130849,81675,1
3565,R,500000,300000,6,21,1,0,24381,1
3566,R,500000,500000,2,26,1,22534,20295,1
3567,R,400000,400000,4,34,1,152715,12009,1
3568,R,500000,500000,2,24,1,33327,17127,1
3569,R,600000,300000,7,30,1,43606,55530,1
3570,R,1000000,300000,7,55,1,2178,31770,1
3571,B,600000,600000,2,25,1,8360,10692,1
3572,R,500000,500000,2,26,1,123138,5148,1
3573,R,200000,200000,6,21,1,47395,15296,1
3574,R,600000,300000,6,22,1,9815,13500,1
3575,R,1000000,1000000,2,37,1,52861,16254,1
3576,A,700000,700000,2,24,1,3848,17038,1
3577,R,200000,200000,2,22,1,182065,50139,1
3578,R,700000,700000,4,48,1,105659,19398,1
3579,R,400000,300000,6,19,1,304434,878,1
3580,R,200000,200000,2,25,1,201731,33330,1
3581,R,600000,300000,7,48,1,53838,43028,1
3582,R,1000000,400000,3,25,0,116865,24345,1
3583,R,1000000,300000,5,53,1,3000,37413,1
3584,R,600000,600000,2,25,1,0,9883,1
3585,R,1000000,900000,2,24,1,43492,16920,1
3586,R,400000,400000,2,24,1,117794,13036,1
3587,R,400000,400000,2,28,0,,32328,1
3588,R,1000000,1000000,2,48,1,21980,29196,1
3589,R,600000,600000,2,26,1,30555,11421,1
3590,R,1000000,900000,2,31,1,,11610,1
3591,R,700000,300000,5,62,1,10384,54450,1
3592,R,700000,700000,2,48,0,6725,60750,1
3593,R,1000000,1000000,3,31,1,15723,60823,1
3594,R,500000,500000,3,34,0,9000,5397,1
3595,R,1000000,1000000,2,42,0,2115,147847,1
3596,R,400000,400000,2,32,1,254718,50490,1
3597,R,700000,700000,2,33,1,2717,63657,1
3598,R,600000,600000,3,26,1,92960,171747,1
3599,R,1000000,1000000,2,32,1,113035,170748,1
3600,R,700000,700000,2,27,0,95807,53092,1
3601,R,700000,700000,3,28,1,,12960,1
3602,R,600000,600000,4,51,1,19587,2540,1
3603,R,200000,200000,2,24,1,63471,16475,1
3604,R,1000000,900000,7,58,1,172164,7691,1
3605,B,600000,600000,2,28,0,95608,3960,1
3606,R,600000,300000,6,23,1,15740,16317,1
3607,R,700000,300000,7,40,1,2228,6048,1
3608,R,700000,700000,3,25,1,61970,21194,1
3609,R,700000,300000,2,47,1,41214,25630,1
3610,R,200000,200000,6,21,1,70753,34868,1
3611,R,200000,200000,2,26,1,58965,54486,1
3612,R,200000,200000,6,19,1,87808,101686,1
3613,R,1000000,1000000,3,35,1,188716,30289,1
3614,R,700000,700000,2,39,1,77746,19239,1
3615,R,600000,600000,2,24,1,136689,9297,1
3616,R,500000,500000,2,25,1,30988,26967,1
3617,R,700000,700000,2,28,1,58299,7463,1
3618,R,600000,600000,6,26,0,49283,31336,1
3619,R,200000,200000,2,28,1,142487,82665,1
3620,R,200000,200000,6,20,1,183799,0,1
3621,R,1000000,1000000,3,29,1,47031,31122,1
3622,R,1000000,1000000,2,24,1,6270,19890,1
3623,A,400000,300000,6,22,0,104160,39600,1
3624,R,500000,500000,2,24,1,7524,13455,1
3625,R,1000000,1000000,2,25,1,54969,27414,1
3626,R,600000,600000,2,26,1,84022,37936,1
3627,R,600000,600000,2,32,1,145113,9405,1
3628,R,500000,500000,2,41,1,52747,89424,1
3629,R,500000,500000,2,39,0,320,46224,1
3630,R,200000,200000,6,19,1,84813,3741,1
3631,R,600000,300000,2,27,1,,9405,1
3632,R,1000000,1000000,3,31,1,15915,32600,1
3633,B,700000,700000,2,60,1,51548,19890,1
3634,R,1000000,1000000,2,25,1,0,26879,1
3635,R,700000,700000,2,54,1,31307,9200,1
3636,R,1000000,1000000,2,37,1,,9941,1
3637,R,1000000,1000000,3,34,1,125955,71280,1
3638,R,1000000,1000000,2,35,1,153317,13951,1
3639,R,1000000,1000000,2,44,1,6806,49743,1
3640,A,1000000,1000000,3,33,1,2628,38709,1
3641,R,400000,300000,6,21,1,37968,17910,1
3642,R,1000000,1000000,2,50,1,,7218,1
3643,R,600000,600000,2,27,1,27819,36711,1
3644,R,1000000,1000000,2,55,1,13842,19611,1
3645,R,600000,600000,2,33,1,37961,15246,1
3646,R,200000,200000,12,22,1,4460,12853,1
3647,R,1000000,300000,7,50,1,36163,9034,1
3648,R,600000,600000,2,24,1,45422,21392,1
3649,R,600000,600000,2,25,1,6098,11016,1
3650,R,600000,600000,2,23,1,10279,15779,1
3651,R,400000,400000,2,24,1,15622,9801,1
3652,A,500000,500000,3,23,1,91769,35938,1
3653,R,200000,200000,6,22,1,98764,1558,1
3654,R,200000,200000,6,21,1,59557,11485,1
3655,R,1000000,1000000,3,49,1,54903,18377,1
3656,R,1000000,1000000,4,28,1,121300,34083,1
3657,R,600000,600000,3,24,1,223097,3996,1
3658,R,1000000,1000000,2,61,0,0,7241,1
3659,R,300000,300000,2,42,0,17215,28800,1
3660,R,200000,200000,7,52,1,31944,10880,1
3661,R,1000000,800000,3,24,1,46769,31383,1
3662,R,700000,300000,4,33,1,12009,173349,1
3663,R,400000,400000,2,24,1,415216,61650,1
3664,R,300000,300000,6,21,1,17978,17579,1
3665,R,400000,400000,2,25,1,16904,18762,1
3666,R,700000,300000,7,47,1,10000,24872,1
3667,R,700000,400000,2,25,1,85602,53282,1
3668,R,700000,600000,2,31,1,4258,27405,1
3669,R,600000,600000,2,40,1,75920,5962,1
3670,R,600000,600000,3,25,1,499886,80698,1
3671,A,300000,300000,2,54,1,19769,57302,1
3672,R,700000,700000,3,28,1,9917,39195,1
3673,R,700000,700000,2,57,0,,44055,1
3674,R,600000,600000,2,29,1,3439,20223,1
3675,B,500000,500000,2,33,0,10748,27522,1
3676,R,500000,500000,2,26,1,131005,17226,1
3677,A,400000,400000,2,25,1,88241,5643,1
3678,R,1000000,500000,1,76,1,25693,9149,1
3679,R,1000000,1000000,2,28,1,30805,35589,1
3680,R,600000,600000,5,31,0,24268,87804,1
3681,R,500000,500000,2,27,1,1568,48600,1
3682,R,1000000,1000000,2,36,1,8087,11130,1
3683,R,400000,400000,2,26,1,40360,40680,1
3684,R,600000,600000,2,61,1,101361,34245,1
3685,R,200000,200000,6,21,1,39666,30325,1
3686,R,1000000,1000000,2,32,0,32032,44937,1
3687,R,600000,600000,7,26,1,15200,40131,1
3688,B,700000,700000,2,30,1,52250,54549,1
3689,R,500000,500000,2,40,1,223909,25362,1
3690,R,1000000,1000000,2,55,0,8426,39690,1
3691,R,500000,500000,7,31,1,39710,8109,1
3692,R,1000000,1000000,5,47,0,15000,17910,1
3693,R,600000,300000,7,46,1,28904,160394,1
3694,R,1000000,1000000,2,29,1,6615,14615,1
3695,R,600000,600000,2,25,1,73643,65763,1
3696,R,1000000,1000000,2,35,1,29184,1297,1
3697,R,1000000,1000000,3,43,1,42817,23308,1
3698,R,200000,200000,6,22,1,7386,14742,1
3699,R,600000,600000,2,43,1,32875,5760,1
3700,R,400000,400000,2,27,1,29895,9838,1
3701,R,400000,400000,2,25,1,0,5609,1
3702,R,1000000,1000000,3,52,1,43494,26167,1
3703,R,300000,300000,6,22,1,52242,28089,1
3704,B,1000000,1000000,10,36,1,275211,20356,1
3705,R,300000,300000,6,21,1,10312,41571,1
3706,R,600000,600000,2,27,1,83402,6525,1
3707,R,700000,700000,2,31,1,20849,26470,1
3708,R,1000000,1000000,3,27,0,23070,6584,1
3709,A,1000000,1000000,3,27,1,39448,5841,1
3710,B,700000,700000,2,33,1,6128,12870,1
3711,R,1000000,1000000,2,29,1,25798,12049,1
3712,R,1000000,1000000,2,57,0,48611,31614,1
3713,R,600000,600000,2,31,1,344148,28997,1
3714,R,1000000,300000,2,39,1,121694,0,1
3715,R,1000000,1000000,2,29,0,148482,17127,1
3716,R,200000,200000,2,23,1,81517,7413,1
3717,R,700000,700000,5,59,1,16224,99927,1
3718,R,600000,600000,2,24,1,6045,24282,1
3719,R,500000,500000,2,26,0,11074,4086,1
3720,R,700000,700000,3,25,1,19532,12366,1
3721,R,1000000,1000000,2,50,0,5830,17324,1
3722,B,200000,200000,6,21,1,253950,900,1
3723,R,200000,200000,6,22,1,0,33849,1
3724,R,500000,500000,2,25,1,7164,45351,1
3725,R,200000,200000,6,20,1,0,14643,1
3726,R,700000,700000,2,26,1,181852,3609,1
3727,R,200000,200000,2,30,0,222535,2718,1
3728,A,200000,200000,6,20,1,51804,3843,1
3729,A,200000,200000,7,27,1,136206,2953,1
3730,R,1000000,700000,2,26,0,32709,34182,1
3731,R,1000000,1000000,2,31,1,92195,10770,1
3732,R,600000,400000,7,47,1,115330,180000,1
3733,R,600000,600000,2,38,1,3971,16079,1
3734,R,700000,700000,2,30,1,13837,21956,1
3735,R,1000000,300000,4,30,1,44461,11970,1
3736,A,600000,600000,2,23,1,259277,9205,1
3737,A,400000,300000,6,22,1,856,24906,1
3738,R,1000000,300000,2,37,1,54072,18405,1
3739,R,700000,700000,2,35,0,189510,46557,1
3740,R,1000000,1000000,4,58,1,0,23526,1
3741,A,500000,500000,2,26,1,68828,33561,1
3742,R,600000,600000,2,25,1,55537,25416,1
3743,R,1000000,1000000,2,48,1,,60616,1
3744,R,500000,300000,1,38,1,43828,16092,1
3745,R,1000000,1000000,2,36,1,1260,17280,1
3746,R,700000,700000,2,54,1,91240,38916,1
3747,R,400000,300000,6,21,1,65657,43560,1
3748,R,1000000,300000,3,64,1,,30627,1
3749,R,700000,700000,2,33,1,187976,4284,1
3750,R,500000,300000,8,74,1,4877,180000,1
3751,A,1000000,1000000,2,56,1,33127,612,1
3752,R,1000000,300000,4,46,1,,48600,1
3753,R,1000000,1000000,2,57,0,35577,47610,1
3754,R,200000,200000,8,63,1,5959,2654,1
3755,R,1000000,1000000,2,27,0,107251,12287,1
3756,R,1000000,300000,7,60,1,19333,18266,1
3757,R,200000,200000,6,19,1,200000,26325,1
3758,R,500000,500000,4,52,1,38973,3600,1
3759,R,400000,400000,2,24,1,,35729,1
3760,R,600000,600000,2,26,1,21447,54045,1
3761,R,500000,500000,2,28,1,128033,51669,1
3762,R,700000,700000,2,30,1,69030,22472,1
3763,B,1000000,1000000,3,44,0,50758,16335,1
3764,R,1000000,300000,2,27,1,89891,13212,1
3765,R,200000,200000,6,20,1,58185,25824,1
3766,R,1000000,1000000,2,29,1,23389,24246,1
3767,R,1000000,1000000,7,67,1,30640,4001,1
3768,R,500000,500000,2,24,1,29832,47386,1
3769,R,700000,700000,2,40,0,15000,6228,1
3770,R,200000,200000,2,27,1,10393,1773,1
3771,R,600000,600000,2,27,0,30728,50490,1
3772,R,700000,300000,7,54,1,41133,17028,1
3773,A,600000,600000,2,33,1,103386,59876,1
3774,R,700000,700000,2,48,0,21527,9124,1
3775,R,1000000,1000000,2,31,1,142851,26221,1
3776,R,200000,200000,6,20,1,28008,11494,1
3777,R,500000,300000,2,26,0,13418,121568,1
3778,R,700000,700000,2,25,1,0,3094,1
3779,R,500000,500000,7,30,1,17782,6212,1
3780,R,700000,700000,2,26,1,89837,8802,1
3781,R,500000,500000,2,25,1,4703,20069,1
3782,R,400000,300000,6,23,1,112082,9000,1
3783,R,600000,600000,2,59,1,29925,7614,1
3784,R,300000,300000,6,21,1,214735,55125,1
3785,R,600000,300000,2,25,1,31905,16362,1
3786,R,1000000,1000000,2,48,1,38858,53550,1
3787,R,500000,500000,2,25,1,28310,63846,1
3788,R,700000,700000,2,32,1,156940,5409,1
3789,R,1000000,500000,2,62,1,8081,4347,1
3790,R,200000,200000,6,20,1,20475,48494,1
3791,R,1000000,1000000,2,50,0,318634,16920,1
3792,R,400000,300000,6,22,1,47327,14577,1
3793,R,1000000,1000000,2,31,0,77761,132660,1
3794,B,700000,700000,2,27,1,95080,17187,1
3795,R,700000,700000,2,28,1,,37415,1
3796,R,1000000,1000000,2,56,1,42678,9900,1
3797,R,1000000,1000000,3,30,1,56297,175860,1
3798,R,600000,600000,2,26,1,25450,21697,1
3799,R,500000,500000,2,36,1,63423,10951,1
3800,R,700000,700000,2,30,1,82625,111430,1
3801,R,1000000,1000000,2,41,0,657492,61470,1
3802,R,1000000,1000000,2,52,0,32593,10040,1
3803,R,1000000,1000000,2,53,0,71982,15669,1
3804,R,1000000,1000000,4,30,1,22391,57047,1
3805,R,1000000,1000000,2,50,0,85000,54450,1
3806,R,500000,300000,5,45,1,0,29321,1
3807,R,600000,600000,3,25,1,61537,44149,1
3808,R,1000000,1000000,2,57,1,79607,9675,1
3809,R,500000,500000,2,25,1,13313,20583,1
3810,R,1000000,1000000,2,53,1,35426,9963,1
3811,R,1000000,1000000,3,50,1,63203,100208,1
3812,R,200000,200000,3,22,1,12654,22860,1
3813,R,700000,300000,7,63,1,,6129,1
3814,R,700000,700000,2,33,1,18582,21969,1
3815,R,200000,200000,6,22,1,10040,8010,1
3816,R,600000,300000,6,23,1,72396,12033,1
3817,R,1000000,1000000,2,44,1,9500,42660,1
3818,R,600000,600000,2,28,1,193473,10975,1
3819,B,1000000,1000000,2,40,1,488310,4802,1
3820,R,400000,300000,7,54,1,84696,16717,1
3821,R,700000,700000,2,26,1,68418,48326,1
3822,R,700000,300000,6,25,1,25339,25942,1
3823,R,600000,600000,2,23,1,118505,9641,1
3824,R,600000,600000,2,26,1,80890,12003,1
3825,R,500000,500000,2,24,0,70733,9900,1
3826,R,200000,200000,2,27,1,63438,24638,1
3827,R,600000,600000,3,25,1,18858,27860,1
3828,A,600000,600000,2,40,1,,51084,1
3829,B,400000,300000,6,21,1,29864,10575,1
3830,R,1000000,1000000,2,47,1,,7200,1
3831,R,1000000,400000,7,60,1,3625,30780,1
3832,R,600000,300000,7,46,1,0,20025,1
3833,R,1000000,1000000,2,45,0,78903,8901,1
3834,R,1000000,1000000,2,42,1,21764,9198,1
3835,R,600000,600000,2,30,0,53010,52560,1
3836,R,700000,700000,2,33,0,4008,4194,1
3837,A,500000,500000,2,28,0,211844,43642,1
3838,R,700000,700000,3,36,0,5641,180000,1
3839,R,1000000,1000000,2,49,1,34603,60271,1
3840,R,700000,700000,2,28,0,123670,70244,1
3841,R,600000,600000,3,26,1,0,30637,1
3842,R,200000,200000,2,21,1,93521,49293,1
3843,R,700000,700000,2,31,1,49378,14148,1
3844,R,400000,300000,6,23,1,33778,10080,1
3845,R,600000,600000,2,29,1,93020,49104,1
3846,R,700000,700000,3,26,0,,13302,1
3847,R,700000,700000,10,28,0,,20583,1
3848,R,600000,600000,2,27,1,17690,7812,1
3849,R,1000000,300000,4,78,1,0,2335,1
3850,R,700000,700000,7,39,1,57142,29147,1
3851,R,400000,400000,3,22,1,39000,27981,1
3852,R,700000,300000,6,22,1,,792,1
3853,R,200000,200000,2,33,0,33924,32253,1
3854,R,1000000,1000000,2,50,1,55670,16283,1
3855,R,500000,500000,2,24,1,75154,21636,1
3856,R,300000,300000,6,20,1,325467,6435,1
3857,A,500000,500000,2,30,1,110980,20088,1
3858,R,600000,600000,2,30,1,29051,38214,1
3859,R,400000,400000,2,25,1,1777,21318,1
3860,R,700000,700000,2,23,1,99765,19899,1
3861,R,500000,500000,2,24,1,29794,8010,1
3862,R,600000,600000,2,33,1,96596,6961,1
3863,R,600000,600000,2,35,0,33775,3163,1
3864,R,200000,200000,2,22,1,123951,10791,1
3865,R,700000,700000,2,30,1,21923,14940,1
3866,R,700000,300000,6,23,1,31316,11871,1
3867,R,1000000,1000000,2,31,1,67056,1980,1
3868,R,1000000,1000000,2,31,1,54616,16074,1
3869,R,700000,700000,3,28,1,602225,59603,1
3870,R,700000,300000,3,54,1,0,74340,1
3871,R,1000000,1000000,2,25,1,38161,44574,1
3872,R,400000,400000,2,42,0,83533,8784,1
3873,R,1000000,1000000,3,28,1,5700,17568,1
3874,R,400000,400000,2,27,1,113725,22113,1
3875,R,500000,500000,2,24,1,81722,16533,1
3876,R,600000,300000,6,20,1,52637,4446,1
3877,R,700000,700000,2,39,1,7410,16830,1
3878,R,500000,500000,2,36,0,441073,29920,1
3879,R,700000,700000,12,40,1,43450,31275,1
3880,R,1000000,1000000,2,41,1,38511,23355,1
3881,R,400000,300000,4,55,1,25645,11145,1
3882,R,600000,600000,4,37,1,30543,63203,1
3883,R,400000,300000,11,39,1,153529,56313,1
3884,R,400000,400000,4,36,1,60948,14940,1
3885,R,1000000,1000000,4,55,1,44745,34715,1
3886,R,1000000,900000,2,38,1,10450,23400,1
3887,R,1000000,1000000,3,33,1,4021,48048,1
3888,R,1000000,1000000,2,52,1,76395,15539,1
3889,A,200000,200000,6,20,1,173079,6732,1
3890,R,1000000,1000000,3,62,1,16185,41091,1
3891,R,1000000,1000000,2,24,1,47576,25196,1
3892,R,400000,300000,6,20,0,107576,8379,1
3893,R,500000,300000,7,57,1,48890,4359,1
3894,R,500000,500000,2,26,1,24826,7169,1
3895,R,600000,300000,7,51,1,16634,8511,1
3896,R,1000000,1000000,2,50,1,5136,13356,1
3897,R,700000,600000,8,68,1,74856,37782,1
3898,R,1000000,1000000,2,32,1,30324,17348,1
3899,R,200000,200000,6,21,1,82412,11082,1
3900,R,300000,300000,6,21,1,5931,9369,1
3901,R,1000000,1000000,2,36,1,61788,57264,1
3902,R,300000,300000,12,51,1,2668,9420,1
3903,R,1000000,300000,7,53,1,30003,35258,1
3904,R,600000,600000,2,31,1,0,30038,1
3905,R,500000,300000,6,20,1,0,5535,1
3906,R,400000,400000,2,26,1,82276,9594,1
3907,R,700000,700000,2,29,1,15171,18626,1
3908,R,1000000,300000,7,54,1,38938,17137,1
3909,R,700000,300000,2,25,1,17177,30951,1
3910,R,500000,300000,7,36,1,2090,180000,1
3911,R,1000000,1000000,4,32,1,27290,1971,1
3912,R,200000,200000,6,20,1,96088,15354,1
3913,B,200000,200000,7,25,1,58213,14751,1
3914,R,400000,300000,6,20,1,71916,17415,1
3915,R,1000000,1000000,2,30,0,16836,40977,1
3916,R,1000000,300000,7,47,1,,4446,1
3917,R,200000,200000,6,20,1,233980,189866,1
3918,R,200000,200000,6,22,1,95394,26622,1
3919,B,200000,200000,2,32,1,23119,6279,1
3920,R,500000,500000,2,25,1,47990,25020,1
3921,R,500000,500000,5,38,0,14055,52590,1
3922,R,500000,300000,6,20,1,1230,5535,1
3923,R,200000,200000,6,20,1,80945,33948,1
3924,R,1000000,1000000,7,54,1,70300,675,1
3925,R,400000,300000,6,22,1,27584,8303,1
3926,R,400000,400000,2,26,0,266232,26890,1
3927,R,1000000,900000,2,56,1,20866,4446,1
3928,R,1000000,1000000,2,40,0,31017,19440,1
3929,R,700000,700000,2,31,0,61460,35136,1
3930,R,200000,200000,2,25,1,37432,30605,1
3931,R,1000000,900000,2,54,1,6324,12960,1
3932,B,500000,500000,2,27,1,97149,9999,1
3933,R,700000,700000,2,27,1,29239,26851,1
3934,R,400000,300000,6,20,0,4090,12822,1
3935,R,300000,300000,2,24,1,148783,37719,1
3936,R,1000000,1000000,2,40,0,155905,154845,1
3937,R,200000,200000,6,22,1,229413,11079,1
3938,R,700000,700000,2,34,1,410212,27499,1
3939,R,500000,500000,5,35,0,5060,42660,1
3940,R,500000,500000,2,40,1,3993,55260,1
3941,R,200000,200000,2,26,1,44133,53264,1
3942,R,1000000,1000000,2,30,1,1129,48699,1
3943,R,600000,300000,4,45,1,1000,26527,1
3944,R,500000,500000,2,28,1,7483,15225,1
3945,R,400000,400000,2,57,1,64798,63945,1
3946,R,1000000,1000000,2,37,1,0,86830,1
3947,R,500000,300000,2,22,1,5600,3577,1
3948,R,1000000,1000000,3,31,1,34943,21582,1
3949,R,200000,200000,2,23,1,98188,49261,1
3950,R,600000,600000,2,25,1,3449,73171,1
3951,B,200000,200000,2,22,1,74000,54475,1
3952,R,500000,500000,3,25,1,51884,116721,1
3953,R,500000,300000,6,22,1,34004,4941,1
3954,R,700000,700000,2,28,1,106037,28969,1
3955,R,1000000,1000000,2,30,1,95704,16245,1
3956,R,600000,600000,2,29,1,90598,7138,1
3957,R,1000000,300000,4,32,1,133611,32389,1
3958,A,700000,400000,2,42,1,128914,6658,1
3959,R,600000,300000,6,23,1,24984,27056,1
3960,R,1000000,300000,2,24,1,36115,25799,1
3961,R,700000,700000,7,32,1,108216,5040,1
3962,R,300000,300000,2,35,1,289172,2708,1
3963,R,600000,600000,2,28,1,68277,89892,1
3964,R,700000,700000,2,24,1,79446,14571,1
3965,R,700000,300000,6,25,1,21830,3053,1
3966,B,700000,700000,2,24,1,227872,46393,1
3967,R,1000000,1000000,7,32,1,111325,39777,1
3968,R,700000,700000,2,49,1,54192,59761,1
3969,R,1000000,300000,12,44,1,55838,12870,1
3970,R,1000000,300000,12,44,1,,12870,1
3971,R,600000,600000,7,58,1,97340,18810,1
3972,R,250000,50000,3,27,1,2808,28964,1
3973,R,600000,600000,2,29,1,23629,11904,1
3974,R,600000,600000,2,53,1,155496,43560,1
3975,R,600000,600000,2,28,1,84190,88344,1
3976,R,1000000,1000000,2,26,1,38654,110211,1
3977,R,200000,200000,6,22,1,18337,15770,1
3978,R,1000000,1000000,2,32,1,17603,11857,1
3979,R,1000000,1000000,2,53,0,954,6021,1
3980,R,500000,500000,12,38,1,196323,11960,1
3981,R,700000,700000,2,28,1,6657,19890,1
3982,R,600000,600000,3,24,1,18507,18601,1
3983,R,700000,700000,2,55,0,,13585,1
3984,R,600000,300000,1,49,1,108675,11273,1
3985,A,700000,700000,2,49,1,217091,6455,1
3986,R,600000,600000,2,35,1,33087,52030,1
3987,A,700000,700000,2,27,1,72488,24316,1
3988,R,1000000,300000,4,62,1,439,168696,1
3989,R,1000000,1000000,2,29,1,1485,5189,1
3990,R,1000000,300000,3,70,1,47876,15577,1
3991,R,1000000,800000,2,24,1,29542,30735,1
3992,R,1000000,800000,2,64,1,16881,31956,1
3993,R,700000,300000,6,25,1,30397,26370,1
3994,R,1000000,300000,7,57,1,,24871,1
3995,R,1000000,1000000,2,42,1,0,20555,1
3996,R,1000000,1000000,3,59,1,226183,62856,1
3997,R,700000,700000,2,28,1,30695,46253,1
3998,R,700000,700000,2,25,1,14213,13788,1
3999,R,1000000,1000000,2,53,1,,46620,1
4000,R,600000,600000,2,26,1,10355,15901,1
4001,R,600000,300000,7,42,1,90473,44532,1
4002,R,1000000,1000000,2,29,1,,58018,1
4003,R,200000,200000,2,24,1,95681,56790,1
4004,R,1000000,1000000,3,28,1,46887,22464,1
4005,R,1000000,1000000,2,31,1,142070,20644,1
4006,R,700000,700000,2,30,1,66578,0,1
4007,R,300000,300000,2,40,1,9495,15665,1
4008,R,500000,500000,3,28,0,0,0,1
4009,R,500000,500000,2,28,1,5670,32909,1
4010,R,1000000,300000,7,54,1,903,54621,1
4011,R,1000000,1000000,2,30,1,43025,59622,1
4012,R,400000,400000,2,26,1,4275,13727,1
4013,R,1000000,1000000,2,33,1,36354,8019,1
4014,R,1000000,1000000,2,56,0,3781,18320,1
4015,R,200000,200000,6,21,1,72506,35415,1
4016,R,1000000,1000000,2,59,1,195582,1264,1
4017,R,700000,700000,2,36,1,22173,40482,1
4018,R,500000,500000,2,24,0,2299,20979,1
4019,R,1000000,300000,7,66,1,399186,0,1
4020,R,600000,500000,2,25,1,115000,44748,1
4021,R,400000,400000,2,59,1,91808,49590,1
4022,R,700000,300000,13,65,1,10126,3052,1
4023,R,600000,600000,2,27,1,10757,52299,1
4024,R,600000,300000,6,23,1,103510,0,1
4025,R,700000,700000,2,35,1,63416,180000,1
4026,R,500000,500000,2,22,1,0,27594,1
4027,R,400000,400000,2,42,1,507672,18905,1
4028,R,400000,400000,2,42,1,,18905,1
4029,R,600000,600000,2,24,1,5346,17127,1
4030,A,500000,300000,7,60,1,4201,22301,1
4031,R,500000,500000,2,34,0,208176,40726,1
4032,R,500000,500000,2,34,0,,40726,1
4033,A,700000,700000,2,33,1,120586,25470,1
4034,A,500000,500000,2,27,1,145769,162747,1
4035,R,200000,200000,2,66,1,166948,10167,1
4036,R,500000,500000,2,26,1,,41580,1
4037,R,400000,400000,2,24,1,28215,12150,1
4038,R,500000,500000,2,24,1,503204,85283,1
4039,R,600000,600000,2,40,1,0,9741,1
4040,R,200000,200000,2,40,1,121149,73494,1
4041,R,1000000,1000000,2,51,1,59110,55737,1
4042,R,700000,700000,2,55,1,79450,44202,1
4043,R,600000,300000,5,65,0,15707,8024,1
4044,A,600000,600000,3,24,1,40953,31586,1
4045,R,1000000,1000000,8,68,0,1891,11590,1
4046,R,400000,400000,7,52,1,57023,37545,1
4047,R,700000,700000,2,37,1,54396,29525,1
4048,R,1000000,900000,4,53,1,5559,5562,1
4049,R,700000,700000,3,33,1,,69212,1
4050,R,700000,700000,2,31,1,3261,8214,1
4051,R,700000,700000,2,49,1,53980,18420,1
4052,R,600000,600000,2,26,1,79052,14483,1
4053,R,700000,700000,4,64,1,12669,147600,1
4054,R,500000,500000,2,29,1,63627,22031,1
4055,R,600000,300000,7,58,1,7049,64836,1
4056,R,600000,300000,12,54,1,585,37125,1
4057,B,600000,300000,11,35,1,785750,108069,1
4058,R,600000,600000,7,29,1,73612,9111,1
4059,R,1000000,1000000,2,27,1,60299,27064,1
4060,R,500000,500000,2,59,1,,21366,1
4061,R,500000,500000,12,33,1,40103,4018,1
4062,A,400000,300000,12,24,1,7524,6534,1
4063,R,400000,400000,2,40,0,13434,19761,1
4064,R,600000,600000,3,29,1,90120,33899,1
4065,R,1000000,1000000,2,33,1,6033,52866,1
4066,R,400000,400000,2,29,1,,21978,1
4067,R,400000,300000,7,64,1,486542,16630,1
4068,B,600000,300000,7,29,1,170476,48254,1
4069,R,500000,500000,2,24,1,31937,33211,1
4070,R,500000,500000,2,33,1,615552,52848,1
4071,A,700000,700000,2,26,1,107896,47865,1
4072,R,300000,300000,6,22,1,11400,3791,1
4073,R,600000,600000,2,25,1,0,4674,1
4074,R,400000,300000,7,51,1,284954,70538,1
4075,R,600000,600000,2,27,1,,9881,1
4076,R,200000,200000,7,21,1,22865,14765,1
4077,B,700000,700000,4,51,1,683002,45045,1
4078,R,400000,300000,6,23,1,117724,16624,1
4079,R,500000,500000,2,32,1,27387,11422,1
4080,R,700000,700000,3,25,1,,22536,1
4081,R,500000,500000,12,53,1,63336,58410,1
4082,R,200000,200000,2,24,1,266031,38835,1
4083,R,500000,500000,4,35,1,70320,17920,1
4084,A,600000,300000,2,33,1,11918,15351,1
4085,R,1000000,1000000,2,35,1,,78397,1
4086,A,1000000,1000000,2,26,1,74716,27819,1
4087,R,700000,700000,2,31,1,,10782,1
4088,R,200000,200000,6,22,1,62595,14445,1
4089,A,1000000,1000000,3,37,0,76407,1737,1
4090,R,300000,300000,2,26,1,27745,123418,1
4091,R,200000,200000,6,20,1,21165,16715,1
4092,R,500000,300000,6,21,1,4700,8991,1
4093,R,400000,200000,2,54,1,13978,60465,1
4094,R,1000000,700000,5,36,0,,15047,1
4095,R,1000000,1000000,4,34,1,16146,21468,1
4096,R,300000,300000,2,28,0,0,77047,1
4097,R,700000,700000,2,38,1,113677,41106,1
4098,R,500000,500000,7,50,1,84281,13559,1
4099,R,600000,600000,2,24,1,16165,34485,1
4100,R,700000,700000,2,45,1,213916,38493,1
4101,R,500000,300000,2,25,1,101319,11016,1
4102,R,200000,200000,6,22,1,,60264,1
4103,R,700000,700000,8,77,1,4256,5634,1
4104,R,600000,600000,4,38,1,19364,39533,1
4105,R,600000,600000,2,56,1,77420,28659,1
4106,R,200000,200000,6,22,1,11599,20565,1
4107,R,1000000,1000000,2,36,1,140454,1644,1
4108,R,200000,200000,6,22,0,52071,43533,1
4109,R,400000,400000,2,27,1,81311,14175,1
4110,R,200000,200000,2,31,0,223145,7607,1
4111,R,1000000,1000000,2,53,1,290065,72072,1
4112,R,600000,300000,2,23,1,85133,2574,1
4113,R,200000,200000,6,23,1,25387,16227,1
4114,R,200000,200000,6,20,1,126749,9792,1
4115,R,700000,700000,10,61,0,54973,26082,1
4116,R,600000,300000,4,61,1,,43065,1
4117,R,1000000,1000000,2,36,1,98300,33759,1
4118,R,700000,700000,2,25,0,24032,6586,1
4119,R,700000,700000,2,42,1,4603,11970,1
4120,R,600000,300000,2,26,1,25741,12960,1
4121,R,600000,500000,2,23,1,24943,77220,1
4122,R,1000000,1000000,2,62,1,1991,198,1
4123,R,500000,300000,2,23,1,124594,44420,1
4124,R,1000000,700000,3,32,1,24629,12836,1
4125,R,700000,700000,2,31,1,95224,80207,1
4126,R,500000,300000,6,21,0,,7515,1
4127,R,700000,300000,7,37,1,4530,4743,1
4128,R,1000000,300000,2,39,1,29682,55612,1
4129,R,1000000,1000000,2,47,0,10182,25956,1
4130,R,1000000,1000000,2,52,1,74150,11277,1
4131,R,600000,600000,2,30,1,23017,6030,1
4132,R,1000000,1000000,3,63,1,39321,180000,1
4133,R,1000000,1000000,2,31,1,81810,9233,1
4134,R,600000,600000,11,25,1,10204,16974,1
4135,R,700000,700000,4,46,1,28224,6345,1
4136,R,300000,300000,7,70,1,52021,10332,1
4137,R,700000,700000,2,31,1,120036,21235,1
4138,R,600000,600000,2,41,1,2651,22532,1
4139,R,600000,300000,7,28,1,8927,7146,1
4140,R,1000000,1000000,2,31,1,38627,13851,1
4141,R,600000,600000,2,24,1,12672,42957,1
4142,A,300000,300000,2,46,0,110587,8715,1
4143,R,500000,300000,6,27,1,127896,5337,1
4144,B,600000,600000,2,82,1,32029,51480,1
4145,R,500000,500000,2,25,1,0,10782,1
4146,R,600000,600000,2,24,1,6508,9149,1
4147,R,700000,700000,2,28,1,36845,24948,1
4148,R,700000,700000,2,32,1,10584,10782,1
4149,R,600000,600000,2,27,1,80047,20520,1
4150,R,300000,300000,2,24,1,29492,12762,1
4151,R,300000,300000,2,25,1,81362,14841,1
4152,R,1000000,300000,4,69,1,73247,2597,1
4153,R,200000,200000,5,78,1,,76536,1
4154,R,700000,700000,7,34,1,0,28526,1
4155,R,600000,300000,7,45,1,27299,7245,1
4156,R,1000000,1000000,2,39,1,1178,26721,1
4157,R,200000,200000,5,51,1,38500,3168,1
4158,R,700000,700000,2,51,1,16896,1278,1
4159,R,200000,200000,2,32,1,14108,7317,1
4160,R,1000000,1000000,7,50,1,15060,8387,1
4161,A,1000000,300000,5,63,1,,11196,1
4162,R,200000,200000,6,20,1,16757,8901,1
4163,R,1000000,1000000,2,34,1,175123,46304,1
4164,R,400000,400000,2,26,1,40110,10782,1
4165,R,1000000,1000000,2,51,0,12321,14379,1
4166,A,200000,200000,2,22,1,29558,3817,1
4167,R,400000,300000,6,21,1,104074,54036,1
4168,B,700000,300000,6,28,1,27585,30849,1
4169,R,600000,600000,2,26,1,18025,11696,1
4170,R,700000,700000,7,55,1,14505,7631,1
4171,R,700000,300000,7,79,1,117000,180000,1
4172,R,600000,600000,2,23,1,10973,6540,1
4173,R,1000000,1000000,3,66,1,293179,125001,1
4174,R,500000,300000,6,21,1,98133,5397,1
4175,R,1000000,600000,7,66,1,6742,4989,1
4176,R,600000,600000,2,42,1,42818,23301,1
4177,R,600000,600000,2,25,1,53201,26478,1
4178,R,1000000,1000000,2,52,1,,14454,1
4179,R,700000,300000,6,23,1,30703,10521,1
4180,R,600000,600000,2,25,1,31984,21683,1
4181,R,500000,500000,2,25,1,33767,15732,1
4182,R,600000,600000,2,27,1,33770,9702,1
4183,R,700000,700000,2,31,1,0,32760,1
4184,R,600000,600000,2,33,1,16707,11772,1
4185,R,700000,300000,6,23,1,6527,4851,1
4186,R,500000,300000,2,23,1,17727,9702,1
4187,R,600000,600000,2,26,1,144043,288,1
4188,R,200000,200000,2,23,1,841,29529,1
4189,R,600000,600000,2,28,1,,40680,1
4190,R,600000,600000,2,32,1,14360,19658,1
4191,R,700000,700000,2,34,1,92060,20286,1
4192,R,700000,700000,2,25,1,111582,6541,1
4193,R,1000000,1000000,2,30,1,,21576,1
4194,R,700000,700000,2,24,1,100635,20979,1
4195,R,700000,700000,2,29,1,29655,32958,1
4196,R,500000,500000,12,36,1,86416,21425,1
4197,R,600000,600000,13,34,1,48256,13968,1
4198,R,700000,700000,3,25,1,111331,40467,1
4199,R,500000,500000,3,26,1,44591,25780,1
4200,R,200000,200000,2,43,1,115741,31834,1
4201,R,1000000,1000000,2,33,1,6349,66289,1
4202,R,600000,600000,2,45,1,74125,41858,1
4203,R,400000,400000,2,25,1,140621,29991,1
4204,R,1000000,1000000,2,33,1,8584,23482,1
4205,R,1000000,1000000,2,65,0,23082,10836,1
4206,R,700000,700000,2,31,1,21946,8514,1
4207,R,500000,500000,12,32,1,6071,23325,1
4208,R,700000,300000,7,30,1,7671,26202,1
4209,R,1000000,1000000,3,37,0,,166023,1
4210,R,500000,500000,2,41,1,148112,75924,1
4211,R,200000,200000,6,21,1,16237,4347,1
4212,B,1000000,300000,2,31,1,69813,39702,1
4213,A,700000,700000,2,27,1,30335,49896,1
4214,R,700000,700000,2,27,1,23551,4862,1
4215,R,500000,500000,4,57,1,210782,87681,1
4216,R,1000000,300000,7,53,1,11328,3894,1
4217,R,500000,300000,4,40,1,7920,18522,1
4218,R,200000,200000,6,20,1,40128,178542,1
4219,R,200000,200000,2,26,1,122392,3745,1
4220,R,300000,300000,2,29,0,0,1469,1
4221,R,600000,600000,2,26,1,51910,5492,1
4222,R,600000,600000,2,26,1,270155,29175,1
4223,R,600000,600000,2,25,1,8694,18180,1
4224,R,500000,500000,2,25,1,76472,36274,1
4225,R,700000,300000,2,25,1,66591,35932,1
4226,R,400000,400000,2,42,1,84298,62356,1
4227,R,1000000,1000000,2,27,0,9613,32827,1
4228,R,500000,500000,2,39,1,23596,24984,1
4229,R,700000,700000,2,36,1,0,98604,1
4230,R,500000,500000,2,28,1,134664,38003,1
4231,R,700000,300000,4,43,1,0,34618,1
4232,R,1000000,1000000,2,45,1,0,9147,1
4233,R,700000,700000,2,30,0,,180000,1
4234,R,1000000,1000000,2,46,1,50215,98892,1
4235,R,1000000,1000000,2,28,1,56974,25004,1
4236,R,600000,300000,7,41,1,158398,43480,1
4237,R,700000,700000,2,24,1,10819,26028,1
4238,R,1000000,1000000,2,32,1,82362,65034,1
4239,R,1000000,300000,7,64,1,,20839,1
4240,R,1000000,600000,2,35,1,67309,21446,1
4241,R,700000,300000,6,23,1,76229,7038,1
4242,R,1000000,1000000,2,47,1,59998,61483,1
4243,R,500000,500000,2,27,1,4703,23479,1
4244,R,500000,500000,12,22,1,44433,24291,1
4245,R,1000000,1000000,2,32,1,9062,6882,1
4246,R,1000000,1000000,2,32,1,0,6882,1
4247,R,500000,500000,2,39,1,171426,74828,1
4248,R,700000,700000,2,25,1,29791,22221,1
4249,R,200000,200000,3,24,1,51940,16412,1
4250,R,500000,500000,2,25,1,26125,89965,1
4251,R,700000,700000,2,39,1,26400,79379,1
4252,R,1000000,1000000,3,35,1,56001,47351,1
4253,R,600000,600000,2,25,1,71775,39780,1
4254,R,1000000,1000000,2,30,1,40680,37316,1
4255,R,1000000,1000000,2,30,1,135476,129453,1
4256,R,600000,600000,4,41,1,153231,46620,1
4257,R,500000,500000,2,28,1,166168,101474,1
4258,A,1000000,1000000,4,41,1,,28710,1
4259,B,500000,500000,4,37,1,4703,52911,1
4260,R,1000000,1000000,2,31,0,166155,173373,1
4261,R,600000,600000,2,28,1,,24750,1
4262,A,400000,300000,6,23,1,127900,24899,1
4263,R,1000000,1000000,2,25,1,3282,65088,1
4264,R,700000,700000,2,31,1,431,56905,1
4265,R,1000000,900000,2,25,1,47784,36000,1
4266,R,500000,500000,2,26,1,59556,38691,1
4267,R,600000,600000,2,26,1,41070,6463,1
4268,R,600000,600000,2,28,1,7726,30330,1
4269,R,200000,200000,6,20,1,24330,46108,1
4270,R,500000,300000,6,24,1,,3585,1
4271,R,500000,300000,6,24,0,41187,18905,1
4272,R,500000,500000,2,29,1,131451,89793,1
4273,R,1000000,1000000,2,54,1,1226,25707,1
4274,R,700000,700000,2,28,1,3000,23504,1
4275,R,700000,700000,2,28,1,62563,23504,1
4276,R,1000000,1000000,3,28,1,,106209,1
4277,R,400000,300000,13,37,1,67080,29665,1
4278,R,400000,400000,2,26,1,,53365,1
4279,R,200000,200000,2,26,1,,82368,1
4280,A,1000000,1000000,2,32,1,194117,105165,1
4281,R,200000,200000,2,42,1,0,18504,1
4282,R,1000000,300000,2,51,1,7105,30098,1
4283,R,1000000,1000000,10,28,1,401318,50255,1
4284,R,600000,600000,2,23,1,6214,32490,1
4285,R,700000,700000,2,56,1,,82940,1
4286,R,500000,500000,2,32,1,26057,74160,1
4287,R,400000,400000,2,45,1,48815,34476,1
4288,R,700000,700000,2,37,1,54330,100125,1
4289,R,500000,500000,12,28,1,8403,71736,1
4290,R,1000000,1000000,2,33,1,80922,61541,1
4291,R,600000,600000,2,24,1,92348,11856,1
4292,R,1000000,1000000,2,30,1,5594,9405,1
4293,R,1000000,1000000,2,30,1,55000,20081,1
4294,R,700000,700000,2,49,1,154373,118062,1
4295,R,1000000,1000000,2,40,1,,18900,1
4296,R,1000000,1000000,2,30,1,71538,90270,1
4297,R,600000,300000,6,23,0,10539,39690,1
4298,R,500000,500000,3,24,1,117854,48105,1
4299,R,600000,600000,2,28,1,71937,23949,1
4300,R,700000,300000,6,25,1,3786,2844,1
4301,R,700000,300000,2,26,1,86679,45036,1
4302,R,600000,600000,2,34,1,0,53427,1
4303,R,1000000,1000000,1,37,0,340296,173873,1
4304,R,600000,600000,2,40,1,17796,17802,1
4305,R,700000,700000,2,28,1,2591,18698,1
4306,R,500000,500000,5,27,1,81531,50969,1
4307,B,1000000,1000000,2,41,1,1720,68760,1
4308,R,500000,500000,2,32,1,202578,68879,1
4309,R,1000000,300000,7,47,1,,30285,1
4310,R,300000,300000,6,19,1,,56745,1
4311,R,500000,500000,2,29,1,2275,70372,1
4312,R,200000,200000,3,25,1,0,162881,1
4313,R,400000,400000,2,30,1,,64638,1
4314,R,500000,500000,2,26,1,247455,177690,1
4315,R,1000000,1000000,2,45,1,126978,7002,1
4316,R,700000,700000,2,45,1,98594,3553,1
4317,R,700000,700000,2,27,1,76369,14400,1
4318,R,700000,700000,4,51,1,0,28602,1
4319,R,700000,700000,2,42,1,50220,39921,1
4320,R,200000,200000,2,28,0,124905,10692,1
4321,R,500000,500000,2,27,1,71234,41868,1
4322,R,300000,300000,12,26,1,98579,12870,1
4323,R,700000,700000,10,32,0,95130,45540,1
4324,A,200000,200000,6,19,1,227454,71214,1
4325,R,200000,200000,2,44,1,194053,52074,1
4326,R,500000,500000,2,25,0,68220,9900,1
4327,R,500000,500000,2,24,1,213224,55933,1
4328,R,500000,500000,2,26,1,180334,42053,1
4329,R,500000,300000,6,23,0,76805,71775,1
4330,R,300000,300000,2,29,1,38650,19688,1
4331,A,200000,200000,2,25,1,46834,17961,1
4332,B,600000,600000,2,28,1,,102669,1
4333,A,200000,200000,2,34,1,43560,16920,1
4334,R,1000000,1000000,2,28,1,62753,83769,1
4335,R,600000,600000,2,29,1,63503,20484,1
4336,R,500000,500000,2,28,0,64125,19827,1
4337,B,200000,200000,6,20,1,114959,28083,1
4338,R,600000,300000,7,23,1,54443,56383,1
4339,R,600000,600000,2,24,1,0,13950,1
4340,R,1000000,1000000,2,34,1,71415,96462,1
4341,R,1000000,1000000,2,38,1,35181,23265,1
4342,R,700000,700000,2,32,0,17500,21816,1
4343,B,600000,600000,2,32,1,140702,16137,1
4344,R,500000,500000,2,24,1,,20088,1
4345,R,500000,300000,2,25,1,59401,13893,1
4346,R,600000,300000,6,22,1,33397,59948,1
4347,R,700000,700000,2,26,1,41709,23655,1
4348,R,200000,200000,6,20,1,22021,31751,1
4349,R,400000,400000,2,32,0,186997,15318,1
4350,R,1000000,1000000,2,30,1,51684,22100,1
4351,R,200000,200000,2,52,1,170591,75418,1
4352,A,200000,200000,2,24,1,111512,51777,1
4353,R,500000,500000,2,31,1,168327,20299,1
4354,A,600000,600000,2,36,1,521372,43190,1
4355,R,700000,300000,13,27,1,10546,46283,1
4356,R,1000000,500000,7,32,1,61675,47349,1
4357,R,700000,700000,2,27,1,51390,58680,1
4358,A,700000,300000,7,59,1,106623,74480,1
4359,R,600000,300000,6,25,1,143888,68403,1
4360,R,400000,300000,10,42,1,179150,51435,1
4361,R,700000,700000,2,37,1,37000,68449,1
4362,R,1000000,1000000,2,29,1,23970,50778,1
4363,R,1000000,1000000,2,32,1,8441,32108,1
4364,R,1000000,1000000,2,31,1,134363,56520,1
4365,R,1000000,600000,2,27,1,21835,23850,1
4366,A,600000,600000,2,24,1,313049,54445,1
4367,R,400000,400000,2,27,1,84110,104936,1
4368,R,700000,700000,5,40,1,25348,59791,1
4369,R,700000,700000,7,57,1,20801,3708,1
4370,R,500000,500000,2,33,1,6788,23355,1
4371,R,1000000,1000000,4,57,1,12408,20160,1
4372,R,300000,300000,6,21,1,1390,10701,1
4373,R,600000,600000,4,40,1,46253,19890,1
4374,R,400000,300000,6,20,1,0,3168,1
4375,A,200000,200000,2,26,1,88068,7049,1
4376,R,500000,500000,5,40,1,18476,26552,1
4377,R,600000,300000,7,44,1,479657,10328,1
4378,R,700000,300000,6,23,0,,52110,1
4379,R,1000000,1000000,2,32,1,26519,10949,1
4380,R,500000,500000,2,27,1,0,15930,1
4381,R,1000000,600000,7,61,1,19107,4158,1
4382,R,1000000,500000,12,36,1,58459,22743,1
4383,R,600000,600000,2,34,1,26000,75677,1
4384,R,700000,700000,2,25,1,5300,35028,1
4385,R,1000000,1000000,2,55,1,110059,5643,1
4386,R,500000,500000,7,39,1,124844,31680,1
4387,R,1000000,1000000,2,31,1,6880,22860,1
4388,R,600000,600000,2,34,1,22991,29790,1
4389,R,700000,700000,10,25,1,,18801,1
4390,R,600000,600000,2,24,1,187591,11654,1
4391,R,200000,200000,5,34,1,92817,23256,1
4392,R,600000,600000,2,59,1,8278,12223,1
4393,B,500000,500000,10,29,1,318901,178992,1
4394,R,200000,200000,6,19,0,65453,10980,1
4395,R,700000,700000,2,26,1,4389,23850,1
4396,R,200000,200000,6,23,1,201692,14159,1
4397,R,500000,500000,2,21,1,32471,23821,1
4398,R,700000,300000,6,24,1,317173,16020,1
4399,R,400000,300000,6,19,1,23752,23949,1
4400,R,500000,500000,13,41,1,950,21661,1
4401,R,700000,700000,11,61,1,20790,39780,1
4402,R,1000000,300000,2,34,1,44231,16830,1
4403,R,1000000,1000000,2,61,0,225848,47992,1
4404,R,600000,300000,6,21,0,42316,48486,1
4405,R,700000,300000,4,54,1,725898,138600,1
4406,R,1000000,1000000,2,24,1,72264,117810,1
4407,B,1000000,300000,4,49,1,22374,7128,1
4408,R,1000000,1000000,4,61,1,44350,28900,1
4409,R,1000000,1000000,2,39,0,0,8910,1
4410,R,700000,300000,4,44,1,35269,23643,1
4411,R,400000,300000,6,23,1,115098,8406,1
4412,R,1000000,300000,4,43,1,12183,16020,1
4413,R,1000000,1000000,4,42,1,348236,79630,1
4414,B,500000,500000,2,25,1,19586,33017,1
4415,R,600000,600000,5,50,1,109101,54675,1
4416,R,200000,200000,2,27,1,208853,43333,1
4417,R,300000,300000,6,22,1,28574,23157,1
4418,R,600000,600000,1,61,1,72535,57439,1
4419,R,1000000,1000000,2,47,1,59950,32760,1
4420,R,600000,600000,2,27,0,39472,34443,1
4421,R,700000,700000,2,46,1,79260,64400,1
4422,R,600000,600000,2,25,1,8389,50445,1
4423,R,600000,600000,2,27,1,30413,31374,1
4424,B,600000,300000,2,23,1,24921,9801,1
4425,R,1000000,300000,7,50,1,80995,4446,1
4426,R,400000,300000,6,22,0,,9891,1
4427,R,1000000,1000000,2,34,1,130362,59904,1
4428,A,600000,600000,5,34,1,45350,75960,1
4429,R,400000,300000,6,22,1,,19611,1
4430,R,600000,300000,5,43,1,827188,72558,1
4431,R,400000,300000,6,23,1,229181,123222,1
4432,R,1000000,1000000,2,29,0,28964,40590,1
4433,R,400000,300000,6,22,1,43521,43417,1
4434,R,1000000,1000000,10,62,0,1520,50985,1
4435,R,700000,700000,7,47,1,5196,36720,1
4436,R,600000,600000,2,25,1,25231,23141,1
4437,R,200000,200000,2,23,0,97920,21780,1
4438,R,500000,500000,2,29,1,19271,15822,1
4439,R,700000,700000,2,33,0,255827,104445,1
4440,R,700000,700000,2,35,1,173702,55980,1
4441,R,700000,700000,2,29,1,57420,71280,1
4442,R,1000000,1000000,3,32,0,637816,101642,1
4443,B,400000,400000,3,24,1,66524,7722,1
4444,R,700000,700000,7,27,1,276153,2610,1
4445,R,700000,300000,4,31,1,2352,7471,1
4446,R,700000,700000,2,45,1,58342,74427,1
4447,R,500000,500000,2,30,1,1891,100098,1
4448,A,700000,700000,2,27,1,41839,51579,1
4449,R,600000,600000,2,26,0,93005,43206,1
4450,R,300000,300000,6,24,1,,15840,1
4451,R,700000,700000,10,27,1,156636,41135,1
4452,R,300000,300000,7,24,1,27653,619,1
4453,A,400000,300000,13,78,1,76750,3591,1
4454,B,600000,600000,2,24,1,103993,2228,1
4455,R,700000,700000,2,31,1,,25523,1
4456,R,700000,700000,2,41,1,149415,11819,1
4457,R,1000000,1000000,2,24,1,63491,25506,1
4458,R,1000000,300000,4,40,1,0,64440,1
4459,A,1000000,1000000,4,61,1,11534,28079,1
4460,R,700000,700000,2,26,1,187160,34740,1
4461,R,300000,300000,5,30,1,5750,24687,1
4462,R,700000,700000,2,28,0,95407,85299,1
4463,R,700000,700000,2,29,1,31663,45333,1
4464,A,600000,600000,2,25,1,524,26235,1
4465,R,200000,200000,6,20,1,274561,38754,1
4466,R,200000,200000,2,28,1,61474,15505,1
4467,R,700000,700000,2,25,1,99258,26172,1
4468,R,600000,600000,2,25,1,374885,49190,1
4469,A,700000,700000,2,24,0,157161,90951,1
4470,R,600000,600000,2,26,1,87667,11308,1
4471,B,600000,600000,2,34,1,18861,4950,1
4472,R,500000,500000,3,28,0,77735,58410,1
4473,R,500000,500000,5,29,1,,54380,1
4474,R,400000,300000,7,51,1,79566,11574,1
4475,R,1000000,300000,6,23,1,15199,37710,1
4476,R,400000,400000,2,38,1,35855,10782,1
4477,R,700000,700000,2,34,0,4183,21969,1
4478,R,600000,600000,2,30,0,32186,34740,1
4479,A,1000000,1000000,2,35,1,60991,37620,1
4480,R,600000,600000,2,24,1,,8842,1
4481,R,600000,300000,6,22,1,46737,14407,1
4482,R,500000,500000,2,26,0,57881,22275,1
4483,A,1000000,1000000,2,32,1,71414,39576,1
4484,R,600000,600000,11,41,1,,69266,1
4485,R,700000,700000,2,32,1,147920,23292,1
4486,A,700000,700000,2,30,1,,58806,1
4487,R,400000,400000,3,32,0,27893,61244,1
4488,R,1000000,1000000,2,27,1,146312,33650,1
4489,R,1000000,1000000,2,29,1,134906,44406,1
4490,R,300000,300000,2,31,1,19932,12870,1
4491,R,500000,500000,2,26,1,15270,29655,1
4492,R,200000,200000,2,24,1,25155,25860,1
4493,R,700000,700000,2,35,1,53151,67410,1
4494,R,1000000,1000000,2,29,1,51072,13432,1
4495,R,700000,700000,2,33,1,19611,25830,1
4496,R,700000,700000,2,28,1,26758,3492,1
4497,R,1000000,1000000,2,50,0,169435,62485,1
4498,R,400000,400000,2,41,1,139911,43470,1
4499,R,600000,600000,2,29,1,12460,2664,1
4500,R,400000,400000,2,34,1,122520,15746,1
4501,R,1000000,1000000,2,31,1,3609,57753,1
4502,R,400000,400000,2,25,1,62178,77310,1
4503,R,200000,200000,5,25,1,3696,24147,1
4504,R,700000,700000,2,36,0,14593,74043,1
4505,R,500000,500000,5,33,1,71760,26028,1
4506,R,500000,500000,2,29,0,8415,129780,1
4507,R,300000,300000,2,30,1,43777,20408,1
4508,R,1000000,1000000,2,25,0,15153,6228,1
4509,R,1000000,1000000,3,32,1,62191,86795,1
4510,R,200000,200000,6,21,1,104241,22410,1
4511,B,400000,400000,2,26,1,56157,6098,1
4512,R,600000,600000,2,27,0,19855,58363,1
4513,R,600000,600000,2,33,1,0,33501,1
4514,R,400000,400000,13,45,0,,55530,1
4515,R,1000000,300000,2,44,1,48038,35640,1
4516,R,600000,600000,3,29,1,64235,15138,1
4517,R,300000,300000,2,26,1,56164,20527,1
4518,R,400000,400000,2,32,0,256810,67194,1
4519,R,500000,500000,2,34,0,17750,75330,1
4520,R,600000,600000,2,33,1,39438,32202,1
4521,R,500000,500000,2,24,1,109686,24048,1
4522,R,600000,600000,2,26,1,24679,5130,1
4523,R,500000,500000,2,25,1,51544,8910,1
4524,R,1000000,1000000,2,29,1,141047,8213,1
4525,R,200000,200000,2,24,0,98990,127800,1
4526,R,600000,600000,2,27,1,65742,16578,1
4527,R,1000000,1000000,2,43,1,133977,127008,1
4528,R,700000,700000,4,43,1,20900,8010,1
4529,R,500000,500000,2,27,1,32099,36720,1
4530,R,1000000,1000000,2,30,1,9640,58179,1
4531,R,600000,500000,2,26,1,30236,1530,1
4532,R,600000,600000,2,27,1,,18216,1
4533,R,600000,600000,2,24,1,14475,14327,1
4534,A,1000000,1000000,2,31,1,206386,65835,1
4535,A,500000,300000,6,21,1,40686,14016,1
4536,R,1000000,1000000,2,48,1,44415,39406,1
4537,R,300000,300000,7,36,1,21215,35820,1
4538,R,1000000,1000000,2,34,0,116640,31350,1
4539,A,600000,600000,2,25,1,21945,67017,1
4540,R,600000,600000,2,31,1,124964,10125,1
4541,R,600000,600000,2,28,1,33345,32760,1
4542,R,1000000,1000000,2,25,1,7171,43329,1
4543,R,700000,700000,2,25,1,6783,34056,1
4544,R,600000,600000,2,27,1,53354,33800,1
4545,R,600000,600000,2,30,1,75750,64089,1
4546,R,700000,300000,6,23,1,1000,57519,1
4547,R,1000000,300000,4,62,1,11322,2934,1
4548,R,600000,600000,2,24,1,205212,49931,1
4549,R,1000000,1000000,2,31,1,,17478,1
4550,R,1000000,1000000,2,30,1,,39690,1
4551,R,200000,200000,2,48,1,2826,49887,1
4552,R,700000,700000,2,33,1,1332,7892,1
4553,R,500000,500000,2,39,1,75126,18000,1
4554,R,700000,700000,1,51,1,178740,140300,1
4555,R,700000,700000,7,33,1,34833,42694,1
4556,R,600000,600000,2,28,1,17693,4743,1
4557,R,200000,200000,2,27,1,38834,1782,1
4558,B,600000,600000,2,31,1,145870,43281,1
4559,R,500000,500000,2,52,1,75672,28289,1
4560,R,1000000,1000000,2,30,1,146818,39393,1
4561,R,600000,300000,6,22,1,33863,7128,1
4562,R,600000,600000,2,35,0,245656,132660,1
4563,R,200000,200000,2,23,1,,23355,1
4564,R,700000,700000,2,25,1,28059,20817,1
4565,R,1000000,1000000,2,31,1,22052,4967,1
4566,R,600000,300000,11,27,1,76241,13847,1
4567,R,1000000,1000000,4,45,1,128565,22774,1
4568,R,1000000,1000000,2,29,1,893010,47304,1
4569,R,700000,700000,2,25,1,37072,23841,1
4570,R,700000,700000,2,25,1,,23841,1
4571,R,600000,600000,2,29,1,7472,18648,1
4572,R,700000,700000,2,29,1,14301,20988,1
4573,R,700000,700000,3,26,1,50759,30780,1
4574,R,600000,600000,2,30,1,51896,5787,1
4575,R,500000,500000,2,28,1,156904,2837,1
4576,R,600000,300000,6,21,1,70088,2961,1
4577,R,1000000,1000000,2,29,0,28968,145521,1
4578,R,400000,400000,2,26,1,8997,14850,1
4579,R,600000,600000,3,38,1,499876,130035,1
4580,R,600000,600000,2,26,1,237463,14076,1
4581,R,700000,700000,2,31,1,55080,29579,1
4582,R,400000,300000,6,26,1,90100,26847,1
4583,R,600000,300000,6,25,1,58780,30483,1
4584,R,700000,700000,2,28,1,102960,54225,1
4585,R,1000000,1000000,2,49,1,,73994,1
4586,R,1000000,1000000,2,36,0,16033,29790,1
4587,R,700000,700000,2,46,1,0,22707,1
4588,R,500000,300000,2,23,1,80650,19716,1
4589,R,700000,700000,2,55,1,33110,88200,1
4590,R,1000000,300000,13,45,1,7296,94140,1
4591,R,700000,700000,2,30,1,84050,11484,1
4592,A,200000,200000,6,21,1,297730,30673,1
4593,R,1000000,1000000,2,32,1,,1152,1
4594,R,500000,500000,2,26,1,187368,9677,1
4595,R,600000,600000,2,37,1,81746,20582,1
4596,R,600000,300000,6,23,1,44595,8901,1
4597,R,700000,300000,6,21,1,52285,18594,1
4598,R,600000,600000,2,28,1,39502,16247,1
4599,R,1000000,1000000,2,33,1,19256,34938,1
4600,R,1000000,1000000,2,27,1,,43560,1
4601,R,200000,200000,5,28,1,74694,18126,1
4602,R,700000,700000,2,26,0,27170,34127,1
4603,R,1000000,1000000,2,53,1,,48303,1
4604,R,500000,500000,3,24,1,,40253,1
4605,R,500000,300000,6,24,1,3781,26136,1
4606,R,200000,200000,2,27,1,33578,55724,1
4607,R,200000,200000,6,22,1,44069,3218,1
4608,R,500000,500000,2,28,1,79451,17415,1
4609,R,1000000,1000000,2,26,1,28424,31680,1
4610,A,400000,400000,7,40,0,37620,11880,1
4611,R,600000,600000,2,31,1,73342,112257,1
4612,R,700000,700000,2,33,1,32306,31999,1
4613,R,500000,500000,2,26,1,50449,1718,1
4614,R,200000,200000,13,31,1,16637,13379,1
4615,R,600000,600000,2,33,1,74292,46152,1
4616,R,500000,300000,6,21,1,4339,27900,1
4617,R,1000000,800000,2,24,1,30233,38533,1
4618,R,400000,300000,6,21,1,87769,32859,1
4619,R,500000,500000,2,32,1,234669,18524,1
4620,R,500000,500000,2,33,1,46019,10980,1
4621,R,1000000,1000000,2,33,1,137401,73433,1
4622,R,500000,500000,2,32,1,55371,31185,1
4623,R,200000,200000,6,22,0,159946,21158,1
4624,R,600000,600000,2,24,1,47591,35783,1
4625,R,1000000,1000000,5,54,0,33526,15345,1
4626,R,700000,700000,2,24,1,7496,5742,1
4627,R,300000,300000,2,24,1,55004,3951,1
4628,R,600000,600000,2,28,1,103457,62370,1
4629,R,200000,200000,6,22,1,98129,9059,1
4630,R,200000,200000,2,23,0,200603,24458,1
4631,R,700000,700000,2,27,1,172984,16825,1
4632,R,700000,700000,2,29,1,330,22320,1
4633,R,1000000,1000000,4,54,1,0,164628,1
4634,R,500000,500000,3,24,1,110028,52005,1
4635,R,600000,600000,2,28,1,188577,130014,1
4636,A,700000,700000,2,28,1,0,27567,1
4637,R,200000,200000,2,45,1,123357,18117,1
4638,R,700000,700000,2,37,0,2737,81774,1
4639,R,200000,200000,2,25,1,88866,59400,1
4640,R,1000000,1000000,2,33,1,4312,8117,1
4641,R,1000000,1000000,3,63,1,28804,28818,1
4642,A,600000,600000,2,27,1,290024,30888,1
4643,R,700000,300000,6,25,1,62645,44863,1
4644,R,700000,700000,2,27,0,240567,55530,1
4645,R,700000,700000,4,54,1,297396,165084,1
4646,R,600000,600000,2,25,1,34865,25226,1
4647,R,1000000,300000,7,63,1,19607,6527,1
4648,R,1000000,300000,4,57,1,49315,25490,1
4649,R,600000,600000,3,25,1,7330,29572,1
4650,R,700000,700000,2,34,1,53360,88864,1
4651,R,700000,700000,2,30,1,8688,64868,1
4652,R,1000000,1000000,2,60,1,13680,15336,1
4653,R,200000,200000,13,26,1,9181,29439,1
4654,R,700000,700000,2,30,1,75095,61866,1
4655,R,700000,700000,2,38,0,155940,120904,1
4656,R,500000,500000,10,27,1,0,37467,1
4657,R,1000000,300000,7,63,1,741140,45414,1
4658,R,1000000,300000,7,55,1,3474,14940,1
4659,R,300000,300000,6,22,1,52473,10386,1
4660,R,600000,600000,2,32,1,133275,41238,1
4661,R,600000,600000,2,33,1,105430,51570,1
4662,R,1000000,1000000,2,48,1,31693,16236,1
4663,R,700000,700000,2,29,0,129200,50580,1
4664,R,300000,300000,2,27,0,11187,16137,1
4665,R,500000,500000,2,25,1,19962,36087,1
4666,R,200000,200000,6,23,1,249343,2763,1
4667,R,700000,700000,3,26,1,9928,9296,1
4668,R,500000,500000,3,26,1,51195,23949,1
4669,R,1000000,1000000,2,51,1,34686,8870,1
4670,R,1000000,1000000,11,27,1,,4862,1
4671,R,1000000,400000,2,59,1,49627,7839,1
4672,R,1000000,1000000,3,53,1,1074,43139,1
4673,R,200000,200000,2,26,1,22770,27810,1
4674,R,200000,200000,2,26,1,,27810,1
4675,R,1000000,1000000,2,37,1,38292,53550,1
4676,R,700000,700000,2,29,0,,61875,1
4677,R,600000,300000,6,29,1,714689,78251,1
4678,R,1000000,900000,2,25,1,75160,9030,1
4679,R,600000,600000,2,24,1,,16623,1
4680,R,600000,600000,2,30,1,61342,74835,1
4681,R,700000,700000,2,25,1,32754,47907,1
4682,R,700000,700000,2,26,1,,58707,1
4683,R,600000,600000,2,27,1,,4554,1
4684,B,200000,200000,3,28,1,316627,14355,1
4685,R,700000,700000,10,25,1,20900,24813,1
4686,R,1000000,1000000,3,55,1,1910,66474,1
4687,R,1000000,1000000,2,35,1,19126,46404,1
4688,R,400000,300000,13,24,1,212016,13191,1
4689,A,700000,700000,3,29,1,25687,14850,1
4690,R,700000,700000,2,30,1,30260,15930,1
4691,R,1000000,1000000,4,44,1,1254,13010,1
4692,A,600000,600000,2,27,1,15316,30280,1
4693,R,600000,300000,6,22,1,87886,1782,1
4694,R,200000,200000,8,29,1,53219,4424,1
4695,R,1000000,1000000,2,51,0,88218,72360,1
4696,A,200000,200000,6,24,1,29095,8118,1
4697,R,700000,700000,2,43,1,46085,38750,1
4698,R,600000,600000,2,24,0,3352,11079,1
4699,R,1000000,1000000,2,30,1,50000,31008,1
4700,R,700000,700000,2,26,0,123500,100899,1
4701,R,500000,500000,5,30,1,126445,16920,1
4702,R,700000,700000,2,24,1,1416,17190,1
4703,A,200000,200000,6,20,1,177337,4554,1
4704,R,500000,500000,5,26,1,2242,65320,1
4705,R,600000,300000,7,45,1,2376,50625,1
4706,R,1000000,1000000,4,38,1,0,33498,1
4707,R,300000,300000,6,20,1,64288,36767,1
4708,R,600000,300000,6,22,0,90408,37030,1
4709,R,1000000,1000000,3,31,0,6000,45304,1
4710,R,200000,200000,6,20,1,9120,15840,1
4711,R,600000,600000,11,33,1,61244,16524,1
4712,R,600000,300000,8,70,1,11835,67410,1
4713,R,500000,300000,2,24,1,20064,1672,1
4714,R,200000,200000,6,22,1,25790,48701,1
4715,R,500000,500000,2,39,1,80546,34318,1
4716,R,700000,700000,2,37,1,10916,18860,1
4717,R,500000,500000,2,22,1,11638,1782,1
4718,R,500000,500000,2,30,1,197121,50947,1
4719,R,600000,600000,2,25,1,49537,11115,1
4720,R,200000,200000,2,26,1,33349,33201,1
4721,R,700000,700000,3,23,1,663054,10278,1
4722,R,600000,300000,4,38,1,60325,8518,1
4723,R,400000,300000,6,24,0,70580,19602,1
4724,R,600000,600000,2,32,1,183470,34731,1
4725,R,500000,500000,10,27,1,141885,59709,1
4726,R,600000,600000,5,36,1,54644,2708,1
4727,R,600000,600000,2,24,1,106030,37260,1
4728,A,1000000,1000000,1,48,0,24750,105075,1
4729,R,500000,300000,6,30,0,128477,55620,1
4730,R,700000,700000,2,30,1,3054,7614,1
4731,R,600000,300000,6,21,1,9408,13950,1
4732,R,400000,400000,11,29,1,30958,21274,1
4733,A,600000,600000,3,25,1,51757,48015,1
4734,R,700000,700000,2,25,1,34410,16920,1
4735,A,1000000,900000,2,24,1,85810,8483,1
4736,R,1000000,1000000,2,47,1,,13950,1
4737,R,500000,500000,2,24,1,251109,64902,1
4738,R,500000,500000,5,25,1,2071,5535,1
4739,R,600000,600000,2,37,1,52146,84988,1
4740,R,600000,600000,2,26,1,18504,0,1
4741,R,600000,600000,12,49,1,92049,13307,1
4742,R,700000,700000,5,52,1,39821,24028,1
4743,R,600000,600000,2,24,1,66933,4482,1
4744,R,400000,300000,8,78,1,57256,93744,1
4745,R,1000000,300000,4,51,1,21383,13005,1
4746,R,500000,500000,8,77,1,48319,9373,1
4747,R,600000,600000,3,29,0,176347,2523,1
4748,R,700000,700000,2,40,0,77666,55817,1
4749,R,1000000,1000000,7,59,1,29579,16716,1
4750,R,200000,200000,6,21,1,195622,37528,1
4751,B,200000,200000,6,20,1,50042,32298,1
4752,R,1000000,1000000,4,59,1,,28260,1
4753,R,200000,200000,3,26,0,144943,67113,1
4754,R,200000,200000,2,26,0,9498,29355,1
4755,R,700000,300000,6,23,0,5434,14725,1
4756,R,200000,200000,6,21,1,17876,17048,1
4757,R,200000,200000,6,22,0,55097,33544,1
4758,R,500000,300000,8,47,1,80332,8145,1
4759,R,700000,300000,4,46,1,42022,30844,1
4760,R,700000,300000,5,63,1,18246,29295,1
4761,B,400000,400000,3,54,1,303400,34894,1
4762,R,600000,600000,5,48,1,8423,58797,1
4763,R,700000,700000,2,33,1,27844,61338,1
4764,R,1000000,1000000,1,58,1,12519,65954,1
4765,R,500000,300000,7,54,1,96114,16971,1
4766,R,400000,300000,6,23,0,28568,137,1
4767,R,700000,700000,12,49,1,49401,17756,1
4768,R,200000,200000,6,20,0,94731,6291,1
4769,R,1000000,700000,2,30,1,86993,21415,1
4770,R,200000,200000,6,20,1,14783,9686,1
4771,R,700000,700000,2,24,1,39559,9864,1
4772,B,400000,400000,2,25,0,26960,9599,1
4773,R,1000000,1000000,3,30,1,55750,15770,1
4774,R,200000,200000,2,59,1,168043,81864,1
4775,R,500000,300000,6,21,1,28324,25703,1
4776,R,600000,500000,2,24,1,92738,26460,1
4777,A,600000,600000,3,29,0,172861,50004,1
4778,R,1000000,1000000,2,44,0,43939,23388,1
4779,R,1000000,1000000,2,30,1,253323,118591,1
4780,R,700000,700000,4,66,1,5941,180000,1
4781,A,1000000,1000000,2,25,1,1881,60291,1
4782,R,700000,700000,2,55,0,4495,34740,1
4783,R,1000000,300000,7,32,1,,86517,1
4784,R,200000,200000,7,46,1,9470,25907,1
4785,R,1000000,1000000,2,35,1,105290,13959,1
4786,R,700000,700000,2,34,1,85131,31909,1
4787,R,500000,500000,2,45,1,65902,78079,1
4788,R,500000,500000,2,26,1,153501,5260,1
4789,R,1000000,1000000,3,43,0,182780,61389,1
4790,R,500000,500000,2,28,1,10476,47067,1
4791,R,1000000,1000000,1,53,1,93632,109475,1
4792,R,1000000,300000,2,53,1,65918,64327,1
4793,R,200000,200000,6,21,1,23001,5931,1
4794,R,1000000,1000000,3,51,1,88646,72710,1
4795,R,500000,500000,2,27,1,63794,19737,1
4796,R,500000,500000,13,50,1,235387,5973,1
4797,R,200000,200000,6,20,1,150215,12165,1
4798,R,200000,200000,6,20,1,77999,40795,1
4799,R,500000,500000,2,25,1,29472,18560,1
4800,R,400000,400000,5,27,1,22601,38872,1
4801,R,700000,700000,2,55,1,67219,48633,1
4802,R,700000,700000,3,26,1,0,9315,1
4803,R,1000000,1000000,4,55,1,116910,23530,1
4804,R,500000,300000,6,22,1,47003,23706,1
4805,B,200000,200000,2,24,0,13359,71413,1
4806,R,400000,400000,2,26,1,145979,45338,1
4807,R,1000000,1000000,2,75,1,14129,12740,1
4808,R,1000000,1000000,2,41,0,26303,3326,1
4809,R,700000,700000,2,53,1,55028,81180,1
4810,R,1000000,1000000,3,58,0,92565,70083,1
4811,R,500000,500000,2,38,0,50142,11486,1
4812,R,600000,300000,6,22,1,32665,31741,1
4813,R,1000000,1000000,2,42,1,22842,23772,1
4814,R,700000,700000,2,24,1,11800,49531,1
4815,R,1000000,1000000,12,47,1,29141,11056,1
4816,A,1000000,1000000,2,37,1,15048,12672,1
4817,R,600000,600000,7,53,1,16125,13889,1
4818,R,1000000,1000000,4,39,1,4133,17444,1
4819,R,200000,200000,6,20,1,89692,7289,1
4820,R,200000,200000,6,20,1,,7289,1
4821,R,1000000,1000000,2,62,1,3497,1663,1
4822,R,1000000,1000000,4,55,1,17609,86269,1
4823,A,700000,700000,2,42,1,0,10915,1
4824,R,200000,200000,6,20,1,,23656,1
4825,R,200000,200000,2,21,1,10831,19443,1
4826,R,500000,500000,2,25,1,150195,56817,1
4827,R,200000,200000,7,24,1,2841,32218,1
4828,B,400000,400000,2,25,1,47125,7962,1
4829,R,700000,700000,2,41,0,82841,54450,1
4830,R,400000,400000,2,25,1,54082,542,1
4831,R,700000,700000,3,25,1,20378,78489,1
4832,R,600000,600000,2,25,1,143691,43110,1
4833,R,200000,200000,3,45,1,81239,37917,1
4834,R,700000,700000,1,53,0,543925,188100,1
4835,R,200000,200000,5,29,1,92563,38665,1
4836,R,200000,200000,2,36,1,42566,44556,1
4837,R,1000000,500000,7,56,1,2313,13428,1
4838,R,700000,700000,3,26,1,55004,41727,1
4839,R,600000,600000,2,48,1,0,19897,1
4840,R,1000000,300000,7,63,1,47658,49911,1
4841,R,700000,700000,2,52,1,20786,45403,1
4842,R,1000000,300000,4,48,1,0,180000,1
4843,R,500000,500000,2,27,1,116117,48623,1
4844,R,600000,500000,12,52,1,20641,6083,1
4845,R,500000,500000,2,30,1,56261,7097,1
4846,R,600000,600000,5,58,0,,138600,1
4847,R,1000000,1000000,4,50,1,0,34200,1
4848,R,600000,600000,2,61,1,905,33660,1
4849,A,200000,200000,6,21,1,108444,2376,1
4850,R,200000,200000,6,22,1,162733,34452,1
4851,R,700000,700000,2,60,0,86250,39870,1
4852,R,500000,300000,2,28,1,78534,28422,1
4853,R,300000,300000,2,24,1,19437,14031,1
4854,R,200000,200000,6,20,0,167079,14809,1
4855,B,200000,200000,1,51,1,250492,47223,1
4856,R,600000,600000,2,62,0,63119,36518,1
4857,R,1000000,700000,2,24,1,76791,11242,1
4858,R,400000,400000,2,34,0,143594,8019,1
4859,R,1000000,900000,10,28,1,16554,18614,1
4860,R,500000,500000,2,32,1,205786,14259,1
4861,A,700000,700000,2,28,1,,93152,1
4862,R,200000,200000,6,21,1,336167,17160,1
4863,R,600000,400000,2,26,1,55668,8573,1
4864,R,400000,300000,6,23,1,62225,13860,1
4865,R,1000000,1000000,3,40,1,5267,89039,1
4866,R,600000,600000,7,59,1,74623,45779,1
4867,R,1000000,1000000,7,51,1,26550,46530,1
4868,R,700000,700000,4,58,1,80863,16485,1
4869,R,1000000,1000000,4,54,1,47550,21853,1
4870,R,600000,600000,1,47,1,686496,120932,1
4871,R,1000000,500000,2,26,1,15725,18858,1
4872,R,1000000,300000,7,58,1,,931,1
4873,R,1000000,300000,6,22,1,41778,2367,1
4874,R,600000,300000,6,23,1,26757,11466,1
4875,A,200000,200000,6,20,1,148165,15913,1
4876,A,200000,200000,7,47,0,59353,66375,1
4877,R,400000,400000,6,21,1,62700,41971,1
4878,R,600000,600000,1,53,0,0,134640,1
4879,R,600000,600000,7,37,0,6004,22473,1
4880,R,600000,600000,2,52,0,178743,93341,1
4881,R,1000000,300000,7,55,1,3577,13392,1
4882,R,500000,500000,2,25,1,85460,14841,1
4883,R,400000,400000,4,41,1,,25510,1
4884,R,1000000,300000,7,63,1,16942,15058,1
4885,B,1000000,300000,7,46,1,34715,15616,1
4886,R,1000000,1000000,3,25,1,34529,7695,1
4887,R,700000,700000,2,26,1,31744,30306,1
4888,A,400000,300000,11,39,1,19886,15840,1
4889,R,1000000,1000000,4,79,1,69861,26820,1
4890,R,200000,200000,6,22,1,37567,5320,1
4891,R,200000,200000,2,21,1,126312,12564,1
4892,R,1000000,1000000,8,67,1,71085,14832,1
4893,R,500000,500000,2,46,1,4400,19212,1
4894,R,200000,200000,2,25,1,291613,39368,1
4895,A,500000,400000,2,50,1,203605,48213,1
4896,R,1000000,300000,7,61,1,44306,82119,1
4897,R,200000,200000,6,20,0,19255,9900,1
4898,R,200000,200000,6,21,1,54103,21442,1
4899,R,600000,600000,2,37,0,134654,2691,1
4900,B,200000,200000,7,36,1,89411,19772,1
4901,A,1000000,1000000,2,34,1,43470,72574,1
4902,R,1000000,1000000,2,28,1,0,29790,1
4903,R,1000000,1000000,2,32,1,62554,122121,1
4904,R,600000,600000,2,30,1,69901,20520,1
4905,B,200000,200000,12,22,0,171218,15454,1
4906,R,600000,600000,3,24,1,50823,24183,1
4907,R,700000,700000,2,34,0,81768,6373,1
4908,R,300000,300000,2,29,1,152260,6240,1
4909,A,200000,200000,6,22,1,57805,14463,1
4910,R,1000000,300000,4,64,1,2147,65934,1
4911,R,500000,500000,4,57,1,76651,34741,1
4912,R,1000000,1000000,4,38,1,2858,5918,1
4913,R,500000,400000,2,22,1,69746,59488,1
4914,A,700000,700000,2,58,1,124008,18598,1
4915,R,500000,300000,6,21,1,151091,10530,1
4916,B,200000,200000,8,82,1,60024,13816,1
4917,R,700000,300000,7,59,1,136086,14912,1
4918,R,1000000,1000000,1,71,0,25996,2993,1
4919,R,600000,600000,2,24,1,54267,24048,1
4920,R,200000,200000,6,21,1,12419,54764,1
4921,A,500000,300000,7,58,1,270078,3692,1
4922,R,700000,700000,2,24,1,6078,31717,1
4923,R,400000,300000,7,43,1,61493,102002,1
4924,R,400000,300000,6,22,1,14820,12069,1
4925,R,700000,700000,8,87,1,12101,1358,1
4926,R,500000,500000,2,24,1,9023,25993,1
4927,B,500000,300000,6,22,0,71496,25740,1
4928,R,700000,700000,2,24,1,256639,18990,1
4929,R,600000,600000,2,24,1,37041,8622,1
4930,R,1000000,1000000,2,44,1,5682,27972,1
4931,R,200000,200000,6,20,0,21451,27303,1
4932,A,700000,700000,4,57,1,35971,10791,1
4933,A,700000,700000,4,57,1,,10791,1
4934,R,200000,200000,2,24,1,42846,52037,1
4935,A,1000000,1000000,2,46,0,21516,23959,1
4936,R,400000,300000,6,19,1,182859,48996,1
4937,R,1000000,1000000,4,54,1,235862,21870,1
4938,R,700000,700000,2,36,1,105142,23474,1
4939,R,700000,700000,2,25,1,194016,27045,1
4940,R,500000,500000,2,29,1,64946,21870,1
4941,R,600000,600000,2,24,1,50963,5966,1
4942,R,1000000,300000,2,51,1,94500,3821,1
4943,R,1000000,500000,2,55,1,23902,16452,1
4944,A,400000,400000,3,23,1,107586,31301,1
4945,R,600000,600000,4,32,1,221641,34726,1
4946,R,200000,200000,6,22,0,197771,49014,1
4947,R,200000,200000,6,21,1,21053,8802,1
4948,R,600000,600000,2,24,1,122923,10782,1
4949,R,700000,700000,2,51,1,174093,53572,1
4950,R,1000000,1000000,2,30,1,,9198,1
4951,R,1000000,1000000,2,27,1,34145,17556,1
4952,R,400000,300000,7,51,1,34954,18985,1
4953,R,1000000,1000000,2,47,1,0,28949,1
4954,R,700000,700000,2,28,1,25194,30008,1
4955,R,500000,500000,2,24,1,151613,20692,1
4956,R,500000,500000,3,24,1,119612,55934,1
4957,R,600000,500000,2,24,1,66465,20560,1
4958,R,200000,200000,6,21,1,26857,28503,1
4959,R,500000,500000,7,70,1,154153,13378,1
4960,R,300000,300000,3,30,1,276960,28473,1
4961,R,300000,300000,2,23,0,3923,18900,1
4962,A,300000,300000,6,20,1,,19530,1
4963,R,1000000,1000000,2,26,1,6318,174695,1
4964,R,600000,300000,6,23,0,,15732,1
4965,R,600000,600000,2,30,1,4666,29048,1
4966,R,200000,200000,8,81,1,117291,33969,1
4967,R,600000,600000,4,27,1,32586,10347,1
4968,R,700000,700000,4,42,1,204811,82868,1
4969,R,600000,600000,2,41,1,,34641,1
4970,R,600000,600000,3,25,1,120059,25376,1
4971,R,700000,300000,4,67,1,,160875,1
4972,R,700000,700000,2,54,1,53428,29790,1
4973,R,500000,300000,7,59,1,29084,26118,1
4974,R,200000,200000,6,20,1,135308,33205,1
4975,R,1000000,1000000,2,39,1,28206,7246,1
4976,R,600000,600000,4,38,1,1305,15840,1
4977,R,1000000,1000000,4,45,1,22010,19659,1
4978,R,200000,200000,5,24,1,25636,925,1
4979,R,400000,300000,6,21,0,49294,49622,1
4980,R,500000,500000,2,23,1,21168,24298,1
4981,R,1000000,1000000,2,29,0,36590,19208,1
4982,R,1000000,1000000,5,39,1,,42471,1
4983,R,700000,300000,7,50,1,1606,41400,1
4984,R,600000,600000,3,24,1,66369,51124,1
4985,R,500000,500000,2,44,1,76739,27591,1
4986,R,600000,600000,2,31,1,90248,21870,1
4987,B,200000,200000,6,27,1,146600,58266,1
4988,R,1000000,300000,7,36,1,6303,23947,1
4989,R,700000,300000,2,28,1,44858,13442,1
4990,A,500000,300000,6,20,1,19714,11880,1
4991,R,500000,500000,2,48,1,30368,16920,1
4992,R,200000,200000,6,19,0,56859,28800,1
4993,R,600000,600000,2,24,1,43007,24825,1
4994,R,1000000,1000000,4,49,1,192706,29691,1
4995,R,600000,300000,6,22,1,127069,7020,1
4996,R,600000,300000,6,23,0,43235,51889,1
4997,R,600000,600000,7,69,1,17803,6479,1
4998,R,700000,700000,4,58,1,125773,2059,1
4999,R,200000,200000,6,20,0,28136,4767,1
5000,R,500000,300000,11,63,1,16226,91368,1
5001,R,500000,500000,2,27,1,27589,59946,1
5002,R,600000,600000,2,24,1,17181,12573,1
5003,R,200000,200000,6,20,1,,14850,1
5004,R,200000,200000,12,44,1,58922,9774,1
5005,R,700000,300000,2,23,1,93804,33948,1
5006,R,300000,300000,2,27,1,61277,46145,1
5007,R,600000,600000,2,27,1,90029,0,1
5008,R,200000,200000,6,20,1,58104,22167,1
5009,R,1000000,1000000,2,25,1,47692,20691,1
5010,R,1000000,1000000,2,32,1,102491,15870,1
5011,R,200000,200000,2,24,1,60223,33269,1
5012,R,600000,600000,3,26,1,113468,30758,1
5013,R,700000,700000,2,52,0,41112,27000,1
5014,R,500000,500000,2,56,1,45253,12789,1
5015,R,500000,500000,2,26,1,12511,22597,1
5016,B,700000,700000,2,25,1,139975,68742,1
5017,R,500000,500000,2,27,1,27996,9375,1
5018,R,600000,600000,2,26,1,97371,31527,1
5019,R,300000,300000,6,21,1,12690,12960,1
5020,R,300000,300000,6,22,1,51306,40293,1
5021,R,600000,300000,6,24,1,26773,9901,1
5022,R,700000,700000,2,30,0,13996,14315,1
5023,R,600000,600000,2,28,1,48299,15660,1
5024,R,500000,500000,3,24,1,52049,9525,1
5025,R,1000000,1000000,2,25,1,58057,14940,1
5026,R,1000000,1000000,2,59,0,67269,24913,1
5027,R,1000000,1000000,2,54,0,34190,27360,1
5028,B,400000,400000,2,22,1,71101,9887,1
5029,R,700000,700000,2,29,0,201130,53862,1
5030,R,1000000,1000000,3,56,1,48342,33694,1
5031,R,600000,600000,3,30,0,411782,1530,1
5032,R,700000,300000,6,22,1,18332,10355,1
5033,R,600000,600000,2,37,1,56168,47805,1
5034,R,200000,200000,6,19,0,80000,43002,1
5035,R,1000000,1000000,2,32,1,74292,37049,1
5036,R,1000000,1000000,2,35,1,125942,14049,1
5037,R,400000,400000,2,61,1,28221,3401,1
5038,R,500000,300000,2,31,1,491771,126027,1
5039,R,500000,500000,7,48,1,71552,35691,1
5040,R,700000,300000,7,48,1,42226,20012,1
5041,R,500000,500000,3,25,1,35731,57233,1
5042,R,700000,300000,6,30,1,7995,14026,1
5043,A,200000,200000,2,24,1,49147,15345,1
5044,R,700000,700000,2,23,1,142880,33952,1
5045,R,1000000,1000000,2,42,1,170866,31248,1
5046,R,700000,700000,2,28,1,83569,28399,1
5047,R,300000,300000,6,20,1,86031,16920,1
5048,R,1000000,1000000,3,46,1,,180000,1
5049,R,200000,200000,6,20,1,73702,32335,1
5050,R,1000000,1000000,5,71,1,38546,2240,1
5051,R,600000,600000,2,30,1,32891,14290,1
5052,R,600000,600000,2,31,0,174398,5342,1
5053,R,1000000,300000,4,42,1,2070,3609,1
5054,R,600000,400000,2,26,1,90478,9891,1
5055,A,600000,600000,2,27,0,109537,53658,1
5056,R,1000000,300000,7,49,1,96361,43798,1
5057,R,1000000,1000000,3,63,1,34747,12733,1
5058,A,1000000,1000000,3,48,1,75143,14890,1
5059,R,500000,500000,4,42,1,13978,53955,1
5060,R,1000000,900000,2,29,1,214907,27621,1
5061,A,1000000,1000000,10,66,1,293142,46803,1
5062,R,400000,400000,2,23,1,5643,26250,1
5063,R,700000,300000,7,55,1,28376,7892,1
5064,R,300000,300000,7,54,1,40136,4095,1
5065,B,1000000,1000000,4,52,1,11831,21306,1
5066,R,700000,700000,3,36,1,99363,12706,1
5067,R,500000,500000,12,56,1,,17820,1
5068,R,500000,300000,7,46,1,72131,31694,1
5069,R,1000000,300000,7,50,1,311511,10995,1
5070,R,1000000,1000000,2,35,0,65980,91055,1
5071,R,400000,300000,6,20,1,40072,18742,1
5072,R,400000,300000,6,21,1,37373,39485,1
5073,R,1000000,1000000,2,25,1,,17532,1
5074,R,1000000,1000000,2,46,0,196460,186822,1
5075,R,1000000,700000,2,53,1,30715,6822,1
5076,R,200000,200000,6,20,1,66467,6462,1
5077,R,700000,700000,12,31,1,177408,26453,1
5078,R,700000,700000,1,48,1,1105,29169,1
5079,R,1000000,1000000,3,43,0,1891,174,1
5080,A,200000,200000,6,21,1,0,37213,1
5081,R,1000000,1000000,2,53,0,5225,30222,1
5082,R,700000,700000,3,28,0,22350,37521,1
5083,R,1000000,1000000,4,53,1,25500,10989,1
5084,R,400000,400000,3,24,1,108964,40086,1
5085,A,600000,600000,2,25,0,96955,47025,1
5086,R,200000,200000,6,20,0,10338,15732,1
5087,A,700000,300000,3,25,1,0,36568,1
5088,R,700000,700000,2,24,1,16213,21474,1
5089,R,500000,500000,2,25,0,17025,20732,1
5090,R,600000,600000,2,61,1,3810,13039,1
5091,A,600000,300000,7,52,1,19699,38700,1
5092,R,700000,700000,8,83,0,18457,5142,1
5093,R,400000,400000,2,24,0,33849,28800,1
5094,R,200000,200000,5,26,1,87609,30998,1
5095,A,200000,200000,2,38,1,183753,10161,1
5096,R,700000,700000,4,50,1,34756,34129,1
5097,R,600000,300000,2,23,1,24434,10080,1
5098,R,700000,700000,2,25,1,309565,14841,1
5099,R,700000,700000,2,27,1,124528,33790,1
5100,R,200000,200000,3,23,1,10791,23652,1
5101,R,600000,600000,2,24,0,29260,20583,1
5102,R,400000,300000,6,22,1,5506,11430,1
5103,R,700000,700000,2,35,0,0,31462,1
5104,A,1000000,1000000,2,57,1,40401,7007,1
5105,R,600000,600000,2,29,1,0,21870,1
5106,R,500000,500000,2,24,1,28710,30780,1
5107,R,1000000,1000000,2,30,1,111768,32742,1
5108,R,200000,200000,6,20,1,136844,12771,1
5109,R,500000,500000,2,22,1,33725,2524,1
5110,R,200000,200000,6,23,1,66331,28334,1
5111,R,1000000,300000,7,47,1,4382,8334,1
5112,R,1000000,1000000,2,47,0,46035,46035,1
5113,R,1000000,1000000,5,71,0,12869,99446,1
5114,R,1000000,1000000,2,49,0,48315,28534,1
5115,R,1000000,300000,7,65,1,85170,2529,1
5116,A,700000,700000,4,49,1,126160,46571,1
5117,A,200000,200000,2,60,1,13701,18900,1
5118,R,700000,700000,2,24,1,179793,105569,1
5119,R,600000,300000,7,49,1,5691,19890,1
5120,A,1000000,1000000,2,40,1,157258,53460,1
5121,R,1000000,900000,3,28,1,13063,3303,1
5122,R,1000000,300000,7,31,1,56013,15988,1
5123,R,600000,600000,2,47,1,39422,32760,1
5124,R,700000,700000,2,25,1,47474,72014,1
5125,R,1000000,300000,7,59,1,13468,38132,1
5126,R,1000000,700000,2,25,1,50527,13365,1
5127,R,200000,200000,6,21,1,76294,50769,1
5128,R,700000,700000,3,29,1,21601,15164,1
5129,R,1000000,1000000,2,27,1,0,5580,1
5130,R,500000,500000,2,48,1,259513,14423,1
5131,R,700000,700000,3,35,1,122825,10488,1
5132,R,200000,200000,6,20,1,89757,11916,1
5133,R,500000,500000,2,29,1,34865,11649,1
5134,R,1000000,1000000,2,26,1,174250,40991,1
5135,R,1000000,1000000,4,53,1,143760,15406,1
5136,R,600000,600000,6,35,1,808,53595,1
5137,R,1000000,900000,12,52,1,12660,6732,1
5138,R,1000000,1000000,7,51,1,8651,15116,1
5139,R,700000,700000,2,25,0,143516,15840,1
5140,R,200000,200000,2,39,0,119086,6738,1
5141,A,600000,600000,2,36,1,84024,40910,1
5142,R,1000000,300000,4,52,1,84058,28710,1
5143,R,500000,300000,7,35,1,30267,52560,1
5144,R,700000,700000,2,33,1,41674,179151,1
5145,B,700000,700000,5,54,1,54340,64350,1
5146,R,500000,500000,2,25,1,62721,38301,1
5147,A,200000,200000,6,20,1,53596,0,1
5148,R,400000,400000,7,55,1,121875,26206,1
5149,R,1000000,300000,7,59,1,20419,27239,1
5150,R,500000,500000,2,25,1,54266,14256,1
5151,R,600000,600000,2,26,1,28239,12168,1
5152,R,700000,300000,7,49,1,5500,7335,1
5153,R,200000,200000,2,26,1,47223,6128,1
5154,A,1000000,300000,7,59,1,3861,8663,1
5155,R,600000,600000,2,26,1,9557,2850,1
5156,R,500000,500000,2,43,0,2484,31860,1
5157,R,1000000,1000000,7,51,1,0,49095,1
5158,R,700000,700000,2,61,1,15675,161262,1
5159,R,700000,700000,2,27,1,45034,38186,1
5160,R,300000,300000,2,21,1,113279,21573,1
5161,R,700000,700000,2,25,1,61037,35419,1
5162,A,500000,300000,6,23,1,36617,21930,1
5163,R,700000,700000,2,31,1,47540,40866,1
5164,R,600000,600000,2,23,1,225444,18071,1
5165,R,200000,200000,2,26,1,148373,52115,1
5166,R,1000000,300000,8,75,1,21070,41938,1
5167,R,200000,200000,6,20,1,37601,40328,1
5168,B,200000,200000,6,22,1,124380,26831,1
5169,R,1000000,1000000,5,57,0,18356,16203,1
5170,R,1000000,1000000,2,61,1,78523,25416,1
5171,R,600000,600000,2,25,1,111623,77172,1
5172,R,200000,200000,6,24,1,40829,10308,1
5173,R,400000,400000,2,26,0,83820,61470,1
5174,R,500000,500000,2,26,1,20259,14940,1
5175,R,600000,600000,2,26,0,40920,32595,1
5176,R,200000,200000,2,21,1,243366,36155,1
5177,R,1000000,1000000,2,30,1,87761,17597,1
5178,R,200000,200000,6,21,1,68908,31587,1
5179,R,200000,200000,6,21,1,21905,32557,1
5180,R,500000,300000,7,23,1,77351,13657,1
5181,R,600000,600000,2,39,1,77674,8114,1
5182,R,200000,200000,6,20,0,21905,51026,1
5183,R,300000,300000,8,78,1,6054,7971,1
5184,R,500000,300000,7,60,1,13236,178200,1
5185,R,1000000,1000000,4,56,1,312605,66177,1
5186,R,1000000,1000000,4,39,1,10392,4162,1
5187,B,1000000,1000000,4,60,1,88741,23889,1
5188,R,500000,300000,1,52,1,,21356,1
5189,R,1000000,1000000,2,29,1,26730,8991,1
5190,R,1000000,1000000,2,43,0,,52560,1
5191,R,200000,200000,5,38,1,245461,23425,1
5192,R,400000,400000,2,28,1,1161,8885,1
5193,R,700000,700000,4,43,1,64945,15685,1
5194,R,700000,700000,3,27,1,,39042,1
5195,R,200000,200000,6,20,1,65041,24622,1
5196,R,500000,300000,4,77,1,27665,8901,1
5197,R,700000,700000,4,43,1,384804,6723,1
5198,R,200000,200000,8,84,1,46974,9056,1
5199,R,600000,600000,2,21,1,230052,6930,1
5200,R,1000000,1000000,2,54,0,17536,13547,1
5201,R,600000,600000,2,26,1,57786,17892,1
5202,R,400000,300000,7,57,1,337964,83991,1
5203,R,600000,600000,4,55,1,9000,43324,1
5204,R,1000000,300000,2,24,1,52315,17577,1
5205,R,1000000,300000,7,58,1,18881,5220,1
5206,R,1000000,1000000,7,67,1,9024,2586,1
5207,R,500000,500000,2,22,1,20532,10980,1
5208,R,1000000,300000,7,59,1,18883,0,1
5209,R,500000,300000,6,22,1,84221,20953,1
5210,R,700000,700000,2,57,0,19661,5877,1
5211,R,200000,200000,2,52,1,44358,38079,1
5212,R,700000,300000,7,53,1,41843,33408,1
5213,R,600000,300000,7,47,1,226984,86356,1
5214,R,200000,200000,5,23,0,251319,16815,1
5215,R,600000,600000,1,28,1,366580,15246,1
5216,R,600000,600000,2,24,1,3457,13950,1
5217,R,400000,300000,6,21,1,66642,8010,1
5218,B,500000,450000,2,25,1,350202,36283,1
5219,R,1000000,1000000,2,35,0,130948,25209,1
5220,R,1000000,1000000,3,29,1,102274,15737,1
5221,R,600000,500000,2,27,1,190335,36735,1
5222,R,1000000,1000000,2,26,1,5770,34047,1
5223,R,1000000,1000000,2,30,1,22738,3344,1
5224,R,1000000,1000000,2,45,1,9280,26846,1
5225,R,1000000,300000,5,66,1,15727,24480,1
5226,B,600000,600000,2,24,1,51906,51475,1
5227,R,400000,300000,6,22,1,29995,36124,1
5228,R,700000,700000,2,63,1,50895,68481,1
5229,A,500000,300000,4,56,1,560,834,1
5230,R,600000,400000,2,39,1,130181,8361,1
5231,R,1000000,300000,7,53,1,0,23823,1
5232,R,500000,500000,12,26,1,21336,1881,1
5233,B,600000,600000,3,25,1,37163,28265,1
5234,R,400000,400000,2,37,0,467140,9792,1
5235,R,1000000,300000,7,44,1,24276,180000,1
5236,R,700000,700000,2,25,1,4851,46373,1
5237,R,1000000,1000000,2,49,1,1160,28989,1
5238,R,600000,600000,2,27,1,98977,45995,1
5239,R,600000,600000,2,24,1,28681,25135,1
5240,R,500000,500000,2,29,0,45978,24933,1
5241,R,600000,600000,2,25,1,136152,49515,1
5242,R,200000,200000,2,25,1,,41601,1
5243,R,700000,300000,6,23,1,0,18315,1
5244,R,600000,600000,2,25,1,19980,22981,1
5245,B,600000,300000,8,78,1,24153,6466,1
5246,B,700000,700000,2,41,1,,104940,1
5247,R,1000000,1000000,2,50,0,1361,22095,1
5248,R,600000,300000,4,51,1,30792,1515,1
5249,R,500000,500000,3,27,1,,10602,1
5250,R,600000,600000,2,25,1,22577,12636,1
5251,A,200000,200000,6,19,1,227426,62741,1
5252,R,400000,400000,2,26,1,23534,7070,1
5253,R,200000,200000,6,22,1,45442,27855,1
5254,R,1000000,1000000,2,29,1,6970,2625,1
5255,R,400000,300000,6,22,1,22156,11673,1
5256,A,700000,700000,2,34,0,56839,68805,1
5257,R,400000,400000,3,24,1,51407,42895,1
5258,R,1000000,1000000,2,32,0,43315,14355,1
5259,R,1000000,1000000,2,30,1,18119,49761,1
5260,R,1000000,1000000,2,26,1,400468,20435,1
5261,R,600000,600000,2,50,1,325185,15447,1
5262,R,1000000,1000000,2,36,1,69179,1462,1
5263,R,500000,500000,2,25,1,6622,41842,1
5264,R,1000000,1000000,3,28,1,,50571,1
5265,R,700000,700000,3,34,1,16154,16163,1
5266,R,200000,200000,6,20,1,36064,7226,1
5267,R,500000,500000,2,27,1,0,16087,1
5268,R,600000,600000,2,57,0,0,33750,1
5269,R,1000000,1000000,2,55,1,144835,159525,1
5270,R,700000,700000,1,54,1,162869,31578,1
5271,R,600000,600000,2,27,1,134066,6030,1
5272,A,200000,200000,6,22,1,32746,28968,1
5273,A,300000,300000,6,21,1,40403,50193,1
5274,R,200000,200000,6,21,1,231711,14445,1
5275,R,600000,600000,5,34,1,40767,29851,1
5276,R,700000,700000,2,27,1,29635,5337,1
5277,R,700000,700000,2,24,1,45099,19643,1
5278,R,700000,700000,2,23,1,109877,19403,1
5279,R,1000000,1000000,2,32,1,142412,2943,1
5280,R,200000,200000,6,21,0,10715,6712,1
5281,R,600000,600000,2,26,1,,7913,1
5282,R,200000,200000,6,22,1,15864,13356,1
5283,R,700000,300000,7,45,1,,180000,1
5284,R,600000,600000,4,53,1,24750,9873,1
5285,R,1000000,1000000,2,55,0,130715,88458,1
5286,R,600000,300000,6,24,1,70834,60348,1
5287,A,600000,300000,2,25,1,117434,4482,1
5288,R,700000,600000,2,26,1,30053,22349,1
5289,R,200000,200000,6,22,1,43789,25872,1
5290,R,500000,300000,6,23,1,68796,5610,1
5291,R,700000,700000,2,24,0,13984,13059,1
5292,R,1000000,700000,7,43,1,35037,3912,1
5293,R,700000,700000,2,30,0,39388,51570,1
5294,R,600000,600000,2,26,1,52075,66798,1
5295,R,600000,300000,6,24,1,24928,5445,1
5296,R,500000,500000,2,23,1,94143,21071,1
5297,R,1000000,1000000,4,75,1,8712,8109,1
5298,R,400000,400000,2,30,0,17105,2673,1
5299,R,200000,200000,3,22,1,67062,54426,1
5300,R,600000,600000,2,26,1,72283,82170,1
5301,R,600000,300000,7,35,1,3007,7366,1
5302,R,500000,500000,4,54,1,84747,24268,1
5303,R,1000000,1000000,1,60,1,8406,24255,1
5304,R,600000,300000,6,23,1,1400,26954,1
5305,R,200000,200000,6,22,1,102729,2178,1
5306,R,500000,500000,2,24,1,71145,34734,1
5307,R,1000000,300000,7,64,1,164185,14857,1
5308,R,1000000,1000000,2,49,1,24229,46818,1
5309,R,600000,300000,4,56,1,51833,44271,1
5310,R,400000,300000,2,58,1,14055,4731,1
5311,R,700000,300000,8,71,1,70940,10201,1
5312,R,700000,700000,2,47,1,0,16392,1
5313,R,200000,200000,2,24,0,42421,20209,1
5314,R,700000,700000,2,30,1,10395,17721,1
5315,A,500000,300000,2,51,1,24887,38843,1
5316,R,1000000,1000000,4,52,1,222861,10505,1
5317,R,1000000,1000000,2,30,1,10000,5284,1
5318,R,600000,600000,4,80,1,2409,389,1
5319,R,700000,300000,7,51,1,,11862,1
5320,R,1000000,1000000,2,38,1,77330,70380,1
5321,R,600000,600000,2,24,1,55382,62843,1
5322,R,700000,700000,4,42,1,6165,22524,1
5323,R,1000000,1000000,2,45,0,7264,6664,1
5324,R,500000,500000,2,45,1,89937,18939,1
5325,R,500000,500000,2,24,1,143831,6237,1
5326,R,700000,300000,8,73,1,31028,18661,1
5327,B,200000,200000,6,22,1,4320,12870,1
5328,R,200000,200000,2,23,1,21393,9495,1
5329,R,500000,500000,10,23,1,61612,15067,1
5330,R,600000,600000,2,23,1,47387,20682,1
5331,R,400000,400000,5,30,1,108331,19177,1
5332,R,1000000,1000000,5,63,1,2299,28344,1
5333,R,1000000,300000,4,59,1,63213,38205,1
5334,R,500000,500000,2,23,0,4240,24390,1
5335,R,200000,200000,6,20,1,58153,30357,1
5336,R,400000,300000,7,26,1,19760,50918,1
5337,R,700000,700000,2,29,1,95686,32205,1
5338,R,500000,500000,2,25,0,125770,7449,1
5339,R,400000,300000,6,22,1,35127,9369,1
5340,R,500000,300000,6,22,1,14104,5120,1
5341,R,600000,600000,2,28,1,25595,126018,1
5342,R,1000000,1000000,2,55,0,49771,5586,1
5343,R,400000,300000,6,24,1,62026,7650,1
5344,R,1000000,1000000,2,45,1,36864,0,1
5345,R,600000,300000,2,38,1,0,21092,1
5346,R,700000,700000,10,59,1,157991,27058,1
5347,R,400000,300000,12,21,1,,19140,1
5348,R,600000,300000,6,24,0,14728,21375,1
5349,R,500000,300000,2,26,1,13700,16830,1
5350,A,600000,600000,2,24,1,83606,23079,1
5351,R,500000,300000,6,22,1,26126,2290,1
5352,R,400000,400000,2,28,1,4400,28305,1
5353,B,700000,700000,2,28,1,97821,3316,1
5354,R,600000,600000,2,25,1,87524,20682,1
5355,A,700000,700000,2,25,1,151935,6611,1
5356,R,500000,500000,2,25,1,38115,11278,1
5357,R,200000,200000,6,22,1,13284,17415,1
5358,R,500000,500000,5,57,0,720992,36870,1
5359,R,500000,500000,2,28,1,194391,7911,1
5360,R,1000000,1000000,2,33,1,164003,78251,1
5361,R,700000,700000,2,33,0,48937,16533,1
5362,R,500000,500000,2,24,1,15180,5503,1
5363,R,700000,300000,7,50,1,83464,14243,1
5364,R,700000,700000,4,61,1,183492,31785,1
5365,R,700000,300000,7,42,1,131860,180000,1
5366,R,700000,300000,7,53,1,36480,22033,1
5367,R,700000,400000,8,70,1,3040,23180,1
5368,R,700000,300000,7,44,1,622745,180000,1
5369,R,600000,300000,7,22,1,1463,6508,1
5370,R,500000,300000,7,50,1,10584,74250,1
5371,R,1000000,1000000,2,43,1,105512,52800,1
5372,A,200000,200000,6,20,1,100531,4389,1
5373,R,600000,600000,4,29,1,15642,20970,1
5374,R,1000000,1000000,2,27,1,,16508,1
5375,R,1000000,1000000,2,49,1,295397,80368,1
5376,R,700000,300000,4,54,1,191868,43056,1
5377,R,500000,500000,2,25,1,19627,30690,1
5378,R,700000,700000,2,29,1,84894,65082,1
5379,R,600000,600000,7,30,1,217552,63720,1
5380,R,1000000,1000000,2,49,0,24000,31132,1
5381,R,700000,700000,2,55,1,,27477,1
5382,A,200000,200000,2,27,1,,61385,1
5383,R,200000,200000,7,29,1,15450,43518,1
5384,R,600000,600000,2,25,1,52338,23399,1
5385,R,600000,600000,3,26,1,3449,71860,1
5386,R,700000,700000,2,23,1,21087,12604,1
5387,R,600000,600000,2,32,1,29095,8910,1
5388,R,600000,600000,4,58,1,,11520,1
5389,R,600000,600000,2,24,1,235114,43101,1
5390,R,500000,500000,2,25,1,4010,38403,1
5391,R,1000000,1000000,2,32,1,24376,60520,1
5392,B,1000000,1000000,12,38,1,5799,21860,1
5393,R,1000000,1000000,2,59,1,2856,113116,1
5394,R,700000,700000,2,23,1,,34087,1
5395,R,1000000,400000,2,51,1,2451,29094,1
5396,R,200000,200000,6,24,1,188341,17876,1
5397,R,1000000,300000,12,53,1,13032,6228,1
5398,R,700000,300000,12,63,0,1891,0,1
5399,R,1000000,1000000,2,63,1,6228,168732,1
5400,R,500000,300000,7,27,1,39790,31009,1
5401,R,700000,700000,3,29,1,98554,28845,1
5402,R,300000,300000,5,32,0,60742,14839,1
5403,R,1000000,1000000,3,24,1,56745,10629,1
5404,R,1000000,800000,2,27,1,17644,33629,1
5405,R,700000,400000,3,24,1,31163,14522,1
5406,R,1000000,1000000,2,52,1,111273,32152,1
5407,R,1000000,1000000,2,60,1,0,45810,1
5408,R,600000,600000,2,27,1,,29232,1
5409,R,500000,500000,2,25,1,37031,19462,1
5410,R,700000,300000,6,23,1,17327,18712,1
5411,R,700000,700000,2,48,1,503606,120780,1
5412,R,600000,300000,7,32,1,120646,17262,1
5413,R,1000000,1000000,3,27,1,,20889,1
5414,R,400000,400000,2,27,0,11779,13455,1
5415,R,400000,300000,6,24,0,6476,19296,1
5416,R,400000,300000,6,24,1,106787,26870,1
5417,R,600000,600000,2,30,1,182444,52299,1
5418,R,500000,500000,2,25,1,78692,33022,1
5419,R,700000,700000,4,49,1,6398,34044,1
5420,R,1000000,1000000,2,50,0,54450,57408,1
5421,B,300000,300000,6,21,1,9557,19325,1
5422,A,200000,200000,2,24,1,8878,34617,1
5423,R,200000,200000,6,20,1,0,41231,1
5424,R,1000000,300000,7,51,1,140594,7668,1
5425,R,1000000,1000000,2,38,1,134770,33384,1
5426,R,1000000,1000000,4,58,1,3971,6743,1
5427,R,200000,200000,6,20,1,19691,8541,1
5428,R,700000,700000,2,50,0,0,102960,1
5429,R,600000,600000,2,26,1,51759,20323,1
5430,R,700000,300000,2,25,1,14297,5238,1
5431,A,700000,700000,4,50,1,103043,37366,1
5432,R,700000,300000,6,22,1,,4248,1
5433,R,600000,600000,2,27,1,,4356,1
5434,R,400000,300000,6,22,1,,15228,1
5435,R,700000,600000,2,45,1,0,63125,1
5436,R,600000,600000,2,28,1,13230,8010,1
5437,R,300000,300000,6,20,1,11693,15584,1
5438,R,1000000,1000000,4,55,1,2781,17910,1
5439,R,700000,700000,2,67,0,89766,76320,1
5440,R,700000,300000,2,24,1,,39148,1
5441,R,200000,200000,6,22,1,2000,19452,1
5442,R,700000,700000,2,26,1,0,41472,1
5443,R,700000,300000,6,23,1,32711,11060,1
5444,R,300000,300000,2,30,1,23859,29835,1
5445,R,1000000,1000000,2,31,1,,6228,1
5446,A,600000,600000,2,28,1,249411,61416,1
5447,R,200000,200000,2,24,1,30696,23121,1
5448,R,200000,200000,7,21,1,102337,38106,1
5449,R,300000,300000,6,23,1,,25830,1
5450,A,1000000,1000000,4,58,1,,163845,1
5451,A,200000,200000,6,22,1,38387,22275,1
5452,R,700000,300000,4,57,1,32685,81180,1
5453,R,500000,300000,7,22,1,64704,7515,1
5454,R,1000000,1000000,4,57,1,13498,52560,1
5455,R,1000000,300000,4,63,1,,12101,1
5456,R,1000000,1000000,5,66,1,12469,12519,1
5457,R,400000,300000,6,20,1,119304,29993,1
5458,R,600000,300000,6,23,1,10825,17547,1
5459,R,200000,200000,2,24,1,24097,8802,1
5460,R,200000,200000,7,23,1,10687,2664,1
5461,R,600000,300000,6,23,1,0,34245,1
5462,R,1000000,300000,7,57,1,118250,2574,1
5463,R,1000000,1000000,2,29,1,30358,32067,1
5464,R,700000,700000,2,37,1,6584,8910,1
5465,R,200000,200000,7,60,1,348264,180000,1
5466,B,400000,400000,2,28,1,,22678,1
5467,R,700000,300000,4,61,1,,20979,1
5468,R,500000,500000,2,57,1,103264,82287,1
5469,R,400000,400000,2,22,1,138387,28440,1
5470,R,1000000,1000000,2,38,0,150346,19230,1
5471,R,1000000,1000000,2,38,0,,19230,1
5472,R,500000,300000,6,25,1,20350,22869,1
5473,R,400000,400000,12,23,1,20676,13167,1
5474,R,500000,300000,6,24,1,266729,24718,1
5475,R,1000000,1000000,2,35,1,0,40294,1
5476,B,700000,700000,2,29,1,92192,30236,1
5477,A,500000,500000,2,25,1,,28251,1
5478,R,200000,200000,7,41,1,14535,33660,1
5479,R,500000,300000,6,21,1,82225,1980,1
5480,R,400000,400000,3,25,1,59624,40880,1
5481,R,200000,200000,2,24,1,229090,10980,1
5482,R,1000000,300000,7,42,1,101232,19593,1
5483,B,500000,500000,2,28,0,41347,125244,1
5484,R,1000000,400000,2,26,1,10483,1763,1
5485,R,1000000,700000,3,64,1,8969,94972,1
5486,R,200000,200000,6,20,1,50688,8932,1
5487,R,300000,300000,2,26,1,455490,86669,1
5488,R,600000,300000,7,54,1,424800,19035,1
5489,R,1000000,300000,13,54,1,,18900,1
5490,R,600000,600000,2,26,1,8930,20484,1
5491,B,400000,300000,6,21,1,10972,3713,1
5492,R,200000,200000,2,22,1,6981,28568,1
5493,R,600000,600000,2,29,0,12436,16389,1
5494,R,1000000,1000000,2,41,1,67250,9495,1
5495,R,600000,600000,2,24,1,81138,32463,1
5496,R,600000,600000,2,25,1,13980,37215,1
5497,R,500000,500000,2,29,1,168695,14643,1
5498,R,600000,600000,7,56,1,32024,9945,1
5499,R,700000,700000,2,31,1,14870,14940,1
5500,R,700000,700000,2,35,1,13590,38205,1
5501,R,1000000,1000000,2,27,1,6878,27259,1
5502,R,500000,500000,2,26,1,54195,17118,1
5503,R,600000,600000,12,52,1,6584,5335,1
5504,R,700000,700000,4,45,1,246625,10674,1
5505,R,700000,700000,2,27,1,35000,180000,1
5506,R,500000,500000,2,29,1,18672,21951,1
5507,R,300000,300000,6,21,1,39474,25677,1
5508,R,300000,300000,2,24,1,85344,12362,1
5509,R,1000000,1000000,2,45,1,1971,180000,1
5510,A,1000000,1000000,2,36,1,71223,2565,1
5511,R,1000000,1000000,2,61,1,,19049,1
5512,R,200000,200000,6,21,1,14888,12465,1
5513,B,200000,200000,1,60,0,144300,2376,1
5514,R,1000000,1000000,2,54,0,0,45630,1
5515,R,1000000,1000000,2,54,0,40962,45630,1
5516,R,1000000,1000000,2,56,1,40961,24823,1
5517,R,1000000,300000,7,53,1,138693,17937,1
5518,R,700000,700000,2,50,1,36826,16137,1
5519,R,700000,300000,4,38,1,9087,17010,1
5520,B,700000,700000,2,37,1,72312,59400,1
5521,R,200000,200000,6,21,1,53458,31991,1
5522,R,1000000,1000000,2,24,1,134703,14850,1
5523,R,700000,700000,2,27,1,172142,26820,1
5524,R,700000,700000,2,26,1,185496,35168,1
5525,R,300000,300000,6,19,1,0,18135,1
5526,R,400000,300000,6,21,0,13828,13455,1
5527,R,600000,600000,2,38,0,199313,14112,1
5528,R,1000000,1000000,2,29,1,27796,8109,1
5529,R,1000000,700000,2,31,1,20282,8217,1
5530,R,600000,600000,2,57,1,63527,59810,1
5531,R,1000000,1000000,5,47,0,81605,180000,1
5532,R,600000,600000,5,48,0,620126,78310,1
5533,R,1000000,1000000,2,51,1,299406,16,1
5534,R,600000,600000,2,39,1,0,27770,1
5535,R,600000,600000,2,33,1,2357,51660,1
5536,R,300000,300000,2,27,1,18601,32472,1
5537,B,600000,600000,2,28,1,57645,42439,1
5538,R,700000,700000,3,30,1,106116,42020,1
5539,R,400000,400000,12,22,1,9496,40550,1
5540,R,600000,600000,2,27,1,16780,468,1
5541,R,600000,300000,7,53,1,272695,40378,1
5542,R,400000,300000,7,53,1,56107,23958,1
5543,R,1000000,1000000,4,42,1,1568,20007,1
5544,A,700000,700000,2,25,1,26573,7589,1
5545,R,1000000,1000000,2,26,1,0,24642,1
5546,R,200000,200000,6,21,1,128549,38829,1
5547,R,1000000,1000000,2,33,0,20000,132453,1
5548,A,1000000,400000,2,32,1,20368,8910,1
5549,R,1000000,1000000,12,48,1,74475,12960,1
5550,R,1000000,1000000,2,44,0,441496,180000,1
5551,R,1000000,300000,7,59,1,8709,42621,1
5552,R,600000,600000,2,23,1,19694,13356,1
5553,R,600000,300000,7,36,1,5347,114129,1
5554,R,1000000,1000000,4,59,1,,192060,1
5555,R,1000000,1000000,3,34,0,65202,10782,1
5556,A,1000000,1000000,4,66,1,30248,16830,1
5557,R,700000,700000,7,39,1,79993,45487,1
5558,R,200000,200000,6,20,1,52028,5940,1
5559,R,700000,700000,2,29,1,,25186,1
5560,R,700000,700000,2,29,1,24317,27871,1
5561,R,1000000,1000000,4,56,1,,52065,1
5562,R,1000000,1000000,2,27,1,238327,16633,1
5563,R,1000000,1000000,4,68,1,14372,180000,1
5564,R,1000000,1000000,5,55,1,40218,4580,1
5565,R,1000000,1000000,3,71,1,17520,21528,1
5566,R,600000,600000,3,27,1,24141,50410,1
5567,R,1000000,1000000,2,29,1,9500,20680,1
5568,R,1000000,1000000,3,57,1,23866,9635,1
5569,R,500000,500000,2,25,1,186493,29592,1
5570,R,700000,700000,7,29,1,44320,26028,1
5571,R,500000,300000,2,22,1,212492,38723,1
5572,R,1000000,1000000,2,33,1,14355,81666,1
5573,R,200000,200000,6,22,1,18565,14211,1
5574,A,600000,600000,2,26,1,2195,7596,1
5575,R,600000,600000,2,24,1,55672,7942,1
5576,R,700000,500000,7,64,1,12309,39096,1
5577,R,1000000,1000000,2,68,1,7408,14742,1
5578,R,600000,600000,2,26,1,44413,49260,1
5579,R,700000,700000,3,29,1,5928,10980,1
5580,R,700000,700000,2,54,1,912,0,1
5581,R,1000000,1000000,2,52,1,100138,6499,1
5582,R,1000000,1000000,2,30,0,276797,180000,1
5583,R,200000,200000,6,20,1,76030,22188,1
5584,R,600000,300000,6,22,1,0,5535,1
5585,R,700000,300000,6,24,1,24225,20298,1
5586,R,700000,700000,2,29,1,45060,172450,1
5587,R,600000,600000,2,30,1,237876,8811,1
5588,R,600000,600000,2,34,1,73749,21993,1
5589,R,1000000,1000000,2,54,1,43293,13950,1
5590,A,1000000,1000000,2,62,1,24584,25725,1
5591,R,700000,300000,6,22,1,4870,5715,1
5592,B,600000,600000,4,39,1,143333,14392,1
5593,R,200000,200000,2,23,1,141387,6793,1
5594,R,700000,700000,2,37,1,,28602,1
5595,R,700000,700000,4,46,1,32911,29700,1
5596,R,700000,700000,1,49,1,32090,27496,1
5597,R,500000,500000,2,24,1,61170,17740,1
5598,R,1000000,1000000,2,38,1,26508,40295,1
5599,R,600000,600000,2,34,1,31882,29610,1
5600,R,1000000,1000000,3,32,0,1511,16056,1
5601,R,700000,300000,4,47,1,63832,50391,1
5602,R,700000,300000,4,35,1,15799,4005,1
5603,R,600000,300000,2,22,1,123775,33831,1
5604,A,1000000,300000,7,54,1,0,53460,1
5605,R,1000000,800000,2,36,1,108225,55134,1
5606,R,500000,500000,2,24,1,2659,22159,1
5607,R,1000000,1000000,4,49,1,13006,16830,1
5608,R,1000000,700000,2,51,1,38536,9592,1
5609,R,700000,700000,2,55,0,304842,1584,1
5610,A,400000,300000,6,26,1,129156,10314,1
5611,R,200000,200000,2,23,1,126531,7733,1
5612,R,200000,200000,8,71,1,35578,18179,1
5613,A,700000,700000,3,26,1,19044,23463,1
5614,R,500000,300000,7,23,1,20835,24840,1
5615,R,200000,200000,2,30,1,105026,22860,1
5616,R,600000,600000,2,26,1,0,1683,1
5617,R,300000,300000,2,29,1,53131,13248,1
5618,R,1000000,1000000,3,47,1,0,171072,1
5619,R,200000,200000,6,20,1,56995,15345,1
5620,R,300000,300000,6,21,1,2106,25227,1
5621,R,500000,300000,6,22,1,65904,9000,1
5622,R,200000,200000,6,21,1,73752,8901,1
5623,R,500000,500000,10,35,1,24650,23990,1
5624,R,200000,200000,2,26,1,113990,37443,1
5625,R,1500000,1500000,1,52,0,367196,2203,1
5626,R,200000,200000,2,21,1,59830,19983,1
5627,R,400000,400000,3,22,1,13680,43002,1
5628,R,200000,200000,6,20,0,5190,75335,1
5629,R,200000,200000,6,20,0,524,75335,1
5630,R,1000000,1000000,3,30,1,429299,25080,1
5631,A,500000,500000,2,24,1,76472,46099,1
5632,R,700000,700000,3,30,1,,116270,1
5633,R,600000,600000,3,26,1,135274,29799,1
5634,R,400000,400000,2,27,1,0,39249,1
5635,R,200000,200000,3,26,1,14155,20052,1
5636,R,300000,200000,6,20,1,315928,52539,1
5637,R,200000,200000,2,22,1,49169,27803,1
5638,R,400000,300000,6,21,1,27768,30277,1
5639,A,200000,200000,6,21,1,6166,11704,1
5640,R,700000,700000,2,29,1,6805,11559,1
5641,R,200000,200000,7,28,1,7200,12438,1
5642,R,500000,300000,6,23,1,0,65946,1
5643,R,200000,200000,6,20,1,,47012,1
5644,R,500000,500000,2,27,0,211566,2822,1
5645,R,700000,400000,2,28,1,425219,20254,1
5646,R,200000,200000,6,25,1,80568,30095,1
5647,R,1000000,1000000,4,58,1,0,5111,1
5648,R,200000,200000,2,25,1,24739,7871,1
5649,A,200000,200000,6,22,1,8748,25340,1
5650,R,500000,500000,2,25,1,60258,19917,1
5651,R,600000,600000,2,26,1,13377,6710,1
5652,R,200000,200000,6,21,1,169664,56760,1
5653,R,400000,300000,6,23,1,73663,30232,1
5654,R,700000,300000,6,23,1,1672,14621,1
5655,R,1000000,1000000,2,40,1,,15175,1
5656,R,200000,200000,6,22,1,241674,0,1
5657,B,1000000,1000000,3,35,1,2375,53444,1
5658,R,1000000,1000000,2,28,1,2970,12960,1
5659,R,500000,500000,2,25,1,26523,44016,1
5660,R,500000,300000,6,29,1,255824,22667,1
5661,R,600000,600000,2,26,1,19475,45041,1
5662,R,600000,600000,2,30,1,23415,9864,1
5663,R,1000000,1000000,2,25,1,52420,43610,1
5664,R,500000,500000,2,32,1,4787,15283,1
5665,R,600000,600000,3,26,1,12960,19132,1
5666,R,700000,700000,2,26,1,114206,19830,1
5667,R,600000,600000,2,24,1,10560,17338,1
5668,R,1000000,1000000,2,24,1,25666,24648,1
5669,R,700000,700000,2,26,1,26952,15866,1
5670,R,700000,700000,2,25,1,88510,5634,1
5671,R,600000,600000,2,35,1,531232,10782,1
5672,R,200000,200000,6,20,1,41222,15143,1
5673,R,400000,300000,6,19,1,3616,45094,1
5674,R,1000000,1000000,2,62,0,27740,26884,1
5675,R,400000,400000,2,24,1,218160,0,1
5676,R,200000,200000,6,22,1,143612,32112,1
5677,R,700000,700000,2,25,1,68591,8246,1
5678,R,1000000,1000000,3,55,1,79538,50497,1
5679,R,600000,600000,2,25,1,9310,22792,1
5680,R,200000,200000,6,22,1,15100,12844,1
5681,R,500000,500000,2,25,1,56856,13680,1
5682,R,600000,300000,6,23,1,4139,10598,1
5683,R,200000,200000,6,22,1,92410,19521,1
5684,R,200000,200000,6,22,1,,19521,1
5685,R,600000,600000,2,25,1,26260,18714,1
5686,R,1000000,1000000,2,49,1,23053,104625,1
5687,R,600000,600000,7,32,1,404260,14412,1
5688,R,200000,200000,2,29,1,53251,18711,1
5689,R,700000,700000,2,36,1,99117,50580,1
5690,R,600000,600000,2,26,1,66021,20786,1
5691,R,700000,700000,2,39,1,48244,70148,1
5692,R,600000,600000,5,37,1,67138,11026,1
5693,R,600000,300000,6,28,1,,75726,1
5694,R,500000,500000,2,25,0,29480,21936,1
5695,R,700000,700000,2,30,1,71798,29127,1
5696,R,700000,700000,2,29,0,9426,34200,1
5697,R,200000,200000,2,26,1,34233,20713,1
5698,R,1000000,1000000,2,27,1,16100,19950,1
5699,R,400000,400000,2,24,1,40610,16920,1
5700,R,500000,500000,2,29,1,,19503,1
5701,R,200000,200000,6,21,0,127506,57352,1
5702,R,200000,200000,6,21,1,127937,22186,1
5703,R,600000,600000,2,27,1,167574,35626,1
5704,R,400000,400000,2,24,1,17629,55427,1
5705,A,700000,700000,10,25,1,225341,91894,1
5706,R,500000,500000,2,32,1,102140,21681,1
5707,R,200000,200000,2,24,1,61249,24957,1
5708,R,600000,600000,2,25,1,1045,3150,1
5709,R,700000,700000,1,51,1,,57907,1
5710,R,400000,400000,2,26,1,3770,26325,1
5711,R,200000,200000,2,25,1,118883,9999,1
5712,R,500000,500000,2,24,1,41073,56689,1
5713,R,300000,300000,6,21,1,7781,14850,1
5714,R,400000,300000,7,44,1,53010,178922,1
5715,R,1000000,1000000,2,52,1,920,16277,1
5716,R,1000000,1000000,2,25,1,,14203,1
5717,R,600000,600000,2,28,1,31810,20880,1
5718,R,600000,400000,2,24,0,100830,9297,1
5719,B,700000,700000,2,26,1,3135,32506,1
5720,R,200000,200000,6,21,1,3309,4693,1
5721,R,700000,700000,2,26,1,2280,3060,1
5722,R,200000,200000,3,27,1,41203,20781,1
5723,R,1000000,1000000,3,27,1,14250,34745,1
5724,R,700000,700000,2,41,1,123127,49640,1
5725,R,700000,700000,2,26,0,172482,123840,1
5726,R,500000,500000,2,28,1,139873,15840,1
5727,R,500000,500000,2,28,1,59390,15840,1
5728,R,1000000,1000000,2,41,1,145153,10449,1
5729,R,700000,700000,2,23,1,58167,74159,1
5730,R,500000,300000,6,24,1,5227,32400,1
5731,R,500000,500000,2,24,1,65713,40010,1
5732,R,500000,500000,2,28,0,166669,76180,1
5733,R,300000,300000,2,26,1,20226,18963,1
5734,R,1000000,1000000,2,26,1,115032,34485,1
5735,R,1000000,1000000,2,27,1,115940,62075,1
5736,R,1000000,1000000,2,31,1,2324,84708,1
5737,R,600000,600000,2,25,1,34527,10342,1
5738,R,300000,300000,6,22,1,25254,29286,1
5739,R,400000,400000,2,27,1,88796,7920,1
5740,R,600000,600000,2,33,1,79728,21936,1
5741,R,500000,500000,3,25,1,,32661,1
5742,R,200000,200000,6,20,1,0,20973,1
5743,R,1000000,1000000,2,36,1,111160,10359,1
5744,R,600000,600000,3,24,1,72489,35323,1
5745,R,500000,500000,2,24,1,30838,26100,1
5746,R,500000,500000,2,26,1,628944,18801,1
5747,A,500000,500000,7,62,1,26592,19201,1
5748,B,700000,300000,6,24,1,73536,11313,1
5749,R,600000,600000,2,27,1,384800,36535,1
5750,R,400000,400000,2,27,1,21209,9766,1
5751,R,700000,300000,11,23,1,0,84473,1
5752,R,1000000,1000000,3,33,0,100279,15171,1
5753,R,1000000,1000000,4,68,1,19892,9792,1
5754,R,300000,300000,6,21,1,,10917,1
5755,R,600000,300000,6,23,1,92052,15163,1
5756,R,1000000,300000,4,55,1,3030,12960,1
5757,R,700000,700000,2,27,1,3031,16449,1
5758,R,600000,600000,2,37,0,45860,5337,1
5759,R,1000000,900000,3,25,1,4070,60869,1
5760,B,200000,200000,2,21,1,272934,5723,1
5761,R,400000,400000,2,25,1,32691,42345,1
5762,R,600000,600000,2,27,1,6767,24227,1
5763,R,600000,600000,2,37,1,,51570,1
5764,R,200000,200000,6,24,1,16523,5718,1
5765,R,1000000,300000,4,53,1,4351,180000,1
5766,R,200000,200000,6,19,1,18497,21346,1
5767,R,500000,300000,2,25,1,3911,7076,1
5768,R,500000,500000,2,24,1,41221,19210,1
5769,R,400000,400000,3,24,1,141435,37305,1
5770,A,700000,700000,5,43,1,69028,22921,1
5771,R,500000,400000,3,20,1,211990,5320,1
5772,R,700000,700000,2,26,1,107586,65817,1
5773,R,200000,200000,2,25,1,131880,113357,1
5774,R,500000,500000,2,22,1,54510,36999,1
5775,R,500000,500000,2,24,1,39434,10386,1
5776,R,700000,700000,2,33,1,15548,30174,1
5777,R,600000,300000,6,36,1,7733,17327,1
5778,R,1000000,1000000,1,55,1,,58899,1
5779,R,200000,200000,2,23,1,29660,11970,1
5780,R,200000,200000,2,27,1,117065,94635,1
5781,R,200000,200000,7,21,1,40831,86564,1
5782,R,500000,300000,6,22,1,4703,23704,1
5783,R,1000000,300000,2,29,1,,33146,1
5784,R,700000,700000,2,27,1,119750,14725,1
5785,R,1000000,1000000,2,25,1,72565,36674,1
5786,R,400000,400000,2,22,1,18340,13356,1
5787,R,700000,300000,6,26,1,,23399,1
5788,R,1000000,1000000,2,37,1,2567,12069,1
5789,R,600000,600000,2,26,1,79997,20320,1
5790,R,500000,500000,2,24,1,,8514,1
5791,R,600000,600000,2,34,0,28424,16864,1
5792,B,200000,200000,6,21,1,314707,17989,1
5793,R,500000,500000,2,28,0,10603,27720,1
5794,R,700000,700000,2,26,1,,34479,1
5795,R,600000,600000,2,29,1,44176,56552,1
5796,R,200000,200000,2,25,1,56204,10168,1
5797,R,500000,300000,6,22,1,52176,32757,1
5798,R,1000000,1000000,3,32,1,52225,22482,1
5799,A,200000,200000,6,23,1,0,16346,1
5800,R,500000,300000,6,21,0,32022,10545,1
5801,R,200000,200000,6,22,1,45760,16864,1
5802,A,500000,500000,2,26,0,17870,74250,1
5803,R,400000,400000,12,24,1,40366,3549,1
5804,R,500000,500000,2,50,0,25175,61470,1
5805,R,600000,600000,3,24,1,0,18900,1
5806,R,300000,300000,6,20,1,233344,35986,1
5807,R,600000,600000,2,29,1,110717,89456,1
5808,R,600000,300000,7,58,1,210151,101268,1
5809,R,300000,300000,2,29,1,12080,68242,1
5810,R,600000,300000,6,22,1,24033,23588,1
5811,R,1000000,1000000,2,30,1,314,12983,1
5812,R,600000,600000,2,24,1,28852,33552,1
5813,R,500000,300000,6,23,1,14259,1584,1
5814,R,200000,200000,2,24,1,91437,13490,1
5815,A,200000,200000,2,23,0,68323,47520,1
5816,R,600000,600000,2,24,1,20900,13300,1
5817,R,600000,600000,2,25,1,300227,48996,1
5818,R,200000,200000,6,20,1,0,190000,1
5819,R,400000,400000,2,23,1,11506,4836,1
5820,R,300000,300000,6,23,1,3880,1245,1
5821,R,400000,400000,2,23,1,47690,11381,1
5822,R,500000,300000,6,21,1,159881,33381,1
5823,B,500000,500000,2,23,1,0,38175,1
5824,R,700000,700000,2,27,1,19662,24102,1
5825,R,300000,300000,2,23,1,36561,13356,1
5826,R,500000,500000,2,33,1,47025,104040,1
5827,R,700000,700000,2,30,1,179805,20215,1
5828,R,700000,400000,2,26,1,33712,5791,1
5829,R,1000000,1000000,2,59,1,0,37395,1
5830,R,300000,300000,2,25,1,174189,31805,1
5831,R,300000,300000,6,21,1,0,15365,1
5832,R,1000000,1000000,2,49,1,,18756,1
5833,R,600000,600000,1,59,0,390714,24463,1
5834,R,400000,400000,7,23,1,49278,6214,1
5835,R,400000,400000,2,25,1,59217,21120,1
5836,R,200000,200000,6,22,1,45514,18905,1
5837,R,200000,200000,2,25,1,41292,4936,1
5838,R,200000,200000,6,21,1,,36936,1
5839,R,400000,400000,2,23,1,247560,35040,1
5840,B,200000,200000,2,26,1,0,15741,1
5841,R,600000,300000,6,23,1,41269,15662,1
5842,R,200000,200000,7,22,1,,38700,1
5843,R,200000,200000,2,22,1,,41031,1
5844,R,200000,200000,6,21,1,39332,19508,1
5845,R,600000,600000,2,47,1,18568,11385,1
5846,R,700000,300000,7,25,1,45005,22983,1
5847,R,600000,600000,2,27,1,70291,19899,1
5848,A,200000,200000,12,23,1,25058,8752,1
5849,R,500000,300000,6,23,1,218782,19035,1
5850,R,500000,500000,2,28,1,35902,40914,1
5851,R,500000,300000,11,24,1,57240,39591,1
5852,R,1000000,300000,7,54,1,18834,4950,1
5853,R,200000,200000,6,20,1,18000,12683,1
5854,R,700000,300000,7,38,1,47330,3487,1
5855,R,200000,200000,2,23,1,67790,24876,1
5856,R,1000000,300000,7,50,1,8047,60588,1
5857,A,500000,500000,4,37,1,89437,1127,1
5858,R,600000,300000,6,23,1,372952,21598,1
5859,R,1000000,300000,11,25,1,81590,60098,1
5860,R,200000,200000,6,21,1,102819,41142,1
5861,R,600000,300000,6,23,1,49841,14770,1
5862,R,600000,600000,2,24,1,37170,21128,1
5863,R,600000,600000,2,28,1,11011,39636,1
5864,R,1000000,1000000,2,41,1,2271,30978,1
5865,R,600000,300000,6,23,1,20583,35574,1
5866,R,700000,700000,2,25,1,39741,52164,1
5867,R,1000000,1000000,2,28,1,79467,33619,1
5868,R,200000,200000,6,21,1,,17073,1
5869,R,500000,300000,6,23,1,237771,30996,1
5870,R,400000,300000,6,20,1,31465,27306,1
5871,R,600000,600000,4,51,1,,31275,1
5872,R,200000,200000,6,20,1,26518,17078,1
5873,R,500000,500000,2,25,0,188493,32223,1
5874,R,400000,300000,6,22,1,311025,37592,1
5875,R,400000,300000,6,21,1,13322,48715,1
5876,R,200000,200000,7,62,1,61769,9534,1
5877,R,500000,300000,6,22,1,,12960,1
5878,R,300000,300000,6,21,1,26550,11970,1
5879,R,500000,500000,2,25,1,29260,21023,1
5880,R,200000,200000,12,30,0,0,126810,1
5881,R,500000,300000,7,52,1,197864,13320,1
5882,R,1000000,1000000,2,25,1,6185,10228,1
5883,R,400000,400000,2,25,1,50900,0,1
5884,A,200000,200000,2,24,1,179104,24845,1
5885,R,600000,300000,11,58,0,346417,18405,1
5886,R,1000000,1000000,2,28,1,18347,34294,1
5887,R,1000000,1000000,2,34,1,14250,26791,1
5888,R,500000,300000,7,25,1,8014,9998,1
5889,R,400000,300000,6,19,1,9710,33939,1
5890,R,200000,200000,6,21,0,171005,38700,1
5891,R,500000,500000,2,25,0,51821,31680,1
5892,R,200000,200000,2,23,1,11627,34200,1
5893,R,400000,300000,6,19,1,77526,11475,1
5894,A,600000,600000,2,27,1,10000,13410,1
5895,A,500000,500000,2,28,1,112515,16232,1
5896,A,600000,600000,2,24,1,32389,20924,1
5897,R,600000,600000,2,53,0,212405,78597,1
5898,R,1000000,1000000,2,42,1,16612,13699,1
5899,R,200000,200000,6,21,1,6555,33661,1
5900,R,200000,200000,6,21,1,223918,53793,1
5901,R,200000,200000,6,20,1,,52902,1
5902,R,1000000,900000,2,25,1,80000,25254,1
5903,R,200000,200000,6,19,1,57244,6534,1
5904,A,600000,600000,6,31,1,37818,41359,1
5905,B,500000,500000,13,27,1,64598,47847,1
5906,A,400000,300000,6,21,1,912,16569,1
5907,A,400000,300000,6,21,1,111623,36009,1
5908,R,400000,300000,6,22,1,4984,27879,1
5909,R,600000,600000,2,30,1,100822,21915,1
5910,R,700000,700000,2,24,1,275953,5931,1
5911,R,200000,200000,6,20,1,83730,16623,1
5912,R,200000,200000,6,19,1,34415,52549,1
5913,R,600000,600000,2,23,1,,45800,1
5914,R,600000,600000,3,28,1,107550,34245,1
5915,R,600000,600000,3,28,1,,34245,1
5916,R,500000,500000,2,24,1,6897,7290,1
5917,R,400000,300000,2,23,1,17820,9297,1
5918,R,400000,300000,6,22,1,21891,7575,1
5919,R,400000,300000,6,20,1,47729,12870,1
5920,R,1000000,300000,6,22,1,25000,16029,1
5921,R,500000,500000,12,25,1,158891,118704,1
5922,B,200000,200000,6,21,1,4389,13057,1
5923,R,400000,400000,2,23,1,56551,31176,1
5924,R,300000,300000,2,26,1,15713,12284,1
5925,R,500000,500000,2,23,1,87323,9960,1
5926,A,600000,600000,2,28,1,21927,6242,1
5927,R,600000,600000,2,26,1,181829,0,1
5928,R,500000,300000,6,21,1,25864,27978,1
5929,R,600000,600000,2,25,1,1625,41544,1
5930,R,700000,700000,2,32,1,371291,28689,1
5931,R,200000,200000,6,20,1,219289,27549,1
5932,R,400000,300000,6,22,1,106948,35649,1
5933,A,200000,200000,6,20,1,,27446,1
5934,R,600000,600000,2,23,1,55290,12069,1
5935,R,200000,200000,6,29,1,62138,40680,1
5936,R,600000,600000,2,24,1,38966,14949,1
5937,R,200000,200000,5,25,1,34464,32235,1
5938,R,400000,400000,10,28,1,254992,61108,1
5939,R,400000,400000,2,28,0,68655,82501,1
5940,R,200000,200000,6,19,1,,4257,1
5941,R,600000,600000,2,24,1,20650,3192,1
5942,A,500000,500000,2,37,1,356500,90000,1
5943,A,700000,700000,2,29,1,47880,36659,1
5944,R,400000,400000,5,25,1,92870,25474,1
5945,A,1000000,1000000,3,34,1,187233,131859,1
5946,R,1000000,1000000,3,26,0,12858,96066,1
5947,R,700000,700000,3,37,0,73476,180000,1
5948,R,1000000,1000000,2,30,1,33381,18072,1
5949,R,600000,600000,2,28,1,65500,16169,1
5950,A,700000,700000,2,29,1,2108,15840,1
5951,R,400000,400000,7,23,0,26310,11970,1
5952,R,600000,600000,2,25,1,0,28800,1
5953,R,700000,700000,3,34,1,4673,21406,1
5954,B,300000,300000,2,27,1,231063,79335,1
5955,R,600000,600000,2,26,1,70833,25284,1
5956,R,700000,700000,2,24,1,52715,23364,1
5957,R,500000,300000,6,23,1,96876,9045,1
5958,R,500000,500000,12,27,1,65176,25187,1
5959,R,600000,600000,2,25,1,52510,40284,1
5960,R,600000,300000,2,22,1,118623,0,1
5961,R,700000,300000,6,23,1,72104,11070,1
5962,R,500000,500000,5,50,1,321416,90336,1
5963,R,600000,300000,6,22,1,4273,19413,1
5964,R,200000,200000,6,20,1,10355,39636,1
5965,R,400000,400000,3,26,1,41214,64478,1
5966,R,600000,600000,2,27,1,0,15435,1
5967,R,400000,300000,7,79,1,,50580,1
5968,R,700000,700000,2,29,0,38925,16227,1
5969,R,1000000,1000000,2,28,1,3305,45585,1
5970,R,600000,300000,6,24,1,5600,15732,1
5971,R,200000,200000,6,20,1,57050,27288,1
5972,R,500000,500000,3,24,1,88706,9000,1
5973,R,500000,500000,5,35,1,21516,27558,1
5974,R,400000,300000,7,28,1,27762,38714,1
5975,A,500000,300000,6,24,1,15550,40325,1
5976,B,600000,600000,2,26,1,41931,46233,1
5977,R,600000,300000,6,22,1,,16416,1
5978,R,600000,600000,6,26,0,99052,60896,1
5979,R,500000,300000,6,23,1,8233,9693,1
5980,R,300000,300000,6,22,1,0,8921,1
5981,R,600000,300000,2,25,1,126546,71236,1
5982,R,600000,300000,7,50,1,285987,9405,1
5983,R,400000,300000,2,27,1,41628,6930,1
5984,R,200000,200000,12,27,1,2340,32265,1
5985,A,200000,200000,7,23,1,75904,49032,1
5986,R,500000,500000,2,25,1,44910,32499,1
5987,R,500000,300000,6,21,1,26714,76688,1
5988,R,500000,300000,6,22,1,,5535,1
5989,R,500000,300000,6,23,1,13262,38026,1
5990,R,1000000,800000,2,49,1,,21384,1
5991,R,400000,400000,2,27,1,25251,37935,1
5992,R,600000,300000,6,22,1,5841,16920,1
5993,R,300000,300000,2,26,1,29484,34443,1
5994,R,500000,500000,2,33,1,19395,30384,1
5995,B,500000,300000,6,22,1,19581,24018,1
5996,R,400000,300000,6,22,1,47780,17820,1
5997,R,600000,300000,6,23,1,14392,25041,1
5998,A,700000,700000,2,28,1,14417,21699,1
5999,R,500000,500000,3,23,1,151632,26127,1
6000,R,1000000,1000000,2,48,1,9038,10980,1
6001,R,600000,600000,3,24,1,53695,5040,1
6002,R,600000,300000,6,21,1,9900,25875,1
6003,R,400000,300000,6,24,1,301415,109097,1
6004,R,500000,500000,2,25,1,21137,14643,1
6005,R,600000,300000,6,22,1,66598,8018,1
6006,R,1000000,300000,4,51,1,99457,45243,1
6007,R,200000,200000,6,22,1,20044,40037,1
6008,R,600000,600000,2,35,1,81174,17973,1
6009,R,1000000,300000,6,23,1,0,19260,1
6010,R,1000000,1000000,2,25,1,31464,13410,1
6011,R,600000,600000,2,25,1,57651,22968,1
6012,R,700000,300000,4,47,1,,26375,1
6013,R,400000,300000,6,22,1,86782,10025,1
6014,R,200000,200000,6,20,1,244350,41433,1
6015,R,600000,400000,2,27,1,,17659,1
6016,R,400000,300000,6,23,1,,41737,1
6017,R,700000,400000,2,24,1,17992,12762,1
6018,R,500000,500000,2,26,1,33291,41994,1
6019,A,600000,300000,6,23,1,34654,15382,1
6020,R,700000,700000,5,35,1,22000,20385,1
6021,R,200000,200000,6,20,1,6660,32771,1
6022,R,200000,200000,6,22,1,,11515,1
6023,A,500000,500000,2,24,1,38399,15749,1
6024,R,600000,300000,6,23,1,20073,8010,1
6025,R,500000,200000,2,31,1,41309,41274,1
6026,R,400000,400000,2,25,1,79179,51120,1
6027,R,200000,200000,6,21,1,34125,42516,1
6028,B,700000,700000,2,46,1,169678,65340,1
6029,R,500000,300000,6,23,0,88808,30681,1
6030,R,700000,700000,2,29,1,22990,9990,1
6031,R,200000,200000,6,20,1,16056,28024,1
6032,R,1000000,1000000,3,28,0,5205,3772,1
6033,R,200000,200000,2,22,1,53325,15485,1
6034,R,600000,600000,2,28,0,216577,43746,1
6035,R,600000,600000,2,28,0,,43746,1
6036,R,1000000,1000000,3,39,1,109040,33925,1
6037,B,200000,200000,6,26,1,128285,93461,1
6038,A,200000,200000,6,21,1,46368,15345,1
6039,R,200000,200000,6,20,1,57459,20880,1
6040,R,500000,300000,6,23,1,13514,9891,1
6041,R,500000,300000,6,27,1,154430,68502,1
6042,R,600000,600000,2,28,1,44311,18452,1
6043,R,400000,300000,6,26,1,82013,9495,1
6044,R,600000,600000,2,25,1,6935,8514,1
6045,R,500000,500000,2,30,1,1040,9000,1
6046,R,700000,700000,2,27,1,27918,108986,1
6047,R,700000,700000,2,26,1,31730,70518,1
6048,R,1000000,900000,2,24,1,12987,10782,1
6049,R,700000,300000,2,26,1,192458,16494,1
6050,R,1000000,1000000,3,39,1,20270,10098,1
6051,R,400000,400000,2,26,1,69187,12149,1
6052,R,700000,300000,2,26,1,63992,45719,1
6053,R,700000,700000,2,31,1,170785,88012,1
6054,R,1000000,1000000,2,48,1,50614,34510,1
6055,R,400000,300000,6,23,1,0,43362,1
6056,R,200000,200000,6,21,1,7420,17613,1
6057,R,600000,600000,2,25,0,2582,23807,1
6058,R,500000,500000,12,30,1,202539,24795,1
6059,R,400000,300000,6,24,1,22269,25641,1
6060,R,700000,700000,2,25,1,31284,24048,1
6061,R,600000,600000,2,30,1,400462,51885,1
6062,R,700000,700000,2,25,1,34883,29493,1
6063,R,600000,600000,2,30,0,16929,37116,1
6064,R,400000,300000,6,24,1,121918,7461,1
6065,B,600000,600000,2,26,0,78098,14850,1
6066,R,500000,500000,2,25,1,114368,27775,1
6067,R,500000,500000,2,24,1,,84671,1
6068,R,200000,200000,6,20,1,11880,9000,1
6069,B,300000,300000,6,24,0,292992,20871,1
6070,R,1000000,1000000,2,29,1,66000,1485,1
6071,R,700000,600000,2,23,1,154128,33084,1
6072,R,700000,700000,2,24,1,17364,35829,1
6073,R,700000,700000,2,39,1,39404,43498,1
6074,A,1000000,1000000,2,45,1,104986,133943,1
6075,R,700000,700000,2,28,1,23826,37017,1
6076,R,700000,700000,2,27,1,73233,19143,1
6077,R,700000,700000,2,25,1,72473,90589,1
6078,R,200000,200000,6,21,1,11495,19071,1
6079,R,200000,200000,2,24,1,13700,5904,1
6080,R,500000,300000,2,20,1,,16297,1
6081,R,500000,300000,6,21,1,0,35829,1
6082,R,700000,300000,11,26,1,11370,21900,1
6083,R,600000,600000,2,24,1,40313,28829,1
6084,R,400000,400000,2,35,1,23387,33210,1
6085,R,500000,500000,6,22,1,107607,82241,1
6086,R,200000,200000,7,25,1,5653,30266,1
6087,A,700000,700000,2,25,1,38561,26288,1
6088,R,600000,300000,2,45,1,30887,23105,1
6089,R,700000,700000,2,25,1,342964,17613,1
6090,R,1000000,1000000,2,32,1,,55106,1
6091,R,600000,600000,2,32,1,17405,19140,1
6092,R,200000,200000,6,20,1,33011,34245,1
6093,R,500000,500000,2,30,1,72764,12078,1
6094,R,500000,300000,6,21,1,14475,9990,1
6095,R,200000,200000,6,22,1,183514,60737,1
6096,R,700000,700000,2,42,1,191578,80091,1
6097,R,500000,500000,3,28,1,0,29790,1
6098,R,700000,400000,3,24,1,11122,25945,1
6099,R,500000,500000,2,34,1,38199,35267,1
6100,R,1000000,1000000,2,58,0,6418,23850,1
6101,R,700000,700000,2,25,1,195626,10665,1
6102,R,500000,500000,12,27,1,116593,9900,1
6103,R,200000,200000,2,24,1,56862,9405,1
6104,A,600000,600000,3,23,1,69770,13635,1
6105,R,700000,700000,2,26,1,49018,51115,1
6106,R,1000000,1000000,3,35,0,6790,34740,1
6107,R,600000,600000,2,26,1,0,79848,1
6108,R,600000,600000,2,26,1,7390,80226,1
6109,R,500000,300000,6,24,1,50411,7911,1
6110,R,500000,500000,2,26,0,0,40977,1
6111,R,700000,700000,2,26,0,33960,17007,1
6112,R,700000,700000,2,27,1,29952,7753,1
6113,R,700000,700000,3,31,1,60380,21600,1
6114,R,700000,300000,7,51,1,0,58304,1
6115,R,1000000,800000,2,57,1,75096,32388,1
6116,R,500000,500000,2,26,1,103800,12510,1
6117,R,600000,600000,3,23,1,90543,22721,1
6118,R,1000000,700000,2,35,1,13327,29135,1
6119,R,200000,200000,2,27,1,6025,5310,1
6120,R,200000,200000,6,20,1,867,4476,1
6121,A,600000,600000,2,27,1,0,11700,1
6122,R,700000,700000,2,31,1,128899,18240,1
6123,A,600000,600000,2,23,1,99780,20520,1
6124,R,1000000,1000000,3,26,1,203020,32448,1
6125,R,500000,500000,1,42,1,107380,76320,1
6126,R,700000,700000,2,35,1,15876,7020,1
6127,R,700000,700000,3,25,1,46567,18999,1
6128,R,600000,600000,2,26,1,93386,1881,1
6129,R,400000,400000,2,40,1,35792,25920,1
6130,R,500000,500000,2,28,1,259212,36324,1
6131,R,500000,500000,2,32,1,101183,8308,1
6132,R,400000,400000,2,26,1,23925,47673,1
6133,R,400000,400000,2,37,1,112148,19116,1
6134,R,700000,700000,2,46,1,121840,9900,1
6135,R,1000000,1000000,2,29,1,588069,16920,1
6136,R,600000,600000,8,79,0,33535,75132,1
6137,R,400000,300000,6,21,1,523,29394,1
6138,R,500000,500000,7,25,1,99287,5832,1
6139,R,1000000,1000000,2,28,1,128927,77310,1
6140,R,500000,500000,2,25,1,26654,12762,1
6141,A,1000000,1000000,2,41,1,13141,20705,1
6142,R,400000,400000,2,22,1,,9097,1
6143,R,600000,600000,2,26,0,147088,22569,1
6144,R,1000000,300000,4,52,1,138402,19811,1
6145,R,500000,500000,2,26,1,117165,9000,1
6146,R,1000000,1000000,2,29,1,51171,9207,1
6147,R,200000,200000,6,20,0,6441,3960,1
6148,R,500000,300000,6,23,1,0,43154,1
6149,R,1000000,1000000,3,29,1,20932,74380,1
6150,R,400000,400000,2,20,1,2613,9891,1
6151,R,700000,700000,2,28,0,69675,13257,1
6152,R,200000,200000,6,20,1,32132,8730,1
6153,R,700000,700000,2,37,0,29970,66451,1
6154,R,600000,600000,2,24,1,44431,8951,1
6155,R,700000,700000,2,27,1,1606,22860,1
6156,R,1000000,1000000,2,50,0,,52560,1
6157,R,500000,500000,2,27,1,34894,27531,1
6158,R,700000,700000,2,26,1,15123,53658,1
6159,R,200000,200000,6,20,0,49760,18504,1
6160,R,600000,600000,3,28,1,11764,37995,1
6161,R,600000,600000,2,24,1,16895,1386,1
6162,R,700000,700000,2,36,1,14963,288,1
6163,R,700000,700000,3,26,1,27242,17280,1
6164,R,400000,400000,2,25,1,33982,27315,1
6165,R,500000,500000,2,24,1,40391,22167,1
6166,R,1000000,1000000,2,44,1,45009,14742,1
6167,R,200000,200000,7,40,1,143071,5337,1
6168,A,700000,700000,3,25,1,22363,891,1
6169,R,700000,700000,2,29,1,,14079,1
6170,R,200000,200000,6,21,1,6517,21106,1
6171,R,1000000,900000,2,27,1,32659,33617,1
6172,R,200000,200000,2,24,1,193317,24546,1
6173,R,600000,600000,2,32,1,60897,27810,1
6174,R,700000,300000,6,22,1,26301,42660,1
6175,R,600000,600000,2,23,1,1411,23598,1
6176,R,200000,200000,6,20,1,250663,28421,1
6177,A,1000000,1000000,10,46,0,4411,11439,1
6178,R,1000000,1000000,2,30,1,3952,15624,1
6179,R,200000,200000,6,20,1,116821,23235,1
6180,R,1000000,1000000,2,34,1,89750,5999,1
6181,R,600000,300000,6,22,1,66504,27024,1
6182,R,600000,600000,2,29,1,75642,35243,1
6183,R,500000,500000,2,25,1,587420,16119,1
6184,R,200000,200000,6,20,1,3470,2808,1
6185,R,600000,600000,2,25,1,103723,35820,1
6186,R,700000,700000,2,26,1,0,49491,1
6187,B,500000,500000,5,33,1,291692,50679,1
6188,R,400000,300000,6,22,0,79115,7020,1
6189,R,1000000,1000000,2,26,0,0,81270,1
6190,R,600000,300000,6,22,0,5000,8811,1
6191,R,200000,200000,2,21,0,240132,54540,1
6192,R,800000,800000,2,40,1,8682,27711,1
6193,R,500000,500000,2,26,1,30302,32730,1
6194,R,400000,400000,2,27,1,0,18711,1
6195,R,1000000,500000,2,26,1,166419,4761,1
6196,R,1000000,1000000,3,59,0,0,22860,1
6197,R,600000,600000,2,32,1,,9000,1
6198,R,500000,500000,2,24,1,25530,68824,1
6199,R,500000,500000,5,37,1,21536,17973,1
6200,R,1000000,1000000,2,23,1,,29565,1
6201,R,200000,200000,2,33,1,72619,27157,1
6202,R,400000,300000,7,26,1,51229,17077,1
6203,R,300000,300000,6,26,0,88243,46980,1
6204,R,1000000,1000000,2,38,1,33932,53842,1
6205,R,1000000,1000000,2,30,1,18197,41418,1
6206,R,700000,300000,2,54,1,133771,13610,1
6207,R,600000,600000,2,48,1,117800,58761,1
6208,B,600000,600000,2,33,1,135520,30651,1
6209,R,200000,200000,2,26,1,268620,46365,1
6210,R,600000,600000,2,25,1,4329,14696,1
6211,R,600000,600000,2,27,1,1400,18801,1
6212,R,700000,700000,2,26,1,82871,4455,1
6213,R,1000000,1000000,2,25,1,86441,13545,1
6214,R,500000,500000,2,26,1,27620,33669,1
6215,R,1000000,1000000,2,55,1,,75033,1
6216,R,1000000,1000000,2,29,1,32947,22601,1
6217,R,1000000,1000000,2,31,1,112910,24818,1
6218,R,600000,300000,6,22,1,500,18953,1
6219,R,1000000,300000,7,53,1,18602,5634,1
6220,R,500000,300000,6,22,1,2147,42915,1
6221,R,600000,600000,3,38,0,125805,32076,1
6222,R,1000000,1000000,3,44,1,0,34290,1
6223,R,600000,600000,7,64,1,24540,12161,1
6224,R,700000,700000,2,26,1,21841,11610,1
6225,R,600000,300000,7,41,1,2097,53630,1
6226,R,300000,300000,7,25,1,102500,11970,1
6227,R,1000000,1000000,2,28,1,212396,17243,1
6228,R,500000,300000,2,37,1,30281,14039,1
6229,R,500000,300000,6,23,1,18431,44684,1
6230,R,1000000,1000000,2,32,1,,34808,1
6231,A,200000,200000,6,21,1,67513,7506,1
6232,R,400000,400000,2,27,1,99921,15617,1
6233,R,300000,300000,2,24,1,11505,55341,1
6234,R,1000000,1000000,4,64,1,4874,34163,1
6235,A,400000,300000,3,24,1,,55163,1
6236,R,700000,700000,2,25,1,12752,28159,1
6237,R,700000,700000,2,31,1,,11970,1
6238,R,1000000,1000000,4,34,1,87584,9738,1
6239,R,200000,200000,6,21,1,6070,13365,1
6240,R,600000,600000,2,26,1,42013,8337,1
6241,B,500000,500000,2,27,1,181915,13315,1
6242,R,300000,300000,6,23,0,70380,34650,1
6243,A,500000,300000,6,23,1,15683,18383,1
6244,R,1000000,1000000,3,24,1,22142,22379,1
6245,B,600000,600000,3,25,1,2510,24256,1
6246,R,600000,300000,3,23,1,58292,59490,1
6247,R,200000,200000,11,22,1,192408,74366,1
6248,R,200000,200000,7,25,1,0,11237,1
6249,A,500000,200000,6,21,1,66791,8811,1
6250,R,1000000,1000000,2,32,0,149086,11970,1
6251,R,200000,200000,2,20,1,0,14850,1
6252,R,500000,300000,6,21,1,32477,13823,1
6253,R,400000,400000,2,25,1,27150,11295,1
6254,R,400000,300000,6,20,1,85449,6030,1
6255,R,1000000,1000000,3,28,1,14657,9325,1
6256,R,600000,300000,7,53,1,,30613,1
6257,R,400000,400000,10,24,1,980,14172,1
6258,R,300000,300000,2,28,1,159720,21736,1
6259,R,600000,600000,2,26,1,84218,35640,1
6260,R,200000,200000,2,35,1,135552,58500,1
6261,R,700000,700000,2,29,1,136690,46274,1
6262,R,1000000,1000000,2,28,0,23760,93240,1
6263,R,1000000,1000000,2,28,0,,93240,1
6264,A,600000,600000,2,30,1,73665,5000,1
6265,R,700000,700000,2,52,1,,30652,1
6266,R,500000,300000,2,24,1,40679,21080,1
6267,R,1000000,1000000,2,28,0,47588,39100,1
6268,R,700000,700000,2,29,0,4085,49500,1
6269,R,1000000,1000000,3,26,1,15811,13457,1
6270,R,1000000,1000000,2,50,1,11860,27562,1
6271,R,200000,200000,6,21,1,201097,19155,1
6272,R,700000,700000,2,29,1,46758,45611,1
6273,R,700000,700000,2,27,1,128284,18900,1
6274,R,600000,600000,2,26,1,25155,16632,1
6275,R,600000,600000,2,26,1,39785,11376,1
6276,R,200000,200000,13,37,1,130620,107016,1
6277,R,400000,300000,6,21,0,194079,91537,1
6278,R,200000,200000,6,19,1,6647,23625,1
6279,R,700000,700000,2,32,1,96155,46105,1
6280,R,600000,600000,2,27,1,66080,30630,1
6281,A,600000,600000,2,32,0,7341,74448,1
6282,R,700000,700000,2,50,1,21746,22320,1
6283,R,300000,300000,6,19,1,164302,15930,1
6284,R,400000,400000,2,24,1,21199,12762,1
6285,R,400000,400000,2,26,0,81000,51570,1
6286,R,200000,200000,10,24,1,185258,9922,1
6287,R,500000,300000,6,22,1,10668,13952,1
6288,R,700000,700000,2,28,1,3000,38007,1
6289,R,700000,700000,2,31,1,33041,61119,1
6290,R,1000000,300000,7,46,1,0,27570,1
6291,R,600000,300000,6,23,0,19248,26820,1
6292,R,1000000,1000000,2,30,1,5351,9945,1
6293,R,300000,300000,6,20,0,28814,5310,1
6294,R,500000,500000,5,38,1,43634,32652,1
6295,R,1000000,1000000,2,31,1,58278,24163,1
6296,R,700000,700000,2,25,1,73030,21638,1
6297,R,500000,500000,7,34,1,15800,12960,1
6298,R,400000,400000,2,25,1,6428,38510,1
6299,R,600000,600000,2,26,1,37811,594,1
6300,A,600000,600000,2,24,1,146936,15741,1
6301,R,1000000,1000000,3,27,1,16899,26164,1
6302,R,500000,300000,6,23,1,135302,7989,1
6303,R,200000,200000,2,29,1,144620,17910,1
6304,R,600000,600000,2,24,1,57509,19593,1
6305,R,400000,300000,6,25,1,9057,9580,1
6306,R,500000,500000,2,27,1,,37215,1
6307,R,700000,700000,2,29,1,0,23223,1
6308,R,400000,400000,2,26,1,34228,13169,1
6309,R,1000000,1000000,3,40,0,104227,63450,1
6310,R,700000,700000,2,25,1,23722,10871,1
6311,R,1000000,1000000,2,36,1,91251,73905,1
6312,R,300000,300000,2,22,1,12760,30206,1
6313,R,1000000,1000000,2,36,0,31106,28674,1
6314,R,600000,600000,2,33,1,75261,37719,1
6315,R,500000,300000,2,24,1,175253,29188,1
6316,R,700000,700000,3,27,1,0,3420,1
6317,R,500000,500000,2,32,1,2433,16291,1
6318,R,1000000,1000000,3,23,1,3159,18702,1
6319,R,600000,600000,2,28,1,,28548,1
6320,R,700000,700000,2,30,1,52542,16830,1
6321,R,200000,200000,6,23,1,31592,15849,1
6322,R,200000,200000,6,22,1,59509,16020,1
6323,R,600000,600000,2,23,1,43193,18738,1
6324,R,300000,300000,2,23,1,151217,3010,1
6325,R,500000,500000,2,24,1,3000,12166,1
6326,R,200000,200000,6,21,1,56111,26676,1
6327,A,200000,200000,6,20,1,1463,13365,1
6328,R,500000,500000,2,25,1,35222,5337,1
6329,R,200000,200000,6,22,0,15286,34926,1
6330,R,600000,600000,2,25,0,103766,70337,1
6331,R,700000,300000,6,25,1,38662,9891,1
6332,R,1000000,1000000,5,53,0,35028,10748,1
6333,R,700000,700000,2,23,1,45799,55140,1
6334,R,700000,700000,2,30,1,0,11610,1
6335,R,600000,600000,2,31,1,,18702,1
6336,R,600000,600000,2,30,1,9540,13388,1
6337,R,700000,700000,2,25,1,52527,17222,1
6338,R,200000,200000,6,22,1,48230,41787,1
6339,R,600000,600000,2,45,1,17166,15930,1
6340,R,500000,500000,2,31,1,0,22320,1
6341,R,700000,700000,2,46,1,24660,15237,1
6342,A,1000000,1000000,4,34,1,5375,14157,1
6343,R,200000,200000,6,22,1,35055,14940,1
6344,R,500000,500000,2,25,1,74230,24543,1
6345,R,600000,300000,6,22,1,,32634,1
6346,R,600000,600000,2,27,1,55225,41339,1
6347,R,200000,200000,2,25,1,13717,26125,1
6348,R,700000,700000,2,30,1,71079,21659,1
6349,R,600000,600000,2,23,1,76519,12267,1
6350,R,200000,200000,6,20,1,1310485,150380,1
6351,R,300000,300000,6,25,1,162689,6732,1
6352,R,600000,300000,2,29,1,66822,113738,1
6353,R,600000,600000,2,24,0,97759,55228,1
6354,R,500000,500000,2,22,1,100860,12060,1
6355,A,200000,200000,6,21,1,28998,11880,1
6356,A,1000000,1000000,5,57,1,34407,23742,1
6357,R,500000,300000,2,22,1,,4693,1
6358,R,700000,700000,2,44,1,48899,5776,1
6359,R,300000,300000,2,28,1,306032,23202,1
6360,R,600000,600000,2,25,1,28071,34800,1
6361,R,600000,300000,6,23,1,41151,11566,1
6362,A,200000,200000,6,21,1,202573,42840,1
6363,R,500000,500000,2,24,1,760,13950,1
6364,R,200000,200000,6,20,1,163892,11610,1
6365,R,200000,200000,6,20,1,148534,6294,1
6366,R,500000,300000,6,22,1,4000,6565,1
6367,R,400000,300000,6,22,1,32947,2871,1
6368,R,200000,200000,6,21,1,6080,35928,1
6369,R,600000,600000,2,34,1,374863,97782,1
6370,R,600000,300000,7,24,0,63608,16029,1
6371,R,500000,500000,2,25,1,0,12015,1
6372,R,300000,300000,2,22,1,33125,15926,1
6373,R,200000,200000,2,23,1,82082,61914,1
6374,R,500000,500000,6,29,1,152481,6237,1
6375,R,200000,200000,6,19,0,23023,11842,1
6376,R,400000,400000,2,24,1,12343,3572,1
6377,R,700000,700000,2,30,1,73373,7552,1
6378,A,200000,200000,6,21,1,465339,19820,1
6379,R,200000,200000,7,25,1,2556,10287,1
6380,R,700000,700000,2,24,1,27299,14067,1
6381,R,200000,200000,2,25,1,258947,25794,1
6382,R,500000,500000,5,31,0,68408,49590,1
6383,R,600000,300000,2,24,1,150524,31856,1
6384,R,700000,700000,2,26,1,101561,17919,1
6385,R,500000,300000,6,21,0,29305,11709,1
6386,R,600000,300000,2,22,1,82767,11809,1
6387,R,700000,700000,3,25,1,14248,20880,1
6388,R,400000,400000,2,24,1,63566,22869,1
6389,R,600000,600000,2,27,0,36750,12735,1
6390,R,200000,200000,6,21,0,135831,10782,1
6391,R,200000,200000,6,22,1,11053,0,1
6392,R,200000,200000,2,26,1,17583,56133,1
6393,R,500000,500000,2,23,1,11475,34473,1
6394,R,200000,200000,6,22,0,12935,26820,1
6395,R,600000,600000,2,27,1,135892,14495,1
6396,R,600000,600000,2,54,0,82411,17217,1
6397,R,300000,300000,2,25,1,,20240,1
6398,R,400000,400000,2,25,1,66503,24660,1
6399,R,500000,500000,2,27,1,80962,18167,1
6400,R,400000,400000,2,29,1,5084,14400,1
6401,R,600000,300000,2,23,1,,15420,1
6402,R,700000,700000,2,25,1,,30965,1
6403,R,400000,400000,2,25,1,88751,3168,1
6404,R,200000,200000,6,21,1,9521,6129,1
6405,R,400000,300000,6,22,1,,12842,1
6406,R,1000000,1000000,3,26,1,117893,8010,1
6407,R,1000000,1000000,2,31,1,,117020,1
6408,R,300000,300000,11,21,1,33037,35424,1
6409,R,400000,300000,5,62,1,517947,22365,1
6410,R,600000,600000,2,25,1,638,13356,1
6411,R,200000,200000,7,25,1,11497,21051,1
6412,R,700000,700000,2,26,1,38514,12462,1
6413,R,200000,200000,6,23,1,21129,13104,1
6414,R,700000,300000,2,32,1,93895,13752,1
6415,R,500000,500000,2,22,1,272625,142872,1
6416,A,700000,700000,10,26,1,136819,21513,1
6417,R,700000,700000,2,24,1,14830,24372,1
6418,R,1000000,1000000,2,63,1,2565,9990,1
6419,A,600000,600000,2,25,1,0,8712,1
6420,R,500000,500000,2,29,1,33707,79318,1
6421,R,500000,300000,6,23,1,412762,31063,1
6422,R,600000,600000,2,23,1,58195,30470,1
6423,R,500000,300000,6,21,1,11400,33285,1
6424,R,400000,300000,7,24,1,,24311,1
6425,R,500000,500000,7,23,1,62173,11970,1
6426,R,700000,300000,4,53,1,587718,76625,1
6427,R,200000,200000,6,21,0,61276,26820,1
6428,R,200000,200000,2,23,1,70836,103606,1
6429,R,600000,600000,2,28,1,9680,16137,1
6430,R,700000,700000,12,28,1,49853,54090,1
6431,R,300000,300000,2,25,0,79299,29295,1
6432,R,1000000,300000,2,32,1,0,16029,1
6433,R,600000,600000,7,28,1,12683,33439,1
6434,R,600000,600000,2,27,1,35568,9396,1
6435,R,300000,300000,1,37,1,64049,53550,1
6436,R,1000000,300000,6,23,1,200677,5733,1
6437,R,600000,600000,2,26,0,225960,24138,1
6438,R,600000,600000,2,23,1,13538,52650,1
6439,A,600000,600000,2,28,1,71892,79563,1
6440,R,400000,300000,6,22,1,40974,11574,1
6441,A,200000,200000,6,25,0,0,25740,1
6442,R,200000,200000,6,20,0,22230,19433,1
6443,R,1000000,1000000,2,53,1,62453,7956,1
6444,R,500000,500000,3,23,1,12357,12078,1
6445,A,1000000,1000000,2,28,1,25945,32170,1
6446,R,500000,500000,2,25,0,,18810,1
6447,R,600000,300000,6,21,1,4640,14619,1
6448,R,700000,300000,7,51,1,11857,6540,1
6449,R,700000,700000,2,36,1,4038,8010,1
6450,R,400000,400000,13,32,1,26315,58779,1
6451,R,1000000,1000000,7,41,0,0,44964,1
6452,R,500000,500000,2,33,0,107347,51580,1
6453,R,500000,500000,2,28,1,46273,10198,1
6454,R,700000,700000,2,62,1,6220,108198,1
6455,A,200000,200000,11,32,1,241217,23265,1
6456,R,1000000,1000000,2,51,1,2147,16425,1
6457,R,1000000,1000000,2,35,1,3077,67034,1
6458,B,500000,500000,2,37,1,13684,70785,1
6459,R,700000,700000,2,24,1,57110,28036,1
6460,R,700000,700000,7,38,1,74296,29239,1
6461,R,600000,600000,2,41,1,931,18405,1
6462,R,400000,400000,7,25,1,76934,24642,1
6463,R,600000,300000,6,20,0,85755,13500,1
6464,R,600000,300000,6,20,0,71369,13500,1
6465,R,700000,700000,2,26,1,10278,29587,1
6466,R,400000,400000,2,27,1,174802,43353,1
6467,R,1000000,300000,7,63,1,13437,8153,1
6468,R,1000000,1000000,2,53,1,10151,11266,1
6469,R,200000,200000,2,22,1,,21573,1
6470,R,200000,200000,2,27,1,21569,14049,1
6471,R,400000,400000,2,25,1,,25551,1
6472,R,600000,600000,3,56,0,6022,22860,1
6473,R,500000,500000,2,29,1,47519,12735,1
6474,R,600000,600000,2,27,0,83982,36630,1
6475,R,1000000,1000000,2,29,1,8081,17803,1
6476,R,1000000,1000000,2,29,1,44510,19691,1
6477,R,500000,500000,3,23,1,0,9801,1
6478,R,1000000,1000000,2,32,0,81405,25490,1
6479,R,200000,200000,2,23,1,40695,27855,1
6480,R,600000,600000,2,26,1,36267,13905,1
6481,R,600000,300000,6,22,1,68294,37046,1
6482,R,1000000,1000000,2,30,1,43148,28842,1
6483,R,600000,600000,2,25,1,44603,30466,1
6484,B,500000,300000,2,22,1,8850,14256,1
6485,R,700000,700000,2,47,1,6405,28922,1
6486,R,1000000,1000000,2,49,0,,51570,1
6487,R,1000000,1000000,2,32,1,12593,11619,1
6488,R,1000000,900000,2,26,1,0,15831,1
6489,R,1000000,1000000,2,26,1,1045,8811,1
6490,R,600000,600000,2,25,0,9419,18433,1
6491,R,700000,700000,3,26,1,15489,17055,1
6492,B,600000,600000,2,24,1,46746,0,1
6493,B,700000,700000,2,35,1,23152,21780,1
6494,R,500000,500000,2,26,0,4000,22860,1
6495,R,1000000,1000000,2,48,1,6161,30483,1
6496,R,200000,200000,6,20,1,33754,9990,1
6497,R,700000,700000,2,27,1,13476,60400,1
6498,R,200000,200000,6,20,1,14461,13401,1
6499,R,500000,500000,2,27,1,54248,10710,1
6500,R,200000,200000,6,20,1,112045,19935,1
6501,R,700000,700000,2,29,1,30378,4668,1
6502,R,700000,700000,2,27,1,66510,19797,1
6503,R,600000,600000,2,29,1,103474,25929,1
6504,R,200000,200000,6,22,1,173633,36988,1
6505,R,400000,400000,2,33,0,245223,35640,1
6506,R,1000000,1000000,2,24,1,,16920,1
6507,R,700000,700000,2,25,1,,25623,1
6508,R,500000,500000,2,27,1,33000,30132,1
6509,R,200000,200000,6,20,1,230268,36909,1
6510,R,200000,200000,6,19,1,,18079,1
6511,R,600000,600000,2,25,1,76178,10953,1
6512,R,700000,700000,3,27,1,41580,16128,1
6513,R,600000,600000,2,25,1,97144,19460,1
6514,R,200000,200000,6,20,1,25633,20164,1
6515,R,600000,600000,2,31,0,17460,30973,1
6516,R,200000,200000,6,23,1,63844,30196,1
6517,R,600000,600000,2,30,1,115128,6408,1
6518,R,700000,700000,2,32,0,49115,94635,1
6519,R,1000000,900000,7,57,1,10183,3555,1
6520,R,500000,500000,2,32,1,4798,7317,1
6521,R,200000,200000,2,26,1,45630,22365,1
6522,A,600000,600000,2,24,1,325914,17028,1
6523,R,400000,400000,3,24,1,21765,24246,1
6524,B,700000,700000,7,27,1,0,69496,1
6525,R,1000000,1000000,1,58,0,299612,118395,1
6526,R,600000,600000,3,24,1,36960,33354,1
6527,R,200000,200000,6,22,1,205773,11673,1
6528,R,1000000,1000000,3,33,0,56430,110970,1
6529,R,600000,300000,6,23,1,,9090,1
6530,R,200000,200000,2,28,1,0,15210,1
6531,R,300000,300000,2,26,1,48000,15930,1
6532,R,600000,600000,2,28,1,39891,34170,1
6533,A,600000,600000,2,42,1,173007,29158,1
6534,R,500000,500000,2,22,1,0,15058,1
6535,R,1000000,300000,7,57,1,,69093,1
6536,R,600000,600000,2,27,1,14535,27365,1
6537,R,700000,700000,2,42,1,17462,31473,1
6538,R,600000,600000,2,23,1,28943,9396,1
6539,R,200000,200000,6,20,0,138504,0,1
6540,R,700000,700000,2,25,1,12917,6192,1
6541,R,200000,200000,2,25,1,42811,57510,1
6542,B,700000,300000,2,26,1,25356,28647,1
6543,R,1000000,1000000,2,29,1,61369,53046,1
6544,R,600000,600000,2,27,0,33922,18801,1
6545,R,600000,600000,2,26,1,14322,26010,1
6546,R,700000,700000,2,28,1,26994,18900,1
6547,R,1000000,1000000,2,28,1,35517,38304,1
6548,R,600000,600000,2,27,1,159851,92853,1
6549,R,1000000,1000000,4,61,1,58788,11861,1
6550,B,200000,200000,3,24,1,62463,12385,1
6551,R,600000,600000,2,24,1,29185,9936,1
6552,A,1000000,1000000,3,53,1,22077,15840,1
6553,R,700000,700000,2,34,1,78475,64440,1
6554,R,200000,200000,2,24,1,14944,21280,1
6555,R,600000,600000,2,27,1,16600,17415,1
6556,R,1000000,1000000,3,51,1,47294,11555,1
6557,R,400000,400000,2,26,1,28273,4851,1
6558,R,600000,600000,2,24,1,15629,21411,1
6559,R,500000,300000,6,21,1,39991,9594,1
6560,A,600000,500000,2,25,1,,31671,1
6561,R,500000,500000,2,21,1,105493,14773,1
6562,R,700000,700000,3,26,1,190967,10980,1
6563,R,400000,300000,6,20,1,66383,40016,1
6564,R,500000,300000,13,23,1,8968,16343,1
6565,R,700000,700000,2,51,1,38504,39749,1
6566,R,700000,400000,2,24,1,,6723,1
6567,R,200000,200000,6,20,1,42660,20340,1
6568,R,700000,700000,2,25,1,0,12870,1
6569,R,700000,700000,2,27,1,70330,73877,1
6570,R,600000,300000,6,22,0,12540,22734,1
6571,R,200000,200000,6,21,0,21337,26499,1
6572,R,200000,200000,7,29,1,30810,22779,1
6573,R,600000,600000,2,25,0,7838,63945,1
6574,R,700000,700000,7,25,1,2831,22084,1
6575,R,300000,300000,6,22,1,21237,21375,1
6576,A,500000,500000,2,27,1,174774,64013,1
6577,R,600000,600000,2,25,1,12490,19809,1
6578,R,1000000,1000000,2,26,1,,6822,1
6579,R,200000,200000,6,20,1,357181,27261,1
6580,R,700000,700000,2,50,1,77771,10582,1
6581,R,500000,500000,2,25,1,40525,6138,1
6582,R,600000,600000,2,25,1,130282,7911,1
6583,R,400000,300000,6,21,1,32845,4739,1
6584,R,1000000,1000000,2,30,1,32084,21870,1
6585,R,500000,500000,2,23,1,63951,12087,1
6586,R,600000,300000,6,22,1,40711,7284,1
6587,R,700000,700000,13,28,1,11305,8285,1
6588,R,400000,300000,6,22,1,5539,3486,1
6589,R,600000,600000,2,27,1,15561,19296,1
6590,A,200000,200000,6,23,1,,64643,1
6591,R,200000,200000,6,21,1,247929,7515,1
6592,R,200000,200000,6,25,1,53145,17544,1
6593,R,1000000,300000,2,29,1,14493,13386,1
6594,A,700000,700000,12,33,1,480441,97150,1
6595,R,1000000,1000000,2,26,1,68591,10453,1
6596,R,400000,300000,6,20,1,30469,18900,1
6597,R,200000,200000,5,29,0,0,180000,1
6598,R,600000,600000,2,25,1,6000,46835,1
6599,R,400000,300000,6,21,1,181731,27982,1
6600,R,1000000,1000000,2,26,1,45458,24669,1
6601,R,200000,200000,6,21,1,103297,6075,1
6602,R,200000,200000,6,21,1,109437,34700,1
6603,R,200000,200000,6,22,1,15486,44532,1
6604,R,600000,600000,2,29,1,134146,43439,1
6605,R,200000,200000,6,20,1,30800,2610,1
6606,R,200000,200000,7,30,1,132332,17343,1
6607,R,600000,600000,2,31,1,524,12510,1
6608,R,300000,300000,4,29,1,55181,38075,1
6609,R,700000,700000,2,24,1,41541,11988,1
6610,R,200000,200000,6,22,1,170355,39258,1
6611,R,400000,300000,6,20,1,524,31321,1
6612,R,300000,300000,7,32,1,49539,58847,1
6613,R,200000,200000,2,28,1,14443,17811,1
6614,R,1000000,1000000,2,44,0,69050,49816,1
6615,R,600000,600000,2,27,1,25248,37440,1
6616,R,1000000,1000000,3,25,1,16211,16857,1
6617,R,700000,300000,6,22,1,526323,180000,1
6618,R,200000,200000,6,19,1,104255,16674,1
6619,A,700000,700000,2,53,1,52288,33930,1
6620,R,500000,300000,5,48,1,428006,54144,1
6621,R,1000000,300000,6,28,1,,13257,1
6622,R,200000,200000,2,25,1,108891,10713,1
6623,R,500000,500000,2,25,1,12726,14841,1
6624,R,400000,400000,2,25,1,37937,17914,1
6625,R,700000,300000,6,23,1,58365,16029,1
6626,R,400000,300000,6,23,1,6261,7515,1
6627,R,1000000,700000,7,28,1,5737,11610,1
6628,R,200000,200000,6,20,1,5362,24246,1
6629,R,300000,300000,2,24,1,83449,14391,1
6630,R,400000,400000,2,27,1,0,45250,1
6631,R,600000,300000,6,21,1,5407,34086,1
6632,R,600000,300000,6,21,1,,34086,1
6633,R,400000,300000,6,20,1,75537,50683,1
6634,R,200000,200000,2,21,1,,14148,1
6635,R,200000,200000,6,20,1,,17712,1
6636,R,500000,300000,6,22,1,,7515,1
6637,R,500000,500000,6,30,1,993574,33643,1
6638,R,700000,700000,2,26,1,2160,38040,1
6639,R,600000,600000,2,24,1,163098,47216,1
6640,R,700000,300000,6,22,1,,19884,1
6641,R,700000,700000,2,25,1,49238,45642,1
6642,R,600000,600000,2,25,1,1175,15930,1
6643,R,1000000,1000000,2,31,1,7611,29674,1
6644,R,500000,500000,3,23,1,,52758,1
6645,R,200000,200000,6,26,1,47586,0,1
6646,R,600000,600000,2,26,1,76983,41251,1
6647,R,1000000,1000000,2,27,1,12518,6228,1
6648,A,1000000,1000000,2,24,1,,13635,1
6649,R,300000,300000,5,35,1,229797,62865,1
6650,A,200000,200000,2,25,1,117222,5580,1
6651,R,200000,200000,6,21,1,30072,8404,1
6652,R,300000,300000,6,21,1,154532,45583,1
6653,R,600000,300000,6,22,1,,7927,1
6654,R,600000,300000,6,23,1,106272,2835,1
6655,R,600000,600000,2,27,1,584400,26435,1
6656,R,300000,300000,6,22,1,140957,43591,1
6657,B,1000000,1000000,2,30,1,,29601,1
6658,R,600000,600000,2,27,1,585326,10710,1
6659,R,1000000,1000000,2,28,1,397183,54738,1
6660,R,700000,700000,2,28,1,,11520,1
6661,R,400000,400000,2,27,1,7676,31209,1
6662,R,500000,500000,2,30,1,141594,13500,1
6663,R,500000,300000,2,26,1,69884,4464,1
6664,R,200000,200000,7,26,1,58556,9891,1
6665,R,200000,200000,2,40,1,215016,67358,1
6666,R,600000,600000,2,27,1,41579,8983,1
6667,R,600000,300000,2,24,1,12724,2100,1
6668,R,700000,300000,6,23,1,5118,10782,1
6669,R,500000,300000,7,50,1,56435,12843,1
6670,R,1000000,1000000,2,43,1,3571,29880,1
6671,R,700000,300000,6,24,0,15421,14245,1
6672,R,700000,700000,2,25,1,7824,1108,1
6673,R,500000,500000,2,24,1,18810,14653,1
6674,R,1000000,1000000,3,51,1,204770,12960,1
6675,R,700000,700000,2,34,1,759854,13376,1
6676,R,500000,500000,2,28,1,237496,144112,1
6677,R,200000,200000,2,21,1,39062,18646,1
6678,R,1000000,1000000,2,31,1,57306,25830,1
6679,R,500000,500000,2,27,1,12816,21324,1
6680,R,1000000,300000,7,48,1,2352,3443,1
6681,R,500000,500000,5,35,1,86063,51793,1
6682,R,500000,500000,5,35,1,,51793,1
6683,R,300000,300000,2,23,1,117462,19710,1
6684,R,400000,400000,2,38,1,39711,5148,1
6685,R,400000,400000,2,26,1,15221,24402,1
6686,R,1000000,300000,7,58,1,133395,53135,1
6687,R,500000,500000,2,28,1,18810,56925,1
6688,R,600000,600000,2,24,1,24000,69390,1
6689,R,600000,600000,7,58,1,74776,23760,1
6690,A,600000,600000,2,28,0,111205,54965,1
6691,R,700000,700000,2,53,1,0,46287,1
6692,R,600000,300000,11,28,1,15506,1278,1
6693,R,700000,700000,2,30,0,47461,26280,1
6694,R,700000,500000,2,37,1,160964,11927,1
6695,R,700000,700000,3,27,1,9536,50085,1
6696,R,200000,200000,2,26,1,178349,148412,1
6697,R,1000000,1000000,2,45,1,153486,28215,1
6698,R,400000,300000,4,61,1,65527,7293,1
6699,R,700000,700000,2,44,1,57360,14960,1
6700,R,1000000,1000000,2,44,1,,82357,1
6701,B,500000,300000,6,23,1,167826,97020,1
6702,B,1000000,1000000,2,58,1,24947,4921,1
6703,R,200000,200000,7,24,0,220600,11385,1
6704,R,500000,500000,2,24,1,16198,22860,1
6705,R,400000,400000,2,29,1,,43650,1
6706,R,500000,500000,2,24,1,,28540,1
6707,R,600000,300000,7,39,1,260150,180000,1
6708,R,500000,500000,2,27,1,101943,60390,1
6709,R,700000,700000,2,36,0,,56214,1
6710,R,1000000,1000000,2,35,1,273030,123147,1
6711,R,600000,600000,3,24,1,15055,34740,1
6712,R,600000,600000,2,31,0,3000,41670,1
6713,R,600000,600000,2,36,0,186429,11448,1
6714,R,500000,500000,2,27,1,77359,11442,1
6715,R,600000,600000,2,25,1,27172,9205,1
6716,R,600000,600000,2,26,0,160002,67905,1
6717,A,700000,700000,2,53,1,14351,2124,1
6718,R,500000,500000,10,33,1,30504,26820,1
6719,R,1000000,1000000,3,46,1,59277,28662,1
6720,R,400000,400000,2,26,1,233429,73648,1
6721,A,600000,600000,2,26,1,157590,35649,1
6722,R,700000,700000,2,39,1,108419,39910,1
6723,R,200000,200000,6,22,1,173447,31556,1
6724,R,700000,300000,7,55,1,64100,19800,1
6725,R,1000000,1000000,4,55,1,118220,98100,1
6726,R,300000,300000,2,26,1,193491,27090,1
6727,R,1000000,1000000,2,29,1,40081,10679,1
6728,R,1000000,1000000,4,37,1,242587,24345,1
6729,R,500000,500000,2,44,1,235918,27629,1
6730,R,400000,400000,2,26,1,270271,26361,1
6731,R,1000000,300000,7,51,1,65142,13860,1
6732,R,200000,200000,6,20,1,84145,21501,1
6733,R,700000,700000,2,27,1,91496,37274,1
6734,R,1000000,1000000,2,27,1,26892,5749,1
6735,R,1000000,1000000,2,47,1,105964,69300,1
6736,R,500000,500000,3,27,1,136582,1755,1
6737,R,600000,600000,2,27,1,21000,0,1
6738,R,600000,600000,3,34,1,,170877,1
6739,R,600000,600000,2,32,1,84635,31770,1
6740,R,1000000,1000000,2,38,1,5174,27720,1
6741,R,1000000,1000000,2,61,1,20000,65520,1
6742,R,1000000,1000000,2,48,1,951,35730,1
6743,A,1000000,1000000,2,64,1,71240,180000,1
6744,R,1000000,1000000,2,57,1,8289,11447,1
6745,R,1000000,1000000,2,38,1,19854,92124,1
6746,B,1000000,1000000,2,54,1,,134608,1
6747,R,1000000,1000000,2,42,1,80063,63351,1
6748,R,200000,200000,6,21,1,10040,22592,1
6749,R,600000,600000,2,50,1,133706,45723,1
6750,R,1000000,1000000,2,72,1,65339,16920,1
6751,R,700000,300000,2,53,1,35802,30400,1
6752,R,600000,600000,2,26,1,128294,21575,1
6753,R,500000,300000,8,26,1,45614,54235,1
6754,R,500000,300000,6,24,1,100371,13680,1
6755,A,600000,300000,6,27,1,7092,16720,1
6756,R,200000,200000,6,24,1,77898,60970,1
6757,R,600000,600000,11,49,0,143528,14550,1
6758,R,200000,200000,2,24,1,181034,58366,1
6759,A,700000,700000,3,31,1,97872,15099,1
6760,R,200000,200000,2,25,1,172288,54552,1
6761,A,400000,400000,2,29,1,40704,51233,1
6762,R,700000,300000,6,23,1,81008,18999,1
6763,R,200000,200000,6,20,1,14630,9798,1
6764,R,1000000,300000,7,38,1,2756,53821,1
6765,R,700000,700000,2,24,1,80823,76366,1
6766,A,700000,300000,6,22,1,65324,33743,1
6767,R,600000,300000,6,22,1,2143,21771,1
6768,R,200000,200000,6,21,1,0,31357,1
6769,R,600000,600000,2,27,1,30917,18610,1
6770,R,400000,400000,5,65,1,48600,52091,1
6771,R,600000,600000,2,29,1,0,13386,1
6772,R,600000,600000,2,27,1,25603,47160,1
6773,R,400000,400000,3,25,1,59049,50672,1
6774,R,700000,600000,7,67,1,13519,15422,1
6775,R,500000,500000,3,24,1,75112,32952,1
6776,R,1000000,1000000,2,47,1,0,485,1
6777,R,1000000,1000000,2,25,1,49424,59650,1
6778,R,300000,300000,3,65,1,157656,16720,1
6779,R,700000,700000,2,30,1,8488,19890,1
6780,R,300000,300000,4,47,1,2100,19206,1
6781,R,500000,500000,2,24,1,37634,43925,1
6782,R,1000000,1000000,10,40,1,6968,178549,1
6783,R,200000,200000,6,20,1,0,13554,1
6784,R,600000,600000,2,28,1,1891,31249,1
6785,R,200000,200000,6,21,1,0,7129,1
6786,A,600000,600000,3,34,1,133801,29205,1
6787,R,1000000,1000000,2,31,1,24355,29745,1
6788,R,600000,600000,2,50,1,27680,16573,1
6789,R,300000,300000,6,22,1,345536,13455,1
6790,R,1000000,1000000,5,56,0,10665,28028,1
6791,R,1000000,300000,2,49,1,35776,28149,1
6792,R,700000,700000,2,40,1,149993,0,1
6793,R,600000,600000,2,28,1,53705,39699,1
6794,A,500000,500000,2,24,1,106755,17726,1
6795,R,1000000,1000000,2,40,1,34235,14148,1
6796,R,600000,600000,2,40,1,7798,3266,1
6797,R,400000,300000,6,21,1,48384,15508,1
6798,R,1000000,1000000,2,33,1,158653,48601,1
6799,R,500000,500000,2,52,1,770,8010,1
6800,R,600000,600000,2,26,1,489024,77891,1
6801,R,500000,500000,2,25,1,45736,7656,1
6802,R,1000000,1000000,10,57,1,247620,180000,1
6803,R,1000000,1000000,2,31,1,97125,11970,1
6804,R,600000,600000,7,36,1,,7367,1
6805,R,700000,700000,3,31,1,17834,36148,1
6806,R,700000,700000,2,24,1,23838,13862,1
6807,R,200000,200000,6,26,1,115643,38817,1
6808,R,600000,600000,5,47,0,0,85434,1
6809,R,500000,300000,6,22,1,112361,15770,1
6810,R,500000,300000,7,25,1,314,1484,1
6811,R,1000000,1000000,2,31,1,8038,90801,1
6812,R,200000,200000,2,33,1,117316,33221,1
6813,R,500000,500000,7,42,1,68280,18293,1
6814,R,200000,200000,6,21,1,34865,40939,1
6815,R,1000000,1000000,3,53,1,165726,26442,1
6816,R,500000,500000,2,53,1,0,23560,1
6817,R,500000,300000,6,21,1,573528,19890,1
6818,R,600000,600000,2,29,1,0,15138,1
6819,R,600000,600000,2,26,1,1122,11880,1
6820,R,1000000,300000,13,66,1,28653,27255,1
6821,A,400000,400000,2,27,1,274560,27680,1
6822,R,1000000,1000000,2,63,1,0,15831,1
6823,R,700000,300000,4,64,1,35790,39765,1
6824,R,200000,200000,6,20,1,242416,29862,1
6825,R,700000,700000,7,53,1,60537,40935,1
6826,R,1000000,1000000,3,41,1,42812,31128,1
6827,B,600000,600000,1,61,0,106731,0,1
6828,R,700000,700000,7,29,1,162726,58424,1
6829,R,600000,300000,2,40,1,81622,33559,1
6830,R,700000,700000,2,25,1,11011,16252,1
6831,R,500000,500000,7,27,1,23286,22237,1
6832,R,400000,300000,6,20,1,39900,64291,1
6833,R,600000,300000,6,23,1,73797,32138,1
6834,R,1000000,1000000,10,37,0,44021,62707,1
6835,R,700000,700000,2,38,1,33899,32670,1
6836,R,500000,500000,5,40,1,119354,57162,1
6837,R,200000,200000,6,21,1,98477,45001,1
6838,R,1000000,1000000,2,53,1,20640,6433,1
6839,R,500000,500000,2,24,0,81326,36126,1
6840,R,400000,300000,6,20,1,61209,13880,1
6841,R,500000,500000,2,24,1,253997,11614,1
6842,R,500000,300000,6,22,1,211064,46494,1
6843,R,700000,500000,2,44,1,37620,31365,1
6844,R,700000,700000,2,27,0,30944,181554,1
6845,R,1000000,300000,4,52,1,13726,47223,1
6846,R,1000000,1000000,1,53,0,33825,180000,1
6847,R,700000,700000,2,24,1,132131,12960,1
6848,R,500000,500000,2,28,1,48438,9548,1
6849,R,600000,600000,2,34,1,32447,13158,1
6850,R,600000,600000,2,40,1,61353,65538,1
6851,R,200000,200000,2,24,1,52313,33966,1
6852,R,700000,400000,11,28,1,,25484,1
6853,R,600000,600000,2,37,1,46278,11495,1
6854,R,1000000,1000000,4,51,1,0,16650,1
6855,A,500000,300000,6,22,1,92445,0,1
6856,R,600000,600000,2,25,1,37434,68434,1
6857,R,600000,300000,7,28,1,55908,21106,1
6858,R,300000,300000,6,20,1,53535,76320,1
6859,R,600000,600000,2,25,1,3290,6574,1
6860,R,1000000,1000000,3,53,1,41927,180000,1
6861,R,500000,500000,3,24,1,17558,25049,1
6862,R,600000,600000,2,29,1,30152,20995,1
6863,R,500000,500000,2,29,1,154366,70570,1
6864,B,700000,700000,2,30,1,14285,122756,1
6865,R,700000,700000,2,30,1,50780,3895,1
6866,R,600000,600000,2,32,0,152772,109800,1
6867,R,700000,700000,2,28,1,21625,269108,1
6868,R,1000000,1000000,2,52,0,108167,32121,1
6869,R,700000,400000,2,24,1,46835,22639,1
6870,R,500000,500000,2,34,1,114708,172170,1
6871,R,1000000,600000,2,46,1,,42201,1
6872,R,1000000,1000000,2,60,0,88249,6534,1
6873,R,500000,300000,6,20,1,8485,10593,1
6874,R,1000000,1000000,2,30,0,21986,20702,1
6875,R,1000000,1000000,2,25,1,19611,17820,1
6876,R,600000,300000,4,50,1,78607,91071,1
6877,R,200000,200000,7,27,1,49000,23265,1
6878,R,1000000,1000000,2,41,1,64188,180000,1
6879,R,700000,700000,2,25,1,18441,12525,1
6880,A,1000000,1000000,3,37,1,186564,10346,1
6881,R,1000000,300000,7,50,1,25878,74354,1
6882,R,500000,500000,2,25,1,31211,15282,1
6883,R,1000000,1000000,2,55,1,0,9036,1
6884,A,200000,200000,7,23,1,19629,14575,1
6885,R,600000,600000,3,25,1,3658,42351,1
6886,R,700000,700000,2,41,1,85479,180041,1
6887,R,1000000,1000000,2,26,1,54399,20682,1
6888,R,400000,400000,2,26,1,78255,18278,1
6889,A,400000,300000,6,23,1,10341,25565,1
6890,A,500000,300000,6,22,1,25063,17721,1
6891,B,400000,400000,2,28,1,4543,58989,1
6892,R,500000,500000,7,33,1,12093,4293,1
6893,R,700000,700000,2,26,1,64109,1672,1
6894,R,1000000,300000,2,45,1,247760,180000,1
6895,R,500000,300000,4,51,1,10845,22206,1
6896,R,500000,500000,2,29,1,87210,95,1
6897,R,500000,300000,6,21,1,30375,10163,1
6898,R,300000,300000,2,25,1,7420,18810,1
6899,R,700000,700000,3,25,1,4389,19791,1
6900,R,500000,300000,6,22,1,0,25524,1
6901,R,1000000,1000000,2,32,1,47409,43990,1
6902,R,500000,500000,2,28,1,22847,11980,1
6903,R,1000000,300000,7,57,1,63608,13950,1
6904,R,400000,300000,6,20,1,58336,26098,1
6905,R,600000,600000,2,26,1,45738,63855,1
6906,A,1000000,1000000,2,61,0,90000,180000,1
6907,R,500000,300000,2,56,1,126180,69857,1
6908,R,600000,600000,2,32,0,34599,13484,1
6909,R,200000,200000,6,21,1,32230,1140,1
6910,R,500000,500000,2,24,1,,27579,1
6911,R,700000,700000,4,39,1,5000,43919,1
6912,R,1000000,1000000,4,64,1,0,16920,1
6913,R,500000,300000,7,31,1,23728,35571,1
6914,R,1000000,1000000,5,69,0,17960,3544,1
6915,R,600000,600000,5,63,1,1847,68764,1
6916,R,300000,300000,6,23,1,168242,38546,1
6917,R,700000,300000,8,76,1,72036,2880,1
6918,R,500000,500000,11,28,1,5216,16866,1
6919,R,600000,300000,7,56,1,178302,23081,1
6920,R,200000,200000,6,21,1,70107,6650,1
6921,R,600000,600000,2,24,1,36781,13691,1
6922,R,1000000,1000000,2,31,1,0,7337,1
6923,R,400000,400000,2,25,1,188442,5105,1
6924,R,500000,500000,10,33,1,627,27649,1
6925,R,700000,700000,2,64,1,,66371,1
6926,R,200000,200000,6,25,1,84392,55004,1
6927,B,700000,700000,2,26,1,122816,15732,1
6928,R,600000,600000,2,52,1,,20628,1
6929,R,400000,300000,6,23,1,39168,10485,1
6930,R,700000,700000,2,27,0,93900,35739,1
6931,R,1000000,300000,6,24,1,120057,6950,1
6932,R,400000,300000,6,24,1,5016,41301,1
6933,R,600000,600000,2,28,1,12767,6283,1
6934,R,700000,700000,2,26,1,87160,12725,1
6935,R,500000,500000,2,26,1,29992,21524,1
6936,B,700000,300000,2,23,1,32207,13852,1
6937,R,1000000,300000,4,48,1,19390,6732,1
6938,R,200000,200000,4,42,1,94897,82871,1
6939,R,200000,200000,2,25,1,25332,38043,1
6940,A,200000,200000,6,19,1,69453,27236,1
6941,R,400000,400000,2,26,1,120806,37983,1
6942,R,400000,400000,2,23,1,43195,8951,1
6943,R,500000,500000,2,35,1,68896,57708,1
6944,R,500000,500000,7,34,1,6243,5040,1
6945,R,400000,300000,6,23,1,46596,28021,1
6946,A,600000,600000,2,29,1,77540,31898,1
6947,R,600000,300000,11,32,1,46555,5869,1
6948,R,500000,500000,5,59,1,108397,6584,1
6949,R,700000,300000,6,24,1,1357000,42968,1
6950,R,200000,200000,6,20,1,5528,14950,1
6951,R,400000,300000,4,49,1,8028,14940,1
6952,R,500000,500000,4,56,1,56233,6228,1
6953,R,600000,600000,2,26,1,408144,30324,1
6954,R,500000,500000,2,26,1,7564,8550,1
6955,R,700000,700000,2,24,0,130707,55242,1
6956,R,500000,500000,3,27,1,497604,7211,1
6957,R,1000000,1000000,3,52,0,0,5320,1
6958,R,700000,700000,2,26,1,70711,5040,1
6959,R,1000000,1000000,2,42,1,36322,8217,1
6960,R,600000,600000,3,24,1,51649,20187,1
6961,R,600000,600000,2,57,1,157503,17739,1
6962,R,600000,600000,2,27,1,20994,46243,1
6963,R,600000,600000,2,41,1,49087,48532,1
6964,R,700000,700000,2,28,1,88501,5767,1
6965,R,1000000,500000,2,61,1,2790,2745,1
6966,R,1000000,1000000,2,31,1,278033,121866,1
6967,R,1000000,500000,4,64,1,32062,108504,1
6968,R,1000000,1000000,2,29,1,106629,13707,1
6969,B,700000,300000,7,36,1,96506,7191,1
6970,R,700000,700000,2,27,1,69313,25253,1
6971,R,1000000,1000000,3,31,1,130252,6030,1
6972,A,700000,300000,7,57,1,108569,24750,1
6973,R,1000000,1000000,4,55,1,73984,58934,1
6974,R,600000,600000,7,23,1,0,4671,1
6975,R,1000000,600000,2,42,1,27955,38673,1
6976,R,600000,300000,6,23,1,110458,5828,1
6977,R,600000,600000,4,38,1,7958,6732,1
6978,R,1000000,1000000,2,38,1,50870,33649,1
6979,R,400000,400000,7,23,1,15205,35586,1
6980,R,200000,200000,6,19,1,111327,29147,1
6981,R,600000,300000,6,22,1,0,24750,1
6982,R,600000,600000,2,23,1,26751,12600,1
6983,R,600000,600000,2,47,1,345642,40057,1
6984,R,700000,700000,4,48,1,68552,46422,1
6985,R,700000,700000,2,60,0,7799,18900,1
6986,A,200000,200000,6,21,1,34731,24039,1
6987,R,600000,300000,13,38,1,430484,6891,1
6988,R,200000,200000,7,23,1,46567,26716,1
6989,R,700000,500000,2,24,1,65812,15075,1
6990,R,700000,700000,2,26,1,14588,2433,1
6991,R,1000000,300000,6,23,0,134477,35640,1
6992,R,600000,300000,7,29,1,10830,29988,1
6993,R,1000000,300000,11,30,1,68249,21414,1
6994,R,700000,300000,7,51,1,0,92660,1
6995,R,300000,300000,2,31,1,404349,74421,1
6996,R,200000,200000,7,19,1,17162,21373,1
6997,R,500000,300000,6,21,1,18799,17775,1
6998,R,200000,200000,6,22,1,3007,20583,1
6999,R,200000,200000,5,80,0,88611,20880,1
7000,R,400000,400000,7,24,1,73220,10485,1
7001,A,700000,300000,2,25,1,85590,8451,1
7002,R,1000000,300000,4,67,1,2970,6264,1
7003,R,600000,300000,6,23,1,53319,0,1
7004,R,200000,200000,6,20,1,79423,18240,1
7005,R,600000,600000,2,28,1,210377,59877,1
7006,R,1000000,1000000,2,41,1,25983,20529,1
7007,R,600000,300000,7,48,1,0,9990,1
7008,A,400000,400000,2,27,1,18698,25184,1
7009,R,400000,400000,5,31,1,88785,47233,1
7010,R,1000000,1000000,2,57,1,27986,23157,1
7011,R,1000000,1000000,2,52,1,1645,77050,1
7012,R,1000000,1000000,2,25,0,14421,25830,1
7013,R,1000000,1000000,2,25,1,34650,6534,1
7014,R,700000,700000,2,31,1,87744,26955,1
7015,R,700000,700000,2,24,1,35307,34443,1
7016,R,200000,200000,6,23,1,,9792,1
7017,R,600000,600000,13,31,1,3801,19890,1
7018,R,400000,400000,7,31,1,7849,14220,1
7019,R,1000000,1000000,4,51,1,59441,7119,1
7020,R,500000,300000,6,22,1,55581,14645,1
7021,R,300000,300000,7,26,1,88363,11000,1
7022,B,300000,300000,6,22,0,14598,15345,1
7023,R,1000000,300000,7,53,1,0,10436,1
7024,R,500000,500000,2,38,1,47292,23953,1
7025,B,700000,700000,2,24,1,10908,19899,1
7026,A,400000,300000,6,20,1,51360,10710,1
7027,R,200000,200000,6,20,1,18771,31280,1
7028,R,500000,500000,2,45,1,5641,111285,1
7029,R,1000000,1000000,2,28,1,18904,39492,1
7030,R,200000,200000,6,24,1,236374,18509,1
7031,A,700000,700000,2,48,1,82887,28435,1
7032,R,200000,200000,7,56,1,95200,65043,1
7033,R,600000,600000,2,25,1,17308,14419,1
7034,R,200000,200000,2,24,0,24906,8198,1
7035,R,200000,200000,6,21,1,92011,10224,1
7036,R,1000000,900000,2,26,0,77355,39788,1
7037,R,600000,600000,2,24,1,119939,15266,1
7038,R,700000,700000,2,24,1,95163,17750,1
7039,R,200000,200000,6,21,1,140586,55166,1
7040,R,300000,300000,2,26,1,,60530,1
7041,R,1000000,300000,4,58,1,33536,19899,1
7042,R,700000,300000,4,35,1,356290,118800,1
7043,R,700000,300000,4,42,1,83948,21710,1
7044,R,500000,500000,2,40,1,0,12853,1
7045,R,1000000,1000000,2,27,1,13265,32628,1
7046,R,1000000,1000000,4,51,1,98010,33660,1
7047,R,200000,200000,6,20,1,,35717,1
7048,R,500000,300000,6,21,1,8679,13535,1
7049,R,1000000,300000,7,56,1,0,12366,1
7050,R,1000000,300000,4,73,1,44110,39397,1
7051,R,600000,600000,2,28,1,59274,30281,1
7052,R,500000,300000,7,23,1,,70555,1
7053,R,600000,600000,2,25,1,2660,20385,1
7054,A,200000,200000,8,52,1,92558,9920,1
7055,R,1000000,1000000,2,52,1,3767,17771,1
7056,A,400000,400000,2,26,1,18591,18261,1
7057,R,700000,300000,4,68,1,21478,40383,1
7058,R,200000,200000,6,21,1,57671,4410,1
7059,R,600000,300000,4,54,1,66736,19005,1
7060,R,200000,200000,6,21,1,13261,41170,1
7061,R,400000,300000,6,20,1,,15930,1
7062,R,500000,300000,4,47,1,105121,0,1
7063,R,600000,300000,6,22,1,25574,51966,1
7064,R,500000,300000,2,24,1,25000,9000,1
7065,R,1000000,300000,4,64,1,12714,13705,1
7066,R,1000000,1000000,3,44,1,0,26379,1
7067,R,600000,600000,2,24,1,50445,17218,1
7068,R,1000000,300000,4,58,1,0,180000,1
7069,R,1000000,1000000,2,30,1,26991,44086,1
7070,R,1000000,1000000,7,57,1,69076,10049,1
7071,R,300000,300000,2,28,1,62400,16542,1
7072,B,500000,300000,2,36,1,11141,6194,1
7073,R,700000,700000,2,29,1,25000,28757,1
7074,B,600000,300000,4,49,1,5500,18018,1
7075,R,200000,200000,2,24,1,49992,3038,1
7076,R,700000,700000,1,27,1,57281,35206,1
7077,A,500000,500000,2,32,1,153454,20174,1
7078,R,200000,200000,6,19,1,208409,14429,1
7079,R,1000000,800000,2,38,1,62997,45433,1
7080,R,600000,300000,6,22,1,4598,4050,1
7081,R,1000000,300000,7,56,1,160466,27513,1
7082,R,1000000,1000000,2,29,1,86661,66104,1
7083,R,200000,200000,5,25,1,28506,14886,1
7084,A,1000000,1000000,2,34,1,99223,34368,1
7085,R,600000,300000,6,22,1,74030,21822,1
7086,A,600000,300000,6,23,1,57506,21445,1
7087,R,1000000,1000000,1,53,1,13237,1415,1
7088,R,200000,200000,6,20,1,33443,14288,1
7089,R,600000,300000,7,29,1,77966,108396,1
7090,R,600000,300000,6,21,1,8360,18630,1
7091,B,300000,300000,2,29,1,0,25344,1
7092,R,600000,300000,6,28,1,273234,9652,1
7093,R,400000,300000,2,25,1,49476,13941,1
7094,R,500000,300000,6,22,1,7192,11043,1
7095,R,700000,700000,4,48,1,89185,51075,1
7096,R,300000,300000,2,31,1,70757,10832,1
7097,R,400000,400000,7,25,1,127483,23407,1
7098,R,700000,700000,2,26,1,114904,10444,1
7099,R,700000,700000,2,41,1,124646,46903,1
7100,R,200000,200000,6,21,1,76975,14382,1
7101,R,400000,300000,6,23,1,16000,7394,1
7102,R,300000,300000,6,22,1,115353,22841,1
7103,R,700000,300000,7,37,1,106097,150840,1
7104,R,700000,700000,2,30,0,,103089,1
7105,R,500000,500000,2,37,1,181688,21219,1
7106,R,1000000,1000000,2,48,1,186739,14653,1
7107,R,1000000,700000,7,49,1,3951,2165,1
7108,A,200000,200000,6,22,1,58664,15741,1
7109,R,500000,500000,2,53,1,28784,21644,1
7110,R,600000,600000,2,27,1,2662,7614,1
7111,R,600000,600000,2,24,1,9458,6525,1
7112,B,700000,700000,3,30,1,61470,19125,1
7113,R,200000,200000,12,21,1,102151,19532,1
7114,R,500000,500000,12,26,1,,120079,1
7115,R,300000,300000,2,26,1,38807,32285,1
7116,B,1000000,1000000,3,24,1,211959,22349,1
7117,R,500000,300000,6,24,1,23080,18410,1
7118,R,500000,500000,2,24,1,150807,4811,1
7119,R,200000,200000,6,21,1,15000,68130,1
7120,A,1000000,1000000,2,56,0,84520,25469,1
7121,R,1000000,300000,7,53,1,7518,1761,1
7122,R,600000,600000,2,25,1,56130,17451,1
7123,A,700000,700000,2,49,1,45916,10890,1
7124,R,1000000,300000,10,26,1,61788,36752,1
7125,R,500000,500000,2,27,1,1980,15508,1
7126,R,700000,700000,3,24,1,5016,10332,1
7127,R,700000,700000,2,32,1,66826,31928,1
7128,R,600000,600000,2,31,1,19187,33759,1
7129,R,1000000,1000000,2,48,1,55376,810,1
7130,R,700000,700000,2,47,1,0,13464,1
7131,R,600000,600000,2,27,0,568119,2334,1
7132,R,200000,200000,7,20,1,52916,28782,1
7133,R,500000,500000,2,37,1,32670,85758,1
7134,R,200000,200000,2,25,1,16569,36631,1
7135,R,400000,300000,6,22,1,6346,4844,1
7136,R,500000,500000,2,52,1,12260,10241,1
7137,R,500000,500000,3,24,1,122793,20601,1
7138,R,1000000,1000000,2,27,0,126070,148509,1
7139,R,1000000,1000000,2,49,1,59602,43290,1
7140,R,300000,300000,2,25,0,8510,35870,1
7141,R,500000,500000,2,24,1,251752,18108,1
7142,R,200000,200000,7,29,1,198284,24474,1
7143,R,1000000,1000000,2,61,1,,29700,1
7144,R,500000,500000,2,25,1,4390,52569,1
7145,R,1000000,1000000,2,58,0,50967,20327,1
7146,R,700000,700000,2,27,1,166781,24167,1
7147,R,1000000,1000000,2,28,0,4000,56358,1
7148,R,1000000,700000,2,53,1,414475,57600,1
7149,B,1000000,1000000,2,26,1,99829,32382,1
7150,R,500000,500000,2,25,1,186579,26362,1
7151,R,700000,700000,2,42,0,89054,179190,1
7152,A,1000000,1000000,2,39,1,17536,5742,1
7153,R,600000,600000,2,38,1,56095,25839,1
7154,R,200000,200000,6,20,1,49422,21870,1
7155,A,600000,600000,2,51,1,33127,32670,1
7156,R,600000,600000,2,28,1,7956,32760,1
7157,R,700000,700000,2,36,1,45505,29416,1
7158,R,700000,700000,2,26,1,1672,40581,1
7159,R,1000000,900000,2,26,1,49868,5634,1
7160,R,400000,400000,2,49,1,6965,43589,1
7161,R,1000000,1000000,2,50,1,12941,40181,1
7162,R,1000000,1000000,3,41,1,22945,24849,1
7163,R,1000000,1000000,2,32,1,75809,51034,1
7164,R,200000,200000,6,20,1,28361,22248,1
7165,R,600000,600000,2,27,1,31501,94170,1
7166,R,600000,600000,2,27,1,3000,9617,1
7167,R,400000,400000,7,64,1,23351,18810,1
7168,R,700000,700000,2,30,1,14757,24156,1
7169,R,200000,200000,6,23,1,85880,64161,1
7170,R,200000,200000,2,59,1,133367,65572,1
7171,R,600000,600000,2,27,1,0,6030,1
7172,R,400000,300000,6,19,1,1767,25668,1
7173,R,400000,400000,2,24,1,21973,24382,1
7174,R,1000000,1000000,4,31,1,136327,41063,1
7175,R,700000,700000,2,47,1,,37398,1
7176,R,700000,300000,7,48,1,7911,5535,1
7177,R,1000000,1000000,3,30,1,4779,70578,1
7178,R,200000,200000,2,28,0,5501,77318,1
7179,R,1000000,1000000,3,28,1,3256,27810,1
7180,R,500000,300000,4,46,1,25595,27425,1
7181,R,200000,200000,2,41,1,75937,32497,1
7182,R,700000,700000,2,24,1,32178,25731,1
7183,R,600000,600000,2,24,1,38367,18523,1
7184,R,500000,500000,2,30,1,8069,8797,1
7185,R,1000000,1000000,7,58,1,2376,15473,1
7186,R,1000000,1000000,2,37,1,67116,51518,1
7187,R,700000,700000,4,55,1,24778,5355,1
7188,R,200000,200000,6,23,1,39970,29240,1
7189,A,600000,600000,2,27,1,126226,15175,1
7190,R,700000,700000,2,27,1,73175,14445,1
7191,R,500000,500000,2,25,1,31559,18584,1
7192,R,500000,500000,2,25,1,,15102,1
7193,R,200000,200000,6,20,1,,1278,1
7194,R,1000000,1000000,2,38,1,34459,45343,1
7195,R,1000000,1000000,2,31,1,10000,13356,1
7196,R,600000,600000,2,27,1,148213,13419,1
7197,B,200000,200000,6,19,1,7191,18216,1
7198,R,500000,500000,2,27,1,60413,13554,1
7199,R,700000,300000,7,43,1,65025,19890,1
7200,R,400000,400000,2,26,1,27025,7079,1
7201,A,400000,400000,2,24,1,20397,18288,1
7202,R,500000,500000,2,24,1,120698,12713,1
7203,R,500000,300000,6,23,1,33182,23940,1
7204,R,600000,600000,2,25,1,178740,12240,1
7205,R,700000,700000,2,24,1,245415,13984,1
7206,R,200000,200000,7,22,1,21460,10170,1
7207,R,400000,400000,2,25,1,30491,23850,1
7208,R,1000000,1000000,2,51,1,14824,39166,1
7209,R,1000000,1000000,3,29,1,10756,19314,1
7210,R,1000000,900000,2,26,1,22295,30069,1
7211,R,700000,700000,2,28,0,144350,34740,1
7212,R,1000000,1000000,3,55,1,5841,288,1
7213,R,200000,200000,2,33,1,33657,10980,1
7214,R,600000,600000,2,45,0,136269,24210,1
7215,R,1000000,1000000,2,28,1,202968,5832,1
7216,B,1000000,1000000,3,33,1,47862,12375,1
7217,R,1000000,1000000,2,35,1,45910,39105,1
7218,R,700000,700000,2,37,1,81621,40505,1
7219,R,1000000,1000000,2,65,1,,1319,1
7220,R,400000,400000,2,53,1,32892,54639,1
7221,R,300000,300000,6,20,1,217049,3960,1
7222,R,1000000,1000000,2,33,1,0,34762,1
7223,R,1000000,1000000,2,53,1,27249,12178,1
7224,R,200000,200000,6,22,1,18183,15543,1
7225,R,700000,700000,2,24,1,120161,27197,1
7226,R,700000,700000,3,28,1,31294,39285,1
7227,R,200000,200000,6,20,1,27990,33529,1
7228,R,200000,200000,2,24,1,107932,20924,1
7229,R,600000,600000,2,26,1,94504,28938,1
7230,R,700000,700000,2,33,0,5012,4743,1
7231,R,500000,300000,2,27,1,112784,11574,1
7232,R,400000,300000,7,51,1,12563,10299,1
7233,B,700000,700000,3,25,1,257536,29136,1
7234,B,600000,600000,3,25,1,35669,20394,1
7235,R,700000,700000,2,50,1,3800,2987,1
7236,R,1000000,1000000,4,57,1,71875,5842,1
7237,R,700000,500000,2,23,1,73982,6237,1
7238,R,600000,600000,10,24,1,81291,17910,1
7239,R,500000,500000,2,26,1,53810,24627,1
7240,B,700000,700000,2,32,0,0,60984,1
7241,R,1000000,1000000,2,54,1,2721,23652,1
7242,R,1000000,1000000,2,33,1,50353,10089,1
7243,R,700000,700000,2,32,1,55059,24862,1
7244,R,1000000,1000000,2,46,1,11806,17910,1
7245,R,500000,500000,3,34,1,52201,23221,1
7246,R,500000,500000,2,33,0,,116235,1
7247,R,1000000,300000,7,50,1,4091,6071,1
7248,R,700000,700000,2,33,1,15000,48015,1
7249,R,700000,700000,2,28,1,29650,17052,1
7250,R,600000,600000,2,47,1,41840,23553,1
7251,R,300000,300000,7,59,1,13398,15158,1
7252,R,700000,300000,4,55,1,1055,18990,1
7253,R,600000,600000,4,52,1,46040,12225,1
7254,R,700000,300000,7,54,1,,44799,1
7255,R,1000000,1000000,2,35,0,10495,160830,1
7256,R,700000,700000,2,56,1,1186,15237,1
7257,R,600000,300000,6,24,1,89825,684,1
7258,R,600000,600000,2,30,1,35544,22770,1
7259,R,1000000,1000000,2,54,1,1568,22114,1
7260,R,700000,700000,4,53,1,110440,17082,1
7261,R,600000,600000,3,29,1,3512,11583,1
7262,R,700000,700000,2,24,1,31388,9000,1
7263,R,200000,200000,6,20,0,20928,3357,1
7264,R,600000,600000,2,29,1,,29610,1
7265,A,200000,200000,6,20,1,263341,46827,1
7266,R,200000,200000,6,20,1,94279,19531,1
7267,R,400000,400000,2,24,1,17029,22275,1
7268,R,600000,600000,3,25,1,23603,15606,1
7269,R,600000,300000,6,23,0,4598,28166,1
7270,B,400000,400000,2,26,1,21841,9273,1
7271,R,500000,300000,2,26,1,254332,32855,1
7272,R,500000,300000,2,26,1,,32855,1
7273,R,600000,400000,2,25,1,51391,8010,1
7274,R,500000,500000,4,46,1,57405,2764,1
7275,R,700000,500000,7,49,1,73269,7053,1
7276,R,1000000,1000000,2,47,0,18092,142803,1
7277,R,500000,500000,2,25,1,206450,19692,1
7278,R,600000,600000,2,26,1,191175,29231,1
7279,R,600000,600000,2,44,1,34788,10980,1
7280,R,700000,700000,10,28,1,22561,19646,1
7281,R,600000,400000,2,30,1,22354,7858,1
7282,R,600000,600000,2,26,1,2195,20880,1
7283,R,1000000,1000000,2,35,1,91313,23364,1
7284,R,600000,300000,6,23,1,63506,13455,1
7285,R,400000,300000,6,23,1,0,55629,1
7286,R,700000,700000,3,28,1,22374,10278,1
7287,R,600000,600000,2,26,1,4399,22266,1
7288,R,500000,300000,6,22,1,10777,21714,1
7289,R,600000,600000,2,26,1,114767,4357,1
7290,R,1000000,1000000,2,32,1,,38304,1
7291,A,1000000,1000000,2,34,1,44021,18461,1
7292,R,200000,200000,6,20,1,178777,27607,1
7293,B,400000,300000,11,56,1,13505,2277,1
7294,R,500000,500000,2,35,1,712093,54230,1
7295,R,700000,700000,2,29,1,2362,10395,1
7296,R,200000,200000,6,21,1,5643,5571,1
7297,R,1000000,1000000,1,52,1,52729,60103,1
7298,R,1000000,1000000,1,50,1,89068,225,1
7299,R,1000000,1000000,2,35,1,192083,112662,1
7300,R,1000000,1000000,2,38,1,,40680,1
7301,R,600000,600000,2,24,1,12917,3951,1
7302,R,500000,300000,6,23,1,112213,60480,1
7303,R,500000,300000,2,22,1,89524,11970,1
7304,R,700000,300000,6,22,1,57795,23850,1
7305,B,500000,500000,3,27,1,168956,31013,1
7306,A,600000,600000,2,41,0,510259,14355,1
7307,R,700000,700000,2,42,1,14417,2621,1
7308,R,600000,300000,6,22,1,17224,15930,1
7309,R,400000,300000,6,20,1,167527,26172,1
7310,R,700000,300000,4,68,1,2349,12374,1
7311,R,600000,600000,2,23,1,10555,26293,1
7312,R,1000000,900000,2,31,1,0,37201,1
7313,R,1000000,300000,2,24,1,96799,14651,1
7314,R,600000,300000,4,34,1,10242,63450,1
7315,R,1000000,1000000,2,48,0,4311,14995,1
7316,R,600000,600000,7,47,1,15363,77715,1
7317,R,700000,700000,2,40,1,6299,41877,1
7318,R,1000000,1000000,2,46,1,2660,10125,1
7319,R,600000,300000,7,49,1,54340,7748,1
7320,R,1000000,1000000,2,36,1,157690,141273,1
7321,R,700000,300000,8,70,1,22184,8972,1
7322,A,300000,300000,6,24,1,154521,15291,1
7323,R,400000,300000,6,23,1,84445,88875,1
7324,R,500000,300000,11,27,1,14620,12465,1
7325,R,300000,300000,6,19,1,5462,11616,1
7326,R,200000,200000,4,63,1,,2781,1
7327,A,1000000,1000000,2,66,1,47972,10530,1
7328,R,500000,300000,12,62,1,171638,41009,1
7329,R,1000000,1000000,2,34,0,30386,173130,1
7330,R,600000,500000,7,27,1,,15281,1
7331,R,700000,300000,6,22,1,50802,9396,1
7332,A,500000,300000,6,23,1,40162,45540,1
7333,R,600000,300000,6,22,1,16703,10620,1
7334,R,1000000,1000000,2,41,1,12797,39393,1
7335,R,700000,700000,4,55,1,751,17338,1
7336,R,1000000,1000000,2,23,1,39229,10402,1
7337,A,400000,300000,7,25,1,37469,32994,1
7338,R,200000,200000,6,19,0,0,10890,1
7339,R,700000,700000,4,61,1,0,27027,1
7340,R,1000000,1000000,2,31,1,17010,40021,1
7341,R,700000,700000,2,29,1,14202,4545,1
7342,R,600000,600000,2,24,1,373141,3060,1
7343,R,500000,500000,2,29,1,13450,18720,1
7344,R,300000,300000,12,24,1,48820,38404,1
7345,R,700000,700000,7,25,1,3905,7725,1
7346,R,1000000,1000000,2,29,1,41181,17601,1
7347,R,1000000,1000000,4,57,1,15202,28906,1
7348,R,200000,200000,2,23,1,97727,40467,1
7349,R,500000,500000,2,27,1,51033,3960,1
7350,R,500000,500000,2,25,1,,24853,1
7351,B,200000,200000,2,24,1,198848,31095,1
7352,R,400000,300000,6,22,1,24055,22959,1
7353,R,400000,400000,4,34,1,58674,133782,1
7354,R,500000,300000,6,22,1,14045,4579,1
7355,R,700000,700000,2,36,0,301864,127645,1
7356,R,700000,700000,2,31,1,10597,42057,1
7357,R,1000000,1000000,3,38,1,103929,37939,1
7358,A,600000,600000,2,25,1,199964,3426,1
7359,R,200000,200000,6,23,1,11035,10683,1
7360,R,200000,200000,6,20,1,3150,11124,1
7361,A,600000,600000,2,29,1,14328,116865,1
7362,R,700000,700000,2,32,0,47463,12960,1
7363,R,400000,400000,2,25,1,29575,45135,1
7364,R,1000000,1000000,2,53,1,980,27845,1
7365,R,600000,600000,2,24,1,69126,27420,1
7366,A,200000,200000,6,23,1,27430,8842,1
7367,R,1000000,1000000,2,42,1,,55035,1
7368,R,700000,700000,2,52,1,3177,144540,1
7369,R,1000000,1000000,2,34,1,5600,41175,1
7370,R,200000,200000,2,27,1,,21763,1
7371,R,700000,700000,2,31,0,546491,123498,1
7372,R,500000,500000,2,29,1,12256,29533,1
7373,R,1000000,1000000,3,29,1,48123,17422,1
7374,R,1000000,1000000,2,58,1,,129186,1
7375,R,1000000,1000000,2,36,1,10029,146520,1
7376,R,500000,300000,6,23,1,29394,15867,1
7377,R,1000000,1000000,2,38,1,62410,174969,1
7378,R,400000,400000,2,23,1,12463,8208,1
7379,R,1000000,1000000,2,56,1,,1443,1
7380,R,500000,500000,10,26,1,17639,25830,1
7381,R,1000000,300000,7,58,1,102904,16920,1
7382,A,1000000,1000000,2,50,1,126559,180000,1
7383,R,700000,700000,2,28,1,93765,27137,1
7384,R,500000,500000,2,29,1,9000,13716,1
7385,R,700000,700000,2,26,1,123951,86578,1
7386,R,1000000,1000000,2,49,1,9561,23029,1
7387,R,1000000,1000000,2,48,1,66215,16128,1
7388,R,500000,400000,2,30,1,171173,21475,1
7389,R,1000000,1000000,3,23,1,158127,24906,1
7390,R,1000000,1000000,2,34,1,331459,3317,1
7391,R,700000,700000,5,40,0,134838,34740,1
7392,B,1000000,1000000,2,52,1,94520,51792,1
7393,R,1000000,1000000,2,33,0,0,160614,1
7394,R,600000,600000,2,37,1,161013,35988,1
7395,R,200000,200000,6,21,1,40264,14708,1
7396,R,200000,200000,2,24,1,,12168,1
7397,R,1000000,300000,4,53,1,59851,42242,1
7398,R,700000,700000,2,32,1,11505,6917,1
7399,R,600000,600000,2,25,1,13871,11700,1
7400,R,1000000,1000000,2,27,1,50787,9183,1
7401,R,700000,700000,2,58,1,,14706,1
7402,R,1000000,300000,4,51,1,171011,21827,1
7403,R,1000000,400000,2,24,1,26145,77380,1
7404,R,300000,300000,2,26,1,,54540,1
7405,R,1000000,1000000,2,57,1,86199,12596,1
7406,B,200000,200000,6,20,1,45981,22480,1
7407,R,500000,500000,2,32,1,128958,18108,1
7408,R,1000000,1000000,2,31,1,89926,4520,1
7409,R,400000,400000,2,26,1,117084,63324,1
7410,R,1000000,1000000,2,31,1,97868,16920,1
7411,A,700000,700000,2,48,1,138537,73775,1
7412,R,600000,600000,2,24,1,263285,16632,1
7413,R,1000000,1000000,2,53,1,17043,41050,1
7414,R,300000,300000,2,30,1,3705,8991,1
7415,R,200000,200000,6,19,1,30709,10620,1
7416,R,1000000,300000,3,57,1,69620,18900,1
7417,B,500000,500000,10,29,1,79144,52200,1
7418,R,700000,700000,3,26,1,43619,47446,1
7419,R,700000,700000,2,35,1,4630,4770,1
7420,R,1000000,1000000,2,51,1,104335,81844,1
7421,R,400000,400000,5,35,1,34410,35211,1
7422,R,1000000,1000000,1,50,0,304040,180000,1
7423,R,200000,200000,6,20,1,23420,27216,1
7424,R,600000,600000,2,26,1,85969,24538,1
7425,R,700000,300000,6,23,1,58744,6426,1
7426,B,1000000,1000000,2,50,1,90879,39600,1
7427,R,600000,400000,2,24,1,1055,8675,1
7428,R,300000,300000,12,57,1,48403,12501,1
7429,R,600000,600000,2,24,1,51274,44522,1
7430,R,1000000,1000000,2,46,0,33419,15237,1
7431,R,600000,600000,2,24,1,69348,11327,1
7432,R,300000,300000,2,41,1,32886,6435,1
7433,R,600000,600000,2,25,1,69953,5634,1
7434,R,1000000,1000000,3,30,1,8455,16533,1
7435,R,200000,200000,2,26,1,56619,46250,1
7436,A,1000000,1000000,4,60,1,68037,12573,1
7437,R,1000000,300000,7,51,1,1000,41589,1
7438,R,700000,700000,2,59,1,,13554,1
7439,R,600000,600000,2,30,1,91523,19800,1
7440,R,300000,300000,7,32,1,,9981,1
7441,R,1000000,300000,7,53,1,88250,22275,1
7442,R,700000,300000,6,24,1,5016,48244,1
7443,R,1000000,1000000,2,30,1,6366,21852,1
7444,R,500000,500000,2,27,1,39818,2813,1
7445,R,600000,600000,2,26,1,120349,73450,1
7446,R,400000,400000,2,39,1,114903,23949,1
7447,R,600000,600000,2,24,1,210311,30138,1
7448,R,700000,700000,2,48,1,37250,32443,1
7449,R,500000,300000,6,26,1,79646,68970,1
7450,R,500000,300000,6,26,1,181964,68970,1
7451,R,500000,300000,7,28,1,15495,11529,1
7452,R,200000,200000,2,58,1,600354,47688,1
7453,R,200000,200000,6,20,1,165532,6228,1
7454,R,700000,700000,2,41,1,1349,45630,1
7455,R,700000,300000,7,51,1,0,7817,1
7456,R,600000,600000,2,31,1,15719,486,1
7457,R,600000,300000,6,22,1,,37116,1
7458,R,600000,600000,3,25,1,300182,31673,1
7459,R,500000,500000,2,32,1,165710,3564,1
7460,R,200000,200000,6,20,1,80669,5346,1
7461,R,200000,200000,5,31,0,200000,172755,1
7462,R,700000,700000,2,44,1,20048,67339,1
7463,R,700000,700000,2,25,1,13481,29668,1
7464,R,200000,200000,2,35,1,28664,29263,1
7465,B,500000,500000,2,25,1,43928,38130,1
7466,R,1000000,1000000,3,36,1,17328,30503,1
7467,R,700000,700000,2,49,1,73720,24530,1
7468,R,500000,500000,2,25,1,,15930,1
7469,R,300000,300000,2,20,1,3211,5130,1
7470,R,700000,700000,2,25,1,108032,11842,1
7471,A,200000,200000,6,22,1,49139,11807,1
7472,R,1000000,300000,4,36,1,12034,30600,1
7473,B,600000,600000,2,24,1,3449,9054,1
7474,R,1000000,300000,7,65,1,23466,5569,1
7475,R,700000,300000,6,24,0,217662,12960,1
7476,R,700000,700000,2,56,1,54588,38106,1
7477,R,1000000,1000000,5,53,1,9980,9362,1
7478,R,400000,400000,2,22,1,14725,30681,1
7479,R,500000,300000,6,23,1,66346,2813,1
7480,R,700000,300000,6,22,1,175530,11515,1
7481,R,500000,500000,3,26,1,1134,18842,1
7482,R,700000,700000,2,38,0,40200,4768,1
7483,R,600000,600000,5,56,1,7610,12410,1
7484,R,700000,300000,4,56,1,50787,16480,1
7485,A,200000,200000,6,21,1,43048,17131,1
7486,R,600000,300000,11,57,1,,20619,1
7487,A,700000,700000,2,31,1,241295,122840,1
7488,R,700000,300000,7,38,1,42839,17514,1
7489,R,700000,300000,11,57,1,18928,4705,1
7490,R,200000,200000,6,22,1,34467,20421,1
7491,A,700000,700000,2,26,1,124773,43149,1
7492,R,700000,700000,2,23,1,16364,17514,1
7493,R,600000,300000,6,23,1,106446,82575,1
7494,R,600000,300000,7,50,1,26125,8010,1
7495,R,600000,300000,6,23,1,6573,14454,1
7496,R,500000,300000,6,21,1,31526,17847,1
7497,R,500000,300000,6,22,1,9821,34812,1
7498,R,600000,600000,2,24,1,34084,5040,1
7499,A,600000,600000,2,56,1,57788,57420,1
7500,R,600000,600000,2,25,1,234262,14960,1
7501,R,200000,200000,6,20,1,14633,15732,1
7502,R,1000000,300000,7,62,1,37687,13302,1
7503,R,600000,600000,2,26,1,24564,23265,1
7504,R,700000,600000,7,59,1,8360,10980,1
7505,R,1000000,1000000,2,29,1,,29775,1
7506,A,500000,500000,2,27,1,,39699,1
7507,R,200000,200000,6,21,1,97744,19890,1
7508,R,500000,500000,2,24,1,0,12168,1
7509,R,700000,700000,2,37,1,47504,2040,1
7510,R,600000,300000,6,23,1,14088,55620,1
7511,R,500000,300000,6,21,0,,34650,1
7512,R,1000000,1000000,2,52,1,18573,22860,1
7513,R,700000,400000,8,72,1,72827,16205,1
7514,R,1000000,300000,7,56,1,3200,15732,1
7515,R,200000,200000,2,24,1,62701,0,1
7516,R,700000,700000,2,29,1,,30780,1
7517,R,200000,200000,6,19,1,37600,14940,1
7518,R,1000000,1000000,2,39,1,34867,19140,1
7519,R,700000,700000,2,26,1,,5040,1
7520,R,700000,300000,6,23,1,14664,51509,1
7521,R,600000,600000,2,28,1,25446,4882,1
7522,R,600000,600000,5,62,1,111380,72244,1
7523,R,1000000,1000000,7,27,1,,23483,1
7524,R,500000,500000,2,23,1,0,41670,1
7525,R,1000000,1000000,2,40,1,58188,55743,1
7526,R,600000,600000,2,24,1,8062,23661,1
7527,R,700000,300000,12,51,1,36394,87210,1
7528,R,500000,300000,6,23,0,368557,63945,1
7529,R,600000,300000,7,43,1,141197,60030,1
7530,R,600000,600000,5,32,1,80180,91971,1
7531,R,500000,500000,2,31,1,26703,157953,1
7532,R,500000,500000,2,26,1,252633,52114,1
7533,R,500000,500000,2,23,1,60230,15642,1
7534,R,1000000,1000000,2,35,1,6336,13706,1
7535,R,1000000,1000000,2,45,0,13180,62145,1
7536,R,600000,600000,2,27,1,105422,14355,1
7537,R,700000,700000,2,57,1,0,46620,1
7538,A,700000,700000,2,35,1,34489,23538,1
7539,A,700000,700000,2,48,1,135563,11880,1
7540,R,600000,600000,2,32,1,138356,89541,1
7541,R,200000,200000,2,32,0,38806,87875,1
7542,R,1000000,1000000,2,34,1,,154986,1
7543,R,1000000,1000000,2,47,0,0,29700,1
7544,R,500000,500000,2,31,1,71499,2185,1
7545,R,1000000,300000,7,44,1,5121,44928,1
7546,R,700000,700000,2,29,1,69360,44343,1
7547,R,400000,400000,5,53,1,289452,113907,1
7548,R,600000,600000,2,27,1,106303,61102,1
7549,R,300000,300000,6,22,1,135073,6366,1
7550,R,1000000,1000000,2,57,1,15003,62370,1
7551,R,1000000,1000000,2,40,1,5000,38907,1
7552,R,600000,300000,6,28,1,197400,186988,1
7553,R,700000,700000,2,28,1,,29700,1
7554,R,1000000,1000000,7,29,1,159637,77592,1
7555,B,500000,300000,6,24,1,22840,4024,1
7556,R,600000,600000,2,29,1,732940,53136,1
7557,R,500000,300000,4,29,1,371768,36623,1
7558,R,1000000,1000000,12,54,0,,26730,1
7559,R,1000000,1000000,2,30,1,54182,19593,1
7560,R,1000000,300000,7,52,1,17942,180000,1
7561,R,1000000,1000000,3,50,1,19255,27513,1
7562,R,400000,300000,6,20,1,,95361,1
7563,R,600000,600000,2,23,1,161307,3658,1
7564,R,300000,300000,6,22,1,128594,31275,1
7565,R,1000000,1000000,2,30,1,38956,2613,1
7566,R,1000000,300000,2,56,1,88769,18905,1
7567,R,600000,600000,2,38,1,58522,7227,1
7568,R,600000,600000,2,32,1,0,6030,1
7569,R,600000,600000,2,32,1,297106,6030,1
7570,R,600000,600000,2,25,1,,29926,1
7571,R,600000,600000,2,33,1,903,14212,1
7572,R,1000000,1000000,3,49,1,258491,147244,1
7573,R,600000,600000,3,27,1,101861,11904,1
7574,R,700000,700000,2,26,1,5457,18324,1
7575,R,500000,300000,11,23,1,521341,18038,1
7576,R,700000,700000,2,26,1,80370,127710,1
7577,R,200000,200000,2,44,1,36189,55116,1
7578,R,500000,500000,3,24,1,32860,59427,1
7579,R,1000000,1000000,2,49,0,,180000,1
7580,R,1000000,1000000,2,36,1,164543,110786,1
7581,R,600000,600000,2,26,1,19010,33948,1
7582,R,1000000,1000000,10,28,1,0,3648,1
7583,R,600000,600000,2,24,1,24767,12991,1
7584,R,700000,700000,2,30,1,,12960,1
7585,R,1000000,1000000,2,48,1,80305,203940,1
7586,R,1000000,1000000,2,57,1,140244,60801,1
7587,R,200000,200000,2,41,1,137748,32872,1
7588,R,1000000,1000000,2,32,1,84677,93150,1
7589,R,700000,700000,2,29,1,119247,87120,1
7590,R,500000,500000,3,41,1,421985,11772,1
7591,B,600000,600000,2,31,1,84984,40194,1
7592,B,1000000,1000000,2,30,1,123822,47300,1
7593,R,1000000,400000,12,30,1,127938,4300,1
7594,A,700000,700000,2,40,1,137112,80294,1
7595,R,1000000,1000000,3,24,1,1627,28800,1
7596,R,1000000,700000,2,28,1,20933,23494,1
7597,R,500000,500000,2,38,1,182210,78210,1
7598,B,1000000,1000000,2,32,1,49665,51482,1
7599,R,400000,400000,2,27,1,85271,14777,1
7600,R,700000,700000,2,47,1,5292,62955,1
7601,R,600000,600000,2,39,0,489867,180000,1
7602,R,1000000,1000000,2,44,1,21214,12465,1
7603,R,500000,500000,2,28,0,2616,95364,1
7604,R,700000,700000,2,32,1,14022,100805,1
7605,R,700000,700000,2,33,1,,21474,1
7606,R,200000,200000,8,89,1,20036,0,1
7607,R,500000,500000,2,46,1,193576,133155,1
7608,A,200000,200000,6,21,1,24083,2430,1
7609,R,500000,500000,5,40,1,45696,64269,1
7610,R,700000,700000,1,42,0,135180,49590,1
7611,R,700000,700000,2,32,1,57353,25965,1
7612,R,1000000,1000000,2,30,1,125536,18668,1
7613,R,500000,500000,2,34,1,136453,27992,1
7614,R,200000,200000,7,25,1,62015,21831,1
7615,R,1000000,1000000,4,53,1,39650,14634,1
7616,R,700000,700000,2,29,1,,25137,1
7617,B,600000,600000,2,25,1,9500,15840,1
7618,R,700000,700000,2,43,1,121806,27810,1
7619,B,500000,300000,5,38,1,73641,69300,1
7620,R,700000,700000,2,33,1,46921,73845,1
7621,R,1000000,1000000,2,60,0,1143887,172317,1
7622,R,700000,300000,4,48,1,91804,53580,1
7623,R,1000000,1000000,2,46,1,78575,5224,1
7624,R,700000,700000,1,70,1,166094,35730,1
7625,R,1000000,1000000,2,28,1,528268,37116,1
7626,B,1000000,1000000,2,35,1,31564,128538,1
7627,R,400000,400000,2,25,1,96578,34740,1
7628,R,700000,700000,2,30,1,48110,32969,1
7629,R,700000,700000,2,29,1,,70974,1
7630,R,700000,700000,2,46,1,420,99226,1
7631,R,1000000,1000000,2,34,1,24605,73350,1
7632,R,500000,500000,2,55,1,118545,17699,1
7633,R,1000000,1000000,2,66,0,15989,131290,1
7634,B,1000000,1000000,2,32,1,85103,18166,1
7635,R,1000000,1000000,3,31,1,7038,23531,1
7636,R,400000,300000,4,30,1,36158,39455,1
7637,R,600000,600000,2,28,1,524,93596,1
7638,R,500000,500000,1,37,1,,140101,1
7639,R,600000,600000,2,37,1,50825,97902,1
7640,R,600000,300000,13,52,0,,4248,1
7641,R,1000000,1000000,2,32,1,133221,156286,1
7642,R,600000,600000,2,27,1,,21960,1
7643,R,1000000,1000000,2,46,1,0,62876,1
7644,R,700000,300000,4,41,1,4078,17424,1
7645,R,700000,500000,2,27,1,49697,37314,1
7646,R,500000,500000,2,25,1,1480,43650,1
7647,R,700000,700000,5,61,1,131834,45432,1
7648,R,500000,500000,2,33,1,126364,182390,1
7649,R,1000000,300000,7,53,1,100990,26829,1
7650,A,1000000,1000000,2,60,1,164843,168743,1
7651,R,700000,700000,2,30,1,13253,69885,1
7652,R,500000,500000,2,27,1,21509,19440,1
7653,R,500000,500000,2,29,1,264748,110970,1
7654,R,600000,600000,4,43,1,320705,57015,1
7655,R,1000000,1000000,2,44,1,41297,44541,1
7656,R,1000000,1000000,2,46,1,460607,0,1
7657,R,1000000,1000000,1,60,1,29083,95229,1
7658,R,200000,200000,2,25,1,17702,0,1
7659,R,600000,600000,2,28,1,27000,19395,1
7660,R,1000000,1000000,2,49,1,,46521,1
7661,R,1000000,1000000,2,40,1,3000,146970,1
7662,R,500000,500000,2,30,1,1430,9990,1
7663,R,500000,500000,2,30,1,36426,9990,1
7664,R,1000000,500000,7,62,1,9813,16920,1
7665,R,500000,500000,2,24,1,6488,13851,1
7666,R,1000000,300000,4,53,1,,8109,1
7667,R,600000,600000,2,45,1,278149,148500,1
7668,R,200000,200000,6,20,1,153907,133167,1
7669,R,1000000,1000000,2,48,1,89271,2208,1
7670,R,1000000,1000000,2,29,1,110607,37710,1
7671,R,1000000,500000,2,59,1,24323,31176,1
7672,R,1000000,1000000,2,34,1,764034,60049,1
7673,R,1000000,1000000,2,28,1,112891,60473,1
7674,R,700000,700000,2,30,1,13490,33239,1
7675,R,600000,600000,2,29,1,71831,34740,1
7676,R,1000000,1000000,2,30,1,80737,15120,1
7677,R,500000,500000,2,33,1,50360,60650,1
7678,A,700000,700000,2,31,1,32018,45669,1
7679,A,600000,600000,2,29,1,69726,43169,1
7680,R,1000000,1000000,2,31,1,40126,142164,1
7681,R,1000000,1000000,2,33,1,28519,46571,1
7682,R,700000,300000,7,45,1,12781,7533,1
7683,R,600000,600000,2,34,0,488800,180000,1
7684,R,700000,700000,2,27,1,62564,75969,1
7685,R,500000,500000,2,43,0,0,9891,1
7686,R,1000000,900000,2,32,1,43680,24175,1
7687,R,1000000,1000000,2,47,1,43890,70957,1
7688,R,1000000,1000000,2,38,1,0,67166,1
7689,A,1000000,1000000,10,43,0,332935,173250,1
7690,R,1000000,1000000,3,30,1,34450,16623,1
7691,R,1000000,1000000,2,34,1,7996,19640,1
7692,R,1000000,1000000,3,33,1,10300,61453,1
7693,R,1000000,500000,2,42,1,26588,89707,1
7694,R,1000000,1000000,2,44,1,281604,16920,1
7695,R,1000000,1000000,7,63,1,93080,5040,1
7696,R,700000,700000,2,34,1,15675,54450,1
7697,R,1000000,1000000,2,50,1,233644,165420,1
7698,R,700000,700000,2,35,1,622198,34740,1
7699,R,1000000,1000000,2,34,1,19364,31518,1
7700,R,600000,600000,2,25,1,16533,54153,1
7701,R,1000000,1000000,2,31,1,132406,35820,1
7702,R,1000000,1000000,2,64,1,13750,25812,1
7703,R,700000,700000,2,41,1,79908,25830,1
7704,R,1000000,300000,7,59,1,75932,80064,1
7705,R,700000,400000,2,27,1,3000,18784,1
7706,R,500000,500000,2,24,0,13464,72360,1
7707,R,1000000,1000000,3,31,1,7315,27810,1
7708,A,600000,600000,2,26,1,1560,23760,1
7709,R,500000,300000,13,53,1,6540,90180,1
7710,R,700000,700000,2,40,1,15545,94941,1
7711,R,300000,300000,2,29,1,,53913,1
7712,R,500000,500000,2,24,1,94974,30222,1
7713,R,1000000,1000000,2,43,1,23265,30492,1
7714,R,700000,700000,2,26,1,100810,33255,1
7715,R,700000,700000,2,48,1,,36720,1
7716,R,1000000,900000,6,24,1,105047,38402,1
7717,R,1000000,1000000,2,64,0,29382,117962,1
7718,A,700000,700000,2,51,1,54679,26730,1
7719,R,200000,200000,6,22,1,1691,1674,1
7720,R,500000,500000,2,24,1,10060,59328,1
7721,R,300000,300000,2,24,1,10109,56025,1
7722,R,1000000,1000000,2,49,0,29637,52857,1
7723,R,600000,600000,2,27,1,14022,30819,1
7724,R,200000,200000,6,19,1,97381,48879,1
7725,R,1000000,1000000,2,58,1,44040,31770,1
7726,A,1000000,1000000,2,27,1,,59400,1
7727,A,600000,600000,2,21,1,120592,6241,1
7728,R,600000,600000,2,33,0,48308,27684,1
7729,R,1000000,1000000,3,30,1,4703,24930,1
7730,R,700000,700000,2,34,1,154660,47970,1
7731,R,400000,400000,2,34,1,191163,153063,1
7732,R,1000000,1000000,2,31,0,5425,50118,1
7733,R,600000,600000,2,27,1,85348,20652,1
7734,R,700000,700000,2,28,1,17556,3555,1
7735,R,500000,500000,2,34,1,20000,19890,1
7736,R,1000000,300000,7,59,1,4255,24120,1
7737,R,600000,600000,2,35,1,135273,60693,1
7738,R,1000000,1000000,5,64,1,,12960,1
7739,R,1000000,1000000,2,31,0,40803,25542,1
7740,R,200000,200000,2,27,1,101046,12960,1
7741,R,700000,300000,7,52,1,30384,103533,1
7742,R,1000000,1000000,2,32,1,83910,29196,1
7743,R,700000,700000,2,35,1,1650,21231,1
7744,R,1000000,1000000,2,53,1,339089,104286,1
7745,R,700000,700000,2,28,1,105052,78643,1
7746,R,700000,700000,2,27,1,0,14220,1
7747,R,600000,600000,2,30,1,165392,18599,1
7748,R,700000,700000,2,38,0,180383,53550,1
7749,R,1000000,1000000,2,64,0,147560,51075,1
7750,R,600000,600000,5,37,1,20289,171360,1
7751,R,700000,700000,3,46,1,135918,161885,1
7752,R,400000,400000,2,31,1,15871,17613,1
7753,R,200000,200000,6,22,1,49781,13131,1
7754,R,1000000,900000,2,23,1,,43700,1
7755,R,1000000,1000000,2,33,1,48668,16920,1
7756,R,700000,700000,7,53,1,6042,180000,1
7757,R,700000,300000,7,24,1,339,14379,1
7758,R,600000,600000,2,44,1,9632,0,1
7759,A,700000,700000,2,27,1,58921,42273,1
7760,R,500000,500000,2,27,1,,161865,1
7761,R,400000,400000,2,29,1,11780,28800,1
7762,R,700000,700000,2,30,1,34023,20048,1
7763,R,400000,400000,5,34,1,377217,97355,1
7764,R,600000,600000,2,28,1,29468,20504,1
7765,R,600000,600000,10,28,1,148918,43002,1
7766,R,700000,700000,2,29,1,62733,38080,1
7767,R,200000,200000,7,42,1,26666,4572,1
7768,R,600000,300000,6,23,0,95154,23355,1
7769,R,600000,600000,2,24,1,60183,13365,1
7770,R,700000,300000,7,52,1,56846,23548,1
7771,R,200000,200000,2,34,1,140833,68111,1
7772,R,1000000,300000,8,69,1,81226,34123,1
7773,A,700000,700000,2,54,1,93159,46530,1
7774,R,1000000,1000000,2,29,1,63734,40176,1
7775,R,600000,600000,2,29,1,133570,0,1
7776,R,700000,700000,2,30,1,9965,56669,1
7777,A,200000,200000,1,59,1,48510,8910,1
7778,R,600000,600000,2,33,1,18946,155871,1
7779,R,1000000,1000000,5,38,0,49309,73647,1
7780,R,700000,700000,3,27,1,63155,20390,1
7781,R,700000,700000,2,61,1,,51629,1
7782,R,1000000,1000000,2,27,1,76607,21870,1
7783,B,1000000,1000000,3,35,1,5435,70380,1
7784,R,1000000,1000000,2,31,1,11757,29760,1
7785,R,600000,600000,1,46,1,,78300,1
7786,R,400000,400000,2,26,1,56249,33750,1
7787,R,500000,500000,2,29,1,208478,29304,1
7788,A,600000,600000,5,29,0,83659,47370,1
7789,R,400000,400000,2,24,1,35530,46125,1
7790,R,400000,300000,7,29,1,17000,85477,1
7791,B,700000,700000,2,31,0,51272,129393,1
7792,R,1000000,1000000,2,36,0,155944,130275,1
7793,R,1000000,1000000,10,32,0,3000,36094,1
7794,R,600000,600000,10,28,1,88143,26820,1
7795,R,600000,600000,5,65,1,1026,17910,1
7796,R,600000,300000,7,40,1,107140,23503,1
7797,R,1000000,300000,7,52,1,161639,31680,1
7798,R,500000,300000,1,82,1,1000,72360,1
7799,R,1000000,1000000,3,33,1,0,28237,1
7800,R,1000000,1000000,2,51,1,,9990,1
7801,R,1000000,1000000,2,31,1,,135,1
7802,R,1000000,1000000,3,39,1,20844,85140,1
7803,R,1000000,1000000,2,41,1,,21870,1
7804,R,500000,500000,2,30,1,19343,3780,1
7805,R,1000000,1000000,2,46,0,37381,30385,1
7806,R,600000,600000,2,24,1,15840,29295,1
7807,R,600000,600000,2,25,1,52360,47304,1
7808,R,600000,600000,2,28,1,17138,35730,1
7809,R,500000,500000,1,51,1,114101,132107,1
7810,R,600000,600000,2,27,1,,57015,1
7811,B,600000,600000,2,31,1,140323,20623,1
7812,R,700000,700000,2,27,1,0,43086,1
7813,R,200000,200000,2,47,1,,45135,1
7814,R,200000,200000,3,24,0,45223,8451,1
7815,R,1000000,1000000,3,48,1,3501,35631,1
7816,R,200000,200000,11,31,1,75149,18801,1
7817,R,1000000,1000000,2,24,1,255704,39656,1
7818,R,700000,700000,2,25,1,17138,37413,1
7819,B,600000,600000,2,30,1,16904,37198,1
7820,R,600000,600000,2,27,1,135567,11673,1
7821,R,1000000,300000,6,25,1,,5040,1
7822,R,600000,600000,2,30,1,33411,66836,1
7823,B,1000000,1000000,2,32,1,,11997,1
7824,R,700000,700000,2,30,1,0,24840,1
7825,R,300000,300000,2,24,1,73071,4706,1
7826,R,1000000,1000000,10,29,1,40150,66816,1
7827,R,700000,700000,2,25,1,60414,17325,1
7828,R,600000,600000,2,25,1,39711,66292,1
7829,R,700000,700000,2,27,1,28290,19889,1
7830,R,700000,700000,7,73,0,68979,16055,1
7831,R,700000,700000,2,29,1,473001,2961,1
7832,R,700000,700000,2,27,1,42420,20880,1
7833,R,200000,200000,2,24,1,247374,36430,1
7834,R,1000000,500000,2,54,1,850,12476,1
7835,R,1000000,1000000,2,50,1,15159,48583,1
7836,R,500000,500000,2,26,1,3014,90576,1
7837,R,700000,700000,2,44,0,7578,63450,1
7838,R,600000,300000,7,53,1,146426,40590,1
7839,R,700000,700000,2,58,1,88140,30285,1
7840,R,1000000,1000000,3,43,1,44005,61866,1
7841,R,1000000,1000000,2,35,1,28842,20484,1
7842,R,1000000,1000000,2,32,1,175750,149503,1
7843,A,600000,600000,10,29,1,30723,33660,1
7844,R,1000000,1000000,3,26,1,46939,8811,1
7845,R,500000,500000,2,34,1,2926,9990,1
7846,R,1000000,1000000,2,51,0,241417,33588,1
7847,R,600000,600000,2,24,1,0,24930,1
7848,R,700000,300000,4,27,1,113820,4056,1
7849,R,400000,300000,6,28,1,,16425,1
7850,R,700000,700000,2,29,1,19720,37710,1
7851,R,600000,600000,1,52,1,554400,113373,1
7852,A,600000,600000,10,31,1,56709,9945,1
7853,R,200000,200000,2,49,1,61012,160992,1
7854,R,500000,500000,2,26,1,0,29168,1
7855,R,1000000,1000000,2,47,1,15395,57870,1
7856,B,500000,500000,2,28,1,137418,58582,1
7857,R,200000,200000,2,29,1,37652,47919,1
7858,R,1000000,1000000,2,51,1,190045,34821,1
7859,R,600000,600000,2,30,1,32047,72597,1
7860,R,1000000,1000000,5,58,1,21474,29170,1
7861,R,700000,700000,2,30,1,33577,10685,1
7862,B,700000,700000,2,30,1,,46984,1
7863,R,1000000,1000000,2,34,1,68580,41670,1
7864,R,600000,600000,2,29,1,25839,90527,1
7865,R,400000,400000,2,26,1,3524,37352,1
7866,R,700000,700000,2,31,1,121010,47709,1
7867,R,600000,600000,2,26,1,215804,50333,1
7868,R,1000000,1000000,2,34,1,75638,47611,1
7869,R,500000,500000,2,24,1,78428,27388,1
7870,R,1000000,1000000,3,45,0,6000,49896,1
7871,R,1000000,1000000,2,30,1,39173,180000,1
7872,R,700000,700000,2,24,1,16473,45540,1
7873,R,600000,600000,2,31,1,77036,4842,1
7874,R,1000000,1000000,2,48,1,6060,17415,1
7875,R,600000,600000,3,31,1,24457,25434,1
7876,R,600000,300000,7,50,1,,19148,1
7877,R,600000,600000,2,24,1,24599,15840,1
7878,R,600000,600000,2,30,1,69527,34245,1
7879,R,1000000,300000,6,23,1,102265,891,1
7880,R,700000,700000,2,35,1,1900,60390,1
7881,R,700000,700000,2,47,1,20000,34740,1
7882,R,500000,500000,10,24,1,,2202,1
7883,R,600000,600000,2,28,1,,17428,1
7884,R,700000,700000,2,32,0,42219,40249,1
7885,R,700000,700000,2,53,1,49849,26162,1
7886,R,600000,600000,2,32,1,79573,24165,1
7887,R,300000,300000,6,24,1,56140,8505,1
7888,R,700000,700000,2,26,1,88769,113768,1
7889,R,500000,500000,2,28,1,108030,4842,1
7890,R,300000,300000,2,26,1,9835,13455,1
7891,A,1000000,1000000,2,33,1,40800,0,1
7892,R,700000,700000,2,27,1,31284,3852,1
7893,R,1000000,1000000,10,28,1,97080,74340,1
7894,R,700000,700000,2,28,1,327464,28731,1
7895,R,1000000,1000000,2,43,1,0,24840,1
7896,R,400000,300000,6,21,1,,0,1
7897,R,1000000,1000000,2,29,1,44970,29790,1
7898,R,1000000,300000,7,54,1,110180,21920,1
7899,R,500000,500000,2,38,1,59596,62698,1
7900,R,600000,600000,2,27,1,,24840,1
7901,R,200000,200000,7,43,1,1866,25798,1
7902,R,1000000,1000000,5,51,0,40917,22860,1
7903,R,600000,600000,2,35,1,17300,33651,1
7904,A,1000000,300000,7,49,1,222375,16830,1
7905,R,700000,700000,2,38,1,27810,136125,1
7906,R,500000,500000,2,33,1,31603,21043,1
7907,R,1000000,1000000,2,32,1,34912,142650,1
7908,R,600000,600000,2,23,1,97662,16879,1
7909,R,1000000,1000000,13,65,1,315,428,1
7910,R,700000,700000,2,29,1,17434,28809,1
7911,R,400000,300000,6,23,1,525214,27810,1
7912,R,500000,500000,4,38,1,79877,34344,1
7913,R,1000000,1000000,4,47,1,254286,64680,1
7914,R,300000,300000,2,25,1,63964,52416,1
7915,R,1000000,1000000,2,34,1,6185,13950,1
7916,R,1000000,1000000,4,56,1,127802,17514,1
7917,R,600000,600000,2,40,1,20610,28872,1
7918,R,200000,200000,7,22,1,87053,1463,1
7919,R,500000,500000,2,23,1,10712,12327,1
7920,R,1000000,1000000,2,33,1,19499,1728,1
7921,A,1000000,1000000,7,46,1,,180000,1
7922,R,1000000,1000000,3,31,1,128141,46530,1
7923,R,600000,600000,2,47,0,68967,61470,1
7924,R,700000,600000,7,54,1,239395,10008,1
7925,R,600000,600000,2,26,1,75376,71865,1
7926,R,600000,600000,2,28,0,60040,120474,1
7927,R,1000000,1000000,5,48,1,112411,27810,1
7928,R,500000,300000,6,21,1,81701,6365,1
7929,R,300000,300000,2,25,1,43366,0,1
7930,R,1000000,1000000,2,49,1,87535,70470,1
7931,A,1000000,300000,8,72,1,44665,3762,1
7932,R,600000,600000,2,26,0,26125,3105,1
7933,R,1000000,1000000,2,45,0,40769,9019,1
7934,R,700000,700000,2,25,1,12313,7020,1
7935,R,1500000,1500000,1,58,1,1179,63990,1
7936,R,600000,300000,7,54,1,359299,11869,1
7937,R,600000,600000,1,68,0,20648,1082,1
7938,R,500000,500000,2,28,1,0,4693,1
7939,R,1000000,1000000,2,52,1,165362,19291,1
7940,R,700000,700000,2,24,1,255922,52184,1
7941,R,400000,400000,2,55,1,,36612,1
7942,R,1000000,1000000,2,31,0,90393,78048,1
7943,R,1000000,1000000,2,43,0,32407,1464,1
7944,R,200000,200000,1,42,0,147842,20226,1
7945,R,1000000,1000000,2,31,1,39100,38700,1
7946,R,700000,300000,7,40,1,13069,52103,1
7947,R,600000,600000,2,37,0,92324,21357,1
7948,R,1000000,300000,4,60,1,143491,60637,1
7949,R,800000,800000,2,29,0,53704,39690,1
7950,R,1000000,600000,2,63,1,1813,6103,1
7951,B,1000000,1000000,2,27,1,69575,109890,1
7952,R,500000,300000,7,54,1,164199,3852,1
7953,R,700000,300000,4,35,1,0,13208,1
7954,R,1000000,1000000,2,41,1,28091,11979,1
7955,R,600000,600000,2,25,0,88074,54185,1
7956,R,300000,300000,2,27,1,53657,16861,1
7957,R,300000,300000,6,21,1,46370,14229,1
7958,R,1000000,1000000,2,32,1,,12267,1
7959,R,600000,600000,2,26,1,30894,28701,1
7960,R,1000000,1000000,2,38,1,5226,13535,1
7961,A,1500000,1500000,2,53,1,10143,50391,1
7962,A,1000000,1000000,2,32,1,71077,7434,1
7963,R,1000000,300000,6,27,1,26543,10262,1
7964,R,1500000,300000,2,24,1,459453,74206,1
7965,R,1000000,1000000,2,57,1,40194,14137,1
7966,R,700000,700000,2,25,1,19393,13446,1
7967,R,700000,700000,2,26,0,5033,54540,1
7968,R,1000000,1000000,2,36,0,51114,18011,1
7969,R,1000000,1000000,3,37,1,14212,12227,1
7970,R,1000000,1000000,2,25,1,18216,28266,1
7971,B,600000,600000,2,25,1,172302,16776,1
7972,R,400000,300000,4,55,1,37389,58552,1
7973,R,1000000,1000000,2,31,0,140760,180000,1
7974,R,500000,500000,4,44,1,166157,13172,1
7975,R,1000000,1000000,2,55,1,46430,94091,1
7976,A,700000,700000,8,68,0,166344,20570,1
7977,A,600000,600000,2,25,1,0,63837,1
7978,R,1000000,1000000,4,59,1,51099,7538,1
7979,R,200000,200000,3,24,1,13140,55161,1
7980,R,1500000,1500000,2,28,0,68568,54540,1
7981,R,900000,300000,6,22,1,21425,4598,1
7982,R,700000,700000,2,31,1,3229,57510,1
7983,R,700000,700000,2,33,1,3971,23060,1
7984,A,1200000,300000,7,36,1,94438,0,1
7985,R,1000000,1000000,2,45,1,491,54045,1
7986,R,1000000,1000000,2,27,1,61098,25170,1
7987,R,1000000,1000000,2,31,1,147293,26552,1
7988,A,1000000,1000000,2,63,1,940,12165,1
7989,R,1100000,1100000,2,28,1,176166,3714,1
7990,A,1000000,300000,4,63,1,117786,43690,1
7991,R,300000,300000,2,26,1,198108,10485,1
7992,R,1000000,1000000,7,31,1,,14751,1
7993,R,1000000,1000000,2,46,0,,5040,1
7994,R,1000000,1000000,2,61,0,48242,440,1
7995,R,1000000,1000000,7,61,1,22519,6256,1
7996,R,1000000,1000000,3,37,0,18037,5256,1
7997,R,700000,700000,2,30,1,77403,45720,1
7998,R,1000000,1000000,2,32,0,21149,137214,1
7999,R,1000000,1000000,2,41,1,80487,86301,1
8000,R,1000000,1000000,2,41,0,43658,35789,1
8001,R,1000000,1000000,3,29,1,9875,59699,1
8002,R,1500000,1500000,2,28,0,35673,77687,1
8003,R,600000,600000,2,27,1,67677,28980,1
8004,R,1000000,1000000,2,61,0,4323,6570,1
8005,R,1100000,1100000,2,63,1,,50580,1
8006,R,1000000,1000000,3,54,1,10984,13519,1
8007,R,1000000,1000000,2,29,1,69516,35730,1
8008,R,1500000,1500000,2,28,1,,153540,1
8009,R,1000000,1000000,2,25,1,42375,89550,1
8010,R,700000,700000,2,40,1,285069,72180,1
8011,R,700000,700000,7,56,1,71333,21222,1
8012,R,600000,600000,2,31,1,,12915,1
8013,R,700000,700000,2,28,1,228606,64350,1
8014,R,600000,300000,4,78,1,63502,36069,1
8015,R,600000,600000,2,25,0,,26820,1
8016,R,1000000,900000,7,51,1,117276,45144,1
8017,R,700000,700000,2,31,1,8079,11382,1
8018,R,1000000,1000000,2,25,0,64061,39435,1
8019,R,500000,300000,6,26,1,140145,48861,1
8020,R,1000000,1000000,2,41,1,29293,70290,1
8021,R,700000,700000,2,26,1,127687,14725,1
8022,R,1000000,1000000,4,53,1,5795,33759,1
8023,R,1000000,1000000,4,49,1,66105,3021,1
8024,R,600000,600000,3,26,1,80253,29341,1
8025,R,500000,300000,6,21,1,196234,54738,1
8026,R,700000,700000,2,39,1,163155,73295,1
8027,R,700000,700000,2,28,1,18017,13860,1
8028,A,1000000,1000000,3,28,1,76914,12208,1
8029,R,600000,600000,2,29,0,164493,30296,1
8030,R,1000000,800000,2,45,1,64298,17820,1
8031,R,600000,300000,6,23,1,632863,61056,1
8032,R,600000,300000,6,22,1,72942,20142,1
8033,R,1000000,300000,11,54,1,3260,0,1
8034,R,400000,400000,2,32,0,266102,70187,1
8035,R,400000,400000,2,59,0,66765,12060,1
8036,R,600000,300000,13,42,1,47740,99585,1
8037,R,1000000,1000000,8,74,1,0,43353,1
8038,R,600000,300000,4,55,1,12573,20900,1
8039,R,300000,300000,6,20,0,42350,97317,1
8040,R,700000,700000,2,25,1,32576,27834,1
8041,B,600000,600000,2,63,1,212108,30060,1
8042,A,700000,700000,2,25,1,,19602,1
8043,R,200000,200000,2,24,1,99213,24651,1
8044,R,700000,700000,2,43,1,139487,49833,1
8045,R,1000000,1000000,2,34,1,,11381,1
8046,R,200000,200000,2,23,1,1035,22671,1
8047,R,600000,600000,2,26,1,35098,8217,1
8048,R,400000,300000,6,21,1,18807,10873,1
8049,R,1000000,1000000,2,54,1,42535,99090,1
8050,R,500000,300000,7,49,1,228858,70110,1
8051,R,200000,200000,7,51,1,53074,26236,1
8052,R,300000,300000,2,22,1,5936,45848,1
8053,R,400000,300000,7,24,1,54828,23355,1
8054,R,1000000,1000000,2,32,1,18810,65034,1
8055,R,1000000,1000000,2,29,1,145818,7020,1
8056,R,1000000,1000000,2,37,0,45006,34817,1
8057,R,400000,400000,2,22,1,3868,25420,1
8058,R,700000,300000,6,26,1,21471,14182,1
8059,R,700000,700000,2,32,1,159374,52984,1
8060,R,1000000,1000000,5,53,1,93193,66126,1
8061,R,700000,700000,2,33,1,96994,73350,1
8062,R,1000000,1000000,2,54,1,120994,13257,1
8063,R,200000,200000,6,19,1,,39441,1
8064,R,400000,300000,6,22,1,31898,7828,1
8065,R,600000,500000,2,25,1,33130,52317,1
8066,R,1000000,1000000,2,35,1,215061,11124,1
8067,R,500000,500000,2,28,1,,12558,1
8068,R,1000000,1000000,2,39,1,148224,93654,1
8069,A,700000,700000,2,33,1,47674,36546,1
8070,R,600000,600000,2,37,1,185572,42081,1
8071,R,1000000,300000,2,51,1,,314,1
8072,A,600000,300000,6,24,1,75159,1386,1
8073,R,700000,700000,2,27,1,109955,46591,1
8074,R,600000,600000,2,28,1,12894,28364,1
8075,R,700000,700000,2,24,1,11382,39834,1
8076,R,1000000,1000000,2,28,1,23770,55589,1
8077,R,600000,600000,2,30,1,80499,63520,1
8078,R,1000000,900000,2,24,1,50730,14079,1
8079,R,600000,600000,1,37,1,108268,100651,1
8080,R,700000,700000,2,35,1,0,11381,1
8081,R,1000000,1000000,2,28,1,,18810,1
8082,R,500000,300000,2,25,0,71080,63634,1
8083,R,500000,500000,2,25,1,1087,15584,1
8084,R,200000,200000,2,25,1,70120,40164,1
8085,R,1000000,900000,3,24,1,3000,12160,1
8086,R,600000,600000,2,26,1,56267,22568,1
8087,R,600000,600000,2,28,1,5643,41128,1
8088,R,700000,700000,10,34,1,150909,40850,1
8089,R,1000000,1000000,2,51,0,58142,17829,1
8090,R,1000000,1000000,2,51,1,1555,29205,1
8091,R,1000000,1000000,4,55,1,33834,5477,1
8092,R,700000,700000,2,55,0,3370,22624,1
8093,A,600000,600000,2,27,1,,30195,1
8094,R,600000,600000,2,27,1,244222,26611,1
8095,R,700000,300000,4,58,1,1225,19797,1
8096,B,500000,500000,2,49,0,177086,49555,1
8097,R,1000000,1000000,3,48,1,12558,63103,1
8098,B,1000000,300000,4,65,1,18018,5049,1
8099,R,200000,200000,2,24,1,18750,34317,1
8100,R,700000,400000,2,26,1,53579,32334,1
8101,R,700000,700000,2,27,0,,54032,1
8102,R,200000,200000,6,20,1,248950,40302,1
8103,R,1000000,1000000,2,32,0,56715,42174,1
8104,R,1000000,800000,2,24,1,13351,20928,1
8105,R,1000000,1000000,2,29,0,6005,19395,1
8106,A,400000,400000,1,54,1,0,76032,1
8107,R,1000000,1000000,2,28,1,287687,64044,1
8108,R,1000000,1000000,10,27,1,4337,46224,1
8109,R,700000,700000,2,27,1,6897,7425,1
8110,R,1000000,1000000,2,28,0,93850,8577,1
8111,R,600000,600000,2,25,1,40501,8455,1
8112,R,500000,500000,2,33,0,,21780,1
8113,R,1000000,1000000,2,40,1,12474,86065,1
8114,R,1000000,1000000,10,27,1,43650,11423,1
8115,R,1000000,1000000,5,51,0,80207,62656,1
8116,R,200000,200000,6,21,1,17885,19958,1
8117,R,700000,700000,2,25,1,343517,25533,1
8118,R,1000000,1000000,2,28,1,12331,18036,1
8119,R,700000,700000,2,29,1,0,70875,1
8120,R,1000000,1000000,2,34,1,1232,19170,1
8121,R,500000,500000,10,26,1,212707,37260,1
8122,R,500000,500000,2,27,1,12423,8043,1
8123,R,700000,700000,2,26,1,40000,36702,1
8124,R,500000,300000,13,59,1,23504,9034,1
8125,B,200000,200000,3,21,0,21000,14630,1
8126,R,600000,600000,2,24,1,108424,6815,1
8127,A,500000,400000,2,24,1,0,10125,1
8128,R,500000,500000,3,22,1,129771,22522,1
8129,R,200000,200000,1,25,1,55648,11486,1
8130,R,600000,600000,2,30,1,10443,24026,1
8131,R,1000000,1000000,2,31,1,38898,91793,1
8132,R,1000000,1000000,2,27,1,19681,4551,1
8133,R,700000,700000,2,26,1,55389,3327,1
8134,R,600000,600000,2,25,1,,7710,1
8135,R,300000,300000,6,22,1,,22704,1
8136,R,700000,700000,4,61,1,42845,64959,1
8137,R,700000,700000,3,27,1,8920,3962,1
8138,R,1000000,1000000,3,53,1,61439,34721,1
8139,R,200000,200000,1,42,0,80884,60480,1
8140,R,1000000,1000000,4,59,1,48835,6582,1
8141,R,1000000,1000000,2,53,1,175750,14893,1
8142,R,1000000,1000000,2,28,1,55664,40185,1
8143,R,200000,200000,2,26,1,,24975,1
8144,R,700000,700000,2,55,1,11813,16446,1
8145,R,1000000,1000000,2,32,1,0,65340,1
8146,R,500000,500000,2,25,1,34713,34542,1
8147,R,600000,600000,2,24,1,44728,33300,1
8148,R,200000,200000,2,22,1,230289,25957,1
8149,R,500000,500000,2,25,1,73620,20745,1
8150,R,1000000,1000000,5,64,1,90020,12006,1
8151,R,600000,600000,2,31,1,5748,25137,1
8152,R,1000000,1000000,4,38,1,722,26730,1
8153,A,700000,700000,2,26,1,28519,35685,1
8154,R,300000,300000,7,25,1,9329,41670,1
8155,A,200000,200000,3,29,1,,38665,1
8156,R,700000,700000,3,48,1,13365,60777,1
8157,R,1000000,1000000,2,29,1,63034,37235,1
8158,R,400000,400000,2,24,1,39808,24145,1
8159,R,600000,600000,12,35,1,6975,9045,1
8160,R,200000,200000,2,27,1,3895,47070,1
8161,R,500000,500000,2,28,1,43325,36000,1
8162,R,600000,600000,2,34,0,,8703,1
8163,R,200000,200000,1,61,1,199139,86355,1
8164,R,1000000,1000000,4,52,1,48593,18775,1
8165,R,500000,500000,4,40,1,2950,22716,1
8166,R,600000,600000,2,26,1,44424,26510,1
8167,R,200000,200000,12,27,1,20855,52476,1
8168,R,1000000,1000000,2,32,1,0,9206,1
8169,R,700000,700000,2,30,1,155968,53955,1
8170,R,500000,500000,2,34,0,70416,26928,1
8171,R,500000,300000,6,21,1,81652,20854,1
8172,A,200000,200000,5,21,1,312971,35442,1
8173,R,700000,700000,8,71,1,20038,2423,1
8174,R,600000,600000,2,31,1,,10018,1
8175,R,1000000,300000,7,53,1,13159,36856,1
8176,R,500000,300000,2,22,1,129210,22590,1
8177,R,1000000,300000,4,69,1,133760,27810,1
8178,R,200000,200000,2,48,1,253449,72936,1
8179,R,1000000,500000,12,32,1,88106,26025,1
8180,A,500000,500000,2,27,1,,56419,1
8181,R,700000,700000,2,30,0,640000,7047,1
8182,R,500000,500000,2,27,1,48190,43722,1
8183,R,1000000,1000000,2,33,1,163906,10604,1
8184,R,1000000,300000,7,53,1,379162,36558,1
8185,R,200000,200000,7,20,1,19735,13506,1
8186,R,500000,300000,7,52,1,167598,180000,1
8187,R,700000,700000,3,25,1,33729,29337,1
8188,R,700000,700000,2,54,1,204457,34614,1
8189,B,700000,700000,2,27,1,157725,23463,1
8190,R,700000,300000,6,24,1,,22689,1
8191,R,500000,500000,2,28,1,1672,20612,1
8192,R,500000,500000,2,24,1,70055,6388,1
8193,B,600000,600000,2,28,1,94439,10180,1
8194,R,1000000,1000000,2,44,1,30987,18731,1
8195,R,500000,300000,10,23,1,15190,19546,1
8196,R,300000,300000,2,27,0,141910,21780,1
8197,R,200000,200000,2,22,1,92575,36318,1
8198,R,1000000,1000000,2,25,0,167007,45540,1
8199,R,1000000,1000000,4,43,1,0,10335,1
8200,R,600000,600000,2,24,0,139319,37710,1
8201,R,700000,300000,7,53,1,71273,40946,1
8202,R,700000,700000,2,24,1,13810,12672,1
8203,R,200000,200000,6,21,1,0,5238,1
8204,R,200000,200000,6,19,1,24063,26594,1
8205,R,600000,600000,2,30,1,113339,52065,1
8206,R,700000,700000,2,25,1,0,6584,1
8207,R,600000,600000,2,27,1,18915,90007,1
8208,R,500000,500000,2,26,1,119793,85352,1
8209,R,700000,300000,6,23,1,105886,24825,1
8210,R,600000,600000,2,23,1,22314,164786,1
8211,R,1000000,300000,7,57,1,142884,180000,1
8212,R,700000,700000,4,54,1,50229,13995,1
8213,R,600000,300000,4,64,1,1075,6574,1
8214,R,1000000,1000000,4,62,1,133986,97110,1
8215,R,500000,500000,2,47,1,0,15840,1
8216,R,500000,300000,7,86,1,6071,7524,1
8217,R,700000,300000,4,55,1,46751,33350,1
8218,R,700000,700000,12,25,1,35526,12465,1
8219,R,700000,700000,2,27,1,84525,41863,1
8220,A,700000,700000,1,75,0,315517,4475,1
8221,R,200000,200000,2,23,1,199788,56520,1
8222,R,200000,200000,6,26,1,116988,36722,1
8223,B,200000,200000,2,28,1,56650,23445,1
8224,A,500000,500000,3,45,1,245288,67905,1
8225,R,1000000,1000000,5,41,1,67084,33116,1
8226,R,500000,500000,2,30,1,3000,180446,1
8227,R,700000,700000,2,30,0,78623,78075,1
8228,R,1000000,300000,4,65,1,36152,42809,1
8229,R,1000000,300000,7,38,1,29418,25119,1
8230,R,700000,700000,2,31,1,62140,9441,1
8231,A,600000,300000,7,46,1,12194,151189,1
8232,R,1000000,1000000,2,30,0,92862,84240,1
8233,R,1000000,1000000,1,51,1,,111870,1
8234,R,1000000,1000000,5,37,1,68998,35176,1
8235,R,200000,200000,6,20,1,17541,29178,1
8236,R,1000000,1000000,4,60,1,289245,34720,1
8237,R,600000,500000,2,30,1,60891,7115,1
8238,R,500000,500000,7,27,1,1482,22365,1
8239,R,1000000,1000000,2,43,1,142399,5850,1
8240,R,1000000,1000000,7,67,0,24063,32760,1
8241,R,500000,300000,4,51,1,207557,48087,1
8242,R,600000,600000,2,37,1,0,179091,1
8243,R,700000,700000,7,61,1,42031,53320,1
8244,A,600000,600000,2,24,1,76204,25128,1
8245,R,600000,300000,2,24,1,62745,24255,1
8246,B,1000000,1000000,3,39,0,92461,35838,1
8247,R,1000000,1000000,12,34,1,35990,48798,1
8248,R,1000000,500000,7,54,1,,12871,1
8249,R,1000000,800000,7,52,1,103576,78930,1
8250,R,600000,600000,2,26,0,191640,112950,1
8251,R,200000,200000,7,24,1,28652,53478,1
8252,R,700000,300000,2,32,1,,34389,1
8253,R,1000000,1000000,4,55,1,59500,0,1
8254,R,700000,300000,2,28,0,26262,57510,1
8255,R,1000000,300000,7,39,1,78617,13950,1
8256,R,500000,300000,7,33,1,105615,3140,1
8257,R,1000000,1000000,2,47,1,96208,19471,1
8258,B,600000,600000,2,37,1,8668,10792,1
8259,R,600000,300000,6,23,1,55292,21474,1
8260,R,1000000,300000,4,62,1,15837,57496,1
8261,R,1000000,500000,2,41,1,,59233,1
8262,R,500000,500000,2,25,1,34667,31050,1
8263,R,1000000,1000000,2,25,1,130861,12960,1
8264,R,600000,600000,4,35,1,11303,35523,1
8265,R,400000,300000,6,24,1,1300,46620,1
8266,R,1000000,1000000,2,51,0,2236,15072,1
8267,R,500000,500000,2,27,1,286949,24687,1
8268,R,200000,200000,6,21,1,76518,17165,1
8269,R,200000,200000,5,26,1,11583,12267,1
8270,R,700000,700000,2,31,1,2458,14376,1
8271,R,1000000,700000,2,24,1,37134,22292,1
8272,A,1000000,1000000,2,43,1,77640,30079,1
8273,R,500000,500000,5,33,0,152431,38700,1
8274,R,1000000,1000000,2,26,1,60261,18085,1
8275,R,1000000,1000000,4,54,1,19422,21276,1
8276,R,400000,400000,2,27,1,37140,41019,1
8277,R,200000,200000,6,20,1,21138,34146,1
8278,R,1000000,1000000,3,24,1,200246,35943,1
8279,R,600000,300000,7,59,1,89329,48843,1
8280,R,500000,300000,5,61,1,72382,33219,1
8281,R,1000000,1000000,2,37,1,0,9100,1
8282,R,400000,300000,6,19,1,13130,48980,1
8283,R,600000,600000,2,28,1,11753,10140,1
8284,R,200000,200000,6,21,1,0,22410,1
8285,R,300000,300000,2,27,1,,4446,1
8286,R,500000,300000,8,57,1,,41670,1
8287,R,500000,500000,2,26,1,5000,5400,1
8288,R,600000,600000,2,26,1,36417,9000,1
8289,R,400000,400000,2,27,1,123450,1710,1
8290,R,300000,300000,6,20,1,0,11223,1
8291,R,500000,500000,2,27,1,169772,49974,1
8292,R,700000,300000,7,55,1,49210,10083,1
8293,R,600000,600000,2,24,1,15024,1773,1
8294,R,1000000,1000000,2,25,1,350228,25574,1
8295,R,600000,600000,2,27,0,122936,16920,1
8296,R,1000000,1000000,12,65,1,13805,11916,1
8297,R,1000000,1000000,3,47,0,81485,18702,1
8298,R,600000,600000,2,26,1,21168,5571,1
8299,R,400000,400000,7,27,1,,4586,1
8300,R,200000,200000,2,33,1,179139,3852,1
8301,R,400000,400000,2,26,1,17570,9702,1
8302,R,700000,600000,2,28,1,52184,35731,1
8303,R,1000000,300000,2,33,1,,21986,1
8304,R,1000000,1000000,4,58,1,1824,180000,1
8305,R,500000,400000,5,33,1,272351,32157,1
8306,R,700000,300000,7,50,1,120520,12960,1
8307,R,400000,400000,7,28,1,242162,25077,1
8308,R,600000,600000,2,22,1,70036,10001,1
8309,R,600000,600000,4,60,1,5957,43359,1
8310,R,700000,300000,4,61,1,32193,14999,1
8311,R,1000000,1000000,2,23,1,81484,90720,1
8312,R,500000,500000,2,28,1,3000,11366,1
8313,R,300000,300000,6,20,1,14594,9612,1
8314,R,600000,300000,13,46,1,37571,10326,1
8315,R,600000,600000,2,27,1,,65430,1
8316,A,1000000,300000,7,42,1,,13464,1
8317,R,500000,500000,2,28,1,124979,21512,1
8318,R,700000,300000,6,27,1,32914,34452,1
8319,R,700000,300000,7,50,1,59573,46561,1
8320,R,500000,500000,2,29,1,206893,49424,1
8321,R,400000,300000,6,21,0,46577,90180,1
8322,A,300000,300000,6,22,1,47014,11979,1
8323,R,600000,300000,7,50,1,208662,24057,1
8324,R,700000,700000,2,30,1,58957,14672,1
8325,R,1000000,300000,7,37,1,70852,30046,1
8326,R,1000000,300000,7,37,1,,30046,1
8327,R,200000,200000,6,20,1,30092,2709,1
8328,R,200000,200000,6,20,1,,2709,1
8329,R,600000,300000,2,22,1,142092,11554,1
8330,R,1000000,1000000,2,58,1,36630,24226,1
8331,R,1000000,300000,7,62,1,55665,50646,1
8332,R,700000,300000,6,23,1,112332,22370,1
8333,R,500000,300000,6,23,1,11324,12564,1
8334,R,700000,300000,2,28,1,97396,29855,1
8335,R,700000,700000,2,28,1,0,73350,1
8336,R,600000,600000,2,36,1,5758,28151,1
8337,R,1000000,1000000,4,62,1,251213,76640,1
8338,R,500000,500000,5,48,0,8622,75726,1
8339,R,700000,700000,2,31,1,62722,43650,1
8340,R,700000,700000,2,30,1,156191,82449,1
8341,R,600000,300000,6,24,1,71400,15633,1
8342,R,700000,700000,2,34,1,32166,64548,1
8343,R,500000,500000,2,27,1,,17055,1
8344,R,700000,700000,3,27,1,71102,40136,1
8345,R,1000000,300000,7,47,1,,9045,1
8346,R,500000,300000,6,21,1,102043,765,1
8347,R,600000,600000,1,56,1,66568,36720,1
8348,R,600000,300000,2,26,1,9395,13455,1
8349,R,500000,300000,13,26,1,42194,6562,1
8350,R,600000,500000,2,24,1,65497,58347,1
8351,R,600000,600000,2,32,0,10000,30546,1
8352,R,500000,500000,7,61,1,172620,17919,1
8353,R,400000,400000,2,23,1,185326,20395,1
8354,R,1000000,1000000,5,50,1,55154,6228,1
8355,R,500000,500000,2,32,1,66261,29212,1
8356,R,600000,600000,2,47,1,161846,36720,1
8357,R,700000,700000,3,28,1,9802,19296,1
8358,R,1000000,1000000,2,35,1,159824,4553,1
8359,R,700000,700000,2,53,1,41961,21714,1
8360,R,200000,200000,6,21,1,75070,33804,1
8361,R,700000,700000,2,26,1,18398,21483,1
8362,R,600000,600000,2,25,1,12793,12861,1
8363,R,700000,700000,2,23,0,97720,9545,1
8364,R,200000,200000,5,22,1,72423,10535,1
8365,R,700000,700000,2,26,0,96469,16434,1
8366,B,700000,700000,2,24,1,111099,896,1
8367,R,200000,200000,2,24,1,131639,100918,1
8368,R,200000,200000,2,22,1,120673,8802,1
8369,R,500000,500000,2,45,1,82504,10013,1
8370,B,600000,600000,2,26,1,66767,55539,1
8371,R,400000,400000,2,23,0,172259,20880,1
8372,R,400000,300000,2,24,1,136561,6138,1
8373,R,600000,600000,2,28,1,46660,20484,1
8374,A,600000,600000,2,40,1,83167,19800,1
8375,R,1000000,1000000,2,38,1,888354,38157,1
8376,R,1000000,1000000,2,28,1,29266,9844,1
8377,R,500000,300000,6,22,1,123184,26028,1
8378,B,1000000,300000,6,23,1,11755,64601,1
8379,R,600000,300000,6,22,1,5413,14549,1
8380,B,600000,600000,2,27,0,20000,37323,1
8381,R,1000000,300000,7,64,1,1215265,184356,1
8382,A,1000000,1000000,4,46,1,32375,62370,1
8383,R,500000,300000,4,55,1,0,72720,1
8384,R,500000,500000,2,25,1,20063,6902,1
8385,R,1000000,1000000,2,33,0,90000,92520,1
8386,A,700000,300000,6,25,1,34053,20583,1
8387,R,700000,700000,2,30,0,92475,16920,1
8388,R,1000000,300000,2,71,1,175634,8988,1
8389,R,700000,700000,2,27,1,27895,17910,1
8390,R,600000,500000,7,51,1,13503,15435,1
8391,R,700000,700000,2,27,1,9480,14215,1
8392,R,200000,200000,3,22,1,30448,34806,1
8393,R,600000,600000,2,32,1,27107,11470,1
8394,R,500000,500000,3,27,0,0,63756,1
8395,R,700000,700000,2,32,1,228447,135240,1
8396,R,1000000,1000000,2,26,1,403654,11781,1
8397,R,700000,700000,2,58,1,173001,15930,1
8398,R,500000,500000,3,26,0,155732,18072,1
8399,R,1000000,300000,7,51,1,5502,3507,1
8400,R,600000,600000,2,36,1,57335,18900,1
8401,R,500000,300000,6,22,1,11400,27216,1
8402,R,1000000,1000000,2,31,1,31610,26270,1
8403,R,1000000,1000000,2,50,0,16338,44761,1
8404,R,1000000,1000000,4,54,1,56334,9501,1
8405,R,400000,400000,2,30,1,3581,48996,1
8406,R,500000,500000,2,27,1,,93609,1
8407,R,600000,600000,2,48,1,183151,14145,1
8408,R,1000000,300000,4,59,1,48239,91282,1
8409,R,700000,700000,2,29,1,56277,3509,1
8410,R,700000,300000,7,62,1,13860,10307,1
8411,R,1000000,1000000,3,32,1,34368,52917,1
8412,R,700000,700000,2,30,1,34094,18810,1
8413,R,1000000,1000000,2,48,1,0,12153,1
8414,R,700000,700000,8,74,1,4934,4346,1
8415,R,500000,500000,3,25,1,84122,11970,1
8416,R,1000000,1000000,2,24,1,20309,5954,1
8417,R,700000,700000,3,37,1,,4644,1
8418,R,300000,300000,2,34,1,210079,93533,1
8419,R,500000,500000,2,25,1,15216,50210,1
8420,R,700000,700000,2,52,1,250333,25056,1
8421,R,1000000,1000000,2,64,1,114120,26928,1
8422,R,1000000,1000000,2,32,1,0,21870,1
8423,R,500000,500000,3,22,1,81900,31842,1
8424,R,1000000,1000000,2,26,1,247776,39330,1
8425,R,1000000,1000000,2,31,1,80900,19465,1
8426,R,700000,700000,2,45,1,237024,33661,1
8427,R,300000,300000,6,21,1,93667,17505,1
8428,A,700000,700000,2,27,1,2184,49257,1
8429,R,700000,700000,2,33,0,61435,98190,1
8430,R,1000000,1000000,2,31,1,43940,54243,1
8431,R,1000000,1000000,2,28,1,38180,15930,1
8432,R,1000000,1000000,3,51,1,41894,22770,1
8433,R,200000,200000,6,20,1,259377,28413,1
8434,R,500000,500000,2,25,1,,66692,1
8435,B,600000,600000,2,24,0,18115,10395,1
8436,R,500000,300000,3,25,1,28775,4509,1
8437,R,600000,600000,3,25,1,54919,8981,1
8438,R,400000,400000,2,23,1,47949,25692,1
8439,R,500000,500000,2,34,1,35617,28918,1
8440,R,1000000,1000000,2,26,1,22867,73926,1
8441,R,1000000,1000000,2,28,0,54517,45630,1
8442,R,1000000,1000000,2,26,0,,49491,1
8443,R,600000,600000,2,36,1,3366,27117,1
8444,R,500000,300000,6,22,1,44231,60379,1
8445,R,500000,500000,2,24,1,44059,20777,1
8446,R,600000,600000,3,33,1,69919,54244,1
8447,R,1000000,1000000,2,41,1,,146700,1
8448,R,600000,600000,2,23,1,57598,9576,1
8449,R,1000000,1000000,2,57,1,16639,65430,1
8450,R,400000,400000,5,42,1,62434,77651,1
8451,R,1000000,1000000,2,31,1,,32607,1
8452,R,1000000,1000000,2,52,1,,28193,1
8453,R,600000,600000,2,27,1,16523,12564,1
8454,R,200000,200000,2,23,1,199497,3011,1
8455,R,1000000,1000000,2,51,1,30491,22805,1
8456,R,1000000,1000000,2,27,0,95980,41634,1
8457,R,700000,700000,2,29,1,75914,13950,1
8458,R,500000,300000,6,24,0,55310,15352,1
8459,R,700000,600000,2,28,1,23510,15282,1
8460,R,1000000,1000000,2,25,1,23155,22577,1
8461,R,700000,700000,2,28,1,9865,20970,1
8462,R,400000,400000,2,23,1,43120,27792,1
8463,R,200000,200000,2,40,1,47172,63062,1
8464,R,500000,500000,2,28,1,,14000,1
8465,R,700000,700000,2,26,1,,41868,1
8466,R,500000,500000,4,30,1,61642,131427,1
8467,R,700000,700000,2,53,1,213237,11985,1
8468,R,500000,500000,2,26,1,115539,29489,1
8469,R,700000,700000,2,39,1,4883,4274,1
8470,B,700000,700000,3,24,1,52707,12882,1
8471,R,600000,600000,2,29,1,53970,48996,1
8472,R,200000,200000,6,23,1,275838,94961,1
8473,R,700000,700000,2,42,1,214686,44334,1
8474,B,1000000,1000000,2,31,1,60000,16266,1
8475,R,1000000,300000,7,51,1,2822,12888,1
8476,R,600000,600000,2,28,1,16423,18266,1
8477,R,700000,700000,2,37,1,69463,52371,1
8478,R,400000,400000,2,25,1,249614,28611,1
8479,R,1000000,1000000,2,28,1,193619,31365,1
8480,A,400000,400000,1,27,1,117480,16830,1
8481,R,700000,700000,3,26,1,23062,51120,1
8482,A,600000,600000,2,24,1,407937,38096,1
8483,R,200000,200000,2,24,0,102630,45720,1
8484,R,700000,700000,2,30,1,758637,6270,1
8485,R,600000,600000,2,28,1,162233,36630,1
8486,R,700000,700000,3,28,1,0,42813,1
8487,R,600000,600000,2,33,1,51021,32760,1
8488,R,1000000,1000000,2,52,1,253431,10395,1
8489,R,200000,200000,5,36,0,10260,124200,1
8490,R,500000,300000,7,25,1,25770,18862,1
8491,R,400000,400000,2,50,1,49818,6433,1
8492,R,200000,200000,2,33,0,288713,22990,1
8493,R,500000,500000,2,34,1,18115,97515,1
8494,R,1000000,1000000,2,31,1,9892,39174,1
8495,R,600000,600000,2,24,1,,3011,1
8496,R,700000,300000,6,22,1,34587,14949,1
8497,B,500000,500000,2,27,1,22199,9405,1
8498,R,700000,700000,2,37,1,35541,31444,1
8499,R,700000,300000,11,54,1,82947,81441,1
8500,R,1000000,1000000,3,48,1,20370,66033,1
8501,A,500000,300000,7,58,1,13850,7254,1
8502,A,200000,200000,6,23,1,59813,1248,1
8503,R,700000,700000,2,26,1,8634,43241,1
8504,R,200000,200000,2,29,1,52751,35235,1
8505,R,500000,500000,2,26,1,0,30055,1
8506,R,1000000,1000000,3,47,1,92143,21111,1
8507,R,1000000,1000000,2,47,0,87509,39393,1
8508,R,1000000,1000000,1,54,1,89025,100926,1
8509,R,600000,600000,7,52,1,159522,35762,1
8510,R,200000,200000,2,24,1,109590,16515,1
8511,R,1000000,1000000,3,31,0,148302,51732,1
8512,R,1000000,1000000,2,41,1,270877,10485,1
8513,R,1000000,1000000,4,59,1,37934,15570,1
8514,R,700000,700000,3,29,1,379462,25632,1
8515,R,200000,200000,6,21,1,139753,14370,1
8516,R,1000000,1000000,2,41,1,57281,11237,1
8517,R,600000,600000,11,27,1,,4001,1
8518,R,1000000,300000,2,34,1,36750,9830,1
8519,R,700000,500000,1,61,1,0,176577,1
8520,R,400000,400000,12,23,1,38408,29790,1
8521,R,300000,300000,10,27,1,131003,46170,1
8522,R,1000000,300000,6,23,1,5119,17693,1
8523,A,700000,700000,3,30,1,80747,2871,1
8524,A,1000000,1000000,7,72,1,44550,10748,1
8525,R,300000,300000,6,22,1,7720,65759,1
8526,R,400000,400000,7,44,1,14130,40210,1
8527,R,700000,700000,2,29,1,372287,42093,1
8528,R,700000,700000,3,30,0,29212,80274,1
8529,R,1000000,1000000,8,79,0,73953,5723,1
8530,R,1000000,1000000,2,27,1,136303,17240,1
8531,R,600000,600000,2,25,1,82740,61380,1
8532,R,1000000,1000000,2,29,1,158310,32679,1
8533,R,500000,500000,2,26,1,67633,31955,1
8534,R,1000000,1000000,2,38,1,139687,97947,1
8535,R,700000,700000,7,42,1,37642,1599,1
8536,R,500000,500000,2,25,1,,5697,1
8537,R,600000,600000,2,26,1,118291,79360,1
8538,R,200000,200000,2,25,1,71084,12312,1
8539,R,300000,300000,6,21,1,18810,34142,1
8540,R,300000,300000,2,27,1,128614,48867,1
8541,R,300000,300000,2,25,1,45104,15840,1
8542,R,500000,500000,2,25,1,65269,41022,1
8543,R,1000000,800000,2,34,1,286014,80822,1
8544,R,1000000,1000000,2,49,1,,6630,1
8545,R,500000,500000,2,26,1,5748,27198,1
8546,R,200000,200000,6,22,1,524,26129,1
8547,R,600000,600000,4,38,1,0,21465,1
8548,R,1000000,1000000,2,32,1,116350,49482,1
8549,R,600000,600000,2,28,1,416367,20826,1
8550,R,500000,500000,3,27,1,,29691,1
8551,R,1000000,1000000,2,59,0,181569,6184,1
8552,R,600000,300000,8,73,0,146319,48690,1
8553,R,700000,700000,2,36,1,7410,8088,1
8554,R,700000,700000,2,26,1,,23850,1
8555,R,600000,300000,4,51,1,194649,12960,1
8556,R,600000,600000,2,35,0,2565,101268,1
8557,B,500000,500000,2,26,1,46123,15343,1
8558,R,700000,700000,2,45,1,2600,79983,1
8559,R,1000000,1000000,2,30,1,111087,45576,1
8560,R,1000000,1000000,2,50,1,286182,10980,1
8561,R,1000000,1000000,2,31,0,0,21784,1
8562,A,1000000,1000000,2,61,0,156750,180000,1
8563,R,1000000,1000000,2,26,1,2613,13014,1
8564,R,1000000,1000000,2,25,1,,45630,1
8565,R,700000,700000,10,34,0,20848,97407,1
8566,A,700000,700000,2,40,1,91200,18315,1
8567,R,600000,600000,2,24,1,38999,34650,1
8568,R,700000,700000,2,30,1,131146,22446,1
8569,R,200000,200000,2,30,1,0,12380,1
8570,R,400000,400000,2,26,1,0,3501,1
8571,R,400000,400000,2,24,1,80507,11853,1
8572,R,400000,400000,5,30,1,73255,9045,1
8573,R,500000,500000,2,25,1,9594,26592,1
8574,R,500000,500000,2,24,1,10384,47789,1
8575,R,600000,300000,2,27,1,105222,27256,1
8576,R,200000,200000,6,20,1,44751,1184,1
8577,R,700000,700000,2,25,0,28000,73350,1
8578,R,200000,200000,2,25,1,74246,35810,1
8579,R,1000000,1000000,2,28,0,122822,60930,1
8580,R,600000,400000,3,24,1,239608,3506,1
8581,R,1000000,1000000,2,30,1,66956,35609,1
8582,R,600000,600000,2,22,1,39500,21222,1
8583,R,1000000,1000000,2,29,1,22473,33860,1
8584,R,600000,600000,2,23,1,1887,45663,1
8585,R,500000,500000,2,29,0,95662,89062,1
8586,R,1000000,1000000,2,25,1,1767,2466,1
8587,R,400000,400000,2,26,1,54830,4355,1
8588,R,600000,600000,2,29,0,51498,97704,1
8589,B,700000,700000,5,33,1,21602,26928,1
8590,R,600000,600000,2,33,1,139083,12065,1
8591,R,1000000,1000000,2,30,1,17026,14940,1
8592,R,400000,400000,2,26,1,25000,2779,1
8593,R,1000000,1000000,10,28,1,5590,37522,1
8594,R,1000000,1000000,2,28,1,37717,7020,1
8595,R,1000000,1000000,2,44,1,68579,64193,1
8596,A,700000,700000,1,44,0,351824,136984,1
8597,B,600000,600000,4,39,1,73709,27087,1
8598,R,1000000,1000000,2,30,1,122284,12080,1
8599,R,400000,400000,2,25,1,19245,4347,1
8600,R,400000,400000,2,26,1,34116,64796,1
8601,R,700000,700000,2,34,0,32419,66639,1
8602,R,1000000,1000000,2,31,0,25739,17127,1
8603,R,1000000,300000,7,41,1,31743,1367,1
8604,R,1000000,300000,4,55,1,3116,61695,1
8605,A,1000000,500000,2,50,1,38720,28413,1
8606,R,1000000,1000000,2,54,1,54799,17154,1
8607,R,700000,700000,1,60,0,3000,46422,1
8608,R,1000000,300000,7,58,1,89318,81360,1
8609,R,700000,700000,2,25,0,71976,49262,1
8610,R,1000000,1000000,2,38,0,66375,128700,1
8611,R,1000000,1000000,4,60,1,46959,18900,1
8612,R,700000,700000,11,58,1,47527,8541,1
8613,R,600000,600000,2,24,1,199610,22372,1
8614,R,600000,300000,2,44,1,173720,84735,1
8615,R,1000000,300000,7,52,1,0,792,1
8616,R,500000,300000,6,22,1,,3456,1
8617,R,600000,600000,7,31,1,8285,8010,1
8618,R,1000000,1000000,3,31,0,113809,684,1
8619,R,1000000,1000000,2,55,1,146995,45147,1
8620,R,1000000,1000000,2,48,1,0,2772,1
8621,R,400000,300000,6,27,1,45446,9753,1
8622,R,700000,300000,6,23,0,11106,21462,1
8623,R,700000,300000,7,35,1,12881,6831,1
8624,R,600000,600000,1,44,1,94000,135604,1
8625,R,400000,300000,5,25,1,48505,13464,1
8626,R,1000000,1000000,2,72,1,3610,2474,1
8627,R,500000,500000,4,52,1,30060,35235,1
8628,R,600000,300000,7,52,1,20169,23009,1
8629,R,1000000,1000000,2,37,0,37620,60390,1
8630,R,600000,600000,2,33,0,91000,26820,1
8631,R,700000,700000,4,35,1,9692,3676,1
8632,R,700000,300000,4,55,1,32791,13455,1
8633,R,1000000,800000,2,30,1,22055,30641,1
8634,R,200000,200000,7,27,1,210818,17234,1
8635,R,600000,600000,2,49,1,49275,32769,1
8636,R,400000,300000,6,22,1,86210,6291,1
8637,R,600000,600000,2,28,0,6315,19890,1
8638,R,700000,300000,2,43,1,12330,16218,1
8639,B,700000,300000,7,57,1,,25344,1
8640,R,700000,700000,2,28,0,50525,60084,1
8641,R,200000,200000,2,24,1,52686,36819,1
8642,A,700000,700000,2,29,1,35585,4325,1
8643,R,600000,600000,2,36,0,146290,104040,1
8644,R,700000,300000,7,48,1,28486,1089,1
8645,R,1000000,1000000,12,28,1,28726,27810,1
8646,R,1000000,1000000,2,30,0,22151,4446,1
8647,R,1000000,1000000,4,52,1,4588,77068,1
8648,R,500000,500000,2,25,1,34878,65613,1
8649,R,600000,600000,2,28,1,30284,5767,1
8650,R,700000,300000,7,45,1,,12960,1
8651,R,1000000,1000000,2,26,1,29259,35235,1
8652,R,1000000,1000000,2,27,1,126538,12691,1
8653,R,500000,300000,6,22,1,10640,28305,1
8654,R,700000,700000,2,28,0,1642,43745,1
8655,R,1000000,1000000,2,38,0,10977,16830,1
8656,R,600000,600000,2,25,1,17472,8604,1
8657,R,600000,600000,2,24,1,52958,4806,1
8658,R,200000,200000,2,23,1,35523,17447,1
8659,R,600000,300000,6,21,1,34099,0,1
8660,R,600000,600000,5,55,1,199077,55516,1
8661,R,700000,700000,3,29,0,,24840,1
8662,R,600000,600000,2,27,0,35882,35601,1
8663,R,700000,700000,2,51,1,0,51174,1
8664,A,500000,500000,2,24,1,3126,8352,1
8665,R,600000,600000,2,52,1,32357,117900,1
8666,R,300000,300000,2,46,1,157287,58581,1
8667,R,1000000,1000000,3,26,1,64348,25227,1
8668,R,1000000,1000000,12,54,1,93095,24119,1
8669,R,700000,700000,2,24,1,156745,24575,1
8670,R,1000000,300000,7,52,1,122660,12771,1
8671,R,700000,700000,3,24,1,287531,26325,1
8672,R,1000000,1000000,2,30,1,20533,26325,1
8673,R,700000,700000,2,24,0,326648,13635,1
8674,R,1000000,1000000,2,52,1,105094,29997,1
8675,R,1000000,1000000,3,45,0,136563,17820,1
8676,R,700000,700000,2,28,0,14482,16893,1
8677,R,700000,300000,6,23,1,73594,7347,1
8678,R,1000000,1000000,2,27,1,,33275,1
8679,R,1000000,1000000,2,38,0,,26820,1
8680,R,600000,600000,2,24,1,,30870,1
8681,R,300000,300000,2,28,1,282868,64350,1
8682,R,700000,700000,2,31,1,36306,50580,1
8683,R,1000000,600000,7,60,1,29601,131283,1
8684,R,700000,500000,7,49,1,105767,20068,1
8685,R,500000,300000,8,43,1,5748,20335,1
8686,R,300000,300000,2,27,0,93362,44820,1
8687,R,700000,700000,1,77,1,17547,33948,1
8688,R,700000,500000,7,25,1,85328,70511,1
8689,R,700000,700000,2,28,1,7284,10054,1
8690,B,1000000,1000000,10,47,0,70652,143550,1
8691,R,500000,500000,2,28,0,515,15435,1
8692,R,1000000,1000000,2,28,1,458377,143196,1
8693,R,1000000,1000000,5,26,1,3860,17910,1
8694,R,1000000,1000000,7,52,1,69300,35730,1
8695,R,500000,500000,3,26,1,0,4050,1
8696,R,1000000,1000000,2,50,1,168414,7200,1
8697,R,1000000,1000000,4,42,1,13453,26291,1
8698,R,1000000,1000000,2,36,1,36315,3366,1
8699,R,700000,700000,2,35,1,17501,97849,1
8700,R,200000,200000,2,31,1,161871,44442,1
8701,A,700000,700000,2,40,1,130262,54253,1
8702,R,700000,700000,2,27,1,0,15840,1
8703,R,200000,200000,2,25,0,80190,63450,1
8704,R,700000,700000,7,63,1,192548,1399,1
8705,R,600000,600000,2,30,1,75731,36482,1
8706,R,1000000,1000000,2,27,1,6622,26451,1
8707,R,700000,700000,2,24,1,0,35938,1
8708,R,600000,500000,3,21,1,6760,40763,1
8709,R,700000,700000,2,28,0,5000,74340,1
8710,R,1000000,1000000,2,60,1,28881,4680,1
8711,R,1000000,1000000,2,32,1,40600,57510,1
8712,R,600000,600000,2,27,0,46530,43632,1
8713,R,1000000,300000,12,54,1,42933,9396,1
8714,R,700000,700000,4,48,1,7493,60192,1
8715,R,700000,700000,2,25,1,42319,19877,1
8716,R,1000000,1000000,2,42,0,251054,20880,1
8717,R,500000,500000,2,26,1,53075,55242,1
8718,R,1000000,1000000,3,27,1,100391,37174,1
8719,B,600000,600000,2,26,1,202387,40042,1
8720,R,1000000,1000000,2,26,1,,13806,1
8721,R,700000,300000,4,53,1,255730,104565,1
8722,R,700000,700000,2,27,1,32150,113445,1
8723,R,1000000,1000000,3,64,1,19521,41718,1
8724,B,500000,300000,7,58,1,212698,19800,1
8725,R,500000,500000,3,26,1,27088,52461,1
8726,R,600000,300000,7,46,1,,100867,1
8727,R,700000,700000,2,42,1,63398,15478,1
8728,R,1000000,1000000,2,31,1,228051,5624,1
8729,R,600000,300000,4,53,1,,38610,1
8730,R,1000000,1000000,3,27,1,41020,18801,1
8731,R,600000,600000,3,24,1,7408,27473,1
8732,R,1000000,1000000,2,48,1,10160,25474,1
8733,R,500000,500000,2,25,1,50640,14675,1
8734,R,1000000,1000000,1,49,0,,75132,1
8735,R,1000000,1000000,1,53,1,84840,143860,1
8736,R,600000,600000,2,32,1,38143,46026,1
8737,R,700000,300000,7,48,1,0,68382,1
8738,A,700000,700000,2,25,1,6846,58590,1
8739,R,1000000,1000000,2,57,1,19531,11130,1
8740,R,400000,400000,2,26,1,,37710,1
8741,R,600000,600000,2,28,1,42991,28935,1
8742,R,700000,700000,2,25,1,26758,11475,1
8743,R,1000000,300000,7,56,1,1672,38674,1
8744,R,500000,500000,4,43,1,12413,11281,1
8745,R,400000,400000,12,23,1,60098,22730,1
8746,R,600000,600000,2,25,0,35024,5090,1
8747,R,1000000,1000000,2,30,1,4599,4050,1
8748,R,600000,500000,2,36,1,37616,95715,1
8749,R,700000,700000,2,27,1,0,12420,1
8750,R,700000,700000,2,61,1,567857,28016,1
8751,R,700000,700000,2,28,0,133336,14850,1
8752,R,1000000,1000000,4,59,1,71779,32031,1
8753,R,1000000,1000000,2,30,1,93266,51570,1
8754,R,700000,700000,2,33,0,88632,23527,1
8755,R,600000,400000,10,27,1,48965,36720,1
8756,R,700000,700000,2,53,0,333692,128704,1
8757,R,500000,500000,4,72,1,228534,41333,1
8758,R,600000,600000,3,24,1,97789,34587,1
8759,R,200000,200000,2,22,0,163585,49491,1
8760,R,700000,700000,7,57,1,14383,47700,1
8761,R,300000,300000,2,32,1,83101,34295,1
8762,R,500000,500000,4,39,1,48486,30978,1
8763,R,600000,600000,2,28,1,233541,154440,1
8764,R,1000000,300000,4,62,1,40929,93060,1
8765,A,200000,200000,2,27,0,,34235,1
8766,R,500000,500000,2,35,0,58495,4158,1
8767,R,700000,500000,7,26,1,5510,15271,1
8768,R,1000000,1000000,2,29,1,78052,54450,1
8769,R,200000,200000,6,23,1,110921,20880,1
8770,R,600000,600000,2,37,0,180413,144702,1
8771,R,400000,300000,2,23,1,41572,14222,1
8772,R,600000,600000,2,26,1,200691,20930,1
8773,R,200000,200000,6,23,1,191825,1278,1
8774,R,700000,300000,7,28,1,6318,47548,1
8775,R,500000,500000,2,41,1,0,19395,1
8776,R,700000,300000,7,46,1,56693,9968,1
8777,R,1000000,1000000,2,27,1,9498,43866,1
8778,R,500000,300000,6,21,0,0,11583,1
8779,R,600000,300000,7,47,1,55749,19846,1
8780,R,500000,500000,2,27,1,50213,33849,1
8781,R,700000,700000,2,29,1,52470,89190,1
8782,R,400000,400000,2,26,1,53869,21862,1
8783,R,700000,300000,4,53,1,83372,21897,1
8784,R,1000000,1000000,2,34,1,27886,26612,1
8785,R,200000,200000,2,32,1,137398,50580,1
8786,R,1000000,1000000,2,28,1,68088,39212,1
8787,A,700000,700000,8,68,0,246849,74250,1
8788,R,200000,200000,2,45,1,245706,7317,1
8789,R,500000,500000,1,43,1,213766,25830,1
8790,R,700000,700000,3,23,1,41643,26489,1
8791,R,200000,200000,6,22,1,189071,20938,1
8792,R,500000,500000,3,23,1,56181,80280,1
8793,R,1000000,1000000,2,32,1,35146,180000,1
8794,R,1000000,300000,4,50,1,,1981,1
8795,R,300000,300000,6,22,1,251140,12921,1
8796,R,200000,200000,6,21,1,64268,20691,1
8797,R,600000,300000,6,22,1,24180,19863,1
8798,R,700000,300000,7,55,1,12024,16200,1
8799,R,700000,700000,2,39,1,39110,9594,1
8800,R,600000,600000,4,65,1,2034,188100,1
8801,R,500000,300000,2,24,1,158386,4887,1
8802,B,400000,400000,10,25,1,42162,59098,1
8803,R,400000,300000,6,19,1,83840,4482,1
8804,R,600000,300000,6,23,1,24514,29430,1
8805,R,1000000,500000,7,51,1,9000,27167,1
8806,A,300000,300000,2,24,1,183894,19440,1
8807,R,1000000,1000000,2,29,1,40169,29574,1
8808,R,200000,200000,6,20,1,37848,5760,1
8809,R,200000,200000,6,22,1,1232,0,1
8810,R,200000,200000,6,22,1,,3914,1
8811,B,700000,700000,2,47,1,109538,18185,1
8812,R,600000,300000,5,39,1,111938,8505,1
8813,R,700000,700000,2,27,1,114688,14157,1
8814,R,600000,600000,2,23,1,80018,25326,1
8815,R,200000,200000,2,44,1,26320,33278,1
8816,R,500000,500000,2,23,1,377327,18603,1
8817,R,600000,600000,3,24,1,123324,19791,1
8818,R,700000,700000,1,50,0,36482,10460,1
8819,R,500000,500000,2,25,1,33336,40639,1
8820,R,1000000,1000000,2,53,0,4149,61470,1
8821,R,1000000,1000000,2,25,1,100860,29054,1
8822,R,200000,200000,2,22,1,11966,9099,1
8823,R,500000,300000,6,21,1,111843,6266,1
8824,R,700000,700000,12,31,1,104952,25500,1
8825,R,1000000,1000000,4,51,1,119459,10332,1
8826,R,200000,200000,6,23,1,281416,17109,1
8827,R,600000,300000,7,30,1,34067,62460,1
8828,R,200000,200000,2,24,1,270200,38412,1
8829,R,1000000,1000000,2,27,1,58302,11277,1
8830,R,500000,500000,2,24,1,133565,19488,1
8831,R,1000000,1000000,2,45,1,212021,1125,1
8832,R,1000000,1000000,2,50,1,30712,180000,1
8833,R,500000,500000,7,55,1,141010,4017,1
8834,B,300000,300000,7,25,1,13275,14364,1
8835,R,1000000,1000000,2,31,1,8653,31256,1
8836,R,500000,500000,2,30,0,252571,48294,1
8837,R,1000000,1000000,10,56,1,6332,6985,1
8838,R,700000,700000,2,27,0,40601,48105,1
8839,A,700000,700000,2,39,0,50654,97020,1
8840,R,600000,600000,10,40,0,0,180000,1
8841,R,1000000,1000000,2,31,1,214593,50580,1
8842,A,600000,600000,2,32,1,41069,36234,1
8843,R,500000,500000,2,30,1,105414,31051,1
8844,R,700000,700000,2,28,0,53352,20168,1
8845,R,1000000,1000000,2,35,1,,30375,1
8846,R,500000,500000,13,28,1,334032,16730,1
8847,R,300000,300000,12,25,1,60007,19160,1
8848,R,500000,300000,6,28,1,19845,5862,1
8849,R,500000,500000,2,25,1,38896,40185,1
8850,R,1000000,1000000,4,41,1,,88381,1
8851,R,1000000,1000000,2,27,0,0,18567,1
8852,R,1100000,1100000,2,27,1,117549,1773,1
8853,R,1000000,1000000,1,49,1,154514,48849,1
8854,R,1000000,1000000,3,28,1,61336,29790,1
8855,R,800000,800000,2,35,1,254077,20484,1
8856,R,1000000,1000000,2,56,1,18842,35857,1
8857,R,1500000,300000,2,33,1,18518,6192,1
8858,R,1000000,1000000,2,34,1,5370,17126,1
8859,R,1000000,800000,2,34,1,42651,26577,1
8860,R,600000,600000,2,28,1,74113,41527,1
8861,R,600000,600000,2,25,1,13542,32039,1
8862,R,600000,300000,7,54,1,4218,19740,1
8863,R,400000,400000,8,68,1,39274,39470,1
8864,R,700000,700000,2,37,0,16130,4266,1
8865,R,700000,700000,2,37,0,27244,4266,1
8866,R,1100000,1100000,2,27,0,19248,51480,1
8867,R,200000,200000,2,26,1,180428,617,1
8868,R,600000,600000,2,29,1,10490,990,1
8869,R,700000,700000,2,53,1,107281,9718,1
8870,R,1000000,500000,7,49,1,21768,180000,1
8871,R,700000,300000,7,48,1,104414,30780,1
8872,R,1000000,1000000,2,31,1,26508,4608,1
8873,A,1000000,1000000,2,57,0,,1341,1
8874,R,500000,500000,1,26,1,95802,41261,1
8875,R,800000,800000,2,33,1,206502,37364,1
8876,R,1000000,1000000,2,46,1,46882,3990,1
8877,R,600000,600000,10,26,1,40293,46998,1
8878,R,1000000,1000000,2,27,1,44447,4743,1
8879,R,700000,700000,2,46,1,40148,25785,1
8880,R,700000,700000,2,28,1,36984,39015,1
8881,R,500000,500000,2,26,1,83322,19494,1
8882,R,1000000,1000000,2,27,1,33088,8360,1
8883,R,500000,300000,2,30,1,24764,1944,1
8884,R,300000,300000,2,27,1,64608,14652,1
8885,R,600000,600000,2,30,1,1720,110970,1
8886,R,300000,300000,6,22,1,3867,46190,1
8887,A,600000,600000,7,59,1,49942,18236,1
8888,R,700000,700000,2,27,1,5215,10764,1
8889,R,500000,500000,2,26,1,55576,20781,1
8890,R,600000,600000,2,28,1,111677,25167,1
8891,R,700000,300000,7,57,1,1343,92326,1
8892,R,600000,600000,7,45,1,57955,174653,1
8893,R,200000,200000,7,21,1,168176,16218,1
8894,B,200000,200000,6,23,1,206987,35145,1
8895,R,1000000,1000000,2,33,0,27592,80190,1
8896,R,1000000,1000000,3,29,0,,34793,1
8897,R,500000,500000,2,26,1,61042,4798,1
8898,R,700000,700000,2,25,1,32858,12583,1
8899,R,700000,700000,2,34,1,106629,12870,1
8900,R,400000,400000,2,25,1,14491,18863,1
8901,R,1000000,1000000,3,59,0,23616,1480,1
8902,R,400000,400000,2,43,1,10462,54550,1
8903,R,700000,700000,2,55,1,30500,28881,1
8904,R,600000,600000,2,53,0,456276,34000,1
8905,R,1000000,300000,7,55,1,5833,2060,1
8906,B,700000,300000,2,37,1,6000,32451,1
8907,R,600000,600000,2,28,1,326426,178923,1
8908,R,600000,600000,12,62,1,112304,1949,1
8909,R,1000000,1000000,2,57,1,36465,1485,1
8910,R,600000,600000,2,28,1,3031,18900,1
8911,R,1000000,1000000,3,35,1,16848,52879,1
8912,R,700000,700000,2,24,1,,66123,1
8913,R,600000,600000,2,29,1,172508,48600,1
8914,R,400000,400000,2,38,0,132445,1791,1
8915,R,600000,600000,2,23,1,92865,52666,1
8916,R,1000000,1000000,2,30,1,7002,5733,1
8917,R,1000000,1000000,2,58,0,,34365,1
8918,R,500000,500000,2,60,1,142678,2622,1
8919,R,200000,200000,2,24,1,0,49473,1
8920,R,1000000,1000000,2,57,0,17018,58203,1
8921,R,1000000,1000000,7,46,1,11858,8010,1
8922,R,1000000,300000,7,57,1,129312,15117,1
8923,R,1000000,1000000,2,57,1,33966,19962,1
8924,R,700000,700000,2,25,1,91513,7275,1
8925,R,700000,700000,2,28,1,90880,11905,1
8926,A,700000,700000,2,29,1,13513,14877,1
8927,R,500000,500000,2,30,1,95632,10026,1
8928,R,1000000,1000000,4,45,1,67680,31986,1
8929,R,1000000,300000,5,51,1,,34889,1
8930,R,400000,400000,2,32,1,61964,16731,1
8931,R,700000,700000,2,26,1,71449,34910,1
8932,A,600000,600000,3,24,1,274389,47141,1
8933,R,500000,500000,2,27,1,4397,22672,1
8934,R,700000,700000,2,31,1,184031,38007,1
8935,R,600000,600000,2,23,1,76582,30654,1
8936,R,200000,200000,2,68,0,127094,6723,1
8937,R,1000000,600000,2,75,1,,13373,1
8938,R,500000,500000,8,77,1,,15928,1
8939,R,1000000,1000000,2,32,1,41278,34650,1
8940,R,1000000,1000000,2,25,1,0,22774,1
8941,R,700000,300000,4,42,1,1000,11277,1
8942,R,400000,400000,2,33,1,,73985,1
8943,R,1000000,300000,3,60,1,177392,15642,1
8944,R,1000000,1000000,2,31,1,,10251,1
8945,R,700000,700000,1,38,1,36189,19255,1
8946,R,1000000,1000000,2,37,1,0,52923,1
8947,R,500000,300000,12,41,1,33113,15525,1
8948,R,500000,500000,2,29,1,50792,74670,1
8949,R,1000000,1000000,2,56,0,73110,19800,1
8950,R,300000,300000,6,21,1,6772,17675,1
8951,R,600000,300000,7,38,1,0,50670,1
8952,R,700000,700000,2,25,1,204754,12512,1
8953,R,600000,600000,2,27,0,162887,63450,1
8954,R,1000000,300000,2,52,1,0,10382,1
8955,R,1000000,1000000,2,34,1,88842,21148,1
8956,R,1000000,1000000,2,59,1,0,18450,1
8957,R,500000,500000,2,34,1,156957,74051,1
8958,R,1000000,1000000,2,28,1,32373,1332,1
8959,R,1000000,1000000,2,25,1,37708,2340,1
8960,R,1000000,300000,7,55,1,38018,24746,1
8961,R,700000,700000,2,36,1,5529,11182,1
8962,R,1000000,1000000,3,26,1,62720,63396,1
8963,R,600000,600000,2,25,0,0,29421,1
8964,R,500000,500000,2,34,0,,25605,1
8965,A,500000,500000,2,38,1,24630,130590,1
8966,R,600000,600000,7,27,1,6157,4455,1
8967,A,600000,600000,2,25,1,5157,32967,1
8968,R,500000,500000,5,48,0,156939,35136,1
8969,R,700000,700000,2,34,1,23107,98100,1
8970,R,600000,600000,2,25,0,38888,40690,1
8971,A,200000,200000,7,24,1,69797,59262,1
8972,R,1000000,1000000,12,62,1,45207,4209,1
8973,R,1000000,1000000,2,40,1,61427,2912,1
8974,R,700000,700000,2,24,1,10379,5031,1
8975,A,300000,300000,2,25,1,140500,31720,1
8976,R,400000,400000,2,26,1,115936,2755,1
8977,B,1000000,1000000,1,49,0,,63836,1
8978,R,700000,700000,2,27,0,24250,810,1
8979,R,600000,600000,2,24,1,151707,26962,1
8980,R,1000000,1000000,5,60,1,216039,38507,1
8981,R,700000,700000,2,26,1,115812,25236,1
8982,R,1000000,1000000,2,33,1,255203,168629,1
8983,R,500000,300000,6,21,1,52183,34155,1
8984,R,1000000,1000000,2,75,0,23768,5079,1
8985,R,500000,500000,2,30,1,13365,2496,1
8986,A,1000000,1000000,1,49,1,381785,3325,1
8987,R,200000,200000,7,27,1,1300,506,1
8988,R,1000000,300000,7,53,1,33826,0,1
8989,R,500000,500000,2,27,1,30258,28800,1
8990,A,700000,700000,2,24,1,26260,15545,1
8991,R,600000,600000,2,37,0,,12960,1
8992,R,1000000,1000000,2,23,1,71540,18900,1
8993,R,1000000,300000,2,25,1,66850,18743,1
8994,R,700000,700000,3,25,1,160578,38982,1
8995,R,700000,500000,7,45,1,6882,117900,1
8996,R,1000000,300000,7,52,1,49607,22437,1
8997,R,700000,700000,4,38,1,45176,29394,1
8998,R,200000,200000,4,36,1,10637,5160,1
8999,R,200000,200000,2,23,1,30000,31050,1
9000,B,700000,500000,2,28,1,25119,13151,1
9001,R,400000,300000,6,21,0,19499,15777,1
9002,R,400000,300000,6,21,0,,15777,1
9003,R,700000,700000,2,29,0,29011,36757,1
9004,R,600000,600000,7,48,1,92074,13950,1
9005,R,1000000,1000000,2,47,1,554395,38324,1
9006,R,400000,400000,2,25,1,20128,51732,1
9007,R,600000,300000,4,80,1,20974,12091,1
9008,R,600000,600000,2,27,1,95003,65572,1
9009,R,700000,700000,2,40,1,,4743,1
9010,A,500000,500000,2,28,1,9009,40385,1
9011,R,500000,500000,2,35,0,63349,11970,1
9012,R,1000000,800000,7,52,1,,20799,1
9013,A,400000,300000,11,43,1,,21093,1
9014,B,700000,300000,3,25,1,21737,20651,1
9015,R,1000000,1000000,8,64,1,55503,19503,1
9016,R,300000,300000,5,66,1,82234,13386,1
9017,R,200000,200000,2,24,1,52195,14256,1
9018,R,1000000,1000000,4,51,1,24049,4882,1
9019,R,400000,300000,2,22,1,65303,8507,1
9020,R,1000000,1000000,2,26,1,17241,6951,1
9021,R,700000,700000,2,29,1,,9778,1
9022,R,600000,600000,2,27,1,53380,8010,1
9023,R,700000,700000,2,29,1,51354,6654,1
9024,R,1000000,1000000,2,39,0,0,26325,1
9025,R,200000,200000,6,20,1,192219,10504,1
9026,R,300000,300000,2,26,1,17913,38939,1
9027,R,500000,300000,2,25,1,12242,13950,1
9028,R,500000,500000,1,47,0,2220,9248,1
9029,R,1000000,1000000,2,30,1,24935,576,1
9030,R,500000,500000,2,24,1,15096,41886,1
9031,R,400000,300000,6,22,1,20413,20628,1
9032,R,600000,600000,5,28,1,50490,23635,1
9033,R,200000,200000,5,65,1,12582,12807,1
9034,R,1000000,1000000,3,28,1,6697,16778,1
9035,R,1000000,1000000,7,40,1,28487,3897,1
9036,R,1000000,1000000,3,30,0,34551,6232,1
9037,R,1000000,500000,7,50,1,3886,11682,1
9038,R,600000,600000,2,26,1,108610,34011,1
9039,R,600000,600000,2,36,1,123533,35839,1
9040,R,1000000,1000000,2,50,1,71033,43947,1
9041,R,1000000,1000000,2,52,1,4796,22012,1
9042,R,300000,300000,12,28,1,16639,6240,1
9043,R,200000,200000,2,19,1,59291,64973,1
9044,A,200000,200000,2,24,1,36740,18188,1
9045,R,1000000,1000000,2,50,0,57539,20583,1
9046,R,1000000,700000,7,69,1,33649,1140,1
9047,R,1000000,1000000,2,24,0,,23652,1
9048,R,500000,500000,2,22,1,136663,17781,1
9049,R,400000,400000,2,26,1,89150,16839,1
9050,R,200000,200000,2,24,1,86686,9945,1
9051,R,1000000,1000000,2,42,0,138781,92708,1
9052,R,1000000,1000000,2,33,1,91538,66087,1
9053,R,1000000,1000000,2,41,1,,61443,1
9054,R,600000,600000,2,25,1,22844,6237,1
9055,R,400000,400000,2,26,1,119982,25733,1
9056,R,1000000,300000,5,52,1,57106,16686,1
9057,R,700000,300000,8,74,1,187325,6344,1
9058,A,400000,400000,2,25,1,90623,42489,1
9059,R,600000,500000,7,45,1,12852,19683,1
9060,R,400000,300000,6,21,1,63220,18537,1
9061,R,1000000,300000,7,65,1,90162,14398,1
9062,A,200000,200000,6,20,1,130467,903,1
9063,R,600000,600000,2,27,1,35640,24412,1
9064,R,400000,400000,7,27,1,67695,33206,1
9065,R,500000,500000,2,24,1,37350,62100,1
9066,R,600000,600000,2,29,1,4462,14940,1
9067,R,1000000,300000,7,67,1,30853,13761,1
9068,R,500000,300000,8,82,1,751,6732,1
9069,R,500000,300000,6,22,1,133425,30216,1
9070,R,700000,700000,2,26,1,,5337,1
9071,R,1000000,1000000,2,27,1,23278,15652,1
9072,R,1000000,1000000,2,49,0,26935,20614,1
9073,R,400000,400000,2,36,1,35364,36885,1
9074,R,600000,300000,7,45,1,,31281,1
9075,A,400000,200000,2,25,1,320799,1478,1
9076,A,200000,200000,2,21,1,248404,17419,1
9077,R,700000,700000,2,32,1,23769,594,1
9078,R,200000,200000,6,21,1,205022,31807,1
9079,R,300000,300000,3,31,1,76923,43533,1
9080,R,700000,700000,2,27,1,6803,25815,1
9081,R,1000000,1000000,2,32,0,14915,56124,1
9082,R,700000,700000,2,25,1,187436,4086,1
9083,R,600000,600000,2,29,1,89100,10910,1
9084,R,600000,600000,2,66,0,,15662,1
9085,R,600000,600000,2,47,0,,12271,1
9086,R,1000000,1000000,1,71,1,0,49599,1
9087,R,700000,700000,3,29,1,,10316,1
9088,R,1000000,800000,4,56,1,23417,20125,1
9089,R,500000,300000,6,20,1,16324,4644,1
9090,R,500000,500000,2,25,1,,12673,1
9091,R,700000,700000,3,32,1,,17028,1
9092,R,500000,500000,2,27,1,19905,33570,1
9093,R,700000,700000,2,64,1,74614,177300,1
9094,R,600000,600000,3,24,1,80657,22134,1
9095,R,300000,300000,2,27,1,193813,20536,1
9096,R,1000000,300000,7,57,1,6997,18117,1
9097,B,1000000,1000000,2,33,1,19303,13363,1
9098,R,700000,700000,2,32,1,28691,26758,1
9099,R,600000,300000,7,42,1,14475,22080,1
9100,R,700000,700000,2,48,1,52639,6030,1
9101,R,500000,500000,2,27,1,4262,0,1
9102,A,700000,300000,4,41,1,229102,172260,1
9103,B,1000000,1000000,2,53,1,5382,35640,1
9104,R,700000,700000,2,25,1,223280,6574,1
9105,R,500000,500000,10,25,1,,22365,1
9106,R,700000,700000,3,39,1,33478,2759,1
9107,R,600000,600000,2,26,1,35173,25026,1
9108,R,1000000,1000000,2,35,0,,21384,1
9109,R,700000,700000,2,29,1,49163,15611,1
9110,R,1000000,300000,7,54,1,16980,33466,1
9111,R,700000,700000,3,28,1,15345,32823,1
9112,R,1000000,1000000,2,28,1,0,55440,1
9113,A,1000000,1000000,2,29,1,23065,12053,1
9114,R,1000000,1000000,2,27,1,54341,32555,1
9115,R,300000,300000,2,27,1,35892,27073,1
9116,R,300000,300000,6,22,1,46289,1264,1
9117,R,400000,400000,2,27,1,0,4257,1
9118,R,1000000,1000000,2,51,1,141491,34245,1
9119,R,1000000,1000000,5,66,1,66295,26442,1
9120,R,1000000,300000,1,39,1,,27989,1
9121,R,1000000,1000000,2,34,0,25843,60368,1
9122,R,200000,200000,2,54,1,20181,9441,1
9123,R,1000000,1000000,2,50,1,41871,19094,1
9124,R,1000000,1000000,3,31,1,14830,48600,1
9125,R,700000,700000,2,31,0,90037,963,1
9126,A,1000000,800000,2,29,1,56743,16174,1
9127,R,500000,500000,2,28,1,9895,3069,1
9128,R,700000,300000,7,50,1,23500,31785,1
9129,R,700000,700000,2,27,0,722,70109,1
9130,R,500000,500000,2,25,1,29016,3902,1
9131,R,700000,700000,2,31,1,15406,10747,1
9132,R,1000000,300000,7,51,1,158200,17963,1
9133,R,1000000,1000000,2,60,1,49317,66708,1
9134,R,500000,500000,2,29,1,84515,110232,1
9135,R,1000000,1000000,4,65,1,0,43056,1
9136,R,1000000,1000000,2,26,1,180246,20898,1
9137,R,1000000,1000000,2,31,1,318669,37489,1
9138,R,200000,200000,2,24,1,31854,18953,1
9139,R,700000,700000,2,37,1,233955,13540,1
9140,R,600000,300000,6,24,1,15989,2522,1
9141,R,700000,300000,4,39,1,47245,99184,1
9142,R,1000000,300000,11,27,1,56520,36412,1
9143,R,1000000,300000,7,58,1,10988,3465,1
9144,A,500000,500000,2,26,1,556467,36932,1
9145,R,1000000,300000,7,54,1,11420,18515,1
9146,R,1000000,1000000,4,53,1,225458,45616,1
9147,R,600000,600000,5,55,1,23640,10885,1
9148,B,1000000,1000000,4,52,1,20246,10035,1
9149,R,1000000,1000000,2,37,1,14305,43556,1
9150,R,200000,200000,6,21,1,66803,22048,1
9151,R,500000,300000,6,20,1,7555,11902,1
9152,R,1000000,500000,4,51,1,283647,52651,1
9153,R,700000,700000,2,29,1,37731,10782,1
9154,R,500000,500000,7,75,0,29783,4925,1
9155,R,1000000,300000,7,34,1,12208,14395,1
9156,R,400000,400000,2,54,1,33422,34839,1
9157,R,500000,500000,2,59,1,0,23237,1
9158,R,700000,700000,2,26,1,69650,25013,1
9159,R,1000000,1000000,2,35,1,99190,16979,1
9160,R,500000,500000,2,30,1,21950,79462,1
9161,R,1000000,1000000,2,68,1,0,27018,1
9162,R,600000,600000,3,30,1,,1971,1
9163,R,1000000,1000000,2,31,1,48499,3600,1
9164,R,1000000,300000,7,52,1,,61470,1
9165,A,1000000,1000000,2,39,1,174652,85276,1
9166,B,200000,200000,2,26,1,54090,28260,1
9167,R,200000,200000,5,30,1,14212,23503,1
9168,R,600000,600000,5,64,1,634833,4915,1
9169,R,200000,200000,7,40,1,293982,12412,1
9170,R,600000,600000,2,36,1,6741,10991,1
9171,R,400000,300000,7,27,1,237054,5058,1
9172,R,1000000,1000000,2,32,1,221405,1219,1
9173,R,400000,400000,11,53,1,0,41868,1
9174,R,600000,600000,2,29,1,4389,14428,1
9175,R,1000000,400000,2,56,1,252457,46458,1
9176,R,1000000,1000000,4,47,1,114797,36084,1
9177,R,1000000,1000000,2,48,1,59421,5282,1
9178,R,200000,200000,6,21,1,34266,25983,1
9179,R,500000,300000,7,28,1,34276,30285,1
9180,R,200000,200000,7,33,1,,15138,1
9181,R,200000,200000,2,22,1,149556,29744,1
9182,R,400000,400000,2,26,1,,28314,1
9183,R,1000000,1000000,2,33,1,17692,18365,1
9184,R,200000,200000,6,23,1,5448,5832,1
9185,A,500000,300000,7,63,0,53818,25047,1
9186,R,700000,300000,2,26,1,9405,13950,1
9187,R,600000,600000,2,27,1,,20519,1
9188,R,600000,600000,2,24,1,210313,1976,1
9189,R,700000,700000,2,29,1,,6210,1
9190,R,500000,500000,2,27,1,55846,17091,1
9191,R,1000000,1000000,2,26,1,18513,13933,1
9192,R,700000,700000,2,30,1,5444,27522,1
9193,R,1000000,1000000,2,54,1,36543,34942,1
9194,R,700000,700000,2,30,1,202739,24884,1
9195,R,500000,500000,2,28,1,87826,63000,1
9196,R,1000000,1000000,7,27,1,57201,14880,1
9197,R,500000,300000,12,77,0,17187,27698,1
9198,R,1200000,1200000,2,47,1,305624,69443,1
9199,A,1000000,1000000,2,42,1,54371,11799,1
9200,A,700000,700000,2,56,0,9018,8624,1
9201,R,500000,500000,2,25,1,36795,40301,1
9202,R,300000,300000,13,40,0,,78849,1
9203,R,700000,700000,2,52,1,19561,72000,1
9204,R,1000000,1000000,2,31,0,24557,11556,1
9205,A,400000,300000,2,35,1,27940,11880,1
9206,R,1200000,1200000,2,28,0,127692,34740,1
9207,R,600000,600000,2,34,1,21670,8560,1
9208,R,1000000,1000000,10,50,0,10993,39690,1
9209,R,1000000,1000000,2,45,0,,67950,1
9210,R,1000000,1000000,2,34,0,75597,129780,1
9211,R,1000000,1000000,2,32,1,55277,55358,1
9212,R,500000,500000,2,26,1,15143,29850,1
9213,R,700000,700000,2,29,1,693,13680,1
9214,R,700000,700000,2,25,1,48030,83273,1
9215,R,700000,700000,12,54,1,16135,45304,1
9216,R,1500000,1500000,10,36,1,54352,43461,1
9217,R,500000,300000,7,25,1,50746,19851,1
9218,R,1100000,400000,2,60,1,920000,180000,1
9219,R,1000000,1000000,2,28,0,5161,44452,1
9220,R,700000,700000,2,58,1,8660,20797,1
9221,R,1000000,1000000,5,66,1,34327,49500,1
9222,R,1000000,1000000,2,42,0,219603,92845,1
9223,R,700000,300000,6,23,1,21340,13334,1
9224,R,1500000,1500000,5,37,1,48670,94240,1
9225,R,1100000,300000,6,23,1,10465,7315,1
9226,R,1000000,1000000,10,58,0,313003,108380,1
9227,R,1500000,300000,4,59,1,12385,97047,1
9228,R,1200000,1200000,2,50,1,133182,13464,1
9229,R,500000,500000,3,51,1,218009,1782,1
9230,R,1000000,1000000,5,35,1,22369,11484,1
9231,R,700000,200000,6,23,1,101277,32144,1
9232,R,1000000,300000,7,61,1,64462,45389,1
9233,R,600000,600000,2,25,1,41709,14949,1
9234,R,1000000,1000000,2,32,1,1834,49363,1
9235,A,800000,0,4,54,1,158132,10523,1
9236,R,1500000,1500000,4,50,1,62348,44673,1
9237,R,1500000,600000,2,51,1,0,18443,1
9238,R,700000,700000,12,23,0,8408,12158,1
9239,R,500000,500000,2,25,0,9405,59400,1
9240,R,1000000,600000,7,64,1,116581,449,1
9241,R,500000,500000,2,31,1,105670,3230,1
9242,R,200000,200000,6,20,1,46642,14121,1
9243,R,200000,200000,6,22,0,7315,7020,1
9244,R,1000000,1000000,2,33,0,3000,172665,1
9245,R,400000,400000,2,32,0,372747,53748,1
9246,R,1200000,1200000,2,27,0,,69057,1
9247,R,1000000,1000000,2,23,0,3970,36720,1
9248,R,900000,900000,2,27,1,93899,29201,1
9249,R,600000,600000,2,27,1,4494,8010,1
9250,R,700000,700000,2,49,1,32233,143550,1
9251,R,1500000,1500000,2,56,1,21450,87140,1
9252,R,1100000,1100000,2,27,1,283384,79686,1
9253,R,1000000,1000000,2,45,1,67318,40671,1
9254,R,1200000,1200000,2,26,1,121174,11160,1
9255,R,700000,200000,6,24,0,24038,20024,1
9256,R,1000000,1000000,2,41,1,47439,25882,1
9257,R,1000000,1000000,4,66,1,359385,184607,1
9258,R,700000,700000,2,36,1,742620,110194,1
9259,R,1000000,1000000,2,43,0,165339,1188,1
9260,R,1000000,1000000,2,43,1,249510,65619,1
9261,A,1000000,300000,4,45,1,29012,114478,1
9262,R,1000000,1000000,2,37,0,341845,127131,1
9263,R,1000000,1000000,2,43,0,,7396,1
9264,R,400000,400000,2,50,1,433590,43363,1
9265,R,1000000,1000000,2,37,0,112780,94050,1
9266,R,700000,700000,2,44,1,131207,33305,1
9267,R,1000000,1000000,2,65,1,57064,10163,1
9268,R,1000000,1000000,2,67,1,18865,27858,1
9269,R,1000000,300000,6,27,1,63907,67868,1
9270,R,600000,600000,2,51,1,163486,29785,1
9271,R,1000000,300000,7,51,1,193247,28516,1
9272,R,1000000,1000000,2,46,1,25568,3684,1
9273,R,500000,500000,2,29,1,174196,14494,1
9274,R,1000000,300000,11,61,1,67498,30640,1
9275,R,600000,600000,2,42,0,142283,22640,1
9276,R,500000,500000,1,61,0,120104,43113,1
9277,R,500000,500000,1,61,0,524,43113,1
9278,R,1000000,1000000,4,55,1,213705,14886,1
9279,R,1000000,1000000,2,53,0,5940,7277,1
9280,R,600000,600000,8,83,1,154136,29030,1
9281,R,700000,700000,2,53,1,115784,3492,1
9282,R,600000,600000,1,35,1,200474,65817,1
9283,R,1000000,300000,4,67,1,138349,24860,1
9284,A,1000000,1000000,2,40,1,133637,1845,1
9285,R,500000,500000,2,46,1,284610,12180,1
9286,R,500000,500000,1,77,1,273194,167290,1
9287,R,300000,300000,2,56,1,179543,117349,1
9288,R,700000,700000,7,59,1,33592,4347,1
9289,R,600000,300000,11,27,1,161241,57263,1
9290,R,700000,300000,4,66,1,18367,68767,1
9291,R,1000000,1000000,2,57,1,17877,47657,1
9292,R,1000000,1000000,2,40,1,23282,34416,1
9293,R,500000,300000,4,54,1,210948,58242,1
9294,R,700000,700000,2,61,1,16473,12821,1
9295,R,700000,300000,4,59,1,99196,14362,1
9296,R,200000,200000,11,78,1,85306,15444,1
9297,R,200000,200000,1,57,1,149771,35788,1
9298,R,1000000,1000000,1,38,1,0,81597,1
9299,R,700000,700000,4,53,1,194970,48338,1
9300,A,700000,400000,7,53,1,65856,26791,1
9301,R,500000,500000,2,46,0,711,2110,1
9302,A,700000,700000,2,47,1,0,85200,1
9303,R,1000000,700000,8,74,1,2514,7100,1
9304,R,1000000,300000,4,46,1,192760,7620,1
9305,R,1000000,1000000,2,33,1,161628,14485,1
9306,R,700000,700000,2,45,0,10295,11138,1
9307,R,700000,700000,1,61,0,39543,83465,1
9308,R,700000,300000,4,52,1,,21641,1
9309,R,1000000,1000000,10,50,1,0,243600,1
9310,R,1000000,1000000,10,50,1,352863,243600,1
9311,R,1000000,1000000,2,30,1,155791,78001,1
9312,R,1000000,1000000,2,27,0,30304,11013,1
9313,R,1000000,1000000,2,52,1,14808,8104,1
9314,R,1000000,1000000,2,58,1,260433,5426,1
9315,R,1000000,1000000,2,62,0,336688,111494,1
9316,R,1000000,1000000,2,46,1,67445,11231,1
9317,R,700000,300000,7,51,1,94490,5559,1
9318,R,1000000,1000000,2,61,0,99167,6528,1
9319,R,1000000,1000000,2,39,1,19430,39226,1
9320,R,1000000,1000000,2,34,1,103201,163057,1
9321,R,1000000,1000000,2,47,0,1780,13091,1
9322,R,1000000,1000000,2,44,0,22772,52792,1
9323,R,1000000,300000,4,62,1,254766,25741,1
9324,R,1000000,1000000,2,46,1,60726,26976,1
9325,R,1000000,300000,11,32,1,348345,14254,1
9326,R,700000,700000,2,52,1,53500,19670,1
9327,R,1000000,1000000,7,60,1,116128,16886,1
9328,R,700000,300000,4,45,1,263229,75909,1
9329,R,1000000,1000000,2,48,1,753,4143,1
9330,R,400000,400000,2,29,1,67814,34971,1
9331,R,700000,700000,2,50,1,2524,13703,1
9332,R,500000,500000,2,53,1,182496,16874,1
9333,A,700000,700000,2,37,1,55276,12540,1
9334,R,700000,700000,2,61,1,87330,23247,1
9335,R,1000000,1000000,2,50,1,23637,4500,1
9336,R,600000,600000,4,55,1,63266,21366,1
9337,A,700000,700000,2,62,0,188430,98010,1
9338,R,500000,500000,2,50,1,58075,5476,1
9339,R,1000000,1000000,7,59,1,5467,11259,1
9340,R,500000,500000,2,32,1,51640,108300,1
9341,B,700000,300000,11,32,1,154219,15741,1
9342,R,1000000,1000000,2,43,1,171946,41142,1
9343,R,200000,200000,1,57,1,16606,2255,1
9344,R,1000000,1000000,2,58,0,,22610,1
9345,R,700000,300000,4,77,1,,26790,1
9346,R,700000,700000,4,29,1,121156,28934,1
9347,R,1000000,1000000,2,45,0,98471,11620,1
9348,R,500000,500000,4,69,1,57410,65340,1
9349,R,700000,700000,2,34,1,113282,24767,1
9350,R,600000,600000,2,54,1,42895,125172,1
9351,A,1000000,1000000,2,49,1,435891,76644,1
9352,R,1000000,1000000,2,46,1,360936,39983,1
9353,R,500000,500000,2,52,1,92505,19542,1
9354,R,1000000,1000000,2,42,0,150897,28521,1
9355,R,1000000,1000000,2,44,0,18796,15772,1
9356,R,700000,700000,2,31,1,199179,60758,1
9357,R,500000,500000,2,28,0,267618,83609,1
9358,R,700000,700000,1,43,1,694919,202932,1
9359,R,1000000,1000000,2,59,1,51140,29747,1
9360,R,700000,700000,2,36,1,0,8607,1
9361,R,600000,600000,2,37,0,43124,16997,1
9362,R,1000000,1000000,2,49,1,306369,29223,1
9363,R,600000,600000,5,85,1,14187,5731,1
9364,R,1000000,300000,8,70,1,64004,26064,1
9365,R,700000,700000,7,50,1,59089,8541,1
9366,R,1000000,1000000,2,31,1,96937,52110,1
9367,R,1000000,1000000,2,35,1,22681,82314,1
9368,R,1000000,1000000,3,57,1,0,36369,1
9369,R,700000,700000,4,66,1,268583,24496,1
9370,R,500000,500000,12,38,1,96161,24453,1
9371,R,1000000,1000000,3,36,0,83393,12581,1
9372,R,1000000,1000000,2,54,1,16596,11495,1
9373,R,700000,300000,7,28,1,638690,1770,1
9374,R,1000000,1000000,4,56,1,73538,28189,1
9375,R,500000,300000,1,55,1,63224,1735,1
9376,R,500000,500000,2,28,0,205586,30429,1
9377,R,1000000,1000000,2,45,0,44679,27385,1
9378,A,1000000,1000000,2,46,0,17275,7838,1
9379,R,1000000,1000000,2,30,1,59618,45353,1
9380,R,700000,700000,2,36,0,4493,18378,1
9381,B,1000000,1000000,2,32,1,203096,106505,1
9382,R,1000000,1000000,2,33,1,229844,33458,1
9383,R,1000000,300000,4,59,1,73526,5791,1
9384,R,600000,300000,11,53,1,93355,36020,1
9385,R,200000,200000,12,46,1,168208,22129,1
9386,R,1000000,1000000,2,53,0,7183,8915,1
9387,R,400000,400000,2,46,0,46085,5368,1
9388,R,1000000,1000000,2,35,1,13623,36790,1
9389,A,400000,400000,4,46,1,311968,44720,1
9390,R,200000,200000,2,28,1,7652,34722,1
9391,R,1000000,1000000,2,52,1,107907,19696,1
9392,R,1000000,1000000,13,53,1,33337,43215,1
9393,R,1000000,1000000,2,33,0,,29762,1
9394,R,700000,700000,2,27,1,1672,50949,1
9395,R,1000000,300000,2,59,1,129297,39054,1
9396,R,1000000,300000,2,41,1,112290,11685,1
9397,R,1000000,300000,4,58,1,14704,24498,1
9398,R,700000,700000,2,25,0,18650,35767,1
9399,R,1000000,1000000,1,56,1,85852,36141,1
9400,A,1000000,1000000,2,39,1,76097,40205,1
9401,R,700000,700000,2,34,1,49474,101819,1
9402,R,1000000,1000000,2,47,0,0,96371,1
9403,R,1000000,1000000,2,53,1,66324,57750,1
9404,R,1000000,1000000,2,64,0,5027,31141,1
9405,R,1000000,1000000,2,54,1,56189,6962,1
9406,R,1000000,1000000,1,69,0,132445,29925,1
9407,R,1000000,1000000,4,80,1,161370,25521,1
9408,R,1000000,1000000,2,50,1,24777,102190,1
9409,B,700000,700000,2,32,0,77311,5974,1
9410,R,700000,700000,2,34,0,70594,29880,1
9411,R,1000000,1000000,2,32,1,88250,12411,1
9412,R,1000000,1000000,1,61,0,1615,13809,1
9413,A,1000000,1000000,2,52,1,320261,37693,1
9414,R,500000,500000,1,38,0,459552,82036,1
9415,R,700000,700000,2,33,1,0,13491,1
9416,R,1000000,700000,7,66,1,12468,61323,1
9417,R,700000,700000,2,28,1,222287,123759,1
9418,B,1000000,1000000,2,35,1,1290,44550,1
9419,R,200000,200000,2,26,1,21923,50985,1
9420,R,1000000,1000000,2,33,1,45531,14769,1
9421,A,700000,700000,2,54,1,0,13585,1
9422,R,1000000,1000000,3,63,1,107590,10905,1
9423,R,700000,700000,2,34,1,106657,30690,1
9424,R,1000000,300000,11,60,1,362866,31509,1
9425,R,600000,300000,4,53,1,29337,16226,1
9426,R,700000,700000,2,25,1,0,66600,1
9427,R,600000,600000,2,24,0,147603,1026,1
9428,R,1000000,1000000,2,48,0,198429,67155,1
9429,A,600000,600000,2,30,1,47856,49072,1
9430,R,1000000,1000000,11,57,1,187675,15444,1
9431,R,1000000,300000,11,60,1,50026,22257,1
9432,R,700000,700000,2,60,1,49880,33300,1
9433,R,700000,700000,2,38,1,39810,71280,1
9434,R,700000,700000,2,23,1,19503,33632,1
9435,R,500000,500000,3,24,1,56114,55943,1
9436,R,1000000,1000000,2,62,1,19595,7629,1
9437,B,700000,700000,2,40,1,578669,113013,1
9438,R,500000,500000,2,34,1,61740,52101,1
9439,R,1000000,1000000,2,49,1,436,16229,1
9440,R,600000,600000,2,52,1,2500,34799,1
9441,R,1000000,1000000,2,32,1,85147,20452,1
9442,R,600000,600000,2,38,1,74900,12291,1
9443,R,1000000,1000000,1,56,1,400169,90217,1
9444,R,500000,500000,2,27,1,57977,19000,1
9445,R,200000,200000,2,24,1,117823,0,1
9446,R,1000000,1000000,2,35,0,7310,3132,1
9447,R,700000,700000,2,40,1,109537,10105,1
9448,R,600000,600000,2,41,0,648989,2654,1
9449,R,1000000,1000000,5,53,0,45891,59940,1
9450,R,1000000,1000000,2,48,0,194342,54311,1
9451,R,1000000,1000000,2,58,1,106813,6727,1
9452,R,1000000,1000000,2,47,1,36495,43526,1
9453,R,1000000,1000000,2,42,0,,74534,1
9454,R,1000000,1000000,2,50,1,35578,46290,1
9455,R,1000000,1000000,2,27,1,44316,17627,1
9456,R,500000,300000,7,54,1,33879,14499,1
9457,R,700000,700000,4,52,1,30589,95040,1
9458,R,1000000,900000,3,25,1,983,26733,1
9459,R,700000,700000,1,55,1,49714,10078,1
9460,R,700000,700000,2,41,1,128058,59810,1
9461,R,700000,700000,2,33,1,119846,19542,1
9462,R,1000000,1000000,1,29,0,107672,23432,1
9463,R,600000,600000,4,62,1,323637,44510,1
9464,R,600000,600000,2,38,1,60482,142831,1
9465,R,700000,300000,7,58,1,39570,24194,1
9466,R,1000000,1000000,2,41,1,47817,31707,1
9467,R,200000,200000,6,23,1,179346,412,1
9468,A,400000,400000,8,87,0,60046,3024,1
9469,R,1000000,1000000,2,53,1,30890,89100,1
9470,R,1000000,1000000,2,32,0,77828,13750,1
9471,R,1000000,1000000,10,37,1,144662,29422,1
9472,R,1000000,1000000,4,59,1,186108,43494,1
9473,R,1000000,1000000,1,51,0,68116,16526,1
9474,R,1000000,1000000,2,37,1,100802,29980,1
9475,R,1000000,1000000,3,53,1,137578,1890,1
9476,R,1000000,1000000,2,53,1,104246,0,1
9477,R,1000000,1000000,3,32,0,186590,41085,1
9478,R,700000,700000,2,48,1,643524,18855,1
9479,R,700000,300000,7,57,1,261236,54524,1
9480,R,1000000,1000000,2,42,1,146992,39092,1
9481,R,700000,700000,2,27,1,247319,28013,1
9482,R,600000,600000,2,31,1,26000,3240,1
9483,R,700000,700000,2,38,0,94743,8883,1
9484,R,300000,300000,7,63,1,12474,18850,1
9485,R,700000,700000,2,40,1,92521,67770,1
9486,R,1000000,300000,4,58,1,38131,9915,1
9487,R,700000,300000,4,59,1,154490,93256,1
9488,R,1000000,1000000,10,47,0,35736,7386,1
9489,R,600000,600000,2,27,1,60034,58302,1
9490,R,1000000,300000,7,53,1,69038,1386,1
9491,R,1000000,1000000,2,32,1,9550,65223,1
9492,R,600000,600000,2,47,1,51030,9926,1
9493,R,1000000,300000,2,28,1,29312,28682,1
9494,R,1000000,1000000,2,63,0,82437,47310,1
9495,R,1000000,1000000,10,34,0,93004,87058,1
9496,R,1000000,1000000,2,37,1,18199,1017,1
9497,R,1000000,1000000,2,48,1,207802,8818,1
9498,R,1000000,1000000,2,32,1,190366,46532,1
9499,R,700000,700000,5,64,1,383406,48994,1
9500,R,600000,600000,2,28,1,75464,34188,1
9501,R,1000000,1000000,10,48,1,440495,59040,1
9502,R,1000000,1000000,2,43,0,110490,16532,1
9503,R,1000000,1000000,2,23,1,141629,9647,1
9504,R,1000000,300000,6,28,0,40000,20520,1
9505,R,600000,600000,2,24,1,38922,2090,1
9506,R,500000,500000,2,33,0,35000,15777,1
9507,R,1000000,1000000,2,35,1,7280,2565,1
9508,R,1000000,1000000,1,60,0,23100,49065,1
9509,R,1000000,1000000,1,54,1,638115,40735,1
9510,B,1000000,1000000,2,59,0,74430,113634,1
9511,R,1000000,1000000,1,42,0,10649,9355,1
9512,R,600000,600000,7,54,1,31611,28654,1
9513,R,700000,700000,4,57,1,26941,49458,1
9514,R,600000,600000,8,69,1,54557,9025,1
9515,R,700000,700000,2,36,1,243719,54352,1
9516,R,1000000,300000,4,64,1,120318,67369,1
9517,R,300000,300000,2,28,1,195936,33160,1
9518,R,1000000,1000000,2,44,1,877946,172980,1
9519,R,500000,500000,4,41,1,324251,129726,1
9520,R,1000000,1000000,1,51,0,94050,19800,1
9521,R,1000000,1000000,1,43,1,6648,180000,1
9522,R,1000000,1000000,2,30,1,62462,2698,1
9523,R,1000000,1000000,1,50,1,217940,94675,1
9524,R,1000000,1000000,2,42,1,129721,94332,1
9525,R,400000,400000,2,28,1,99664,93294,1
9526,R,1000000,1000000,2,44,1,227066,140389,1
9527,R,1000000,1000000,4,56,1,122491,32211,1
9528,R,500000,500000,2,23,1,352725,32472,1
9529,B,1000000,1000000,7,60,1,221973,88747,1
9530,R,400000,400000,2,31,1,94773,31701,1
9531,R,700000,700000,2,32,1,121276,4647,1
9532,R,600000,600000,2,34,0,21000,2755,1
9533,R,500000,300000,4,47,1,0,23324,1
9534,R,700000,700000,4,50,1,76226,16511,1
9535,R,600000,300000,4,55,1,323311,43334,1
9536,R,1000000,1000000,1,52,1,1101653,190000,1
9537,R,500000,500000,7,34,1,89846,15164,1
9538,R,1000000,1000000,2,61,1,31575,16307,1
9539,R,1000000,1000000,2,54,1,950722,89773,1
9540,R,700000,700000,13,47,1,112092,52324,1
9541,R,1000000,1000000,2,53,1,117884,0,1
9542,R,400000,400000,7,45,1,,15345,1
9543,R,1000000,1000000,2,38,1,27564,47482,1
9544,R,700000,700000,2,26,1,21329,19490,1
9545,R,600000,600000,2,30,1,34884,5417,1
9546,R,600000,300000,8,75,1,307772,15153,1
9547,R,700000,700000,7,85,1,145383,29182,1
9548,R,700000,700000,4,48,1,88234,100845,1
9549,R,500000,500000,3,45,1,121819,48584,1
9550,R,600000,600000,7,64,1,154451,65178,1
9551,R,700000,700000,1,43,1,59948,671,1
9552,R,200000,200000,7,27,1,271039,100952,1
9553,R,1000000,300000,4,36,1,230106,95958,1
9554,R,700000,300000,5,64,1,169961,45873,1
9555,R,1000000,1000000,2,50,1,97250,3555,1
9556,R,600000,600000,2,44,1,0,89628,1
9557,R,1000000,300000,4,49,1,109358,71323,1
9558,A,700000,300000,8,69,1,517343,6432,1
9559,R,200000,200000,7,47,1,463076,30638,1
9560,R,600000,600000,13,55,1,3537,7348,1
9561,R,400000,400000,2,25,1,92895,43842,1
9562,R,600000,600000,2,63,0,183158,108062,1
9563,R,200000,200000,1,53,1,45110,105945,1
9564,R,600000,300000,7,52,1,274222,120263,1
9565,R,1000000,1000000,2,31,0,31972,2178,1
9566,A,700000,700000,2,25,0,36962,74250,1
9567,R,1000000,1000000,2,53,0,510647,98349,1
9568,R,500000,500000,2,26,1,114125,2943,1
9569,R,1000000,1000000,4,69,1,17104,57249,1
9570,R,500000,500000,1,60,0,464539,27993,1
9571,R,500000,500000,1,60,0,0,27993,1
9572,R,1000000,300000,4,47,1,14949,16048,1
9573,R,600000,600000,2,25,1,30110,3198,1
9574,R,1000000,1000000,2,51,0,16137,27360,1
9575,R,700000,700000,7,55,1,31617,3796,1
9576,R,1000000,300000,5,55,1,171772,129255,1
9577,R,600000,600000,5,76,1,142302,123853,1
9578,R,1000000,1000000,10,56,1,127841,2405,1
9579,R,1000000,1000000,5,65,0,6098,8318,1
9580,R,1000000,1000000,2,27,1,145031,45616,1
9581,A,1000000,1000000,2,54,1,37247,0,1
9582,R,400000,400000,2,31,1,12629,1610,1
9583,R,300000,300000,2,30,1,154462,50732,1
9584,R,1000000,500000,3,58,1,221453,46330,1
9585,R,700000,700000,2,43,1,51342,2311,1
9586,R,1000000,1000000,2,46,1,120120,78728,1
9587,R,500000,500000,2,25,1,245274,8777,1
9588,R,1000000,1000000,2,40,1,756549,26157,1
9589,R,1000000,1000000,2,48,1,0,188384,1
9590,R,700000,700000,1,52,1,72181,6122,1
9591,R,1000000,300000,4,56,1,71670,180000,1
9592,A,700000,700000,8,70,1,184170,5643,1
9593,R,500000,500000,2,37,1,130473,56566,1
9594,R,1000000,1000000,7,38,1,185029,39379,1
9595,R,1000000,300000,4,34,1,78309,34037,1
9596,R,1000000,1000000,2,43,0,356787,26046,1
9597,R,500000,500000,4,51,1,73639,60122,1
9598,R,500000,500000,4,51,1,79383,60122,1
9599,R,600000,600000,2,28,1,78327,4161,1
9600,R,400000,400000,2,24,1,490147,9963,1
9601,R,400000,400000,2,26,1,57929,19329,1
9602,R,1000000,1000000,2,28,0,979,36483,1
9603,R,600000,600000,2,29,0,60457,0,1
9604,R,1000000,1000000,2,46,1,29768,9834,1
9605,R,1000000,1000000,4,39,1,111231,58896,1
9606,R,500000,500000,8,82,1,102105,931,1
9607,R,1000000,300000,7,53,1,20105,50616,1
9608,R,1000000,800000,2,30,1,167270,117608,1
9609,R,600000,600000,2,26,1,114055,19911,1
9610,R,1000000,1000000,1,41,1,146291,53071,1
9611,R,1000000,1000000,2,35,1,12124,14132,1
9612,R,1000000,1000000,4,49,1,,14176,1
9613,R,400000,300000,8,77,1,17932,3494,1
9614,R,200000,200000,2,27,0,0,1178,1
9615,R,1000000,900000,2,38,1,116226,78120,1
9616,R,1000000,1000000,2,39,1,175798,58866,1
9617,R,1000000,1000000,2,32,1,135298,70919,1
9618,R,600000,600000,2,24,1,37005,17984,1
9619,R,500000,500000,4,81,1,34134,18523,1
9620,A,600000,300000,11,49,1,118169,33785,1
9621,R,700000,700000,7,66,1,55851,5590,1
9622,R,1000000,1000000,8,84,0,71622,33481,1
9623,R,1000000,1000000,4,54,1,257163,41533,1
9624,R,1000000,1000000,1,65,1,73549,19440,1
9625,R,1000000,1000000,2,35,1,75765,15638,1
9626,R,1000000,1000000,2,35,1,104968,15005,1
9627,R,1000000,1000000,7,57,1,126963,54540,1
9628,R,1000000,1000000,2,32,1,209586,88042,1
9629,R,1000000,300000,4,60,1,50131,3108,1
9630,R,700000,700000,2,27,1,56241,2660,1
9631,R,700000,700000,8,84,1,17023,1652,1
9632,R,600000,600000,2,30,1,46828,18677,1
9633,R,700000,700000,5,42,1,142175,22410,1
9634,R,1000000,1000000,2,42,1,134227,24193,1
9635,R,1000000,1000000,7,57,1,15321,22765,1
9636,R,1000000,1000000,5,47,1,303834,11790,1
9637,A,700000,700000,2,47,1,134299,22473,1
9638,B,1000000,1000000,1,60,1,25662,32948,1
9639,R,700000,700000,2,32,1,117831,3600,1
9640,R,700000,700000,2,33,1,97060,15283,1
9641,R,1000000,1000000,2,59,1,4694,11487,1
9642,R,700000,700000,10,44,0,16849,32893,1
9643,R,500000,300000,6,22,1,165945,2127,1
9644,R,1000000,1000000,2,49,0,14162,14986,1
9645,R,1000000,1000000,2,55,1,38081,37701,1
9646,R,700000,700000,2,60,0,48691,1063,1
9647,R,700000,700000,2,31,1,13800,101412,1
9648,R,1000000,1000000,2,56,1,147552,8254,1
9649,R,400000,300000,4,40,1,52823,75587,1
9650,R,1000000,1000000,2,52,1,23654,19119,1
9651,R,1000000,1000000,2,51,0,117075,6987,1
9652,R,600000,600000,2,33,1,0,2889,1
9653,R,600000,600000,2,43,1,89240,47025,1
9654,R,500000,500000,2,24,1,18903,31482,1
9655,R,200000,200000,2,54,1,156316,130360,1
9656,R,200000,200000,2,54,1,,130360,1
9657,R,600000,500000,2,28,1,23827,1488,1
9658,R,1000000,1000000,2,55,1,23420,2207,1
9659,R,1000000,1000000,10,47,0,111647,14490,1
9660,R,600000,300000,8,80,1,6625,2475,1
9661,R,500000,500000,2,47,1,6670,29370,1
9662,R,1000000,1000000,12,69,1,10323,77298,1
9663,R,600000,300000,4,32,1,0,1146,1
9664,R,1000000,1000000,2,40,0,224572,39683,1
9665,R,1000000,1000000,2,40,0,,39683,1
9666,R,500000,400000,7,54,1,272829,155183,1
9667,R,600000,300000,1,41,1,67441,127691,1
9668,R,600000,500000,4,51,1,711037,94023,1
9669,R,1000000,300000,4,56,1,117425,10673,1
9670,R,600000,600000,2,34,1,88850,42928,1
9671,R,1000000,1000000,2,39,1,365110,32029,1
9672,R,1000000,1000000,2,35,1,14534,51272,1
9673,R,1000000,1000000,8,62,0,27438,34068,1
9674,R,600000,300000,5,39,1,4002,828,1
9675,R,1000000,300000,4,50,1,23655,39600,1
9676,R,700000,300000,7,42,1,73795,6863,1
9677,R,500000,500000,5,30,1,26730,31320,1
9678,R,500000,500000,2,35,1,37833,9560,1
9679,R,700000,700000,8,82,1,4414,3004,1
9680,R,200000,200000,2,33,1,5288,40860,1
9681,R,200000,200000,2,33,1,3524,40860,1
9682,R,1000000,1000000,2,28,0,58613,7560,1
9683,R,1000000,1000000,2,34,1,50595,34890,1
9684,R,1000000,500000,2,49,1,168069,10507,1
9685,R,1000000,300000,4,62,1,53846,5898,1
9686,R,600000,300000,5,61,1,45786,23490,1
9687,R,600000,600000,2,30,0,90915,33165,1
9688,R,1000000,1000000,2,54,1,,3014,1
9689,R,600000,300000,6,22,1,17138,54720,1
9690,R,500000,500000,3,32,1,311889,98010,1
9691,R,500000,500000,1,53,1,28666,26370,1
9692,R,1000000,1000000,1,57,0,119431,12060,1
9693,R,600000,600000,2,30,1,,180000,1
9694,R,700000,700000,2,46,0,16340,15939,1
9695,R,1000000,1000000,2,34,1,29190,28944,1
9696,R,1000000,1000000,2,30,0,93919,945,1
9697,R,1000000,1000000,2,57,0,,2178,1
9698,R,1000000,300000,7,75,1,21658,19528,1
9699,R,1000000,1000000,13,71,0,225477,22914,1
9700,R,1000000,300000,4,55,1,84829,1403,1
9701,R,1000000,1000000,2,56,1,231384,7204,1
9702,R,1000000,1000000,2,55,1,194,19886,1
9703,R,400000,400000,13,63,0,16000,11880,1
9704,R,400000,400000,13,63,0,,11880,1
9705,R,700000,700000,7,49,1,227627,47897,1
9706,R,700000,300000,7,59,1,158516,7972,1
9707,R,400000,400000,2,39,1,1032,11709,1
9708,R,1000000,300000,4,64,1,23142,62370,1
9709,R,1000000,1000000,10,47,1,157910,11021,1
9710,R,1000000,1000000,1,55,0,58061,32824,1
9711,R,1000000,1000000,2,52,0,0,13500,1
9712,R,1000000,1000000,2,55,1,18732,6954,1
9713,R,1000000,1000000,2,34,0,1538,35493,1
9714,R,400000,300000,6,20,0,,61020,1
9715,R,1000000,1000000,2,28,1,58527,13042,1
9716,R,700000,700000,2,35,1,69270,13860,1
9717,R,1000000,1000000,2,31,0,12566,3635,1
9718,R,500000,500000,2,23,1,20394,13112,1
9719,R,700000,700000,7,30,1,50033,17527,1
9720,R,700000,700000,7,75,1,147134,23953,1
9721,R,1000000,1000000,2,60,1,110991,79357,1
9722,R,600000,600000,2,41,1,28483,14864,1
9723,R,1000000,1000000,2,53,1,47135,10810,1
9724,R,700000,700000,5,53,0,79018,3641,1
9725,R,1000000,1000000,2,63,0,32680,35208,1
9726,R,1000000,1000000,2,55,1,48572,4075,1
9727,R,700000,700000,2,63,1,17197,27096,1
9728,A,500000,300000,2,25,1,89932,11880,1
9729,R,1000000,1000000,2,36,1,126720,21099,1
9730,A,1000000,500000,2,25,1,91880,6360,1
9731,R,1000000,1000000,2,38,1,273234,9249,1
9732,R,1000000,1000000,2,34,0,15210,11520,1
9733,R,500000,300000,6,22,1,24876,306,1
9734,R,500000,500000,2,40,1,70000,97290,1
9735,R,1000000,1000000,2,32,1,173155,11222,1
9736,R,500000,500000,7,31,0,1900,48150,1
9737,R,1000000,1000000,2,35,1,5870,160403,1
9738,R,700000,700000,2,28,0,,67320,1
9739,A,1000000,1000000,11,61,1,14806,26865,1
9740,A,1000000,1000000,2,28,1,119196,21870,1
9741,R,1000000,300000,7,56,1,8728,3726,1
9742,R,200000,200000,3,28,0,51340,34245,1
9743,R,1000000,1000000,2,47,1,2379,174780,1
9744,R,600000,600000,2,49,1,33880,70290,1
9745,R,700000,300000,4,40,1,1549,6323,1
9746,R,600000,600000,2,33,0,41714,60210,1
9747,R,600000,600000,2,54,1,128716,20741,1
9748,R,1000000,1000000,3,30,1,63060,48487,1
9749,R,400000,400000,2,29,1,14335,26367,1
9750,R,600000,600000,3,58,1,409959,23660,1
9751,R,1000000,1000000,2,42,1,60406,1980,1
9752,A,600000,300000,7,57,1,8360,23310,1
9753,R,600000,600000,2,47,1,36601,28130,1
9754,R,1000000,1000000,2,42,1,49046,24561,1
9755,R,1000000,1000000,2,56,0,63328,52470,1
9756,R,1000000,1000000,2,55,0,5852,157608,1
9757,R,1000000,1000000,3,33,1,90030,15722,1
9758,R,1000000,1000000,3,49,1,25330,11322,1
9759,R,1000000,1000000,2,46,1,154244,21051,1
9760,R,1000000,500000,2,28,1,76509,26257,1
9761,R,400000,300000,2,65,1,100682,16965,1
9762,B,600000,600000,2,33,0,48843,17127,1
9763,R,600000,600000,2,28,1,86938,9018,1
9764,R,1000000,1000000,2,44,1,54752,133290,1
9765,R,1000000,300000,4,50,1,88820,14598,1
9766,R,700000,700000,10,43,1,40676,7090,1
9767,R,1000000,1000000,12,63,1,18300,3049,1
9768,R,1000000,1000000,2,27,1,58684,164493,1
9769,R,1000000,1000000,3,50,1,139231,13088,1
9770,R,1000000,300000,5,56,1,6007,10395,1
9771,R,500000,500000,2,29,1,24101,62010,1
9772,R,600000,600000,2,27,0,53564,25677,1
9773,R,1000000,1000000,10,35,1,139304,20551,1
9774,R,1000000,1000000,2,34,1,3131,1437,1
9775,R,200000,200000,2,23,1,144850,23240,1
9776,R,1000000,1000000,2,48,1,106249,6986,1
9777,R,600000,300000,8,76,1,311352,22622,1
9778,R,600000,600000,2,30,1,177495,28512,1
9779,R,200000,200000,6,21,0,42140,20048,1
9780,R,1000000,1000000,3,29,1,63966,14589,1
9781,R,500000,500000,5,60,1,343676,113052,1
9782,R,1000000,1000000,2,56,0,0,3098,1
9783,R,500000,500000,2,43,1,122655,30663,1
9784,R,700000,700000,2,38,1,24535,17803,1
9785,R,1000000,1000000,2,54,1,71219,21513,1
9786,R,1000000,1000000,2,53,1,0,35149,1
9787,R,500000,500000,2,24,1,91744,13682,1
9788,A,500000,500000,2,26,1,196680,3800,1
9789,R,500000,500000,2,30,1,89962,79947,1
9790,R,1000000,1000000,2,63,1,68540,56239,1
9791,R,400000,400000,7,47,1,79900,31325,1
9792,R,1000000,1000000,7,59,1,87060,12745,1
9793,R,300000,300000,2,27,0,,5960,1
9794,R,200000,200000,2,47,1,72607,35678,1
9795,R,200000,200000,2,47,1,,35678,1
9796,R,500000,500000,1,42,1,824175,18462,1
9797,R,1000000,1000000,2,28,1,73902,55881,1
9798,R,1000000,1000000,2,33,1,0,12852,1
9799,R,1000000,1000000,2,50,1,426201,145810,1
9800,R,1000000,1000000,2,55,1,37062,3607,1
9801,R,500000,500000,2,31,1,,82350,1
9802,R,600000,600000,2,28,1,5246,2841,1
9803,R,500000,500000,2,28,0,0,8458,1
9804,R,1000000,1000000,2,58,1,0,54485,1
9805,R,1000000,1000000,1,48,0,17286,5217,1
9806,R,1000000,1000000,2,40,1,80866,27331,1
9807,R,1000000,1000000,2,59,0,39457,9443,1
9808,R,700000,700000,4,46,1,108051,7529,1
9809,R,500000,500000,12,27,1,61625,4680,1
9810,R,700000,700000,3,32,1,16965,14652,1
9811,B,700000,700000,2,37,1,99136,78015,1
9812,R,600000,600000,2,51,1,2230,33660,1
9813,R,1000000,1000000,2,34,0,0,33459,1
9814,R,1000000,1000000,2,44,1,41097,6827,1
9815,R,1000000,1000000,2,34,0,106226,1287,1
9816,R,500000,500000,2,23,1,61670,4723,1
9817,R,1000000,1000000,2,34,0,2536,177306,1
9818,R,1000000,300000,4,54,1,770,4225,1
9819,R,1000000,1000000,2,33,1,41943,71511,1
9820,R,1000000,1000000,1,55,0,,0,1
9821,R,1000000,800000,12,38,1,225958,15202,1
9822,R,1000000,1000000,2,40,1,220770,24368,1
9823,R,1000000,1000000,2,48,0,6516,10899,1
9824,A,500000,400000,2,25,1,396261,93732,1
9825,R,1000000,1000000,1,34,1,1380,9279,1
9826,R,1000000,1000000,1,39,1,426091,101610,1
9827,R,700000,300000,4,40,1,9900,38689,1
9828,R,600000,600000,2,27,1,68977,35782,1
9829,R,700000,700000,2,30,1,251723,89928,1
9830,R,1000000,1000000,2,62,0,418683,23004,1
9831,R,200000,200000,5,48,1,,148814,1
9832,R,700000,700000,2,52,1,85898,75330,1
9833,R,500000,500000,2,32,1,160012,3231,1
9834,R,700000,700000,2,52,1,593404,31486,1
9835,R,600000,600000,2,29,1,93376,27360,1
9836,R,700000,300000,7,28,1,0,11000,1
9837,R,1000000,1000000,2,32,1,41420,48834,1
9838,R,1000000,300000,8,79,1,53904,4981,1
9839,A,1000000,1000000,2,44,0,149949,21214,1
9840,R,700000,300000,4,59,1,368574,118800,1
9841,R,1000000,1000000,2,27,1,9308,47826,1
9842,R,400000,400000,2,22,1,13256,3366,1
9843,R,1000000,1000000,2,28,1,16800,18450,1
9844,R,1000000,1000000,2,54,1,,21420,1
9845,R,1000000,1000000,2,30,0,,28251,1
9846,R,700000,700000,2,59,0,57214,7370,1
9847,R,1000000,1000000,2,46,1,69671,15725,1
9848,R,1000000,1000000,2,30,1,72305,6831,1
9849,R,500000,500000,2,43,0,10056,12749,1
9850,R,1000000,300000,4,43,1,6732,9504,1
9851,R,600000,600000,2,32,1,116811,10501,1
9852,R,1000000,1000000,2,39,1,98523,3813,1
9853,R,700000,700000,2,41,1,12214,22414,1
9854,R,1000000,1000000,1,46,1,4774,7699,1
9855,R,200000,200000,10,25,0,0,30244,1
9856,R,700000,700000,2,45,1,44730,59211,1
9857,R,600000,600000,2,28,0,,63990,1
9858,R,500000,300000,8,66,1,352256,36360,1
9859,R,1000000,1000000,2,42,1,40644,16209,1
9860,R,700000,700000,2,34,0,235591,174693,1
9861,R,1000000,1000000,2,61,1,17370,8253,1
9862,R,1000000,1000000,2,39,0,,24687,1
9863,R,600000,600000,2,29,1,18858,44370,1
9864,R,1000000,1000000,3,37,0,30601,11745,1
9865,R,1000000,1000000,2,44,1,98050,13005,1
9866,R,1000000,1000000,2,28,0,,1262,1
9867,R,500000,500000,2,46,1,28980,15120,1
9868,R,500000,500000,2,31,1,161405,12674,1
9869,R,1000000,1000000,2,27,1,1980,35775,1
9870,A,500000,500000,2,29,1,19835,20790,1
9871,R,1000000,1000000,2,44,0,156424,6930,1
9872,R,700000,700000,2,32,1,440490,39977,1
9873,R,700000,700000,2,31,1,,46190,1
9874,R,700000,700000,5,58,1,8025,3500,1
9875,R,1000000,1000000,2,37,1,103250,18687,1
9876,R,1000000,1000000,2,40,0,172510,3563,1
9877,R,1000000,1000000,2,31,0,65499,8412,1
9878,R,1000000,300000,4,54,1,87628,66213,1
9879,R,700000,700000,1,49,0,347963,11230,1
9880,R,400000,400000,2,38,0,151046,1674,1
9881,R,700000,700000,2,31,1,201739,27000,1
9882,R,1000000,1000000,3,52,1,372918,70342,1
9883,R,1000000,1000000,2,53,1,21412,2585,1
9884,R,700000,700000,2,32,0,32670,70342,1
9885,R,1000000,1000000,2,44,1,1782,35039,1
9886,R,600000,300000,6,25,0,40347,16695,1
9887,R,1000000,1000000,2,45,1,23499,31389,1
9888,A,700000,300000,4,46,1,,158400,1
9889,R,700000,700000,1,55,1,124846,15425,1
9890,R,500000,500000,10,40,1,13839,1485,1
9891,R,400000,400000,2,32,1,161466,14873,1
9892,R,500000,500000,1,70,1,53991,30065,1
9893,R,1000000,300000,4,59,1,9056,6462,1
9894,R,1000000,1000000,7,57,1,61916,18695,1
9895,R,1000000,300000,7,46,1,88601,3765,1
9896,R,500000,500000,2,26,1,160482,27575,1
9897,R,700000,300000,7,62,1,,9636,1
9898,R,1000000,1000000,5,47,0,248531,29661,1
9899,R,1000000,1000000,2,54,1,83160,13876,1
9900,R,1000000,1000000,4,60,1,83350,180000,1
9901,R,700000,700000,2,29,1,102185,33572,1
9902,R,700000,700000,2,29,1,,33572,1
9903,R,1000000,1000000,2,54,1,173429,8043,1
9904,R,600000,600000,2,35,1,60373,94383,1
9905,R,200000,200000,5,64,1,192106,18549,1
9906,R,1000000,1000000,2,37,1,100069,2755,1
9907,R,1000000,1000000,2,40,1,31892,3591,1
9908,R,1000000,300000,4,58,1,6588,172260,1
9909,R,1000000,1000000,2,43,1,475789,100871,1
9910,R,1000000,1000000,2,34,1,91886,165735,1
9911,R,1000000,1000000,2,49,1,181718,6329,1
9912,R,700000,700000,2,37,1,109547,10296,1
9913,R,1000000,1000000,5,56,1,1782,5015,1
9914,R,1000000,1000000,2,31,1,84642,104085,1
9915,R,1000000,1000000,2,64,1,64900,3514,1
9916,R,1000000,1000000,2,40,1,42350,59238,1
9917,R,1000000,1000000,2,33,0,420,15156,1
9918,R,1000000,1000000,2,55,0,81389,25380,1
9919,R,600000,600000,2,42,0,41401,2968,1
9920,R,1000000,1000000,2,36,0,47857,53264,1
9921,R,1000000,1000000,2,39,1,9697,157770,1
9922,R,300000,300000,7,51,1,,65129,1
9923,R,700000,300000,8,68,1,560935,45626,1
9924,R,500000,500000,2,27,1,1359,22649,1
9925,R,300000,300000,7,50,1,7309,17073,1
9926,R,400000,400000,13,27,1,29988,1636,1
9927,R,600000,600000,4,54,1,4288,5301,1
9928,R,1000000,1000000,7,47,1,192955,10566,1
9929,R,1000000,1000000,5,35,0,4218,20160,1
9930,R,1000000,1000000,2,28,0,4378,180000,1
9931,R,700000,300000,4,54,1,691024,96007,1
9932,R,700000,300000,4,54,1,,96007,1
9933,R,200000,200000,6,22,0,169063,15478,1
9934,R,200000,200000,7,37,1,51877,4153,1
9935,R,400000,300000,6,21,0,41032,22950,1
9936,B,700000,700000,2,49,1,35978,27740,1
9937,R,700000,700000,2,34,1,41824,47610,1
9938,R,600000,600000,4,31,1,21962,17148,1
9939,R,1000000,1000000,2,45,1,71790,27954,1
9940,R,1000000,1000000,2,54,0,169297,102402,1
9941,R,1000000,1000000,1,47,0,148942,78665,1
9942,R,600000,600000,2,29,1,17820,21136,1
9943,R,1000000,1000000,2,60,0,10000,50130,1
9944,R,700000,300000,7,59,1,139318,19553,1
9945,R,1000000,1000000,2,30,0,144015,28746,1
9946,R,600000,600000,2,26,1,43539,36711,1
9947,R,700000,700000,1,40,0,8413,65977,1
9948,R,1000000,1000000,2,59,1,29184,15429,1
9949,R,700000,700000,2,31,1,141826,3604,1
9950,R,700000,700000,2,32,1,85397,12244,1
9951,R,1000000,1000000,2,54,1,27723,9830,1
9952,R,1000000,1000000,2,31,0,50002,25974,1
9953,A,1000000,1000000,2,43,1,315940,180000,1
9954,R,600000,600000,2,29,1,91080,18450,1
9955,R,1000000,600000,4,73,1,24596,7541,1
9956,R,500000,500000,2,29,0,135680,142355,1
9957,R,400000,400000,2,25,1,143508,35640,1
9958,R,1000000,1000000,2,31,1,,26640,1
9959,R,1000000,1000000,2,32,0,14102,4968,1
9960,R,400000,400000,2,25,1,163265,3082,1
9961,B,600000,600000,7,49,1,126579,3869,1
9962,R,1000000,1000000,2,45,0,58687,107550,1
9963,R,1000000,1000000,2,26,0,2992,963,1
9964,R,1000000,1000000,2,38,0,109195,180000,1
9965,R,200000,200000,6,25,1,168685,180000,1
9966,R,1000000,300000,8,71,1,14160,117909,1
9967,R,700000,700000,12,56,1,135364,58410,1
9968,R,1000000,1000000,2,58,1,263325,12548,1
9969,R,1000000,900000,2,54,1,122552,92367,1
9970,R,600000,600000,2,27,1,75571,17010,1
9971,R,600000,600000,2,32,1,526080,37260,1
9972,R,1000000,1000000,2,58,1,8189,51120,1
9973,R,1000000,1000000,2,30,1,5982,33943,1
9974,R,1000000,1000000,2,35,1,59707,3487,1
9975,A,1000000,1000000,2,39,0,234061,53233,1
9976,R,700000,700000,2,26,1,0,26265,1
9977,R,700000,700000,7,53,1,15840,18192,1
9978,R,1000000,1000000,4,37,1,187799,9540,1
9979,R,700000,700000,8,71,1,70156,23218,1
9980,R,1000000,1000000,5,44,1,537429,6453,1
9981,R,1000000,1000000,13,63,1,50350,43254,1
9982,R,600000,300000,7,40,1,53659,51976,1
9983,R,400000,400000,10,34,0,153920,4428,1
9984,R,1000000,1000000,2,53,0,466225,223380,1
9985,R,1000000,1000000,2,76,0,30097,184925,1
9986,R,1000000,1000000,2,47,1,214898,3366,1
9987,R,1000000,1000000,3,50,1,142433,48150,1
9988,R,1000000,300000,7,44,1,,10431,1
9989,R,1000000,1000000,2,42,0,115601,14886,1
9990,R,1000000,1000000,2,37,0,43424,37050,1
9991,R,1000000,1000000,2,28,1,36206,50952,1
9992,R,700000,700000,2,48,1,100256,11678,1
9993,A,1000000,300000,4,61,1,157065,5202,1
9994,R,700000,300000,7,52,1,39276,17609,1
9995,R,500000,500000,2,45,1,45224,36899,1
9996,R,1000000,1000000,2,55,0,103269,20250,1
9997,R,600000,600000,2,39,1,52639,16986,1
9998,R,1000000,1000000,1,66,1,,156337,1
9999,R,1000000,1000000,4,57,1,79268,46647,1
10000,R,1000000,1000000,2,39,1,29964,360000,1
10001,R,500000,300000,6,23,1,0,64287,1
10002,R,300000,300000,5,66,1,201546,158097,1
10003,R,700000,700000,2,25,0,13620,55575,1
10004,R,400000,400000,3,27,0,186580,37620,1
10005,R,1000000,1000000,2,29,1,19855,30555,1
10006,R,600000,600000,4,61,1,103056,20055,1
10007,R,1000000,1000000,1,60,0,0,17591,1
10008,R,1000000,300000,4,64,1,266788,5703,1
10009,R,1000000,1000000,2,53,1,166295,112666,1
10010,R,700000,700000,1,68,1,15460,35676,1
10011,A,1000000,1000000,2,53,1,63022,9000,1
10012,R,700000,700000,2,45,0,42587,8885,1
10013,R,600000,600000,2,27,1,39710,12825,1
10014,R,1000000,1000000,2,36,1,,155318,1
10015,B,500000,500000,2,26,1,148874,46778,1
10016,R,400000,400000,2,24,0,60716,63000,1
10017,R,300000,300000,2,35,1,326233,28967,1
10018,R,1000000,1000000,2,51,0,93466,84150,1
10019,B,700000,700000,2,29,1,238419,32681,1
10020,R,700000,700000,2,64,1,13980,20790,1
10021,R,1000000,300000,4,60,1,,37599,1
10022,R,500000,500000,2,39,1,37620,40410,1
10023,R,600000,600000,2,38,1,128637,66019,1
10024,R,600000,600000,2,40,0,27374,12942,1
10025,R,500000,500000,2,27,1,147408,141804,1
10026,R,1000000,1000000,2,34,0,708484,10580,1
10027,R,600000,600000,2,40,0,237320,180000,1
10028,R,300000,300000,2,27,1,,27753,1
10029,R,1000000,1000000,2,42,1,0,10332,1
10030,R,600000,600000,2,30,0,134637,13305,1
10031,R,1000000,300000,4,55,1,69941,475,1
10032,R,1000000,1000000,1,57,0,56361,16461,1
10033,R,1000000,1000000,2,45,0,,60781,1
10034,R,1000000,1000000,2,48,1,27537,5184,1
10035,R,1000000,1000000,2,29,0,182160,152298,1
10036,R,600000,600000,2,34,1,172346,22410,1
10037,R,1000000,1000000,2,58,1,27758,15385,1
10038,R,1000000,1000000,4,59,1,30457,39519,1
10039,R,700000,700000,2,39,1,11522,6126,1
10040,R,1000000,1000000,1,43,1,178032,25275,1
10041,R,1000000,1000000,4,64,1,15472,16787,1
10042,R,700000,300000,4,61,1,719813,46278,1
10043,R,1000000,1000000,2,51,1,24763,4125,1
10044,R,700000,700000,5,50,1,140667,0,1
10045,R,600000,600000,2,36,1,136887,5226,1
10046,R,1000000,1000000,2,45,0,24801,29792,1
10047,R,1000000,300000,5,45,1,3719,624,1
10048,R,600000,300000,7,26,1,60566,2389,1
10049,R,1000000,1000000,2,43,0,23798,1140,1
10050,R,700000,700000,12,31,1,124388,161190,1
10051,R,600000,600000,5,45,1,116364,19223,1
10052,A,500000,300000,7,26,1,173222,53054,1
10053,R,700000,700000,2,60,0,150705,28350,1
10054,R,700000,700000,4,44,1,310173,37340,1
10055,R,1000000,500000,4,35,1,39600,101610,1
10056,R,700000,700000,3,31,0,0,75042,1
10057,R,700000,700000,2,27,1,401225,0,1
10058,R,700000,700000,2,34,1,311406,27003,1
10059,R,1000000,300000,4,60,1,5207,7963,1
10060,R,400000,400000,2,41,0,84310,38646,1
10061,R,1000000,300000,1,64,1,114465,6406,1
10062,R,500000,300000,11,37,0,123499,9291,1
10063,R,600000,600000,2,59,1,228519,80788,1
10064,R,1000000,1000000,2,30,1,29325,12510,1
10065,R,1000000,1000000,2,42,1,490121,67552,1
10066,R,1000000,1000000,2,38,1,31372,16655,1
10067,R,1000000,1000000,4,56,1,184023,32271,1
10068,R,700000,700000,2,40,0,,60041,1
10069,R,600000,600000,5,27,1,30885,5877,1
10070,R,600000,600000,5,27,1,,5877,1
10071,R,600000,600000,7,58,1,32290,10157,1
10072,R,500000,500000,2,30,0,,15570,1
10073,R,1000000,1000000,2,30,0,26730,66330,1
10074,R,700000,700000,7,50,1,42945,3330,1
10075,R,1000000,1000000,2,53,1,45600,40230,1
10076,R,200000,200000,2,24,1,,33629,1
10077,R,200000,200000,4,53,1,7333,62933,1
10078,R,400000,400000,12,29,1,242187,6397,1
10079,R,700000,700000,2,51,1,91659,2246,1
10080,R,1000000,1000000,2,32,1,63174,22514,1
10081,R,900000,900000,2,25,0,0,27216,1
10082,R,700000,700000,2,25,1,13429,68984,1
10083,R,400000,400000,2,26,1,53567,19062,1
10084,R,600000,600000,8,81,1,112850,12375,1
10085,R,1200000,1200000,2,24,1,208301,44936,1
10086,R,1200000,1200000,2,32,1,41985,42272,1
10087,R,1100000,1100000,2,23,0,102392,13604,1
10088,R,1000000,1000000,2,31,1,28215,142650,1
10089,R,1200000,1200000,2,25,1,70285,10644,1
10090,R,1000000,1000000,3,30,1,98166,90896,1
10091,R,1000000,1000000,3,71,1,32194,15413,1
10092,R,700000,700000,2,24,1,1087,37217,1
10093,R,800000,800000,3,25,0,,33264,1
10094,R,1000000,1000000,2,54,1,0,128622,1
10095,R,1200000,1200000,2,34,1,11099,47115,1
10096,R,200000,200000,2,22,1,66909,26293,1
10097,R,200000,200000,2,28,1,76892,1198,1
10098,R,1100000,300000,7,50,1,38200,14850,1
10099,R,800000,800000,2,20,0,183112,5832,1
10100,R,800000,800000,2,20,0,,5832,1
10101,R,700000,700000,2,31,0,707,14535,1
10102,R,1000000,1000000,8,63,0,58946,11378,1
10103,R,400000,400000,8,69,1,32472,23238,1
10104,R,500000,500000,2,24,0,45802,19251,1
10105,R,1000000,1000000,2,36,0,436179,180000,1
10106,R,700000,700000,2,52,0,87030,26325,1
10107,R,600000,600000,2,25,0,22797,8300,1
10108,R,1000000,600000,2,44,1,887005,177935,1
10109,R,400000,400000,2,30,0,209000,150300,1
10110,R,600000,600000,2,25,1,,12528,1
10111,R,1000000,1000000,2,35,0,58390,682,1
10112,R,700000,700000,2,24,1,14944,6228,1
10113,R,600000,300000,4,66,1,56693,23274,1
10114,R,700000,700000,2,34,0,76960,10980,1
10115,R,700000,700000,2,34,0,4160,10980,1
10116,R,1000000,1000000,2,30,1,49145,1347,1
10117,B,400000,400000,1,55,0,16736,8148,1
10118,R,1000000,400000,7,61,1,26961,36927,1
10119,R,1100000,1100000,5,43,0,244313,73427,1
10120,R,600000,600000,2,31,0,37620,88650,1
10121,R,700000,700000,3,29,0,80738,18450,1
10122,R,200000,200000,6,23,1,73622,49989,1
10123,R,500000,500000,2,50,0,24651,2641,1
10124,R,700000,700000,4,56,1,52031,15840,1
10125,R,1000000,1000000,2,32,0,17566,89532,1
10126,R,200000,200000,2,23,1,,22050,1
10127,R,1000000,1000000,2,54,1,2926,12369,1
10128,R,700000,700000,2,28,1,124449,13860,1
10129,R,1000000,1000000,1,65,1,23465,11385,1
10130,R,300000,300000,6,20,0,47305,18837,1
10131,R,600000,300000,6,23,1,,4010,1
10132,R,400000,300000,6,21,1,26270,5031,1
10133,R,600000,600000,1,53,1,53760,22972,1
10134,R,600000,600000,2,30,1,32342,19072,1
10135,R,1000000,1000000,2,32,1,22292,52787,1
10136,R,600000,600000,2,28,1,23720,22883,1
10137,B,1000000,1000000,2,27,1,95100,68984,1
10138,R,1000000,300000,7,57,1,221498,123471,0
10139,R,600000,300000,8,76,1,25126,3605,0
10140,R,1000000,300000,8,66,0,29052,7288,0
10141,R,500000,500000,8,81,1,17884,45219,0
10142,R,1000000,1000000,8,77,0,497,0,0
10143,R,600000,300000,4,74,1,34545,8550,0
10144,R,1000000,300000,7,57,1,20021,48433,0
10145,A,1000000,1000000,3,52,1,4876,1317,0
10146,R,1000000,1000000,2,48,1,,61693,0
10147,R,1000000,500000,7,51,1,187072,47117,0
10148,R,1000000,1000000,4,73,1,24035,18905,0
10149,B,1000000,300000,8,71,1,16020,8216,0
10150,A,1000000,1000000,2,49,1,,9891,0
10151,R,1000000,1000000,2,54,0,24932,30454,0
10152,R,1000000,1000000,4,47,1,399175,27403,0
10153,R,1000000,300000,7,52,1,16115,13063,0
10154,R,1000000,1000000,2,55,1,115294,123683,0
10155,R,1000000,1000000,7,62,1,18980,941,0
10156,R,1000000,300000,4,54,1,40721,2708,0
10157,A,700000,300000,4,56,1,121565,55288,0
10158,R,1000000,1000000,5,49,1,73627,25916,0
10159,R,1000000,1000000,2,45,1,0,24130,0
10160,R,1500000,1400000,2,68,1,486954,5286,0
10161,R,1000000,300000,7,51,1,42121,47062,0
10162,R,1000000,1000000,2,43,1,0,73351,0
10163,R,1000000,1000000,8,68,0,109784,5944,0
10164,R,500000,500000,11,82,1,760,21071,0
10165,A,400000,300000,8,46,1,192408,5065,0
10166,R,700000,700000,8,83,0,17543,4264,0
10167,R,1000000,1000000,2,52,1,32635,19164,0
10168,B,700000,700000,11,53,1,35120,2069,0
10169,R,1000000,300000,4,58,1,34351,5054,0
10170,R,1000000,500000,4,65,1,1340,19950,0
10171,R,400000,400000,5,44,1,121618,68629,0
10172,B,1000000,1000000,4,59,1,55147,816,0
10173,R,250000,250000,3,53,0,10354,11590,0
10174,R,1000000,300000,4,47,1,698593,16162,0
10175,R,1000000,500000,2,47,1,843754,59836,0
10176,B,1000000,300000,8,77,1,42500,4921,0
10177,R,600000,600000,13,47,1,109166,6664,0
10178,R,1000000,1000000,12,45,0,1520,5222,0
10179,R,1000000,1000000,2,58,0,4663,12113,0
10180,R,1000000,1000000,13,52,1,46146,9618,0
10181,R,1000000,300000,8,70,0,1516,788,0
10182,R,1000000,300000,5,53,1,21256,5059,0
10183,B,1000000,1000000,2,53,0,,166250,0
10184,R,700000,700000,2,50,1,58680,30400,0
10185,R,1100000,700000,8,85,0,20328,29352,0
10186,R,1000000,1000000,1,72,0,41833,5529,0
10187,A,1000000,1000000,8,69,1,47816,11808,0
10188,R,1000000,1000000,8,74,1,6709,5727,0
10189,R,600000,600000,2,41,1,,53295,0
10190,R,1200000,300000,4,42,1,302823,3791,0
10191,R,1000000,1000000,3,37,1,15923,1392,0
10192,R,1000000,1000000,2,41,0,113773,14041,0
10193,A,700000,700000,5,63,0,4688,22458,0
10194,A,700000,700000,5,63,0,6933,22458,0
10195,R,1000000,1000000,8,72,0,3915,85230,0
10196,R,1000000,1000000,5,63,1,840209,35928,0
10197,R,1000000,300000,4,50,1,20994,4688,0
10198,R,1000000,1000000,2,59,0,142650,9139,0
10199,A,1000000,300000,7,53,1,,6375,0
10200,R,1000000,1000000,2,48,1,13680,149958,0
10201,R,1000000,1000000,2,41,0,204658,107513,0
10202,B,600000,300000,4,52,1,152361,112652,0
10203,R,1200000,300000,7,50,1,20839,15770,0
10204,R,1000000,1000000,5,75,1,5854,3705,0
10205,B,600000,600000,2,44,1,74726,52924,0
10206,A,1000000,300000,7,53,1,89132,51552,0
10207,A,200000,200000,8,75,1,33533,675,0
10208,R,1000000,500000,12,57,1,37654,11495,0
10209,R,1000000,1000000,2,56,1,207396,76380,0
10210,R,1000000,1000000,2,64,1,12892,257,0
10211,A,1000000,1000000,2,54,1,206656,47010,0
10212,R,1000000,300000,8,77,1,28224,8823,0
10213,R,1000000,1000000,2,37,1,18373,1568,0
10214,R,1000000,1000000,2,64,0,45242,3439,0
10215,R,1000000,1000000,4,75,1,0,22553,0
10216,A,1000000,1000000,2,62,0,43336,2718,0
10217,R,600000,600000,4,65,1,8811,5800,0
10218,R,1000000,1000000,2,42,0,102081,2052,0
10219,R,1000000,1000000,4,48,1,52332,107472,0
10220,R,500000,500000,4,56,1,311738,79734,0
10221,B,600000,300000,7,61,1,518370,115805,0
10222,B,600000,600000,4,64,1,51679,26315,0
10223,A,1000000,300000,7,64,1,63630,6156,0
10224,R,1000000,300000,4,63,1,5631,5993,0
10225,R,1500000,1500000,2,55,1,,4993,0
10226,R,1000000,300000,8,67,1,6889,642,0
10227,R,1000000,1000000,2,39,0,540957,3658,0
10228,R,1000000,1000000,8,86,0,46956,4233,0
10229,R,700000,700000,2,49,0,25080,50873,0
10230,R,600000,300000,7,52,1,29799,40566,0
10231,R,500000,300000,4,50,1,33000,98325,0
10232,R,1000000,300000,4,64,1,56285,14725,0
10233,R,1000000,500000,7,54,1,102891,44449,0
10234,A,600000,300000,4,44,1,275360,1463,0
10235,R,700000,700000,7,47,1,0,30400,0
10236,R,500000,300000,7,44,1,169500,16613,0
10237,B,1000000,1000000,2,43,1,86147,22050,0
10238,R,700000,300000,4,78,1,2909,5254,0
10239,A,500000,500000,3,53,1,24035,56430,0
10240,R,1000000,1000000,2,43,0,30714,931,0
10241,A,1000000,1000000,4,58,1,91018,22117,0
10242,A,700000,700000,2,41,1,28780,9890,0
10243,B,1000000,1000000,2,53,0,66865,184662,0
10244,R,1000000,1000000,2,46,1,9395,57483,0
10245,R,1000000,300000,3,36,1,12791,39416,0
10246,R,600000,600000,8,83,1,62211,9237,0
10247,R,1500000,300000,4,65,1,147331,8104,0
10248,R,1000000,1000000,2,50,1,80551,2583,0
10249,R,1000000,1000000,2,49,0,170858,85168,0
10250,A,600000,600000,1,55,1,0,35152,0
10251,R,1000000,300000,4,42,1,28162,25698,0
10252,R,700000,700000,2,32,1,72540,1721,0
10253,R,700000,700000,2,27,1,49796,21694,0
10254,R,1000000,1000000,2,31,1,1174,26325,0
10255,R,300000,300000,8,63,1,33000,11703,0
10256,A,700000,700000,2,37,0,381663,27930,0
10257,R,1000000,1000000,1,42,1,75696,138805,0
10258,R,1000000,1000000,2,49,0,180010,17860,0
10259,A,1500000,1500000,2,45,1,8598,17679,0
10260,A,1000000,1000000,5,56,1,655136,16872,0
10261,R,1000000,1000000,2,49,0,,44308,0
10262,R,1000000,1000000,2,27,1,32860,30866,0
10263,R,1000000,500000,2,42,1,22060,19531,0
10264,R,1000000,300000,4,58,1,43344,14516,0
10265,R,1500000,1500000,7,64,1,1626,35939,0
10266,R,700000,700000,2,35,1,0,15318,0
10267,R,1000000,300000,7,59,1,29942,8988,0
10268,R,600000,600000,2,36,1,62712,58262,0
10269,A,1000000,1000000,2,45,1,13482,13101,0
10270,R,1000000,1000000,2,69,0,102662,20688,0
10271,R,700000,300000,7,55,1,41790,40260,0
10272,R,1500000,1500000,2,31,1,,144630,0
10273,B,700000,700000,2,34,1,57998,20777,0
10274,R,1000000,1000000,2,50,0,0,82650,0
10275,R,1000000,1000000,3,35,1,106275,16001,0
10276,R,700000,300000,7,52,1,4423,2928,0
10277,R,1000000,300000,7,46,1,6992,10308,0
10278,B,700000,700000,1,59,1,80090,26963,0
10279,A,1000000,1000000,2,41,0,14222,74823,0
10280,R,1000000,500000,3,71,1,27114,6135,0
10281,R,400000,300000,7,32,1,125056,24605,0
10282,R,1000000,1000000,8,73,0,26344,0,0
10283,R,700000,300000,4,64,1,40503,4066,0
10284,R,1000000,1000000,4,57,1,99275,116910,0
10285,R,1000000,1000000,2,34,1,4369,4484,0
10286,A,1000000,1000000,2,32,1,104745,4901,0
10287,B,500000,500000,2,40,1,137411,27072,0
10288,B,700000,300000,4,64,1,11047,54131,0
10289,A,1000000,300000,7,60,1,36381,2504,0
10290,B,1000000,1000000,3,58,0,4760,1680,0
10291,R,1000000,300000,8,70,1,98001,9291,0
10292,B,1000000,300000,11,70,0,10583,2446,0
10293,R,1500000,1500000,2,33,1,,40043,0
10294,A,1000000,1000000,2,53,1,,11381,0
10295,A,600000,600000,2,47,1,62669,2071,0
10296,R,200000,200000,2,41,0,345,29260,0
10297,R,600000,300000,4,56,1,41545,5598,0
10298,A,1000000,1000000,3,42,1,57725,7359,0
10299,R,700000,300000,4,52,1,20795,1664,0
10300,R,700000,300000,8,71,1,13814,18087,0
10301,B,1000000,1000000,2,71,0,60401,50160,0
10302,R,700000,700000,2,34,1,165663,63765,0
10303,R,200000,200000,6,25,1,178502,24491,0
10304,R,600000,300000,7,35,1,54728,792,0
10305,R,1000000,1000000,5,55,1,38206,80038,0
10306,R,200000,200000,2,30,1,50958,56119,0
10307,R,1000000,1000000,2,33,0,149863,33562,0
10308,R,600000,600000,2,31,1,105172,25830,0
10309,R,700000,700000,4,46,1,309353,48412,0
10310,R,600000,600000,2,30,0,,46309,0
10311,R,200000,200000,2,26,1,20739,6442,0
10312,R,1000000,1000000,2,42,1,3762,15248,0
10313,A,700000,700000,1,35,0,124405,29327,0
10314,R,1000000,1000000,1,59,0,118314,172451,0
10315,A,1000000,1000000,1,72,1,10890,27039,0
10316,A,1000000,1000000,2,53,1,44253,6270,0
10317,R,500000,500000,2,27,1,17290,8201,0
10318,R,1000000,1000000,2,35,1,39863,4964,0
10319,R,500000,500000,2,34,1,127631,31651,0
10320,R,1000000,1000000,2,31,1,53239,68974,0
10321,R,700000,400000,8,76,1,1568,0,0
10322,R,600000,600000,5,31,1,110819,7583,0
10323,B,600000,600000,2,29,1,68928,64834,0
10324,R,700000,300000,7,49,1,59868,41800,0
10325,B,600000,600000,2,27,1,43312,4085,0
10326,B,1000000,800000,7,51,1,286048,18414,0
10327,R,1000000,1000000,7,59,1,26347,2786,0
10328,B,1000000,300000,7,52,1,23016,59137,0
10329,A,1000000,1000000,2,44,0,1628,20859,0
10330,R,500000,300000,7,35,1,553923,22278,0
10331,R,500000,300000,13,82,1,2207,21403,0
10332,R,200000,200000,2,73,1,2910,22363,0
10333,B,1000000,1000000,2,46,0,52668,28215,0
10334,R,700000,600000,2,27,1,13050,49305,0
10335,R,500000,500000,2,27,1,103292,1872,0
10336,R,1000000,1000000,2,32,1,83880,22990,0
10337,R,700000,700000,2,39,1,74290,79721,0
10338,R,1000000,1000000,4,77,1,12646,15039,0
10339,R,500000,500000,2,28,1,3500,48191,0
10340,A,1000000,1000000,2,57,1,102636,157795,0
10341,R,700000,700000,2,56,0,148143,60088,0
10342,A,700000,700000,2,26,1,167389,7316,0
10343,B,1000000,1000000,2,36,0,500,57998,0
10344,R,1000000,1000000,2,35,1,0,68020,0
10345,R,500000,300000,7,55,1,16254,1700,0
10346,R,1000000,1000000,4,54,1,37057,209,0
10347,B,500000,500000,7,27,1,228957,190000,0
10348,R,1500000,300000,4,51,1,145617,69807,0
10349,R,700000,700000,2,25,0,239202,80119,0
10350,A,1000000,1000000,3,34,1,53851,1976,0
10351,A,500000,500000,2,45,1,576409,41673,0
10352,R,1500000,1500000,2,28,0,0,67925,0
10353,R,500000,300000,5,24,1,40984,5154,0
10354,R,200000,200000,2,29,1,8256,5724,0
10355,R,400000,400000,8,83,1,1932,1376,0
10356,R,1000000,1000000,2,50,1,52412,349,0
10357,R,600000,600000,13,29,1,11750,59364,0
10358,R,500000,300000,4,61,1,36512,9396,0
10359,B,700000,700000,11,79,1,9083,2033,0
10360,R,700000,700000,8,61,1,89107,10109,0
10361,B,500000,500000,12,41,1,591484,27950,0
10362,R,200000,200000,8,91,1,2155,1359,0
10363,R,200000,200000,8,84,1,18730,2767,0
10364,R,500000,300000,8,84,1,0,64967,0
10365,R,700000,700000,2,28,1,59851,12017,0
10366,R,400000,400000,2,42,1,107303,38231,0
10367,R,1000000,1000000,7,58,1,219286,2566,0
10368,B,600000,600000,8,72,0,58670,2416,0
10369,R,600000,600000,2,24,1,25335,6318,0
10370,R,1000000,300000,11,31,1,14456,4604,0
10371,R,200000,200000,7,53,1,27807,45078,0
10372,R,700000,700000,4,83,1,9376,2831,0
10373,R,600000,600000,4,53,1,19664,35275,0
10374,B,1000000,1000000,2,41,0,48639,13680,0
10375,R,200000,200000,8,45,1,33131,18050,0
10376,R,1000000,1000000,8,83,1,151296,7130,0
10377,R,1000000,1000000,4,65,1,13447,15167,0
10378,R,500000,500000,2,29,1,26311,56541,0
10379,R,700000,300000,7,63,1,146029,6546,0
10380,B,1000000,1000000,4,64,1,42264,1463,0
10381,R,200000,200000,4,64,1,40508,7838,0
10382,R,400000,400000,2,24,1,,0,0
10383,R,1000000,300000,4,66,1,152401,56962,0
10384,B,600000,600000,8,95,0,43444,19438,0
10385,A,200000,200000,7,22,1,12741,5881,0
10386,B,1000000,1000000,2,36,0,322439,924,0
10387,R,700000,300000,7,53,1,33456,2431,0
10388,R,700000,300000,4,40,1,23691,12217,0
10389,R,200000,200000,2,24,1,136857,0,0
10390,R,600000,600000,4,59,1,393742,25130,0
10391,R,200000,200000,13,26,1,34080,13253,0
10392,R,600000,600000,2,51,1,540846,24124,0
10393,R,600000,600000,2,32,1,,1254,0
10394,R,1000000,1000000,2,46,1,21790,19741,0
10395,R,700000,700000,2,32,1,34323,17765,0
10396,R,500000,300000,7,63,1,,1881,0
10397,A,700000,700000,2,53,1,35927,32166,0
10398,R,600000,300000,5,47,1,162739,11667,0
10399,R,500000,300000,7,75,1,8408,6250,0
10400,R,1000000,1000000,4,41,1,108233,61888,0
10401,R,1000000,1000000,13,72,0,18985,3829,0
10402,R,600000,600000,5,33,1,252126,46389,0
10403,R,700000,700000,3,29,1,172081,3099,0
10404,B,600000,600000,8,77,1,16657,5720,0
10405,B,700000,300000,7,65,1,13315,2195,0
10406,R,400000,300000,6,21,1,189309,8824,0
10407,R,700000,700000,2,35,1,134143,22991,0
10408,A,1000000,1000000,10,65,1,73901,1359,0
10409,A,600000,300000,8,86,1,4116,2561,0
10410,A,700000,700000,4,58,1,,1986,0
10411,R,600000,600000,2,25,0,105372,0,0
10412,A,1000000,1000000,2,34,0,76294,2869,0
10413,A,700000,300000,4,42,1,9600,15534,0
10414,R,700000,700000,2,28,1,31166,39598,0
10415,A,500000,500000,2,25,1,67495,14322,0
10416,R,500000,500000,4,44,1,95341,142,0
10417,R,700000,300000,4,50,1,19201,56525,0
10418,R,700000,300000,11,43,1,97426,19550,0
10419,R,700000,700000,2,37,1,29139,67051,0
10420,R,300000,300000,2,26,1,418380,0,0
10421,R,700000,700000,2,27,1,122223,48856,0
10422,R,1000000,1000000,8,73,1,108900,51449,0
10423,R,1000000,1000000,5,43,1,40227,16251,0
10424,R,500000,500000,5,35,1,0,55359,0
10425,R,1000000,300000,4,68,1,78705,95000,0
10426,R,1000000,1000000,2,54,1,880,2133,0
10427,R,1000000,1000000,2,36,1,,29886,0
10428,R,1000000,1000000,3,50,1,17253,84573,0
10429,R,600000,600000,2,32,1,666749,6128,0
10430,R,600000,300000,7,49,1,464459,5173,0
10431,R,1000000,1000000,2,39,1,112098,36670,0
10432,R,700000,300000,7,33,1,14080,13680,0
10433,R,1000000,1000000,2,35,1,58670,8677,0
10434,R,600000,600000,2,43,1,30932,193544,0
10435,R,700000,500000,7,58,1,157769,67022,0
10436,R,500000,500000,2,56,1,172459,40541,0
10437,R,600000,600000,2,49,1,350096,59252,0
10438,R,1000000,1000000,4,68,1,0,39900,0
10439,R,600000,600000,2,32,1,83341,57217,0
10440,A,600000,600000,2,44,1,324531,179218,0
10441,B,700000,700000,1,44,1,682803,88408,0
10442,B,600000,600000,2,34,1,127452,1710,0
10443,A,1000000,1000000,2,31,1,209562,93115,0
10444,R,600000,600000,2,25,1,,0,0
10445,R,1000000,300000,4,76,1,7369,17442,0
10446,R,700000,700000,2,27,1,0,40223,0
10447,R,700000,700000,2,52,0,76680,190000,0
10448,R,500000,500000,7,37,1,19890,11495,0
10449,R,600000,600000,2,28,1,104903,27265,0
10450,R,200000,200000,2,27,1,211418,13838,0
10451,R,600000,600000,2,24,1,61967,8978,0
10452,R,500000,500000,2,31,1,281998,63689,0
10453,R,1000000,1000000,10,28,0,172620,94145,0
10454,R,600000,600000,4,63,1,118235,112107,0
10455,R,1000000,1000000,2,56,1,87376,27810,0
10456,R,400000,300000,2,25,1,66337,24653,0
10457,R,1000000,300000,4,57,1,55679,11391,0
10458,R,1000000,1000000,2,56,1,0,38380,0
10459,A,1000000,1000000,2,55,0,21610,22259,0
10460,B,1000000,300000,4,58,1,390831,15675,0
10461,A,200000,200000,6,22,0,5431,166155,0
10462,A,700000,700000,2,49,1,317184,45458,0
10463,R,1000000,1000000,2,33,1,32040,61656,0
10464,B,700000,700000,2,32,1,66457,190000,0
10465,A,1000000,1000000,13,55,1,0,14630,0
10466,A,600000,600000,2,26,1,5643,3971,0
10467,R,500000,500000,2,25,1,,34010,0
10468,R,700000,700000,2,24,1,3090,16502,0
10469,R,1000000,1000000,2,24,1,0,11590,0
10470,R,500000,500000,4,44,1,196428,190000,0
10471,R,600000,300000,2,25,1,0,1767,0
10472,B,1000000,300000,6,25,0,,10593,0
10473,R,1000000,1000000,5,51,1,,186941,0
10474,A,700000,300000,4,63,1,28880,123520,0
10475,R,500000,300000,7,26,1,13046,19475,0
10476,A,600000,600000,1,51,1,101060,159465,0
10477,R,700000,700000,2,25,1,38918,14992,0
10478,A,1000000,1000000,2,39,1,305,118943,0
10479,R,1000000,1000000,4,62,1,4823,10793,0
10480,R,1000000,1000000,1,70,1,15937,15770,0
10481,R,1000000,800000,2,37,1,36035,16210,0
10482,R,1000000,1000000,12,65,1,51535,8010,0
10483,R,1000000,1000000,2,57,1,4469,25510,0
10484,A,700000,700000,2,25,1,64772,12641,0
10485,B,1000000,300000,4,65,1,23618,34276,0
10486,R,1000000,1000000,4,66,1,15787,8835,0
10487,R,1000000,1000000,2,34,0,275766,3428,0
10488,R,500000,500000,2,25,1,0,17024,0
10489,R,700000,700000,2,23,1,40380,42104,0
10490,R,500000,500000,2,26,1,38711,17860,0
10491,R,200000,200000,2,25,1,128540,3781,0
10492,R,1000000,1000000,3,26,0,6365,39210,0
10493,A,300000,300000,2,47,0,7973,1406,0
10494,R,700000,700000,2,36,1,0,8550,0
10495,R,1000000,1000000,2,24,1,99990,24548,0
10496,R,1000000,500000,1,42,1,285347,100060,0
10497,R,700000,300000,5,44,1,67270,38760,0
10498,R,600000,600000,3,29,1,6114,53913,0
10499,R,700000,700000,2,49,1,81583,137513,0
10500,R,1000000,1000000,2,49,1,29005,19219,0
10501,R,600000,600000,4,49,1,175955,39816,0
10502,R,1000000,1000000,2,42,1,20520,52085,0
10503,R,1000000,1000000,2,31,1,117040,34999,0
10504,R,500000,500000,3,38,1,195078,10091,0
10505,R,400000,400000,4,31,1,0,11590,0
10506,R,700000,700000,2,28,0,25292,31027,0
10507,R,700000,700000,2,36,1,48279,87875,0
10508,R,500000,500000,2,30,0,111926,0,0
10509,B,300000,300000,2,28,0,44308,24558,0
10510,R,200000,200000,7,42,1,3784,26220,0
10511,R,600000,600000,3,27,1,15950,60183,0
10512,R,1000000,300000,7,53,1,19568,4066,0
10513,R,600000,600000,2,32,1,,40527,0
10514,R,300000,300000,2,27,1,37620,17860,0
10515,R,1000000,1000000,2,47,1,47311,2770,0
10516,R,1000000,1000000,2,29,1,99338,82223,0
10517,R,400000,400000,5,36,1,415601,76093,0
10518,R,600000,300000,7,32,1,11005,21271,0
10519,R,700000,300000,7,62,1,23082,122859,0
10520,R,600000,600000,2,39,1,2016,41971,0
10521,R,500000,500000,2,26,1,3645,78584,0
10522,R,1000000,1000000,2,49,1,70909,53295,0
10523,R,500000,500000,2,30,0,51052,19048,0
10524,R,400000,400000,11,67,0,45460,62700,0
10525,R,400000,300000,6,21,1,6000,5425,0
10526,A,1000000,1000000,7,69,1,4233,49111,0
10527,R,500000,500000,2,22,1,18528,36054,0
10528,A,300000,200000,11,20,1,260947,13688,0
10529,R,600000,600000,2,35,1,84160,3227,0
10530,R,1000000,300000,11,38,1,43898,17515,0
10531,B,200000,200000,7,24,1,22000,5905,0
10532,R,500000,300000,6,21,1,58199,14877,0
10533,R,300000,300000,2,23,1,7128,43510,0
10534,A,200000,200000,6,21,1,272727,5267,0
10535,R,500000,500000,2,26,1,202477,30401,0
10536,R,400000,400000,2,24,1,54380,13408,0
10537,R,200000,200000,2,26,1,82421,13254,0
10538,R,600000,600000,2,26,1,173737,2917,0
10539,R,400000,300000,6,23,0,31528,18905,0
10540,R,200000,200000,7,25,0,259262,10963,0
10541,R,500000,300000,7,25,1,64285,7553,0
10542,A,400000,400000,2,22,1,313945,0,0
10543,R,600000,300000,7,45,1,37663,4171,0
10544,R,500000,500000,2,31,1,29831,11381,0
10545,R,300000,300000,2,24,1,23000,0,0
10546,R,400000,300000,6,25,1,97450,30305,0
10547,R,700000,700000,2,29,1,248782,10483,0
10548,R,600000,600000,2,27,1,148133,43768,0
10549,R,1000000,600000,2,24,1,112767,26899,0
10550,R,1000000,1000000,2,70,1,158837,153045,0
10551,R,400000,300000,6,20,1,23703,13205,0
10552,R,400000,400000,2,26,1,46216,3762,0
10553,R,1000000,1000000,4,58,1,18971,38133,0
10554,R,200000,200000,6,19,1,140446,4845,0
10555,R,400000,300000,7,22,1,165429,5595,0
10556,R,700000,700000,2,26,1,1568,14714,0
10557,R,700000,700000,2,26,1,21951,27079,0
10558,R,200000,200000,2,23,1,101485,30917,0
10559,R,500000,500000,2,34,0,90780,17860,0
10560,R,600000,300000,6,23,1,84295,22990,0
10561,R,200000,200000,6,20,1,172440,21058,0
10562,B,1000000,500000,8,70,0,0,16720,0
10563,R,700000,700000,13,29,1,0,11572,0
10564,R,400000,300000,6,21,1,80438,11129,0
10565,B,600000,600000,2,23,1,941,34248,0
10566,R,1000000,1000000,3,54,1,0,114000,0
10567,R,500000,500000,3,27,1,18622,6470,0
10568,R,200000,200000,2,59,0,18252,68310,0
10569,R,1000000,1000000,2,57,1,78130,33714,0
10570,R,600000,300000,2,24,1,53594,24335,0
10571,A,600000,600000,2,27,1,10289,1140,0
10572,R,1000000,1000000,3,32,1,0,23075,0
10573,R,600000,600000,2,24,1,48670,24378,0
10574,R,500000,500000,2,54,1,64219,19563,0
10575,R,1000000,1000000,10,30,0,12797,18905,0
10576,R,1000000,300000,4,53,1,2613,33535,0
10577,R,200000,200000,2,55,0,214429,26220,0
10578,R,200000,200000,3,20,1,96745,50574,0
10579,R,300000,300000,2,20,1,331864,22881,0
10580,R,200000,200000,2,20,1,136672,17182,0
10581,R,1000000,1000000,3,42,1,,70547,0
10582,R,1000000,1000000,2,54,0,28703,21518,0
10583,R,200000,200000,7,20,1,21220,4129,0
10584,R,600000,600000,3,28,1,0,6888,0
10585,R,600000,600000,2,39,1,47947,51975,0
10586,R,600000,600000,2,28,1,23184,26444,0
10587,R,700000,700000,3,26,1,14001,18668,0
10588,R,500000,500000,2,24,1,104946,2083,0
10589,R,300000,300000,2,27,1,1311,23085,0
10590,R,400000,400000,2,27,1,0,24130,0
10591,R,1000000,1000000,2,59,1,116764,1026,0
10592,A,400000,300000,6,20,1,162677,1501,0
10593,R,600000,300000,6,22,1,29513,10441,0
10594,R,700000,700000,7,64,1,98241,51091,0
10595,R,700000,300000,8,70,1,,20119,0
10596,R,700000,700000,3,28,1,2195,4180,0
10597,R,700000,700000,4,54,1,20796,46221,0
10598,R,700000,300000,7,52,1,40512,6931,0
10599,R,700000,300000,7,45,1,95622,14383,0
10600,R,500000,500000,2,28,1,45879,18047,0
10601,R,1000000,800000,2,25,1,132866,8797,0
10602,R,300000,300000,6,20,1,16715,11994,0
10603,R,400000,400000,2,25,1,58031,15160,0
10604,R,700000,700000,2,33,1,251701,7920,0
10605,A,600000,600000,12,51,0,39920,33681,0
10606,R,600000,600000,5,49,1,88507,18708,0
10607,R,600000,300000,4,53,1,421780,5678,0
10608,R,1000000,300000,7,54,1,0,9934,0
10609,R,200000,200000,2,26,1,147701,33250,0
10610,R,700000,600000,12,31,1,27758,15504,0
10611,R,600000,600000,2,35,1,629171,90906,0
10612,R,1000000,300000,7,50,1,204470,1300,0
10613,R,200000,200000,6,21,1,57003,14887,0
10614,R,700000,700000,2,28,1,43932,249677,0
10615,R,500000,300000,7,49,1,69062,12651,0
10616,R,700000,700000,2,33,1,3456,4798,0
10617,A,200000,200000,2,24,1,90629,42489,0
10618,R,600000,600000,2,23,0,279751,13680,0
10619,A,400000,400000,4,43,1,76048,182562,0
10620,R,200000,200000,6,19,1,61532,41734,0
10621,B,700000,300000,7,40,1,26596,42207,0
10622,R,500000,300000,2,38,1,177279,5644,0
10623,R,500000,300000,6,23,1,2034,378,0
10624,R,600000,600000,2,32,0,29631,67925,0
10625,B,1000000,1000000,2,38,1,25891,19608,0
10626,A,700000,300000,3,25,1,109122,43282,0
10627,B,700000,700000,2,58,1,58215,4931,0
10628,R,1000000,1000000,2,35,0,0,9405,0
10629,R,600000,600000,2,52,1,3168,151525,0
10630,R,600000,600000,2,25,1,83058,61572,0
10631,A,600000,600000,2,39,1,102798,32827,0
10632,R,1000000,1000000,2,27,1,54539,15048,0
10633,A,600000,300000,2,56,1,267894,22781,0
10634,A,200000,200000,6,20,1,44856,12068,0
10635,A,1000000,1000000,2,26,1,188252,23547,0
10636,A,1000000,1000000,2,26,0,135590,1254,0
10637,B,600000,300000,6,22,0,5470,42923,0
10638,A,600000,600000,2,28,1,218002,137993,0
10639,B,600000,600000,7,31,1,50375,190000,0
10640,R,200000,200000,3,19,1,123021,12228,0
10641,B,500000,300000,6,20,1,73859,5864,0
10642,A,300000,300000,2,29,1,152120,37850,0
10643,R,1000000,1000000,2,47,1,7577,10241,0
10644,B,1000000,300000,4,37,1,40918,30305,0
10645,A,200000,200000,2,24,1,19775,35364,0
10646,A,600000,600000,2,27,1,,11818,0
10647,A,200000,200000,6,23,1,,31114,0
10648,A,1000000,1000000,2,43,1,80446,5435,0
10649,B,700000,700000,2,54,1,154766,21580,0
10650,B,600000,600000,2,26,1,35983,30410,0
10651,A,500000,200000,7,48,1,89121,30881,0
10652,R,500000,500000,2,26,1,128321,37376,0
10653,R,200000,200000,7,22,1,150843,36931,0
10654,R,600000,600000,2,30,1,16510,3291,0
10655,R,500000,500000,2,24,1,68230,15389,0
10656,R,200000,200000,7,21,0,48670,196,0
10657,R,400000,300000,6,22,0,67753,1728,0
10658,B,600000,600000,5,58,1,176278,4959,0
10659,B,700000,700000,2,37,1,8883,7733,0
10660,R,700000,300000,4,42,1,56381,31227,0
10661,R,700000,700000,10,30,1,253270,52780,0
10662,R,600000,300000,6,23,1,85944,732,0
10663,R,400000,400000,2,26,0,46830,2812,0
10664,R,1000000,300000,4,68,1,3298,5851,0
10665,A,400000,300000,6,21,1,0,20900,0
10666,R,300000,300000,6,20,1,208945,11277,0
10667,R,600000,600000,2,25,1,25740,3210,0
10668,R,600000,600000,2,45,1,0,10553,0
10669,R,1000000,1000000,2,37,1,56094,39805,0
10670,R,1000000,900000,2,23,1,29260,5310,0
10671,R,200000,200000,2,28,1,12320,22040,0
10672,R,200000,200000,6,21,1,4779,3648,0
10673,R,700000,700000,2,26,1,94361,15565,0
10674,R,500000,500000,2,51,1,114765,16626,0
10675,R,600000,600000,2,23,0,72471,56525,0
10676,R,700000,700000,2,40,1,151577,42364,0
10677,R,700000,700000,8,72,1,,9433,0
10678,R,700000,700000,1,38,0,14920,10545,0
10679,R,700000,700000,2,29,1,11178,11357,0
10680,R,500000,500000,2,26,1,1050,33440,0
10681,A,700000,700000,2,26,1,23067,16513,0
10682,R,500000,500000,2,26,1,19982,11590,0
10683,R,1000000,1000000,2,48,1,153051,12540,0
10684,R,500000,500000,2,36,1,117267,1767,0
10685,R,700000,700000,2,51,1,94466,11590,0
10686,R,1000000,1000000,5,76,0,0,7410,0
10687,R,1000000,1000000,5,76,0,376997,7410,0
10688,R,1000000,1000000,2,45,1,36805,14412,0
10689,R,600000,300000,6,21,1,48757,7524,0
10690,R,1000000,300000,7,51,1,0,54435,0
10691,R,700000,600000,2,24,1,137451,45648,0
10692,R,1000000,1000000,2,27,1,24233,16293,0
10693,R,600000,600000,2,25,1,188226,12322,0
10694,R,1000000,1000000,2,32,1,78233,27419,0
10695,R,600000,600000,2,26,1,29745,26429,0
10696,R,400000,400000,2,24,1,10777,5691,0
10697,R,1000000,1000000,2,37,0,1197980,24225,0
10698,R,300000,300000,8,62,1,71574,150782,0
10699,R,400000,300000,4,39,1,245075,25557,0
10700,R,700000,700000,1,55,1,131633,42943,0
10701,R,200000,200000,6,21,1,60087,6166,0
10702,R,300000,300000,6,21,1,39017,14212,0
10703,R,1000000,300000,2,29,1,86119,26969,0
10704,A,500000,500000,2,24,1,62680,4689,0
10705,R,1000000,1000000,2,28,1,195710,44947,0
10706,R,500000,300000,7,48,1,104218,56918,0
10707,R,700000,300000,7,48,1,50001,48783,0
10708,R,200000,200000,7,45,1,219947,16404,0
10709,R,200000,200000,2,28,0,25080,111815,0
10710,R,700000,700000,2,29,1,592603,124575,0
10711,R,1000000,1000000,10,39,0,34606,139080,0
10712,R,400000,400000,4,54,1,61715,25551,0
10713,R,700000,700000,2,25,1,142435,45491,0
10714,R,200000,200000,12,32,1,1986,4537,0
10715,A,300000,300000,6,21,1,38600,17813,0
10716,R,600000,600000,2,42,1,192441,51300,0
10717,B,700000,700000,3,39,1,189166,65935,0
10718,R,500000,500000,2,28,1,16464,53332,0
10719,R,500000,500000,2,28,1,59109,52516,0
10720,A,600000,300000,6,23,1,70352,15200,0
10721,B,200000,200000,12,25,1,171072,15113,0
10722,R,600000,600000,13,53,1,270785,3439,0
10723,R,1000000,1000000,2,44,1,,83173,0
10724,R,1000000,1000000,2,30,1,33488,29786,0
10725,R,700000,700000,2,26,1,142057,50800,0
10726,R,500000,500000,2,27,1,289139,11360,0
10727,R,600000,600000,2,29,1,25233,60204,0
10728,R,600000,600000,2,26,1,34023,15770,0
10729,R,1000000,1000000,8,71,1,18041,2876,0
10730,R,400000,400000,2,23,1,18187,35654,0
10731,R,700000,300000,4,40,1,21000,153710,0
10732,R,700000,300000,2,27,1,119892,47116,0
10733,R,500000,300000,2,24,1,308179,7720,0
10734,B,700000,700000,2,33,1,237051,115252,0
10735,R,600000,300000,6,23,1,149809,28438,0
10736,R,500000,500000,5,26,1,246523,168675,0
10737,B,1000000,1000000,2,37,1,30927,20273,0
10738,R,600000,600000,5,30,1,43678,50516,0
10739,R,700000,300000,6,23,1,245730,13882,0
10740,R,200000,200000,6,21,1,55028,7577,0
10741,R,1000000,1000000,1,52,0,36000,46928,0
10742,A,400000,400000,2,29,1,,48070,0
10743,R,500000,300000,6,20,1,245152,8861,0
10744,R,500000,300000,2,24,1,104424,53016,0
10745,A,600000,300000,6,35,1,355444,49077,0
10746,R,500000,500000,2,22,1,71969,41705,0
10747,R,1000000,1000000,2,28,0,12078,58520,0
10748,R,500000,500000,2,25,0,131390,22990,0
10749,A,300000,300000,6,21,1,103293,0,0
10750,A,1000000,1000000,2,49,0,4267,70120,0
10751,A,500000,300000,11,25,1,107464,21800,0
10752,B,500000,500000,2,26,1,259752,26826,0
10753,B,400000,400000,5,34,1,307859,20330,0
10754,A,600000,300000,3,27,1,23584,70120,0
10755,A,600000,600000,2,24,1,105309,97510,0
10756,A,1000000,1000000,2,33,1,21175,19269,0
10757,R,500000,500000,2,33,1,0,73150,0
10758,B,1000000,1000000,2,54,1,73316,31873,0
10759,R,600000,600000,2,27,1,,48906,0
10760,B,700000,700000,2,26,1,,13585,0
10761,R,700000,700000,2,26,1,99325,31768,0
10762,R,700000,700000,2,33,1,30000,9928,0
10763,R,600000,300000,2,24,1,138584,62407,0
10764,R,500000,300000,7,52,1,28968,19939,0
10765,A,400000,400000,2,24,1,189559,27693,0
10766,A,1000000,1000000,2,33,1,66456,56670,0
10767,R,1000000,1000000,2,26,1,74413,52459,0
10768,B,1000000,300000,6,23,1,55288,24760,0
10769,R,500000,500000,11,30,1,335261,13899,0
10770,B,700000,700000,2,24,1,9771,50521,0
10771,R,700000,700000,13,76,1,108597,3929,0
10772,R,200000,200000,6,22,1,100124,19679,0
10773,R,200000,200000,2,25,1,48504,5320,0
10774,R,1000000,300000,7,54,1,14678,11778,0
10775,R,700000,300000,6,26,0,57500,1682,0
10776,A,500000,300000,6,22,1,62471,0,0
10777,R,700000,300000,7,27,1,1076660,2822,0
10778,R,200000,200000,6,21,1,40138,12217,0
10779,R,1000000,900000,2,60,1,498,7163,0
10780,R,300000,300000,7,45,1,77338,0,0
10781,R,1000000,1000000,3,58,1,67785,33535,0
10782,R,700000,300000,7,60,1,103620,193196,0
10783,R,600000,300000,6,23,1,76311,20059,0
10784,R,700000,700000,2,58,0,77872,3563,0
10785,R,700000,700000,2,24,1,,41895,0
10786,R,400000,300000,6,22,1,50506,13680,0
10787,R,700000,700000,2,43,1,38956,8265,0
10788,R,1000000,1000000,2,66,1,,31438,0
10789,R,1000000,1000000,2,62,0,10005,3585,0
10790,R,700000,700000,2,31,1,118484,61972,0
10791,R,300000,300000,2,29,0,59710,59318,0
10792,R,700000,700000,7,53,1,21305,9273,0
10793,R,500000,500000,4,46,1,772180,36055,0
10794,R,400000,300000,6,20,1,15987,15351,0
10795,R,1000000,1000000,4,56,1,90182,35704,0
10796,R,600000,600000,10,24,1,48325,28833,0
10797,R,300000,300000,6,21,1,47057,12532,0
10798,A,500000,500000,2,25,1,384651,3658,0
10799,R,1000000,500000,4,63,1,0,19114,0
10800,R,1000000,1000000,3,25,1,20660,6888,0
10801,B,600000,600000,2,28,0,121213,71792,0
10802,R,400000,400000,2,25,1,153975,2174,0
10803,R,600000,300000,4,83,1,10980,11655,0
10804,R,1000000,1000000,2,37,1,16093,53913,0
10805,R,600000,300000,6,23,1,132902,4180,0
10806,R,500000,500000,10,25,1,145452,34894,0
10807,R,400000,300000,6,22,0,,15039,0
10808,R,200000,200000,6,20,1,233848,8613,0
10809,A,1000000,1000000,4,33,1,27452,14126,0
10810,A,200000,200000,6,20,1,131730,8560,0
10811,B,500000,300000,6,22,1,2408,13732,0
10812,A,400000,400000,2,28,0,50000,21005,0
10813,R,400000,300000,5,25,1,131371,13272,0
10814,R,1000000,1000000,12,27,1,234893,4076,0
10815,A,1000000,1000000,2,35,0,477059,145350,0
10816,A,600000,600000,3,24,1,22611,3031,0
10817,A,200000,200000,6,20,1,138016,26439,0
10818,R,400000,400000,5,27,1,34562,1680,0
10819,R,700000,700000,2,32,1,424313,6175,0
10820,A,200000,200000,2,46,0,35640,35730,0
10821,A,700000,700000,2,53,0,82265,9802,0
10822,A,500000,500000,2,24,1,42297,16076,0
10823,R,200000,200000,6,21,1,107984,18207,0
10824,A,1000000,1000000,2,62,0,42417,17843,0
10825,A,700000,700000,3,28,1,74559,63118,0
10826,B,1000000,800000,2,49,1,54465,13794,0
10827,B,700000,700000,8,75,1,,31546,0
10828,B,1000000,1000000,4,74,1,4386,4401,0
10829,B,600000,600000,2,28,1,19191,25717,0
10830,R,200000,200000,6,22,0,46133,24752,0
10831,A,300000,300000,6,19,1,3167,2407,0
10832,R,700000,300000,6,23,0,37927,34381,0
10833,A,1000000,300000,2,59,1,30097,194211,0
10834,B,600000,600000,2,26,0,139925,47548,0
10835,A,600000,300000,5,39,1,237670,62934,0
10836,A,600000,600000,2,65,1,88563,7524,0
10837,A,600000,600000,2,65,1,,7524,0
10838,A,600000,600000,8,71,1,87543,2328,0
10839,R,1000000,300000,3,58,1,4980,4509,0
10840,R,600000,600000,2,24,1,95139,19856,0
10841,A,200000,200000,3,27,1,130227,43605,0
10842,B,700000,700000,2,26,1,105894,62387,0
10843,B,300000,200000,2,24,1,262147,41957,0
10844,R,500000,500000,2,25,1,,35530,0
10845,R,600000,600000,2,30,1,113625,33231,0
10846,R,700000,700000,2,52,0,83534,21138,0
10847,R,1000000,1000000,3,26,1,42457,4275,0
10848,R,300000,300000,2,25,1,57299,3648,0
10849,R,500000,500000,10,28,1,228370,3544,0
10850,R,200000,200000,6,20,1,73200,13728,0
10851,R,200000,200000,6,22,1,127728,119346,0
10852,A,700000,700000,4,46,1,,16511,0
10853,R,1000000,1000000,2,54,1,69853,38552,0
10854,R,500000,300000,2,25,1,59805,12540,0
10855,R,400000,400000,10,34,0,80310,31236,0
10856,R,600000,600000,2,33,0,30000,45344,0
10857,R,1000000,1000000,2,63,1,,0,0
10858,R,400000,300000,6,23,1,108321,23504,0
10859,R,700000,400000,2,23,1,78411,6261,0
10860,R,1000000,1000000,3,27,1,136766,4380,0
10861,R,200000,200000,6,21,1,25294,0,0
10862,R,1000000,1000000,3,36,1,94484,14952,0
10863,R,500000,500000,2,34,1,102347,8822,0
10864,R,700000,700000,2,35,1,8303,22563,0
10865,R,200000,200000,6,20,0,25277,1841,0
10866,R,600000,600000,4,60,1,54941,39463,0
10867,R,500000,300000,7,34,1,68723,13158,0
10868,R,400000,300000,7,30,1,8572,21048,0
10869,R,700000,300000,7,62,1,157521,25830,0
10870,A,600000,300000,6,23,1,238844,14547,0
10871,B,200000,200000,6,20,1,86791,8883,0
10872,R,200000,200000,6,21,0,202356,16804,0
10873,B,200000,200000,6,20,1,37329,32423,0
10874,A,1000000,300000,4,60,1,286022,9500,0
10875,A,500000,500000,5,42,1,3705,16720,0
10876,A,600000,300000,6,21,1,30302,10546,0
10877,A,500000,300000,2,26,1,30995,81908,0
10878,A,1000000,1000000,2,57,1,24285,10868,0
10879,A,1000000,1000000,3,38,1,91232,16740,0
10880,A,700000,700000,2,24,1,180146,9975,0
10881,A,300000,300000,2,24,1,71614,13481,0
10882,A,600000,600000,2,24,1,12227,32291,0
10883,A,700000,300000,11,36,1,1254,72105,0
10884,A,600000,300000,6,23,1,32492,0,0
10885,B,400000,400000,2,30,1,7733,11572,0
10886,A,400000,400000,2,26,1,47234,97081,0
10887,R,200000,200000,2,23,1,,7900,0
10888,R,600000,300000,11,26,1,160070,31911,0
10889,R,500000,300000,6,22,1,23162,18768,0
10890,R,700000,700000,2,31,0,60687,33535,0
10891,R,200000,200000,6,20,1,151858,1146,0
10892,R,200000,200000,2,24,1,41072,6574,0
10893,R,600000,300000,11,32,1,47276,24632,0
10894,R,200000,200000,11,21,1,26126,15675,0
10895,R,500000,500000,2,47,0,49734,7933,0
10896,R,500000,500000,10,27,1,73381,0,0
10897,R,300000,300000,6,23,1,1881,25384,0
10898,B,200000,200000,2,22,1,66379,51824,0
10899,R,600000,300000,6,23,1,239996,13154,0
10900,R,600000,300000,5,54,1,11433,5634,0
10901,R,700000,700000,2,28,1,35574,23629,0
10902,R,600000,300000,6,24,1,0,7933,0
10903,R,200000,200000,6,21,1,49872,12512,0
10904,R,400000,300000,6,21,1,16407,8009,0
10905,R,200000,200000,6,21,1,5620,4038,0
10906,R,500000,300000,6,23,1,242619,36784,0
10907,R,600000,300000,6,22,1,5783,24929,0
10908,R,700000,700000,3,24,1,20104,16947,0
10909,R,500000,500000,1,34,0,492682,25042,0
10910,R,500000,300000,6,23,1,6843,6261,0
10911,R,400000,300000,6,23,1,47282,8351,0
10912,R,700000,700000,2,28,1,16840,71687,0
10913,R,600000,300000,6,24,1,4447,26820,0
10914,R,300000,300000,6,22,1,66044,16706,0
10915,R,600000,600000,3,28,0,40233,66947,0
10916,R,600000,600000,2,24,1,125140,22563,0
10917,R,400000,300000,6,21,0,118859,68552,0
10918,B,1000000,900000,2,28,1,63292,42187,0
10919,R,700000,300000,4,52,1,315837,58297,0
10920,R,500000,300000,6,22,1,0,3772,0
10921,R,700000,700000,2,50,1,145651,43733,0
10922,R,1000000,1000000,2,29,1,443332,6365,0
10923,R,400000,400000,2,26,1,24818,26534,0
10924,R,200000,200000,7,50,1,120799,32524,0
10925,R,200000,200000,12,21,1,0,11590,0
10926,R,1000000,900000,2,33,1,64720,14123,0
10927,R,600000,600000,2,30,1,29893,53154,0
10928,R,200000,200000,13,28,1,113468,0,0
10929,A,700000,700000,7,67,1,70406,114741,0
10930,R,300000,300000,7,25,1,9405,9396,0
10931,R,600000,600000,2,28,1,0,21556,0
10932,R,1000000,1000000,2,34,1,251450,43992,0
10933,R,600000,300000,6,23,1,83064,44957,0
10934,R,200000,200000,6,22,0,112346,76485,0
10935,R,200000,200000,6,22,1,46143,10145,0
10936,R,1000000,1000000,2,40,1,7144,20786,0
10937,R,700000,700000,2,23,1,24046,24130,0
10938,R,200000,200000,2,25,1,87727,22316,0
10939,R,1000000,1000000,2,28,0,93854,4455,0
10940,R,700000,700000,2,24,1,,17338,0
10941,R,400000,300000,6,21,1,31712,26952,0
10942,R,1000000,300000,6,25,0,34470,12322,0
10943,B,700000,700000,2,29,1,35543,35530,0
10944,R,600000,600000,3,24,1,2299,34001,0
10945,R,1000000,1000000,2,30,1,76847,49286,0
10946,R,600000,300000,6,22,1,395300,2822,0
10947,R,300000,300000,2,33,1,122793,5032,0
10948,R,200000,200000,6,21,1,18706,13006,0
10949,R,600000,600000,2,27,1,21645,40645,0
10950,R,500000,300000,6,22,0,44260,15770,0
10951,R,700000,700000,2,59,0,211810,101983,0
10952,R,700000,700000,2,43,1,46919,13447,0
10953,R,200000,200000,7,21,0,101157,27399,0
10954,R,500000,300000,7,55,1,67361,65089,0
10955,R,1000000,1000000,2,31,1,89116,10651,0
10956,R,600000,600000,2,24,1,57110,24200,0
10957,R,700000,700000,2,31,1,122531,57950,0
10958,R,700000,700000,2,23,1,7311,4171,0
10959,R,600000,300000,7,26,1,5566,2854,0
10960,R,600000,600000,3,24,1,58705,5413,0
10961,R,700000,700000,2,28,1,0,36870,0
10962,R,400000,400000,2,25,1,0,11496,0
10963,R,1000000,1000000,2,30,1,25775,22810,0
10964,R,500000,500000,2,30,1,20000,28447,0
10965,R,1000000,1000000,1,51,1,92738,30818,0
10966,R,1000000,300000,11,31,1,234564,42015,0
10967,R,700000,300000,6,23,0,42579,22040,0
10968,R,700000,300000,6,24,1,63795,35130,0
10969,R,700000,600000,2,30,1,29193,26059,0
10970,R,500000,500000,2,28,1,90188,3648,0
10971,R,200000,200000,6,20,1,107888,13757,0
10972,R,700000,300000,6,23,1,17860,36566,0
10973,R,200000,200000,2,25,1,15307,21006,0
10974,R,400000,300000,6,20,0,11408,29052,0
10975,R,300000,300000,2,24,1,20020,27265,0
10976,R,600000,600000,2,27,1,179770,17386,0
10977,R,400000,400000,2,27,1,75432,27265,0
10978,R,500000,500000,3,26,1,9029,55885,0
10979,R,500000,500000,2,24,1,47982,19229,0
10980,R,200000,200000,2,21,1,12511,10881,0
10981,R,200000,200000,2,22,1,103105,27265,0
10982,R,400000,400000,2,26,1,25943,7525,0
10983,R,200000,200000,6,20,1,38126,11399,0
10984,R,200000,200000,6,20,1,,11399,0
10985,R,700000,700000,2,35,1,524,11590,0
10986,R,200000,200000,6,36,1,303806,24544,0
10987,R,300000,300000,7,61,1,320824,14725,0
10988,R,600000,600000,2,25,1,14051,33849,0
10989,R,300000,300000,2,22,1,164728,33497,0
10990,R,1000000,1000000,4,32,1,583849,187995,0
10991,R,700000,700000,2,33,1,0,58615,0
10992,R,300000,300000,2,24,1,16564,15770,0
10993,R,200000,200000,2,24,1,182930,81180,0
10994,R,500000,300000,6,23,1,70546,35957,0
10995,R,200000,200000,6,21,1,10355,36670,0
10996,R,500000,400000,2,22,1,12723,55335,0
10997,B,700000,700000,2,24,1,132680,6584,0
10998,B,700000,700000,2,24,1,0,6584,0
10999,A,200000,200000,6,20,1,60434,6722,0
11000,R,1000000,1000000,2,38,1,118354,46892,0
11001,R,700000,700000,2,33,1,223903,59243,0
11002,A,600000,300000,6,21,1,42159,52554,0
11003,A,500000,300000,13,32,0,49922,47235,0
11004,A,400000,300000,6,20,1,96216,4219,0
11005,B,400000,300000,6,24,1,315627,25507,0
11006,A,1000000,1000000,2,38,1,62097,66144,0
11007,R,500000,300000,11,26,1,18863,9301,0
11008,A,400000,400000,4,26,1,59835,44415,0
11009,A,200000,200000,7,26,1,41897,17024,0
11010,R,700000,700000,2,28,1,32115,12559,0
11011,B,200000,200000,6,20,1,18210,10707,0
11012,B,500000,500000,2,26,1,416829,3088,0
11013,A,500000,500000,7,29,1,524,30967,0
11014,A,500000,500000,7,29,1,18804,30967,0
11015,A,700000,700000,2,24,1,51549,25916,0
11016,A,600000,600000,2,28,0,59565,61655,0
11017,A,600000,600000,2,25,1,6793,19950,0
11018,R,400000,400000,2,31,1,107204,30552,0
11019,A,500000,500000,2,25,1,3705,25244,0
11020,A,600000,600000,2,27,1,48380,22154,0
11021,A,700000,700000,2,25,1,176369,17250,0
11022,A,500000,300000,6,22,1,,23694,0
11023,A,200000,200000,2,23,0,1900,87400,0
11024,A,500000,500000,2,24,1,68093,35008,0
11025,B,500000,300000,6,20,1,129602,41487,0
11026,B,200000,200000,6,19,1,174862,11206,0
11027,R,600000,600000,2,26,1,41943,30514,0
11028,A,700000,700000,2,26,1,2552,46655,0
11029,A,200000,200000,2,24,1,,50579,0
11030,B,700000,700000,12,29,1,,24107,0
11031,B,600000,600000,2,24,1,396816,10346,0
11032,B,700000,700000,2,35,1,12000,15777,0
11033,B,700000,700000,2,38,1,55162,176605,0
11034,R,1000000,1000000,10,51,1,153640,95477,0
11035,A,600000,600000,2,24,1,7107,13794,0
11036,A,300000,300000,2,27,0,152705,123310,0
11037,A,700000,700000,2,25,1,16668,14421,0
11038,A,400000,400000,2,35,1,44142,43264,0
11039,B,700000,700000,2,27,1,85297,27740,0
11040,B,700000,700000,7,57,1,144000,26294,0
11041,A,600000,600000,2,24,1,18836,16055,0
11042,B,700000,700000,2,27,1,7942,22990,0
11043,A,600000,300000,6,23,1,10012,0,0
11044,B,300000,300000,6,20,1,81190,39302,0
11045,R,400000,400000,2,23,1,34368,18119,0
11046,A,700000,500000,2,28,1,78483,7543,0
11047,A,1000000,1000000,2,46,1,705216,10273,0
11048,A,600000,600000,2,24,1,16850,18810,0
11049,A,500000,300000,6,23,1,0,5244,0
11050,B,400000,300000,6,22,1,280949,34694,0
11051,A,200000,200000,6,20,1,90956,29365,0
11052,A,400000,300000,6,23,1,5476,6449,0
11053,A,400000,300000,6,22,1,1683,18801,0
11054,B,500000,300000,6,23,1,28100,4604,0
11055,A,200000,200000,6,22,1,28738,7971,0
11056,R,500000,300000,6,22,1,46838,33231,0
11057,A,200000,200000,6,21,1,92174,17275,0
11058,A,200000,200000,6,21,1,80200,17275,0
11059,A,500000,300000,6,25,1,18335,30201,0
11060,A,200000,200000,6,20,1,137384,15673,0
11061,B,200000,200000,4,42,1,193783,20340,0
11062,R,200000,200000,6,21,1,114574,2185,0
11063,A,1000000,300000,4,57,1,62811,56953,0
11064,A,1000000,800000,2,29,1,9405,44622,0
11065,B,1000000,1000000,2,30,0,40203,195386,0
11066,A,1000000,1000000,3,53,1,107225,68970,0
11067,A,1000000,1000000,2,33,1,89100,60401,0
11068,R,600000,600000,2,26,1,24149,138795,0
11069,R,600000,600000,2,26,1,524,138795,0
11070,B,700000,700000,2,29,1,134910,8900,0
11071,R,500000,500000,7,29,1,73805,38040,0
11072,A,500000,500000,2,27,1,245648,21945,0
11073,B,300000,300000,5,56,1,266541,176406,0
11074,A,1000000,1000000,1,34,1,53956,47025,0
11075,R,700000,700000,11,29,1,656,60610,0
11076,R,300000,300000,6,21,1,133835,6888,0
11077,B,300000,300000,6,21,1,68312,32516,0
11078,R,600000,600000,2,66,1,102562,6152,0
11079,R,500000,300000,6,23,1,0,1418,0
11080,R,400000,400000,2,26,0,35820,10693,0
11081,R,300000,300000,6,23,1,,6366,0
11082,R,500000,500000,2,26,1,52385,13272,0
11083,R,700000,300000,4,51,1,2108,646,0
11084,R,600000,600000,2,27,1,36719,17376,0
11085,R,500000,400000,2,21,1,102258,11622,0
11086,R,400000,300000,11,24,1,19536,13598,0
11087,R,700000,700000,2,44,1,576839,0,0
11088,R,500000,500000,7,23,1,54069,27997,0
11089,R,1000000,300000,11,50,1,330398,2530,0
11090,R,1000000,1000000,2,35,1,25415,21945,0
11091,R,600000,600000,3,24,1,85447,58093,0
11092,R,600000,500000,2,25,1,3214,7933,0
11093,R,600000,600000,12,28,1,90777,9092,0
11094,R,600000,600000,2,27,1,306720,83134,0
11095,R,400000,300000,4,42,1,362501,5225,0
11096,R,200000,200000,6,20,1,52467,26116,0
11097,R,1000000,1000000,2,26,0,207421,10906,0
11098,R,200000,200000,6,21,1,36630,19637,0
11099,R,700000,300000,4,49,1,42240,3705,0
11100,R,600000,600000,12,56,1,65708,13680,0
11101,R,500000,500000,2,26,1,109584,8683,0
11102,R,300000,300000,6,23,0,12000,1767,0
11103,R,600000,600000,2,34,1,110639,2844,0
11104,R,1000000,1000000,2,24,1,341938,1492,0
11105,R,600000,600000,4,29,1,36440,61133,0
11106,R,600000,300000,7,29,1,16531,10441,0
11107,R,700000,700000,2,29,1,14547,0,0
11108,R,600000,600000,2,26,1,13073,7410,0
11109,R,200000,200000,6,20,1,0,9519,0
11110,R,600000,600000,5,55,1,114802,2970,0
11111,R,700000,700000,2,28,1,66399,5718,0
11112,R,700000,300000,6,27,1,7965,19950,0
11113,R,1000000,300000,7,65,1,6010,13425,0
11114,A,300000,300000,6,19,1,82773,31062,0
11115,R,1000000,700000,2,25,1,,13405,0
11116,R,300000,300000,6,22,1,328758,8038,0
11117,R,1000000,1000000,3,60,1,9986,831,0
11118,R,400000,400000,2,26,0,56924,1402,0
11119,R,200000,200000,7,25,1,46080,5938,0
11120,R,700000,700000,2,29,0,30393,16397,0
11121,R,500000,500000,2,26,1,11873,0,0
11122,R,700000,700000,2,24,1,78799,10061,0
11123,R,400000,400000,12,25,1,28292,8455,0
11124,R,500000,300000,6,24,1,22465,19164,0
11125,R,700000,700000,2,27,1,87844,18696,0
11126,R,300000,300000,6,22,1,5328,27674,0
11127,A,1000000,1000000,3,56,1,2530,12839,0
11128,A,1000000,1000000,3,56,1,1404,12839,0
11129,R,1000000,1000000,2,49,1,387718,50265,0
11130,R,600000,600000,7,28,1,40460,6261,0
11131,R,1000000,1000000,3,34,1,145618,23960,0
11132,R,1000000,1000000,10,33,1,109507,55060,0
11133,R,200000,200000,2,25,1,64591,36286,0
11134,R,600000,600000,2,54,1,4136,1311,0
11135,R,600000,600000,2,24,1,0,5634,0
11136,R,1000000,1000000,2,29,1,59611,9777,0
11137,R,300000,300000,2,27,1,53999,11381,0
11138,R,1000000,1000000,2,49,1,96532,23974,0
11139,R,300000,300000,2,24,1,0,31521,0
11140,R,700000,700000,2,28,1,51106,55240,0
11141,R,300000,300000,2,25,1,58079,9344,0
11142,R,500000,500000,2,23,1,31403,49210,0
11143,B,600000,600000,2,29,1,185496,25518,0
11144,A,600000,600000,2,25,1,421759,107949,0
11145,R,200000,200000,2,28,1,283775,135420,0
11146,R,400000,300000,6,21,1,29168,751,0
11147,R,700000,700000,2,28,1,6612,21215,0
11148,R,1000000,300000,4,65,1,16880,4435,0
11149,R,700000,700000,2,47,1,137501,27161,0
11150,R,700000,300000,6,24,1,82861,14847,0
11151,R,400000,300000,6,22,1,101574,20435,0
11152,R,500000,500000,2,24,1,8369,5273,0
11153,A,1000000,1000000,3,25,1,27427,20900,0
11154,R,400000,300000,6,20,1,124257,14516,0
11155,R,600000,600000,2,27,1,19763,11495,0
11156,R,1000000,1000000,2,41,1,180038,37781,0
11157,R,700000,700000,10,40,1,458171,33130,0
11158,R,600000,600000,2,24,1,17053,77244,0
11159,R,1000000,1000000,2,49,1,,3366,0
11160,R,600000,400000,2,27,1,262874,11936,0
11161,R,200000,200000,6,22,1,52492,5634,0
11162,R,400000,400000,2,26,1,153640,0,0
11163,A,400000,300000,6,21,1,26863,15310,0
11164,R,500000,500000,2,26,1,314,12648,0
11165,B,500000,500000,2,34,1,170798,31117,0
11166,R,600000,400000,7,52,1,21804,9833,0
11167,R,700000,300000,7,56,1,190539,1558,0
11168,R,200000,200000,6,23,1,11130,4537,0
11169,R,400000,300000,4,73,1,16900,7849,0
11170,R,600000,600000,2,38,0,3000,32300,0
11171,R,500000,300000,6,20,1,50058,13860,0
11172,R,700000,700000,2,23,1,0,36542,0
11173,R,1000000,600000,2,25,1,949,20995,0
11174,R,600000,600000,2,30,1,120843,2964,0
11175,R,200000,200000,6,21,1,23147,11381,0
11176,R,600000,300000,6,23,1,150618,20841,0
11177,R,700000,700000,2,25,1,42435,6365,0
11178,R,400000,400000,2,25,1,320550,21741,0
11179,R,700000,700000,2,25,1,16632,13196,0
11180,R,700000,700000,7,33,1,221579,2049,0
11181,R,700000,700000,2,45,1,0,4138,0
11182,B,1000000,1000000,2,29,1,88099,15744,0
11183,R,300000,300000,2,25,1,131675,11328,0
11184,R,700000,700000,2,24,1,285209,2917,0
11185,R,500000,500000,7,53,1,33944,9016,0
11186,R,1000000,600000,2,26,1,,88612,0
11187,R,400000,400000,2,24,1,185215,24928,0
11188,R,700000,700000,2,38,1,61612,9016,0
11189,R,700000,700000,7,39,1,16627,28520,0
11190,R,700000,700000,7,56,1,2670,0,0
11191,R,300000,300000,6,21,1,84642,13196,0
11192,B,1000000,1000000,2,38,1,34353,36462,0
11193,R,700000,700000,2,41,1,164400,27855,0
11194,R,600000,600000,2,61,1,0,21090,0
11195,R,200000,200000,6,22,1,105385,18278,0
11196,R,400000,400000,2,21,1,228841,9016,0
11197,R,400000,400000,2,21,1,,9016,0
11198,R,500000,200000,2,29,0,211572,26424,0
11199,R,500000,500000,2,43,1,6319,47643,0
11200,R,1000000,300000,6,24,1,230380,28624,0
11201,R,200000,200000,6,23,1,1399,8978,0
11202,R,500000,500000,2,28,1,3971,10660,0
11203,R,500000,500000,2,25,1,237755,931,0
11204,R,500000,500000,2,26,1,40020,14108,0
11205,R,500000,300000,6,23,1,,11286,0
11206,B,400000,300000,6,21,1,76811,5691,0
11207,B,200000,200000,6,20,1,18977,3951,0
11208,R,500000,500000,2,25,1,,18051,0
11209,A,700000,300000,4,42,1,160546,61304,0
11210,R,200000,200000,1,42,1,136816,82451,0
11211,R,500000,500000,2,26,1,31113,7054,0
11212,B,200000,200000,13,25,1,7002,26268,0
11213,R,600000,600000,2,23,1,102021,21360,0
11214,A,600000,600000,2,31,1,7902,42471,0
11215,A,600000,600000,2,25,1,3905,16261,0
11216,A,600000,600000,2,26,1,13410,28320,0
11217,B,600000,600000,2,51,1,81802,23826,0
11218,A,500000,500000,2,29,1,17316,1226,0
11219,B,300000,300000,6,20,1,37347,2143,0
11220,B,700000,700000,2,38,1,234409,48442,0
11221,A,600000,600000,2,26,1,13211,144733,0
11222,A,600000,600000,2,24,1,35984,26540,0
11223,B,1000000,300000,7,53,1,135926,11377,0
11224,B,300000,300000,2,23,1,33889,24064,0
11225,A,1000000,1000000,4,54,1,209035,52041,0
11226,B,600000,600000,2,25,1,318332,3659,0
11227,R,700000,700000,2,23,1,141205,29722,0
11228,B,1000000,1000000,2,30,1,44496,59565,0
11229,R,1000000,1000000,3,47,1,34275,9405,0
11230,A,500000,300000,6,28,1,54270,24197,0
11231,B,1000000,1000000,2,27,1,4436,14630,0
11232,B,1000000,1000000,4,52,1,0,81299,0
11233,B,1000000,1000000,4,52,1,419831,81299,0
11234,A,1000000,300000,4,40,1,20950,4013,0
11235,A,1000000,1000000,1,56,1,82238,37988,0
11236,R,700000,700000,2,24,1,57095,0,0
11237,A,400000,300000,13,39,1,36589,24955,0
11238,A,700000,700000,2,24,1,34007,15884,0
11239,R,500000,500000,2,28,1,59968,7905,0
11240,A,1000000,300000,4,58,1,62442,26240,0
11241,A,500000,300000,6,22,1,24364,13860,0
11242,R,600000,600000,2,26,1,69239,33355,0
11243,B,400000,300000,6,22,1,106042,57081,0
11244,R,1000000,1000000,2,48,1,307206,13956,0
11245,R,1000000,1000000,2,48,1,23000,20349,0
11246,R,400000,400000,5,39,1,323054,105719,0
11247,R,1000000,1000000,4,35,1,8599,90488,0
11248,R,1000000,1000000,2,62,0,15640,101697,0
11249,R,600000,600000,2,26,1,60780,26811,0
11250,R,1000000,1000000,2,29,1,35149,17129,0
11251,A,1000000,300000,4,39,1,3500,87780,0
11252,A,700000,300000,7,41,1,64790,64627,0
11253,A,1000000,300000,13,52,1,21396,39710,0
11254,A,200000,200000,6,22,1,126190,26021,0
11255,R,600000,600000,2,24,1,13754,33383,0
11256,B,600000,600000,2,30,1,239739,28738,0
11257,A,400000,400000,2,48,1,270000,190000,0
11258,B,600000,600000,2,28,1,,39710,0
11259,R,400000,300000,6,23,1,446285,130648,0
11260,A,600000,600000,5,54,1,154997,18810,0
11261,A,200000,200000,2,28,1,25155,46106,0
11262,B,200000,200000,2,41,1,46494,7577,0
11263,A,700000,700000,2,29,1,138278,12540,0
11264,R,700000,700000,2,40,1,23214,52585,0
11265,R,1000000,1000000,2,32,1,51,1417,0
11266,R,700000,700000,2,29,1,18987,17243,0
11267,B,700000,300000,7,50,1,128775,108205,0
11268,R,700000,700000,2,48,1,22450,0,0
11269,R,1000000,1000000,2,49,1,4150,41069,0
11270,R,1000000,1000000,2,27,1,2750,34600,0
11271,R,1000000,1000000,2,49,1,57604,29878,0
11272,R,700000,700000,2,28,0,63175,21850,0
11273,R,1000000,1000000,2,54,1,,27996,0
11274,R,1000000,500000,2,28,1,69235,48741,0
11275,R,700000,700000,2,26,1,90776,35601,0
11276,A,600000,300000,7,38,1,88012,18034,0
11277,A,200000,200000,2,52,1,113540,21527,0
11278,R,200000,200000,6,21,0,17610,4693,0
11279,R,1500000,1500000,2,30,0,0,84930,0
11280,B,500000,500000,2,34,1,1547,10999,0
11281,R,1500000,1500000,2,41,1,2527,5529,0
11282,R,1000000,300000,4,48,1,116651,0,0
11283,R,1000000,1000000,2,51,0,75566,106875,0
11284,A,1100000,300000,6,23,1,,4703,0
11285,R,1000000,1000000,2,25,1,,4788,0
11286,R,400000,400000,2,57,1,433154,40101,0
11287,A,500000,500000,10,35,1,122056,84645,0
11288,R,500000,500000,2,23,1,54558,14282,0
11289,R,500000,500000,2,23,1,0,14282,0
11290,R,1000000,1000000,2,36,1,14630,64885,0
11291,R,600000,600000,2,28,0,25080,28310,0
11292,R,1200000,1200000,3,23,1,27462,9804,0
11293,R,200000,200000,6,21,1,86816,2850,0
11294,R,400000,300000,6,21,1,10414,14412,0
11295,R,600000,600000,2,34,1,41699,4085,0
11296,R,1000000,300000,4,60,1,209067,20264,0
11297,R,600000,600000,2,51,1,28194,56943,0
11298,R,500000,300000,6,22,1,21800,4799,0
11299,R,700000,700000,2,31,0,220350,150314,0
11300,R,400000,300000,6,20,1,41329,14250,0
11301,R,500000,500000,2,24,1,207164,18592,0
11302,R,700000,300000,6,23,1,4004,32671,0
11303,R,600000,300000,7,52,1,46340,12113,0
11304,R,1000000,1000000,1,65,0,37122,21376,0
11305,R,600000,600000,2,25,1,27000,3354,0
11306,R,1000000,1000000,2,43,0,115088,33801,0
11307,R,700000,700000,2,28,1,112913,34907,0
11308,R,700000,700000,2,56,0,0,65742,0
11309,R,200000,200000,6,20,1,16062,8455,0
11310,R,1000000,1000000,5,52,1,47984,0,0
11311,R,500000,500000,2,44,1,0,1329,0
11312,R,300000,300000,2,26,1,8360,9772,0
11313,R,700000,700000,2,24,0,4518,55480,0
11314,A,500000,300000,6,22,1,139927,39359,0
11315,R,500000,300000,6,21,1,58901,18878,0
11316,R,500000,500000,4,41,1,0,105194,0
11317,R,1000000,1000000,2,39,1,10990,70110,0
11318,R,1000000,1000000,2,60,1,7425,15352,0
11319,R,400000,300000,6,23,0,45196,86933,0
11320,R,600000,500000,2,28,1,0,19846,0
11321,R,200000,200000,7,26,1,0,31235,0
11322,R,1000000,300000,6,44,1,,4171,0
11323,R,200000,200000,6,23,1,260040,25348,0
11324,R,1000000,1000000,12,31,1,39933,17860,0
11325,R,700000,300000,5,47,1,21795,0,0
11326,R,500000,300000,7,36,1,1088,34580,0
11327,R,700000,700000,3,34,1,95557,22848,0
11328,R,500000,300000,4,49,1,186520,24441,0
11329,R,600000,400000,7,30,1,89342,42439,0
11330,R,1000000,300000,12,27,1,533,16332,0
11331,R,1000000,900000,2,31,1,11000,64467,0
11332,R,400000,400000,3,32,0,22172,11549,0
11333,R,200000,200000,7,28,1,42605,26469,0
11334,R,500000,200000,6,19,1,323391,149410,0
11335,R,500000,300000,6,23,1,231772,16502,0
11336,R,600000,600000,10,24,1,0,12664,0
11337,R,600000,500000,2,24,1,53309,19950,0
11338,R,400000,400000,2,29,1,81960,11708,0
11339,R,600000,600000,2,29,0,45458,25175,0
11340,R,500000,500000,2,24,1,71984,15509,0
11341,R,1000000,300000,7,51,1,6745,4275,0
11342,R,200000,200000,2,26,1,,27161,0
11343,R,400000,400000,2,25,1,105885,62904,0
11344,R,500000,300000,7,62,1,79560,62352,0
11345,R,400000,400000,2,28,1,,14516,0
11346,A,500000,400000,2,23,1,39770,24109,0
11347,R,600000,300000,7,26,1,18513,56525,0
11348,R,200000,200000,2,28,1,0,22679,0
11349,R,700000,700000,2,30,0,22800,43555,0
11350,R,600000,600000,2,33,1,115336,65529,0
11351,R,200000,200000,2,25,1,43456,32329,0
11352,R,700000,700000,2,31,1,27048,52345,0
11353,R,400000,400000,3,25,1,57717,25134,0
11354,R,1000000,1000000,2,57,0,0,16706,0
11355,B,500000,500000,4,50,1,137966,8403,0
11356,R,700000,300000,2,40,1,315237,14307,0
11357,R,700000,600000,2,24,1,148170,22329,0
11358,R,1000000,1000000,2,52,1,76397,49480,0
11359,R,400000,300000,2,21,1,111486,40227,0
11360,R,1000000,300000,7,49,1,1467,2499,0
11361,R,200000,200000,6,21,1,25531,4836,0
11362,R,400000,300000,6,20,1,0,27216,0
11363,R,500000,300000,7,26,1,1668,47481,0
11364,R,700000,700000,3,24,1,56771,29819,0
11365,R,500000,500000,2,26,1,13772,38190,0
11366,R,600000,600000,2,24,1,121103,22468,0
11367,R,700000,700000,2,28,1,8287,25280,0
11368,R,600000,600000,2,24,1,18504,5216,0
11369,R,700000,700000,2,29,1,61997,27651,0
11370,R,500000,500000,2,57,1,340927,10545,0
11371,R,1000000,1000000,2,28,1,244327,41060,0
11372,R,1000000,1000000,2,35,1,137418,26235,0
11373,R,200000,200000,2,22,1,61334,680,0
11374,R,500000,500000,2,23,1,16410,9948,0
11375,R,400000,300000,6,23,1,34841,98432,0
11376,R,500000,500000,2,27,1,44485,11486,0
11377,R,500000,500000,2,24,1,26810,14433,0
11378,A,700000,700000,2,26,1,52327,25783,0
11379,R,500000,200000,5,54,1,200505,48144,0
11380,A,1000000,1000000,3,26,1,120782,31664,0
11381,R,500000,300000,6,21,1,14816,10450,0
11382,A,200000,200000,5,25,1,15337,11904,0
11383,B,1100000,1100000,8,77,1,92172,6225,0
11384,R,1000000,1000000,2,35,0,1161381,4056,0
11385,R,1000000,1000000,2,27,1,18432,104918,0
11386,B,200000,200000,6,19,1,63516,12384,0
11387,R,1000000,1000000,8,78,0,59603,5497,0
11388,R,500000,500000,2,31,0,122809,5681,0
11389,A,700000,700000,2,41,1,7842,39188,0
11390,A,1000000,1000000,3,29,1,,48175,0
11391,R,1000000,1000000,2,49,0,137095,13010,0
11392,A,1000000,1000000,3,58,1,72524,11382,0
11393,R,500000,500000,3,52,1,77277,27206,0
11394,B,1000000,1000000,3,62,1,804,1140,0
11395,R,600000,600000,2,29,1,9960,13167,0
11396,A,1000000,1000000,2,57,1,58811,4391,0
11397,A,400000,300000,6,23,1,3232,19751,0
11398,R,700000,600000,2,26,1,25440,18870,0
11399,A,400000,300000,2,23,1,52905,55385,0
11400,A,700000,300000,2,21,1,13111,15519,0
11401,B,500000,300000,6,26,0,24374,38874,0
11402,R,500000,500000,2,25,1,125736,8156,0
11403,B,600000,600000,2,46,1,44532,47025,0
11404,A,1000000,1000000,2,26,1,32167,20326,0
11405,A,600000,300000,2,62,1,4124,11861,0
11406,A,1000000,1000000,4,55,1,155608,59357,0
11407,B,500000,500000,5,54,1,84491,94725,0
11408,B,700000,300000,7,40,1,14072,16720,0
11409,A,500000,300000,7,25,1,86612,7786,0
11410,B,600000,600000,2,26,1,34534,13918,0
11411,R,1000000,1000000,2,39,0,18223,37620,0
11412,B,200000,200000,6,20,1,,9196,0
11413,A,1000000,1000000,2,37,0,106904,141598,0
11414,A,1000000,1000000,2,31,1,4047,22772,0
11415,A,200000,200000,6,21,1,35749,14526,0
11416,R,1000000,1000000,2,42,0,227717,1739,0
11417,B,600000,600000,2,24,0,35756,31141,0
11418,A,500000,500000,2,24,1,72668,138168,0
11419,B,500000,500000,2,29,1,12516,16815,0
11420,A,600000,600000,2,27,1,0,21261,0
11421,R,300000,300000,2,24,0,116039,3240,0
11422,A,700000,700000,2,27,1,108254,40406,0
11423,A,400000,400000,2,25,1,82640,11961,0
11424,B,1000000,700000,5,56,1,20790,61551,0
11425,B,700000,700000,2,28,0,13899,41800,0
11426,B,600000,600000,2,27,1,,15662,0
11427,A,600000,600000,2,26,1,51788,30410,0
11428,A,600000,300000,7,29,1,251638,4294,0
11429,B,600000,600000,2,24,1,55248,37620,0
11430,A,1000000,1000000,10,40,0,57026,43197,0
11431,B,600000,600000,2,25,1,,21632,0
11432,A,600000,600000,2,25,1,277691,2822,0
11433,B,700000,700000,2,28,1,9448,58102,0
11434,R,1000000,1000000,2,28,1,23355,40755,0
11435,B,700000,700000,2,41,0,7524,49607,0
11436,A,500000,500000,3,24,1,166797,11773,0
11437,B,700000,700000,2,30,1,220453,31350,0
11438,A,400000,400000,2,40,0,3867,3344,0
11439,A,500000,500000,4,75,1,18604,90915,0
11440,A,200000,200000,2,25,1,173459,0,0
11441,A,600000,600000,2,26,1,29180,11391,0
11442,A,700000,700000,2,29,1,69300,31350,0
11443,A,600000,300000,6,25,1,54350,17243,0
11444,R,700000,700000,2,24,0,66924,31350,0
11445,B,500000,300000,7,57,1,59230,61446,0
11446,B,200000,200000,6,21,1,143617,13895,0
11447,R,1000000,1000000,2,28,1,24035,55167,0
11448,R,500000,500000,2,25,1,501218,26520,0
11449,R,1200000,1200000,2,43,1,47072,35123,0
11450,A,600000,300000,6,23,1,2306,17085,0
11451,A,600000,600000,2,27,0,100852,3971,0
11452,R,1000000,1000000,2,40,1,34276,112737,0
11453,R,1000000,1000000,3,32,1,73020,92871,0
11454,R,600000,300000,12,46,1,115006,22474,0
11455,R,700000,700000,12,54,1,205779,17630,0
11456,R,1000000,1000000,2,39,1,259161,28159,0
11457,A,700000,300000,8,67,1,60823,27840,0
11458,R,1000000,1000000,2,43,0,23308,60705,0
11459,A,700000,700000,1,63,1,30236,38739,0
11460,A,1000000,300000,4,57,1,115189,19662,0
11461,A,1000000,700000,13,70,1,11611,9200,0
11462,A,600000,300000,8,77,1,21019,7595,0
11463,A,1000000,1000000,3,60,0,10529,29935,0
11464,B,600000,600000,2,50,1,39970,6772,0
11465,R,600000,600000,2,36,1,1265,0,0
11466,R,600000,600000,2,50,1,57554,1348,0
11467,A,1000000,1000000,2,34,1,20084,10441,0
11468,A,500000,300000,8,68,1,119447,25041,0
11469,A,1000000,300000,4,42,1,286893,21582,0
11470,R,300000,300000,1,67,0,12424,8477,0
11471,A,1000000,1000000,1,50,1,140096,180726,0
11472,A,1000000,1000000,13,52,0,297199,119225,0
11473,A,1000000,1000000,2,29,0,,5330,0
11474,A,1000000,1000000,2,33,1,145616,59138,0
11475,B,200000,200000,8,78,1,169059,182542,0
11476,R,1000000,1000000,2,63,1,14169,1869,0
11477,B,1000000,300000,4,58,1,78598,112021,0
11478,B,1000000,300000,4,58,1,,112021,0
11479,R,1000000,1000000,2,47,0,10712,25128,0
11480,B,400000,300000,5,45,1,18949,10137,0
11481,B,700000,700000,2,38,1,76301,30535,0
11482,A,1000000,300000,7,52,1,100442,51490,0
11483,A,700000,700000,2,47,1,30459,3753,0
11484,B,1000000,1000000,2,45,1,136426,26421,0
11485,A,500000,500000,2,29,1,,24320,0
11486,R,1000000,1000000,8,73,1,60556,3178,0
11487,R,1000000,1000000,1,59,1,76425,28345,0
11488,A,600000,600000,2,35,0,2386554,247842,0
11489,R,1000000,300000,4,62,1,86501,190000,0
11490,A,1000000,1000000,10,63,1,38943,13880,0
11491,A,700000,300000,4,34,1,343244,190000,0
11492,A,1000000,300000,4,55,1,22051,0,0
11493,B,1000000,1000000,2,36,1,11860,80483,0
11494,B,600000,300000,4,74,1,162254,21356,0
11495,R,1000000,1000000,12,52,1,60467,8151,0
11496,R,1000000,1000000,2,34,1,54852,3681,0
11497,R,700000,700000,2,38,0,94165,27056,0
11498,R,700000,700000,2,63,1,95492,311,0
11499,R,1000000,1000000,2,49,0,270866,677,0
11500,R,1000000,1000000,2,34,1,102690,60397,0
11501,R,600000,600000,2,37,0,137558,14725,0
11502,B,600000,600000,4,67,1,382074,27835,0
11503,A,1000000,300000,4,63,1,953514,72298,0
11504,A,1000000,1000000,2,58,1,38719,6365,0
11505,R,200000,200000,6,22,1,296290,35777,0
11506,R,600000,600000,4,29,1,23967,6437,0
11507,B,300000,300000,2,41,1,97232,1615,0
11508,R,200000,200000,1,36,1,184836,43725,0
11509,R,1000000,1000000,2,31,1,43273,7512,0
11510,R,1000000,300000,4,76,1,68092,0,0
11511,R,800000,800000,2,50,1,,30761,0
11512,R,1000000,1000000,2,24,1,81688,108831,0
11513,R,900000,900000,2,25,1,53255,10545,0
11514,R,1000000,1000000,2,41,0,159634,2774,0
11515,R,500000,500000,2,50,1,65821,15141,0
11516,R,1000000,1000000,2,42,1,320653,69983,0
