No,card,credit1,credit2,work,age,sex,90days,14days,CP
1,A,800000,300000,7,61,1,0,63065,1
2,A,1800000,1800000,4,59,1,34137,97397,1
3,A,800000,800000,12,77,1,0,33023,1
4,A,1200000,1200000,8,66,1,69692,41773,1
5,A,1300000,1300000,2,52,0,1280,66524,1
6,A,1300000,300000,7,56,1,84364,5596,1
7,A,700000,700000,1,71,1,14471,6738,1
8,A,800000,300000,5,59,1,0,2223,1
9,A,800000,300000,5,59,1,191596,2223,1
10,A,500000,500000,11,85,1,1702,9900,1
11,A,1300000,1300000,10,66,0,40854,6732,1
12,A,50000,50000,7,58,1,5524,24780,1
13,A,1300000,1300000,2,48,0,16245,180000,1
14,A,1200000,1100000,8,93,0,4722,810,1
15,A,1300000,300000,8,68,1,110409,23959,1
16,A,1300000,300000,1,60,1,89089,55440,1
17,A,700000,300000,7,71,1,12500,4050,1
18,A,1300000,1300000,2,57,0,147199,23955,1
19,A,1300000,1300000,1,76,1,140723,89651,1
20,A,800000,800000,5,70,1,9443,972,1
21,A,1300000,1300000,8,69,0,4491,61878,1
22,A,1300000,800000,4,84,1,191646,40475,1
23,A,800000,800000,2,77,1,7133,48600,1
24,A,800000,300000,11,69,1,4087,1108,1
25,A,800000,800000,1,77,0,236092,3371,1
26,A,700000,700000,8,91,0,24630,7572,1
27,A,800000,300000,8,67,1,580579,11463,1
28,A,1500000,1500000,2,50,1,22357,63385,1
29,A,500000,500000,2,52,1,36841,44532,1
30,A,1300000,1300000,2,53,1,15395,56898,1
31,A,800000,300000,4,71,1,19426,3775,1
32,A,800000,800000,4,75,1,0,11970,1
33,A,1200000,300000,7,75,1,86631,2093,1
34,A,800000,800000,1,62,1,11911,822,1
35,A,800000,300000,4,60,1,37138,22937,1
36,A,800000,800000,2,65,1,6845,37914,1
37,A,600000,300000,7,48,1,39705,1847,1
38,A,1000000,1000000,2,51,1,73600,46075,1
39,A,600000,300000,4,60,1,10665,180000,1
40,A,1100000,300000,4,81,1,48064,6620,1
41,A,1100000,300000,1,49,1,11225,20880,1
42,A,1000000,300000,7,51,1,94211,12546,1
43,A,1300000,300000,7,69,1,65797,14815,1
44,A,700000,300000,7,53,1,0,5360,1
45,A,800000,300000,7,56,1,1663,174932,1
46,B,1300000,1300000,4,61,1,180679,9594,1
47,A,1100000,300000,7,50,1,36445,28935,1
48,A,700000,300000,7,48,1,10096,18854,1
49,A,700000,700000,2,49,1,72222,13950,1
50,A,800000,800000,2,56,1,16425,89081,1
51,A,800000,800000,2,55,1,1175,11851,1
52,A,800000,800000,2,51,1,941,12149,1
53,A,1800000,1700000,2,47,1,139173,40737,1
54,A,1300000,1300000,3,54,1,34668,41241,1
55,A,600000,600000,2,50,1,21277,22781,1
56,A,800000,300000,7,54,1,21400,25128,1
57,A,700000,700000,2,60,1,7076,53903,1
58,A,800000,800000,2,50,1,618,24795,1
59,A,800000,800000,5,56,1,20093,23598,1
60,A,800000,300000,8,80,1,16234,1806,1
61,A,800000,800000,12,63,1,28968,3678,1
62,A,1300000,1300000,8,67,1,1066,12028,1
63,A,800000,300000,8,74,1,2437,2077,1
64,A,800000,300000,8,74,1,32042,2077,1
65,A,800000,800000,7,74,1,22584,3762,1
66,A,500000,300000,7,48,1,14621,12762,1
67,A,1200000,1200000,2,56,1,59067,11330,1
68,A,1300000,1300000,5,63,1,298596,74418,1
69,A,800000,300000,7,46,1,14557,33639,1
70,A,1300000,1300000,4,80,1,126020,17842,1
71,A,800000,300000,2,52,1,0,6159,1
72,A,800000,300000,7,54,1,0,37662,1
73,A,700000,700000,4,58,1,37928,11500,1
74,A,1800000,300000,4,48,1,61476,13841,1
75,A,1200000,1200000,7,60,1,201241,174054,1
76,A,500000,300000,8,68,1,134970,5529,1
77,A,1300000,1300000,2,46,1,29670,26721,1
78,A,800000,300000,3,46,1,575,179618,1
79,A,1500000,300000,7,54,1,146818,61300,1
80,A,800000,800000,2,50,1,4807,40086,1
81,A,700000,700000,2,48,1,64351,30888,1
82,A,800000,800000,2,51,1,35753,22134,1
83,A,1200000,300000,4,46,1,95080,5886,1
84,A,1300000,300000,7,56,1,0,15633,1
85,A,800000,300000,7,48,1,0,150678,1
86,A,800000,700000,2,56,1,69491,34740,1
87,A,1300000,1100000,12,51,1,50583,36347,1
88,A,800000,800000,2,69,0,36026,4109,1
89,A,1300000,1300000,2,47,1,86724,58885,1
90,A,700000,700000,2,54,1,70107,16632,1
91,A,1300000,1300000,2,52,1,49519,9577,1
92,A,1300000,300000,7,45,1,42650,39553,1
93,A,300000,300000,8,85,0,52354,14707,1
94,A,800000,800000,2,49,1,16280,18306,1
95,A,1300000,1300000,3,49,1,50561,9510,1
96,A,1700000,300000,7,45,1,88455,15927,1
97,A,800000,800000,3,50,1,40266,27685,1
98,A,800000,800000,2,54,1,41824,30843,1
99,A,500000,500000,8,87,1,18700,9999,1
100,A,1000000,1000000,2,64,0,4274,4770,1
101,A,1300000,1300000,4,65,1,0,1188,1
102,A,700000,700000,4,62,1,13353,12419,1
103,A,700000,300000,7,45,1,80491,14203,1
104,A,1200000,300000,7,48,1,279801,56929,1
105,A,800000,800000,8,72,1,8086,1737,1
106,A,1800000,300000,7,51,1,28484,33148,1
107,A,800000,300000,7,49,1,2362,6426,1
108,A,1100000,300000,2,45,1,41987,30644,1
109,A,800000,300000,7,53,1,112956,18738,1
110,A,800000,800000,2,47,1,4972,2700,1
111,A,1000000,1000000,2,51,1,7651,22365,1
112,A,800000,800000,2,51,1,35739,5165,1
113,A,800000,600000,2,56,1,6268,5026,1
114,A,800000,300000,4,52,1,30567,10832,1
115,A,300000,0,4,54,1,125172,17208,1
116,A,800000,800000,2,46,1,44311,21751,1
117,A,1300000,1300000,2,44,1,30975,18810,1
118,A,1300000,1300000,2,43,1,101113,39752,1
119,A,1300000,300000,4,73,1,37090,3951,1
120,A,1300000,1300000,5,78,1,16313,69915,1
121,A,600000,600000,4,69,1,29778,39510,1
122,A,700000,700000,8,79,0,5493,6291,1
123,A,800000,800000,2,59,1,14058,69562,1
124,A,500000,500000,8,79,1,15572,1944,1
125,A,800000,800000,2,47,0,8853,5571,1
126,A,800000,800000,4,50,1,45854,65059,1
127,A,800000,300000,7,51,1,0,24206,1
128,A,800000,800000,2,62,1,642794,3933,1
129,A,800000,800000,2,57,1,2691,16434,1
130,A,800000,300000,8,55,1,43241,44408,1
131,A,1000000,1000000,2,57,1,67784,9216,1
132,A,1200000,1200000,4,78,1,103461,18990,1
133,A,800000,800000,2,57,1,56193,35660,1
134,A,200000,200000,2,54,1,67756,10085,1
135,A,700000,700000,4,56,1,191,8478,1
136,A,700000,700000,2,52,0,18375,60084,1
137,A,1200000,1200000,13,84,0,34399,25830,1
138,A,1200000,1200000,4,43,1,92216,107961,1
139,A,700000,300000,7,62,1,34885,12384,1
140,A,1300000,1300000,2,53,1,43016,21825,1
141,A,1300000,1300000,8,71,0,4756,2516,1
142,A,800000,800000,4,47,1,5156,51570,1
143,A,800000,800000,2,44,1,23140,54624,1
144,A,1000000,300000,7,50,1,37886,18405,1
145,A,800000,800000,5,47,1,58278,22514,1
146,A,700000,700000,2,45,1,6210,127206,1
147,A,1300000,300000,7,47,1,86221,38124,1
148,A,700000,300000,7,61,1,12118,22946,1
149,A,800000,300000,11,59,1,43301,30987,1
150,R,700000,700000,2,45,1,37620,161271,1
151,A,800000,300000,7,55,1,5428,33947,1
152,R,1000000,300000,7,47,1,105306,10147,1
153,A,1100000,300000,7,48,1,51683,33811,1
154,A,1200000,300000,4,43,1,32576,17451,1
155,A,800000,800000,2,49,1,49858,25623,1
156,A,800000,800000,2,60,1,32033,41671,1
157,R,600000,600000,4,71,1,36460,8140,1
158,A,1300000,300000,4,77,1,79905,37755,1
159,A,1300000,1300000,2,54,1,102198,42660,1
160,A,1300000,1300000,2,49,1,7380,131347,1
161,A,500000,300000,7,43,1,88380,8019,1
162,A,700000,700000,4,43,1,13027,21723,1
163,A,800000,800000,4,49,1,25117,19827,1
164,A,1300000,1300000,2,62,1,103921,486,1
165,A,1300000,1300000,2,49,0,297029,18272,1
166,A,700000,700000,13,57,1,166705,15291,1
167,A,800000,800000,2,50,1,0,14544,1
168,A,1100000,300000,7,46,1,141662,33553,1
169,B,1300000,1300000,2,61,1,147957,28738,1
170,A,1300000,1300000,1,59,1,19689,117021,1
171,A,800000,300000,4,77,1,2621,5456,1
172,A,1300000,800000,2,54,1,101907,6930,1
173,A,600000,600000,2,49,0,114741,32760,1
174,A,800000,800000,2,45,0,17418,3781,1
175,A,1200000,500000,2,49,1,116338,5256,1
176,A,1300000,1300000,2,50,0,146290,32535,1
177,A,800000,300000,5,45,1,4367,14535,1
178,A,800000,800000,2,58,1,23931,180000,1
179,A,800000,800000,2,48,1,6930,37710,1
180,A,1200000,1200000,2,46,1,328405,86962,1
181,A,1200000,1200000,2,69,1,306042,14085,1
182,A,1500000,1500000,3,54,1,109065,8160,1
183,A,800000,800000,2,46,0,5259,180000,1
184,A,1300000,1300000,4,60,0,23552,10455,1
185,A,1300000,1300000,8,68,1,19082,31680,1
186,A,1300000,1300000,2,49,1,16643,8604,1
187,A,800000,800000,2,52,1,16455,22711,1
188,A,800000,800000,3,55,0,6511,22860,1
189,A,1100000,300000,7,52,1,148208,6337,1
190,A,800000,800000,1,86,0,8015,5378,1
191,A,700000,300000,4,76,1,31790,753,1
192,A,1100000,1100000,3,56,1,111356,32142,1
193,A,600000,600000,13,74,1,18877,13950,1
194,A,1300000,1300000,2,51,1,96431,103766,1
195,A,1300000,1300000,4,51,1,104650,30231,1
196,A,800000,800000,2,59,0,7995,7230,1
197,A,800000,800000,2,66,1,30352,180000,1
198,A,1300000,1300000,2,50,1,44046,25698,1
199,A,800000,800000,2,48,0,32246,88578,1
200,A,600000,600000,8,78,0,34299,10044,1
201,A,1300000,1300000,1,62,0,3135,58896,1
202,A,800000,800000,2,52,0,0,43470,1
203,A,800000,800000,2,54,0,26037,55940,1
204,A,1300000,1300000,7,71,0,2128,14822,1
205,A,800000,300000,7,48,1,7749,17255,1
206,A,1300000,1300000,2,58,0,10079,4816,1
207,A,1500000,1500000,2,48,0,24174,59490,1
208,A,1300000,1300000,1,66,1,21293,22055,1
209,A,800000,600000,4,72,1,1159,31338,1
210,A,800000,800000,2,43,0,23594,34572,1
211,A,800000,800000,2,59,0,7835,5820,1
212,A,800000,800000,8,68,0,23785,35262,1
213,A,800000,800000,8,75,1,23959,15381,1
214,A,1300000,300000,7,70,1,76516,62073,1
215,A,1100000,1100000,4,56,1,687801,2510,1
216,A,800000,800000,4,58,1,911,32599,1
217,A,700000,700000,11,79,0,0,12792,1
218,A,800000,800000,5,71,1,1609,23795,1
219,A,1200000,1200000,8,82,0,113977,4841,1
220,A,700000,700000,2,44,1,19489,105674,1
221,A,700000,700000,8,83,1,6149,3860,1
222,A,700000,300000,2,45,1,0,117810,1
223,A,500000,500000,4,41,1,3345,142353,1
224,A,800000,800000,7,46,1,71320,17577,1
225,A,1000000,1000000,12,59,1,33897,18076,1
226,A,800000,800000,4,67,1,1881,42540,1
227,A,500000,500000,1,62,0,31163,15570,1
228,A,1000000,1000000,2,47,0,123207,158668,1
229,A,800000,300000,8,86,0,12561,8009,1
230,A,600000,600000,2,61,1,0,23022,1
231,A,1200000,1200000,2,52,1,66959,48309,1
232,A,800000,800000,10,61,1,58806,23616,1
233,A,1300000,1300000,2,54,0,302646,39294,1
234,A,1300000,1100000,2,65,0,129000,33030,1
235,A,1200000,700000,2,47,1,124219,2873,1
236,A,800000,300000,4,51,1,47061,12771,1
237,A,1100000,1100000,5,55,1,280860,71812,1
238,A,800000,800000,2,44,0,8526,173176,1
239,A,800000,800000,2,43,1,73930,9464,1
240,A,800000,800000,1,48,0,30533,68400,1
241,A,700000,500000,8,78,1,10004,12815,1
242,A,700000,300000,7,48,1,16335,2232,1
243,R,800000,800000,2,49,1,20932,12870,1
244,A,1000000,300000,7,44,1,96682,62460,1
245,A,800000,300000,7,44,1,42905,18045,1
246,A,1300000,1300000,4,73,1,60922,35171,1
247,A,600000,600000,5,42,1,17874,4652,1
248,A,800000,800000,5,44,1,9183,11173,1
249,A,200000,200000,2,42,1,212861,25046,1
250,A,700000,700000,7,61,1,18565,1782,1
251,A,600000,300000,7,48,1,16612,7456,1
252,A,700000,700000,2,54,1,19953,30503,1
253,A,800000,800000,2,45,1,34500,29880,1
254,A,800000,300000,4,59,1,54551,43973,1
255,A,1300000,1300000,2,60,1,15867,9756,1
256,A,1200000,1200000,2,49,0,265976,51570,1
257,A,1000000,1000000,2,51,0,5218,23415,1
258,A,500000,500000,2,61,0,31870,60570,1
259,A,800000,800000,2,46,0,0,14940,1
260,A,800000,800000,10,46,0,101035,7020,1
261,A,800000,800000,2,56,1,0,1998,1
262,A,800000,800000,2,50,0,2033,42313,1
263,A,1300000,1300000,2,49,0,0,15457,1
264,A,1700000,1700000,4,75,1,195715,1922,1
265,A,800000,800000,1,51,0,36535,26743,1
266,A,1200000,300000,8,79,1,85951,15440,1
267,A,800000,800000,2,58,0,52302,13001,1
268,A,800000,800000,5,66,0,81620,1808,1
269,A,1300000,1300000,10,62,1,6068,3564,1
270,A,800000,300000,8,64,1,7425,7070,1
271,A,700000,700000,2,50,1,29978,8401,1
272,R,1100000,1100000,5,72,1,33509,3458,1
273,A,1000000,300000,4,72,1,285889,60512,1
274,A,1000000,300000,7,39,1,31050,90180,1
275,A,1100000,800000,2,41,1,2775,43560,1
276,A,400000,400000,4,49,1,62777,3521,1
277,A,1200000,1200000,4,42,1,66046,11022,1
278,A,700000,300000,4,53,1,1036,33012,1
279,A,700000,300000,4,50,1,19286,27638,1
280,A,800000,800000,2,45,1,51377,43380,1
281,A,1200000,700000,2,39,1,32086,8766,1
282,A,800000,800000,1,73,1,25320,778,1
283,A,800000,800000,10,37,0,0,67410,1
284,A,1100000,1100000,4,46,1,324352,48388,1
285,A,800000,800000,11,40,1,3691,7237,1
286,A,1200000,1200000,4,46,1,17013,20337,1
287,A,500000,300000,7,52,1,50594,20570,1
288,A,700000,700000,2,48,1,10085,4934,1
289,A,1800000,1500000,2,55,1,92194,86509,1
290,A,1300000,300000,7,47,1,239603,5310,1
291,A,800000,800000,4,72,1,28202,5308,1
292,A,800000,800000,2,45,1,11672,2970,1
293,A,800000,800000,1,59,0,14333,111139,1
294,B,1200000,1200000,2,53,1,77638,69211,1
295,A,600000,300000,7,43,1,38050,38700,1
296,A,800000,800000,2,44,1,16335,37710,1
297,A,600000,600000,2,57,1,8742,7652,1
298,A,700000,700000,13,49,1,317,32598,1
299,A,800000,800000,2,47,1,0,8035,1
300,A,700000,600000,2,56,1,8826,49095,1
301,A,800000,300000,4,43,1,43865,49568,1
302,A,700000,700000,13,68,1,6622,121860,1
303,A,1300000,1200000,4,43,1,50931,50107,1
304,A,1000000,1000000,2,46,0,44949,12092,1
305,A,1300000,1300000,7,58,1,194899,2871,1
306,A,1100000,1000000,5,54,1,67403,50310,1
307,A,1300000,1100000,7,41,1,27506,12565,1
308,A,1800000,1800000,2,43,1,40095,87670,1
309,A,700000,300000,7,41,1,19623,639,1
310,A,1200000,300000,7,44,1,38298,18405,1
311,A,1300000,1300000,1,75,1,2520,34092,1
312,A,1300000,800000,8,72,0,61440,5021,1
313,A,800000,800000,4,46,1,24501,46540,1
314,A,1300000,1300000,2,42,1,39024,18504,1
315,A,1300000,1000000,5,45,1,7653,5184,1
316,A,1300000,1300000,8,73,1,173340,57183,1
317,A,500000,500000,8,83,1,58102,58179,1
318,A,1300000,300000,4,71,1,7416,27847,1
319,A,800000,300000,7,55,1,0,27583,1
320,A,500000,500000,2,42,1,23288,7119,1
321,A,800000,500000,2,64,1,6255,9674,1
322,A,700000,700000,8,73,1,6216,3177,1
323,A,800000,800000,8,76,1,58895,7548,1
324,A,1300000,1300000,1,52,0,157001,72765,1
325,A,1300000,500000,5,65,1,36219,10818,1
326,A,600000,600000,4,45,1,7800,9770,1
327,A,1300000,1300000,2,48,1,1870,51953,1
328,R,600000,600000,5,57,0,43223,47648,1
329,A,800000,800000,2,76,1,16629,12960,1
330,A,1300000,1300000,2,42,1,0,26820,1
331,A,800000,300000,4,56,1,60654,58500,1
332,A,800000,800000,2,68,0,143093,28011,1
333,A,700000,700000,2,50,1,23295,6030,1
334,A,800000,800000,2,55,0,79043,15732,1
335,A,1000000,400000,4,55,1,45853,5040,1
336,A,1300000,300000,8,80,1,107479,8649,1
337,A,800000,800000,2,50,1,22201,5778,1
338,A,1300000,1300000,2,51,1,16372,23940,1
339,A,800000,800000,8,69,1,7055,4911,1
340,A,800000,800000,2,54,1,5685,5263,1
341,A,1300000,1300000,2,53,0,11619,28814,1
342,A,800000,800000,4,85,1,0,3254,1
343,A,600000,600000,8,78,1,3230,22405,1
344,A,800000,800000,2,41,1,22928,11023,1
345,A,800000,300000,7,52,1,45123,1773,1
346,A,1000000,1000000,2,55,1,14067,9275,1
347,A,800000,800000,2,62,1,6187,37120,1
348,A,800000,300000,2,64,1,22340,15999,1
349,A,1000000,1000000,2,69,0,35109,35640,1
350,A,800000,800000,1,75,0,26876,16533,1
351,A,1200000,1200000,4,46,1,10052,21060,1
352,A,700000,700000,2,54,1,10257,32958,1
353,A,150000,150000,2,40,1,25686,5625,1
354,A,700000,300000,2,39,1,0,5805,1
355,A,1300000,300000,4,71,1,119335,10702,1
356,A,1500000,1500000,2,43,0,25927,69516,1
357,A,1300000,300000,4,66,1,41930,21780,1
358,A,600000,600000,2,39,1,33936,17577,1
359,A,300000,300000,3,43,0,72554,6653,1
360,A,800000,800000,2,59,0,23090,118335,1
361,A,700000,700000,2,36,0,8019,16056,1
362,A,600000,600000,2,65,1,735,38660,1
363,A,800000,800000,2,47,1,58030,30780,1
364,A,1200000,1200000,2,45,0,7842,99,1
365,A,800000,300000,7,43,1,0,38779,1
366,A,1300000,1300000,7,74,0,52873,4482,1
367,A,800000,800000,2,42,1,2062,34650,1
368,A,800000,300000,7,43,1,38227,47956,1
369,A,800000,300000,4,56,1,0,17514,1
370,A,800000,800000,2,42,0,90223,59956,1
371,A,800000,800000,2,38,1,21855,15930,1
372,A,800000,800000,2,37,1,4546,18315,1
373,A,800000,800000,4,45,1,215122,15137,1
374,A,800000,800000,2,50,1,8803,11286,1
375,A,800000,300000,7,64,1,0,43560,1
376,A,600000,600000,2,41,1,72761,38610,1
377,A,500000,300000,4,42,1,18034,17797,1
378,A,1800000,300000,7,57,1,86270,30588,1
379,A,1800000,1800000,2,57,1,169968,126290,1
380,A,500000,300000,8,82,1,8724,5324,1
381,A,800000,800000,4,46,1,32324,17564,1
382,A,800000,300000,4,58,1,7021,7390,1
383,A,1000000,1000000,3,50,1,82815,104040,1
384,A,1000000,300000,7,42,1,31980,14220,1
385,A,1300000,1300000,2,40,1,32753,57232,1
386,A,800000,800000,4,78,1,88110,23169,1
387,A,800000,800000,11,68,0,34136,16960,1
388,A,800000,800000,11,51,1,13715,1390,1
389,A,1300000,1300000,2,72,0,13662,24048,1
390,A,600000,600000,2,53,0,7971,81511,1
391,A,1300000,300000,7,67,1,24862,27167,1
392,A,1300000,1300000,2,56,0,13429,19800,1
393,A,800000,800000,2,42,1,2868,26037,1
394,A,800000,800000,2,48,0,8271,44244,1
395,A,1300000,1300000,2,59,1,51325,71370,1
396,A,700000,300000,7,50,1,288620,8514,1
397,A,800000,800000,2,58,1,15771,7889,1
398,A,1300000,1300000,2,46,0,29062,62460,1
399,A,1300000,600000,4,48,1,24722,31860,1
400,A,800000,800000,7,72,0,0,5681,1
401,R,800000,800000,3,49,1,20837,14850,1
402,A,600000,600000,2,83,1,27879,0,1
403,A,800000,800000,2,39,0,156843,8027,1
404,A,1300000,1300000,2,48,0,14220,6521,1
405,A,800000,300000,11,55,1,220770,46665,1
406,A,1800000,300000,4,54,1,10915,3834,1
407,A,800000,800000,8,86,1,117767,38987,1
408,A,800000,800000,2,66,1,21649,33183,1
409,A,800000,800000,2,38,1,20000,34650,1
410,A,800000,300000,7,51,1,12765,84070,1
411,A,600000,600000,13,57,1,16193,82962,1
412,A,800000,800000,2,44,1,1121,18144,1
413,A,1200000,1200000,7,53,1,137050,19595,1
414,A,700000,700000,2,61,1,91002,5134,1
415,A,700000,700000,7,59,1,1843,103313,1
416,A,600000,300000,7,45,1,10021,25299,1
417,A,600000,300000,7,68,1,15469,2065,1
418,A,1100000,500000,4,51,1,19520,9190,1
419,A,300000,300000,2,42,1,0,43452,1
420,A,800000,800000,2,56,1,58744,43560,1
421,A,800000,800000,2,54,1,26548,73526,1
422,A,800000,800000,2,52,1,17765,88200,1
423,A,1300000,1300000,4,51,1,118584,42151,1
424,A,1500000,1000000,5,47,1,113966,43448,1
425,A,1300000,1300000,2,52,1,133708,6561,1
426,A,700000,300000,7,47,1,0,30195,1
427,A,1000000,1000000,2,38,1,88022,47937,1
428,R,1300000,1300000,2,50,1,119311,136763,1
429,A,700000,500000,2,53,1,53371,13513,1
430,R,1800000,1800000,2,39,1,66940,4473,1
431,A,1100000,300000,7,65,1,219017,30762,1
432,A,800000,300000,4,51,1,20908,7209,1
433,A,1800000,1800000,3,34,1,139074,155,1
434,A,1200000,1200000,2,38,1,69367,9497,1
435,A,800000,800000,2,33,1,28645,3267,1
436,A,400000,300000,6,20,1,32641,5525,1
437,A,500000,500000,2,32,1,32896,3143,1
438,A,800000,800000,1,66,0,64940,80765,1
439,A,400000,300000,2,21,1,3126,2942,1
440,A,800000,800000,7,61,1,22845,15726,1
441,B,500000,500000,2,28,0,6472,10567,1
442,A,1300000,1200000,2,36,1,85155,9372,1
443,A,700000,700000,3,24,1,0,4787,1
444,A,700000,300000,2,27,1,32688,4976,1
445,A,600000,600000,2,51,0,2062,16920,1
446,A,1100000,1100000,4,67,1,112747,5592,1
447,A,900000,900000,2,48,1,89780,6005,1
448,A,800000,600000,7,64,1,11603,834,1
449,A,800000,800000,3,39,0,6264,12636,1
450,A,700000,300000,7,51,1,48821,31459,1
451,A,1200000,1200000,5,41,1,215196,130482,1
452,A,800000,800000,2,49,1,110960,3168,1
453,A,800000,800000,5,67,1,25241,36297,1
454,A,800000,800000,2,48,0,19800,33255,1
455,A,1300000,1300000,2,61,0,184929,8695,1
456,A,800000,800000,2,46,0,25023,535,1
457,A,700000,700000,2,41,1,29170,61470,1
458,A,800000,800000,12,59,1,13062,15597,1
459,A,200000,200000,10,55,0,136079,19034,1
460,A,800000,800000,4,57,1,0,30978,1
461,A,700000,700000,8,88,0,5955,4500,1
462,A,800000,800000,2,55,0,3545,46827,1
463,A,800000,800000,1,53,1,3000,49590,1
464,A,600000,600000,2,54,1,65126,941,1
465,A,700000,500000,12,60,1,6910,17613,1
466,A,1300000,300000,7,49,1,36586,25741,1
467,A,700000,200000,8,80,1,20678,3222,1
468,A,800000,800000,3,63,0,13875,37576,1
469,A,800000,300000,5,44,1,11831,180000,1
470,A,800000,800000,2,47,0,32291,71469,1
471,A,1300000,1300000,2,53,1,10552,4437,1
472,A,800000,800000,2,62,0,1533,13193,1
473,A,800000,800000,2,38,1,102685,3899,1
474,B,1000000,1000000,2,58,0,217402,28260,1
475,A,1200000,1200000,2,49,1,217319,50490,1
476,A,1300000,1300000,1,63,1,59280,136710,1
477,A,800000,800000,1,77,1,0,120562,1
478,A,800000,800000,1,62,1,102798,41769,1
479,A,800000,800000,2,48,0,539117,23850,1
480,A,800000,800000,8,78,1,47941,8091,1
481,A,1300000,1300000,2,52,1,5724,3519,1
482,A,1100000,300000,7,50,1,222326,23670,1
483,A,1000000,1000000,3,58,0,1931,36848,1
484,A,800000,400000,4,66,1,9245,2043,1
485,A,800000,800000,2,35,1,51420,13535,1
486,A,1300000,300000,7,57,1,154830,34932,1
487,A,600000,600000,2,34,1,17132,12960,1
488,A,800000,800000,2,50,0,663,74340,1
489,A,800000,300000,7,61,1,0,8010,1
490,A,800000,800000,5,61,1,20112,124115,1
491,A,1200000,700000,2,55,1,95222,43560,1
492,B,1000000,1000000,3,45,1,19486,132967,1
493,A,1200000,1200000,2,37,1,128101,17789,1
494,A,800000,800000,4,46,1,0,17532,1
495,A,700000,700000,2,42,1,7277,23310,1
496,B,500000,500000,4,64,1,132,119790,1
497,A,700000,300000,4,48,1,14268,9426,1
498,A,1200000,1200000,2,37,1,8567,4001,1
499,A,800000,800000,4,72,1,0,6743,1
500,A,1300000,300000,2,53,1,233645,61380,1
501,A,1300000,1300000,2,45,0,14355,112950,1
502,A,500000,300000,7,39,1,15870,57510,1
503,A,800000,800000,2,34,1,26334,4482,1
504,A,800000,800000,2,39,0,19588,23058,1
505,A,800000,300000,7,46,1,17425,16196,1
506,A,200000,200000,7,38,1,48363,2938,1
507,A,1300000,1300000,2,37,1,59761,161480,1
508,A,600000,600000,2,45,0,220153,154915,1
509,A,800000,800000,4,37,1,3986,20741,1
510,A,1000000,1000000,2,38,1,142243,19938,1
511,A,1700000,1700000,2,47,1,48000,58005,1
512,A,1100000,1100000,4,52,1,23920,8010,1
513,A,600000,300000,4,55,1,6061,171855,1
514,A,1300000,1300000,8,77,1,38057,25861,1
515,A,800000,800000,4,53,1,17287,31576,1
516,A,700000,700000,5,78,0,95665,27685,1
517,A,1100000,300000,4,59,1,304316,42111,1
518,A,800000,800000,4,69,1,24386,26610,1
519,A,500000,500000,2,46,1,72986,11880,1
520,A,700000,700000,4,53,1,5948,8109,1
521,A,800000,800000,2,42,1,15405,70571,1
522,A,800000,800000,12,74,1,12112,3310,1
523,A,800000,800000,2,58,0,43447,21411,1
524,A,1300000,1300000,1,61,0,0,53550,1
525,A,1200000,1200000,2,37,0,32956,1026,1
526,A,1300000,1300000,2,62,0,68106,1473,1
527,A,800000,800000,2,50,1,6072,31077,1
528,A,1300000,800000,8,71,1,63617,122856,1
529,A,1200000,900000,7,58,1,228851,12810,1
530,A,1100000,1100000,2,64,1,1245,29223,1
531,A,600000,600000,2,36,1,321508,27309,1
532,A,1000000,800000,8,81,1,16778,1854,1
533,A,1000000,300000,13,47,1,130414,187468,1
534,A,1000000,1000000,3,44,0,7776,42837,1
535,A,500000,300000,7,49,1,24424,28655,1
536,A,1500000,1500000,2,59,0,385588,40212,1
537,A,1800000,1800000,2,47,1,206320,22040,1
538,A,800000,800000,3,52,1,32746,43650,1
539,A,1000000,900000,12,52,1,42564,24769,1
540,A,1300000,1300000,2,49,1,23978,29394,1
541,A,1200000,800000,2,46,1,83200,1151,1
542,A,800000,800000,3,54,0,0,24048,1
543,A,1300000,300000,4,47,1,53243,44910,1
544,A,600000,600000,8,73,1,1330,4900,1
545,A,800000,800000,2,41,1,75769,30764,1
546,A,1000000,300000,2,35,1,19619,42165,1
547,A,800000,800000,2,52,1,33290,26504,1
548,A,1300000,1300000,2,42,1,97853,29403,1
549,A,800000,300000,7,55,1,21000,55962,1
550,A,800000,600000,2,39,1,8352,12827,1
551,B,1300000,1300000,2,49,1,46682,35640,1
552,A,1100000,1100000,2,37,1,28278,6261,1
553,B,800000,300000,4,63,1,52428,2215,1
554,A,800000,300000,2,56,1,29796,21105,1
555,A,800000,800000,3,56,1,12246,42579,1
556,B,600000,600000,12,41,1,71400,26730,1
557,A,800000,800000,2,38,1,12255,42651,1
558,A,800000,800000,4,68,1,65610,41454,1
559,R,1200000,1200000,2,46,1,131645,52844,1
560,A,800000,800000,2,60,0,324141,33563,1
561,A,200000,200000,8,83,1,0,972,1
562,A,800000,800000,1,70,0,10414,3800,1
563,A,1300000,1300000,2,54,1,101820,15543,1
564,A,700000,700000,7,47,1,4285,14346,1
565,A,1100000,1100000,4,78,1,53349,1926,1
566,A,800000,800000,2,60,1,3094,25380,1
567,A,800000,800000,5,57,0,0,11584,1
568,A,700000,700000,2,43,1,0,17622,1
569,A,800000,800000,5,74,1,19868,3830,1
570,A,700000,700000,8,73,1,20224,9451,1
571,A,1000000,300000,7,51,1,34291,25779,1
572,A,500000,500000,2,36,1,61678,95526,1
573,A,600000,300000,2,59,0,8789,38880,1
574,A,800000,800000,4,75,1,4999,30894,1
575,A,800000,800000,12,70,1,72273,22841,1
576,A,600000,600000,8,80,0,6901,9224,1
577,A,1800000,1800000,2,41,1,124347,1378,1
578,A,800000,800000,4,47,1,4600,16114,1
579,A,600000,600000,2,41,1,19478,32760,1
580,A,800000,800000,3,44,1,21450,12960,1
581,A,1300000,1300000,2,37,1,73454,30195,1
582,A,800000,800000,2,63,1,13869,26523,1
583,A,1200000,1200000,2,33,1,57007,9720,1
584,A,1200000,1200000,2,40,0,39188,20880,1
585,R,1800000,300000,7,54,1,196695,4707,1
586,A,1300000,1300000,4,45,1,81758,12870,1
587,A,500000,300000,7,52,1,30133,103598,1
588,A,700000,700000,7,47,1,206790,84557,1
589,A,1000000,300000,7,55,1,28914,79943,1
590,A,800000,800000,1,84,1,25546,28719,1
591,A,700000,700000,5,68,1,21746,171360,1
592,A,1300000,1300000,2,53,1,29341,1178,1
593,A,800000,800000,2,27,1,4752,14940,1
594,A,1000000,1000000,2,57,1,20843,43521,1
595,A,1300000,1300000,2,52,0,10673,27500,1
596,A,1300000,1000000,2,47,1,60571,15282,1
597,A,1200000,300000,12,41,1,184312,3465,1
598,A,1000000,300000,12,60,1,23116,9990,1
599,A,1100000,1100000,7,35,1,159686,20561,1
600,A,800000,800000,2,56,1,0,29700,1
601,A,1500000,1500000,1,57,0,66800,29052,1
602,A,1300000,1300000,10,69,0,54311,22161,1
603,A,1300000,1300000,2,49,1,181992,10107,1
604,A,700000,700000,4,56,1,23698,10332,1
605,A,700000,300000,7,51,1,4427,18556,1
606,A,800000,800000,2,61,1,13063,12573,1
607,A,800000,800000,1,67,1,6386,2061,1
608,A,800000,800000,2,58,0,21109,3582,1
609,A,1700000,300000,8,75,1,6009,34531,1
610,A,800000,800000,4,61,1,0,7991,1
611,A,900000,900000,2,44,0,3135,0,1
612,A,1000000,1000000,2,54,1,15286,18711,1
613,A,300000,300000,2,37,1,121429,27476,1
614,A,700000,300000,4,57,1,64751,48367,1
615,A,400000,400000,2,34,1,125227,1879,1
616,A,700000,700000,2,37,1,0,61740,1
617,R,1100000,300000,2,32,1,187885,18138,1
618,A,700000,700000,2,41,1,38333,18237,1
619,A,800000,800000,2,34,1,17351,89379,1
620,A,1300000,1300000,2,49,1,34347,9738,1
621,A,800000,800000,2,48,1,11471,59695,1
622,A,1100000,1100000,2,56,1,69800,86220,1
623,A,700000,700000,5,67,0,16538,32121,1
624,A,1300000,900000,2,25,1,157524,28017,1
625,A,800000,800000,2,28,1,8883,73800,1
626,R,600000,600000,2,30,1,0,34254,1
627,A,1300000,1300000,2,55,1,33892,67441,1
628,A,600000,600000,2,26,0,24573,5238,1
629,R,800000,800000,2,49,1,5922,18810,1
630,A,1300000,1300000,2,37,1,71484,3825,1
631,A,800000,800000,2,62,0,1080,16061,1
632,A,1300000,1300000,4,66,1,72650,107010,1
633,A,1200000,300000,7,39,1,120157,16523,1
634,A,800000,800000,2,43,1,479473,31770,1
635,A,1300000,1300000,2,43,1,20117,109324,1
636,A,800000,800000,2,47,0,22563,52560,1
637,A,1300000,700000,7,56,1,18075,7968,1
638,A,1000000,1000000,2,46,1,69128,52362,1
639,A,200000,200000,5,86,0,40656,6729,1
640,A,600000,600000,2,34,0,29503,74297,1
641,A,600000,600000,2,42,1,11810,74250,1
642,A,500000,300000,4,49,1,0,28693,1
643,A,1800000,900000,7,36,1,88293,99335,1
644,A,600000,600000,13,55,1,43330,159975,1
645,A,800000,300000,7,44,1,9187,2927,1
646,A,800000,800000,7,56,1,47103,21792,1
647,A,800000,300000,2,60,1,18046,66420,1
648,B,500000,500000,2,35,1,11388,10227,1
649,A,1800000,1800000,3,34,0,84753,65430,1
650,A,800000,800000,4,54,1,49437,30701,1
651,A,800000,800000,2,51,1,0,55530,1
652,A,1800000,1800000,4,53,1,203812,17361,1
653,A,1300000,1100000,2,49,1,78534,100782,1
654,A,1300000,1300000,3,40,0,252390,102960,1
655,A,1300000,1000000,3,59,1,88210,92160,1
656,A,1200000,1200000,2,33,1,910071,153450,1
657,A,800000,800000,2,39,0,41782,32166,1
658,A,800000,800000,2,50,1,13025,874,1
659,A,500000,500000,13,61,1,9831,5391,1
660,A,600000,600000,2,35,0,90988,119152,1
661,A,600000,600000,2,29,0,155629,36146,1
662,A,1000000,1000000,5,57,1,232765,13253,1
663,A,200000,200000,5,48,0,7334,12978,1
664,A,1300000,1300000,5,45,0,52697,57510,1
665,A,1000000,1000000,2,50,1,0,20841,1
666,A,800000,800000,2,29,1,72764,21857,1
667,A,800000,800000,2,31,0,713,44638,1
668,A,1100000,1100000,8,65,0,52491,8034,1
669,A,800000,800000,3,36,1,12540,44508,1
670,A,300000,300000,2,42,1,2277,50291,1
671,A,500000,500000,2,36,1,1035,180000,1
672,A,800000,800000,4,44,1,0,6586,1
673,A,800000,800000,3,35,1,4055,32715,1
674,A,400000,400000,5,37,1,34460,54540,1
675,A,1100000,1100000,4,59,1,0,24090,1
676,A,700000,700000,5,79,1,32669,107190,1
677,A,600000,600000,4,43,1,16202,101253,1
678,A,800000,800000,2,64,1,4180,4941,1
679,A,800000,800000,2,52,1,4517,24237,1
680,A,500000,500000,2,39,1,6061,48109,1
681,R,1000000,300000,2,32,1,40567,64354,1
682,A,800000,700000,2,33,1,369026,38103,1
683,A,700000,700000,2,32,1,0,28329,1
684,A,1800000,1300000,2,53,1,77976,15840,1
685,A,800000,800000,4,59,1,6584,15237,1
686,A,800000,800000,2,55,0,53080,180000,1
687,A,800000,800000,2,55,0,0,180000,1
688,A,1200000,1200000,2,48,0,10786,80910,1
689,A,700000,700000,2,37,1,32296,1894,1
690,A,1300000,400000,4,74,1,101395,115202,1
691,A,700000,700000,2,35,1,0,11590,1
692,A,800000,300000,7,51,1,31878,51373,1
693,A,800000,800000,4,53,1,33709,23043,1
694,A,1700000,1100000,2,40,1,29158,9231,1
695,A,800000,800000,3,42,1,11764,34163,1
696,A,700000,700000,11,86,1,242111,12134,1
697,A,1100000,1100000,2,47,1,267696,20787,1
698,A,800000,800000,4,55,1,74200,114930,1
699,A,800000,300000,4,50,1,19129,13503,1
700,A,400000,400000,7,35,1,40000,19725,1
701,A,700000,700000,2,35,1,134845,68625,1
702,A,1200000,1200000,4,36,1,44408,19099,1
703,A,700000,700000,2,33,1,18348,61681,1
704,R,1300000,300000,7,55,1,213633,26183,1
705,A,1200000,1200000,4,50,1,34700,14346,1
706,A,700000,700000,2,34,1,0,62132,1
707,A,700000,700000,2,36,1,3572,15300,1
708,A,1300000,300000,8,64,1,54468,1242,1
709,A,1300000,1300000,2,38,0,116771,34282,1
710,A,800000,800000,2,36,1,78862,26223,1
711,A,600000,600000,2,63,1,0,4018,1
712,A,1300000,1300000,1,63,0,36181,14850,1
713,A,800000,800000,3,36,1,142740,35293,1
714,A,1200000,1200000,8,73,1,1089,4543,1
715,A,800000,800000,8,71,0,30086,375,1
716,A,700000,500000,2,41,1,22259,51021,1
717,A,1300000,1300000,2,32,1,144797,172292,1
718,A,1300000,1300000,3,62,1,37721,12465,1
719,A,1200000,1200000,2,42,1,12391,37946,1
720,A,600000,600000,2,34,1,68497,18360,1
721,A,1300000,1300000,2,32,1,139944,55440,1
722,B,200000,200000,2,34,0,20442,156115,1
723,A,500000,500000,4,56,1,76586,27840,1
724,A,700000,300000,7,56,1,27569,8496,1
725,A,1100000,300000,7,63,1,23802,45342,1
726,A,1300000,1200000,2,42,1,207616,57442,1
727,A,700000,700000,4,40,1,3846,38888,1
728,A,1000000,300000,7,50,1,59565,5049,1
729,A,800000,800000,4,56,1,58911,61200,1
730,A,800000,800000,2,44,0,24377,3572,1
731,A,500000,500000,2,53,1,53872,15030,1
732,A,700000,400000,8,68,0,8954,9602,1
733,B,800000,800000,5,47,1,52789,28642,1
734,A,500000,500000,3,35,1,11920,33652,1
735,A,300000,300000,2,34,1,6209,15585,1
736,A,1200000,1200000,2,32,1,132913,160308,1
737,A,1000000,300000,4,50,1,0,52470,1
738,A,800000,800000,3,36,0,18056,59484,1
739,A,700000,300000,7,31,1,105695,16359,1
740,A,1800000,1800000,2,49,0,85994,69190,1
741,A,300000,300000,2,33,1,0,3600,1
742,A,1300000,1300000,2,33,1,208828,52470,1
743,A,400000,400000,8,79,0,48925,0,1
744,A,700000,700000,8,75,1,8192,12305,1
745,A,600000,600000,7,43,1,0,7990,1
746,A,700000,300000,4,47,1,2280,11181,1
747,A,800000,800000,2,35,0,40000,78849,1
748,A,1300000,1100000,4,73,1,329082,39126,1
749,A,500000,500000,2,31,1,55964,21749,1
750,A,1000000,1000000,8,81,0,23151,2252,1
751,A,800000,800000,2,34,1,80270,32746,1
752,A,800000,800000,2,49,0,0,7511,1
753,A,1300000,1300000,10,43,0,243514,138856,1
754,A,600000,600000,5,64,0,0,41117,1
755,A,1700000,500000,2,45,1,191795,111293,1
756,A,1300000,300000,12,54,1,45483,34584,1
757,A,800000,800000,4,59,1,46889,59500,1
758,A,300000,200000,5,46,1,216951,4931,1
759,A,1100000,1100000,2,44,1,5009,100512,1
760,A,1000000,1000000,2,32,1,732897,46332,1
761,A,800000,800000,7,56,1,68643,13643,1
762,A,800000,800000,2,49,1,12119,108000,1
763,A,800000,800000,5,52,0,40029,2538,1
764,A,800000,800000,2,66,0,4335,2852,1
765,A,1000000,300000,11,34,1,93584,25394,1
766,B,800000,800000,2,30,1,62310,34650,1
767,A,800000,800000,2,31,1,4383,11781,1
768,A,700000,700000,2,51,1,9880,34063,1
769,A,1300000,1300000,4,53,1,0,48600,1
770,A,600000,300000,11,31,1,32960,5905,1
771,A,1300000,300000,7,60,1,77626,73024,1
772,A,700000,700000,5,49,1,9034,47961,1
773,A,1000000,1000000,2,40,0,2380,11133,1
774,A,800000,300000,4,61,1,41908,12349,1
775,A,1300000,1300000,2,34,1,52883,36720,1
776,A,800000,800000,2,48,0,14154,9114,1
777,A,600000,600000,2,36,1,2717,20880,1
778,A,1300000,1300000,3,49,1,57432,3060,1
779,A,1800000,1800000,2,36,0,59011,87840,1
780,A,1100000,1100000,2,41,1,59239,25995,1
781,A,500000,500000,2,34,0,167305,13950,1
782,A,1300000,400000,2,32,1,78825,9639,1
783,A,1200000,300000,7,58,1,34232,11502,1
784,A,1300000,1300000,4,36,1,59524,15382,1
785,A,800000,800000,2,54,1,50764,5423,1
786,A,1600000,1100000,5,39,1,663047,95625,1
787,A,800000,800000,2,67,1,8675,4509,1
788,A,800000,300000,7,53,1,1625,180000,1
789,A,500000,300000,1,49,1,27890,50412,1
790,A,800000,500000,2,55,1,39848,11037,1
791,A,800000,800000,2,45,0,10659,21649,1
792,A,800000,800000,2,35,1,2000,18774,1
793,A,1100000,1100000,2,33,1,92563,28980,1
794,A,500000,500000,3,49,1,97169,54674,1
795,A,1100000,1100000,13,30,1,75105,21672,1
796,A,800000,500000,2,32,1,1045,85482,1
797,A,800000,300000,2,58,1,22656,38601,1
798,R,1100000,1100000,2,59,1,0,81656,1
799,B,1800000,300000,4,70,1,78361,70630,1
800,A,1300000,1300000,4,57,1,51692,7970,1
801,A,200000,200000,5,48,1,64790,43014,1
802,A,700000,700000,2,50,1,7833,1179,1
803,A,600000,600000,2,31,1,14733,19098,1
804,A,1300000,500000,5,64,1,2738,37749,1
805,A,800000,800000,2,59,0,10282,2771,1
806,A,600000,600000,7,33,1,40200,44690,1
807,A,700000,700000,2,34,1,2926,49379,1
808,A,1100000,1100000,2,46,0,0,180000,1
809,A,800000,800000,2,36,1,44087,31912,1
810,A,300000,300000,2,34,1,6618,43440,1
811,A,1100000,1100000,2,35,1,9467,12762,1
812,A,800000,800000,4,66,1,11944,8258,1
813,A,1300000,1300000,2,54,1,152151,40680,1
814,A,800000,300000,12,56,1,90019,78294,1
815,A,700000,700000,2,52,0,202858,64556,1
816,A,800000,300000,7,56,1,1900,3217,1
817,A,800000,800000,2,43,1,56803,33552,1
818,A,800000,300000,2,33,1,40993,79833,1
819,A,800000,800000,2,53,1,2166,43434,1
820,A,800000,300000,7,61,1,589,10413,1
821,A,800000,300000,7,52,1,4551,106126,1
822,A,700000,300000,8,88,1,11049,4340,1
823,A,700000,700000,11,62,1,389113,17331,1
824,A,1100000,300000,4,40,1,2250,7281,1
825,A,1200000,1200000,2,42,1,273408,54500,1
826,A,800000,300000,4,35,1,24331,2195,1
827,A,1300000,1300000,1,54,1,8910,67905,1
828,A,600000,600000,2,31,1,12011,33750,1
829,A,1100000,500000,2,43,1,48668,49459,1
830,A,1300000,300000,4,57,1,17865,7498,1
831,A,800000,300000,7,56,1,1929,16265,1
832,A,50000,50000,2,87,0,31749,5007,1
833,A,1200000,1200000,2,34,0,176779,9207,1
834,A,800000,800000,7,72,1,290076,56560,1
835,A,800000,800000,2,35,1,18155,79181,1
836,A,600000,600000,2,33,1,37509,30951,1
837,A,600000,300000,7,47,1,5018,3328,1
838,A,1200000,1200000,7,53,1,19093,160281,1
839,A,1000000,1000000,2,54,0,2822,2322,1
840,A,800000,800000,3,41,1,21468,12256,1
841,A,800000,800000,7,39,1,19845,14571,1
842,A,200000,200000,7,45,1,69580,59901,1
843,A,1800000,1800000,3,42,1,128610,64385,1
844,A,800000,300000,3,44,1,65835,31147,1
845,A,1200000,700000,12,61,1,86790,9685,1
846,A,800000,800000,2,31,1,67076,9999,1
847,A,800000,300000,7,55,1,35505,125718,1
848,A,1300000,1300000,4,71,1,0,8207,1
849,A,700000,700000,4,57,1,31398,23607,1
850,A,1300000,1300000,2,31,1,43102,58991,1
851,A,1800000,1800000,1,46,1,258146,21861,1
852,A,1200000,300000,7,57,1,128396,5400,1
853,A,700000,700000,8,84,0,11742,4094,1
854,A,800000,800000,3,50,1,0,86625,1
855,A,1300000,1300000,3,55,0,2070,82082,1
856,A,1200000,1200000,2,33,0,281420,172350,1
857,A,800000,300000,8,73,1,26585,4873,1
858,A,1300000,1300000,2,41,0,35548,3627,1
859,A,800000,800000,2,31,0,130509,7791,1
860,A,800000,800000,2,36,1,13229,28213,1
861,A,500000,500000,3,39,0,2831,8862,1
862,A,800000,800000,3,33,1,42198,22411,1
863,B,900000,900000,5,32,0,61371,18315,1
864,A,800000,800000,2,42,1,571545,88110,1
865,A,800000,800000,2,35,1,128617,99044,1
866,A,800000,800000,4,67,1,1796,18036,1
867,A,600000,600000,2,30,1,52748,26116,1
868,A,1300000,1300000,2,35,0,3487,48006,1
869,A,700000,700000,2,32,1,79614,48515,1
870,A,800000,500000,8,73,1,26190,1090,1
871,A,1100000,1100000,2,33,0,25142,164925,1
872,A,1000000,1000000,10,47,1,2046793,180000,1
873,A,1300000,300000,7,52,1,180398,43234,1
874,A,800000,800000,4,66,1,5720,28800,1
875,A,800000,800000,2,58,1,31163,1720,1
876,A,1200000,1200000,2,29,1,40790,15282,1
877,A,1300000,1300000,4,48,1,94960,26091,1
878,A,800000,800000,2,36,1,1178,64367,1
879,A,1000000,1000000,12,40,1,47700,62726,1
880,A,1300000,1300000,2,33,1,415165,178560,1
881,A,800000,800000,3,34,1,578,5760,1
882,A,1800000,1800000,3,32,1,138818,32005,1
883,A,1800000,1800000,2,33,1,0,101790,1
884,A,1300000,700000,7,61,1,30305,15322,1
885,A,800000,500000,8,65,1,0,6201,1
886,A,800000,800000,2,57,1,291802,23445,1
887,A,500000,500000,2,32,1,39760,28269,1
888,A,800000,800000,4,34,1,15875,9436,1
889,A,800000,300000,7,52,1,0,5724,1
890,A,1300000,1300000,4,52,1,142068,81540,1
891,A,700000,300000,11,48,1,82500,26568,1
892,A,1100000,300000,7,43,1,119276,2556,1
893,A,700000,700000,5,56,1,61620,72360,1
894,A,700000,300000,4,48,1,0,18414,1
895,A,1100000,300000,7,28,1,33681,19296,1
896,A,800000,800000,2,30,1,54511,24750,1
897,R,1300000,1300000,2,60,1,45182,21417,1
898,A,1200000,1200000,2,33,0,46833,83331,1
899,A,800000,800000,2,43,1,5000,17910,1
900,A,700000,700000,2,45,1,88339,340201,1
901,A,1000000,300000,11,35,1,92378,3360,1
902,A,1200000,300000,4,45,1,0,54450,1
903,A,1200000,300000,5,58,1,40620,27810,1
904,A,600000,300000,4,42,1,94614,4653,1
905,A,800000,800000,4,59,1,9530,13807,1
906,A,1300000,1300000,2,47,0,118547,103763,1
907,A,800000,800000,2,54,1,34568,6042,1
908,A,1300000,1300000,2,56,0,247883,24651,1
909,A,200000,200000,2,31,1,0,33494,1
910,A,800000,300000,5,59,1,4188,765,1
911,A,800000,800000,12,67,1,0,2600,1
912,A,700000,700000,4,61,1,27460,11858,1
913,A,1100000,1100000,2,39,0,33440,120526,1
914,A,800000,800000,1,58,1,0,20880,1
915,A,1300000,1300000,2,43,0,35530,51480,1
916,A,800000,800000,2,61,1,232216,24840,1
917,A,800000,800000,2,48,0,28980,19440,1
918,A,800000,800000,2,52,0,15293,14256,1
919,A,800000,800000,2,57,0,24035,39690,1
920,A,600000,300000,7,36,1,39897,48600,1
921,A,1100000,1100000,2,30,1,50915,24169,1
922,A,1300000,700000,2,52,1,97059,30369,1
923,A,1200000,700000,2,45,1,2928,1733,1
924,A,1300000,800000,3,53,1,3696,13455,1
925,A,800000,800000,2,70,1,106653,37215,1
926,A,800000,800000,2,57,1,0,16110,1
927,A,600000,600000,2,34,1,0,34740,1
928,A,1300000,500000,3,34,1,16937,16811,1
929,A,800000,800000,3,48,1,33255,17010,1
930,A,800000,800000,2,34,1,26904,43083,1
931,A,800000,800000,3,68,0,3781,1468,1
932,R,600000,600000,5,39,1,2433,18909,1
933,A,1200000,1200000,2,46,0,40138,41328,1
934,A,1000000,1000000,2,45,0,13374,6840,1
935,A,800000,300000,7,69,1,46421,15732,1
936,A,400000,400000,11,32,0,99251,15881,1
937,A,400000,400000,11,32,0,413934,15881,1
938,A,800000,800000,4,64,1,4798,25315,1
939,A,1800000,300000,7,65,1,68578,3420,1
940,A,600000,300000,2,52,1,53247,33865,1
941,A,800000,800000,2,42,1,7228,34740,1
942,A,1300000,300000,7,50,1,63191,33453,1
943,A,400000,400000,8,32,1,12776,35257,1
944,R,1200000,1200000,2,34,1,6000,33773,1
945,A,800000,800000,2,43,1,9764,3229,1
946,A,600000,600000,2,28,1,36135,39096,1
947,A,500000,500000,2,32,1,523,11589,1
948,A,1200000,1200000,2,45,1,56156,29484,1
949,A,800000,800000,2,32,1,66269,109811,1
950,A,600000,600000,2,31,1,109886,46026,1
951,A,800000,800000,2,27,1,34457,16856,1
952,A,900000,900000,2,31,1,45821,23530,1
953,A,800000,300000,11,47,1,67526,41580,1
954,A,1000000,1000000,2,46,1,30057,27486,1
955,A,800000,800000,3,28,1,141607,74236,1
956,A,1300000,900000,2,26,1,173900,8205,1
957,A,300000,300000,2,30,1,22308,27395,1
958,A,700000,300000,2,28,1,21718,14593,1
959,A,1100000,1100000,2,26,1,34482,11277,1
960,R,1000000,800000,2,27,1,153541,83993,1
961,A,1300000,1300000,2,39,1,7359,32965,1
962,A,1100000,1100000,2,32,1,138736,53667,1
963,A,1300000,1300000,2,45,0,17370,2565,1
964,A,600000,300000,4,72,1,31546,12465,1
965,A,700000,300000,7,42,1,267839,82170,1
966,A,700000,700000,2,34,1,36045,25839,1
967,A,1300000,1300000,2,31,1,43474,26820,1
968,A,800000,800000,2,62,1,7879,18301,1
969,A,800000,800000,2,38,1,7829,22600,1
970,A,700000,700000,2,31,1,784,3960,1
971,A,1800000,1800000,2,32,1,195099,126957,1
972,A,800000,300000,7,56,1,92504,12605,1
973,A,700000,700000,2,32,1,59961,37849,1
974,A,800000,800000,2,51,1,16148,19652,1
975,A,800000,300000,2,29,1,6888,78912,1
976,A,1300000,1300000,2,31,1,105387,14728,1
977,A,800000,800000,8,84,1,106822,3420,1
978,A,1300000,1300000,1,47,0,70424,61557,1
979,A,1000000,1000000,2,34,1,128357,55950,1
980,A,700000,700000,2,31,0,65137,112194,1
981,A,800000,800000,2,57,1,95877,69353,1
982,A,1000000,1000000,2,31,1,80978,13563,1
983,A,1700000,1700000,2,30,1,46827,94260,1
984,A,600000,600000,2,38,1,20674,19613,1
985,A,1100000,1100000,2,30,1,13132,16920,1
986,B,1000000,300000,8,89,1,831055,5247,1
987,A,800000,800000,2,32,1,0,28717,1
988,A,400000,400000,2,28,1,411482,80126,1
989,A,1700000,1300000,2,26,1,124764,93163,1
990,A,1200000,1200000,2,57,1,30966,18810,1
991,A,1300000,1300000,4,63,1,94037,31788,1
992,A,1200000,1200000,2,32,1,43373,61380,1
993,A,1100000,300000,6,25,1,108975,63713,1
994,A,1100000,1100000,2,52,1,249512,62280,1
995,A,1300000,1300000,2,33,1,92998,155871,1
996,A,600000,600000,2,38,1,3069,102600,1
997,A,800000,800000,2,53,1,16045,75330,1
998,A,800000,800000,4,29,1,24831,22479,1
999,A,700000,700000,2,27,1,8334,28350,1
1000,A,800000,800000,2,28,0,39301,14630,1
1001,R,1300000,1300000,2,45,0,144250,47520,1
1002,A,800000,800000,1,46,0,100434,37247,1
1003,A,700000,700000,5,56,1,27277,28008,1
1004,A,400000,400000,2,25,1,3762,123840,1
1005,A,1200000,1200000,2,32,1,90190,83563,1
1006,R,200000,200000,7,54,1,203004,32670,1
1007,A,200000,200000,6,21,1,61188,4703,1
1008,R,1000000,1000000,2,46,1,821711,180000,1
1009,A,600000,600000,10,24,1,5007,36279,1
1010,A,1800000,300000,6,28,1,69639,180000,1
1011,A,1600000,300000,5,50,1,58136,151981,1
1012,A,200000,200000,6,23,1,50793,2178,1
1013,A,1500000,1500000,10,51,1,139005,102514,1
1014,A,1200000,1200000,7,54,1,350707,10107,1
1015,A,800000,800000,2,55,1,13063,104040,1
1016,A,1200000,1200000,2,30,1,184022,11574,1
1017,A,600000,300000,6,24,1,1672,93964,1
1018,A,1200000,1200000,2,46,1,153588,97515,1
1019,A,400000,400000,2,34,0,50000,62370,1
1020,A,1200000,300000,6,23,1,95645,38700,1
1021,A,1300000,1300000,4,55,1,33226,17910,1
1022,A,400000,300000,11,23,0,0,117900,1
1023,A,500000,300000,6,26,0,175582,4680,1
1024,A,1000000,1000000,2,33,1,25133,20539,1
1025,A,1100000,1100000,2,30,1,486175,21117,1
1026,A,600000,600000,2,35,1,0,33399,1
1027,A,200000,200000,2,57,1,50377,9433,1
1028,A,1300000,1300000,1,48,1,0,104000,1
1029,A,1000000,300000,10,28,1,108669,56331,1
1030,A,1000000,1000000,4,41,1,213093,70658,1
1031,A,700000,300000,6,22,1,4257,5130,1
1032,A,600000,600000,2,35,1,45007,58258,1
1033,A,1300000,1300000,2,31,1,11082,33849,1
1034,A,1000000,300000,7,43,1,165257,90270,1
1035,A,200000,200000,5,50,1,54541,29106,1
1036,A,1000000,1000000,3,48,0,4180,7515,1
1037,A,800000,800000,2,31,0,15675,68219,1
1038,A,900000,300000,6,24,1,93100,17613,1
1039,A,800000,800000,2,54,1,5390,22880,1
1040,A,1300000,1300000,2,39,1,50000,61272,1
1041,A,1300000,1300000,2,33,1,218659,224270,1
1042,A,800000,800000,2,50,1,25381,7119,1
1043,A,1000000,1000000,2,43,1,0,30933,1
1044,A,800000,800000,2,27,1,1775,102060,1
1045,A,1300000,1300000,4,58,1,3753,34740,1
1046,A,1000000,200000,2,53,0,66318,35370,1
1047,A,1000000,1000000,2,27,0,154405,80280,1
1048,A,600000,600000,2,25,1,842,5841,1
1049,A,600000,600000,2,31,1,7429,39771,1
1050,A,500000,300000,5,38,1,32780,31572,1
1051,A,1300000,300000,7,69,1,136851,33750,1
1052,A,1000000,1000000,2,30,0,1990,167400,1
1053,A,1000000,1000000,2,27,1,91690,22860,1
1054,A,1300000,1300000,4,54,1,46337,11397,1
1055,A,900000,300000,6,21,1,95418,4743,1
1056,A,500000,500000,2,27,1,31350,5643,1
1057,A,1000000,1000000,2,30,0,5144,14715,1
1058,A,800000,800000,2,33,1,77496,30572,1
1059,A,1100000,1100000,2,29,1,63769,2926,1
1060,A,800000,800000,2,38,1,599,57416,1
1061,A,500000,0,2,49,1,64421,2763,1
1062,A,600000,600000,2,32,1,4019,13455,1
1063,A,800000,800000,2,33,1,16355,55076,1
1064,B,1500000,1500000,2,28,0,381584,61524,1
1065,A,200000,200000,3,42,0,45540,34760,1
1066,A,1000000,1000000,5,72,1,0,45630,1
1067,A,1000000,1000000,2,43,1,6121,180000,1
1068,A,1300000,1300000,2,45,1,35580,64440,1
1069,A,1200000,1200000,2,29,0,101920,6435,1
1070,A,1300000,1300000,2,29,1,78936,15648,1
1071,A,500000,500000,2,32,1,45771,81873,1
1072,A,700000,700000,2,35,0,25335,48897,1
1073,A,1000000,1000000,1,62,1,82607,62460,1
1074,A,1800000,1800000,2,59,1,24943,60390,1
1075,A,1300000,1300000,2,40,0,952944,78395,1
1076,A,400000,400000,2,44,1,49349,27180,1
1077,A,700000,700000,2,30,0,31750,50877,1
1078,A,200000,200000,2,38,1,178200,24205,1
1079,A,1300000,1300000,2,31,0,79660,153299,1
1080,A,1800000,1800000,2,65,1,51480,158580,1
1081,A,1200000,1200000,2,32,1,254693,28710,1
1082,A,1300000,1300000,2,32,1,51656,39979,1
1083,A,600000,600000,2,28,1,0,5783,1
1084,A,800000,300000,7,57,1,0,40580,1
1085,A,800000,800000,7,58,1,10671,9990,1
1086,A,300000,300000,6,22,1,51165,14544,1
1087,B,700000,700000,3,41,1,465830,182453,1
1088,A,1200000,1200000,2,37,1,156080,25920,1
1089,A,100000,0,2,26,1,380109,78795,1
1090,A,800000,800000,2,34,1,65647,36720,1
1091,A,400000,400000,2,27,1,36628,50886,1
1092,A,800000,800000,2,28,0,0,88200,1
1093,R,1300000,1300000,2,33,1,25646,108075,1
1094,A,1100000,1100000,2,36,0,28540,90576,1
1095,A,700000,700000,2,32,1,102144,159404,1
1096,A,700000,700000,5,41,1,253713,46788,1
1097,A,500000,500000,5,56,1,18530,177464,1
1098,A,1200000,300000,6,23,1,60692,35414,1
1099,A,700000,700000,2,47,0,0,63450,1
1100,A,1100000,1100000,5,40,1,216896,37620,1
1101,A,800000,300000,7,55,1,24888,5238,1
1102,A,200000,200000,6,20,0,49650,41175,1
1103,A,1000000,1000000,2,28,1,491137,72261,1
1104,A,700000,700000,2,28,0,7874,19260,1
1105,A,800000,800000,3,38,1,35099,15785,1
1106,R,1200000,1200000,2,28,1,176652,41232,1
1107,A,1000000,1000000,2,25,1,192546,7731,1
1108,A,500000,300000,6,24,1,105290,17514,1
1109,A,1100000,1100000,2,25,1,205885,23240,1
1110,A,1800000,1800000,4,55,1,369329,36720,1
1111,A,1000000,1000000,4,42,1,103885,2565,1
1112,A,500000,500000,11,27,1,41279,158840,1
1113,A,800000,300000,7,58,1,43233,8910,1
1114,A,600000,600000,4,44,1,0,14997,1
1115,A,200000,200000,7,28,1,85991,32642,1
1116,B,1100000,1100000,2,30,0,28881,27720,1
1117,A,1300000,1300000,2,42,0,216219,5346,1
1118,A,600000,300000,7,61,1,304702,92433,1
1119,A,200000,200000,12,31,1,1104,34740,1
1120,A,1000000,1000000,2,26,1,73635,19490,1
1121,A,1000000,300000,6,27,1,83024,26339,1
1122,A,800000,800000,3,30,0,108541,20583,1
1123,A,1100000,1100000,2,48,1,98497,163053,1
1124,A,600000,600000,2,45,1,132,46670,1
1125,A,1000000,1000000,5,46,1,78510,26352,1
1126,A,800000,800000,11,59,1,9975,24840,1
1127,A,1000000,700000,2,25,1,88368,7812,1
1128,A,600000,300000,6,22,1,37649,16920,1
1129,A,700000,700000,2,42,1,79970,127800,1
1130,A,1300000,1300000,2,44,0,45353,81765,1
1131,A,800000,800000,4,54,1,82935,180000,1
1132,A,800000,800000,2,51,0,0,41670,1
1133,B,700000,700000,2,29,1,31350,46935,1
1134,A,800000,800000,2,45,1,4598,16928,1
1135,A,600000,600000,2,30,1,18059,32706,1
1136,R,1000000,300000,6,27,1,31932,1411,1
1137,A,200000,200000,2,28,1,4921,44236,1
1138,A,800000,800000,2,29,0,30000,24345,1
1139,A,200000,200000,2,28,1,42038,69300,1
1140,A,800000,800000,2,28,1,17034,43740,1
1141,A,700000,700000,5,28,0,63043,65800,1
1142,A,800000,300000,7,45,1,23068,26207,1
1143,A,400000,400000,2,28,1,21780,32325,1
1144,A,800000,300000,4,59,1,0,24491,1
1145,A,800000,800000,2,52,1,0,12960,1
1146,A,800000,800000,3,31,1,39043,54090,1
1147,A,600000,600000,4,49,1,17652,30690,1
1148,A,1300000,1300000,2,38,1,5693,8189,1
1149,A,800000,800000,4,58,1,7128,23850,1
1150,A,800000,800000,2,31,1,6944,36710,1
1151,A,1800000,1800000,2,39,0,65000,151560,1
1152,A,1300000,1300000,2,50,0,49364,35065,1
1153,A,500000,500000,2,32,1,1539,25965,1
1154,A,500000,500000,6,29,1,7026,42750,1
1155,A,1500000,1500000,3,57,1,4435,4950,1
1156,A,1300000,1300000,2,34,0,69847,87805,1
1157,A,1000000,1000000,12,61,1,1929,1248,1
1158,A,1800000,800000,12,63,1,64353,22736,1
1159,R,1000000,300000,8,89,1,98109,4928,1
1160,A,1300000,1300000,2,54,0,8460,173250,1
1161,A,1300000,1300000,2,31,1,42761,12620,1
1162,A,1000000,1000000,2,27,0,3781,17820,1
1163,A,1300000,800000,7,44,1,170711,98010,1
1164,A,800000,800000,2,61,1,41696,7488,1
1165,A,800000,800000,2,53,0,0,20232,1
1166,R,700000,700000,2,27,1,65315,24768,1
1167,A,800000,800000,2,33,1,5500,51570,1
1168,A,1000000,1000000,5,42,1,39072,12843,1
1169,A,700000,700000,2,30,1,51950,129925,1
1170,A,1200000,1200000,2,33,1,34084,8832,1
1171,A,700000,300000,4,59,1,26148,40942,1
1172,A,1000000,1000000,12,31,1,46829,24444,1
1173,A,1000000,1000000,3,62,1,7651,51193,1
1174,A,1300000,800000,4,67,1,69417,8586,1
1175,A,800000,300000,3,50,1,59872,27937,1
1176,A,800000,800000,2,31,0,19093,29871,1
1177,A,1200000,1200000,2,53,1,131185,16172,1
1178,A,800000,800000,2,46,0,39842,9000,1
1179,A,1300000,1300000,2,47,1,59577,43650,1
1180,A,800000,800000,1,41,0,138427,48600,1
1181,A,800000,800000,2,36,1,100821,6381,1
1182,A,800000,800000,2,56,1,3145,6000,1
1183,A,1300000,1300000,2,31,1,100747,51620,1
1184,A,600000,300000,7,52,1,43026,11060,1
1185,A,800000,800000,2,55,0,36984,105138,1
1186,A,1800000,1800000,2,29,1,59394,47660,1
1187,A,700000,700000,7,34,1,0,7020,1
1188,A,700000,700000,7,38,1,171442,26238,1
1189,A,700000,700000,2,40,1,1411,46521,1
1190,A,700000,300000,12,58,1,34686,10980,1
1191,A,1000000,1000000,8,86,1,891,4545,1
1192,A,800000,300000,7,68,1,1463,3357,1
1193,A,1300000,1300000,2,28,1,36987,36566,1
1194,A,800000,800000,4,50,1,9273,36630,1
1195,A,1200000,1200000,4,31,1,6151,1216,1
1196,A,300000,300000,4,54,1,143956,102798,1
1197,A,300000,300000,6,27,1,9900,21326,1
1198,A,1000000,1000000,3,24,1,174165,79228,1
1199,B,800000,800000,7,67,1,21945,6383,1
1200,A,1300000,1300000,2,49,0,229174,27989,1
1201,A,1000000,1000000,2,39,1,68649,9000,1
1202,A,800000,800000,2,56,1,189717,156832,1
1203,A,1300000,1300000,2,44,0,196510,126601,1
1204,A,400000,400000,2,50,0,829566,163350,1
1205,A,800000,800000,2,39,0,182288,42787,1
1206,A,800000,800000,2,31,1,20749,34079,1
1207,A,700000,700000,5,81,0,1838,7686,1
1208,A,700000,300000,5,47,1,8310,19918,1
1209,A,600000,600000,3,29,0,1188,160470,1
1210,A,500000,500000,2,48,1,127466,16920,1
1211,A,700000,700000,4,50,1,39460,82152,1
1212,A,1300000,1300000,2,49,0,2979,6336,1
1213,A,700000,700000,2,48,0,62700,34393,1
1214,A,700000,700000,2,29,1,0,11772,1
1215,A,800000,300000,4,49,1,24664,21519,1
1216,A,1300000,1300000,4,42,1,0,68499,1
1217,A,800000,300000,7,59,1,432,16645,1
1218,A,600000,400000,2,37,1,112054,33462,1
1219,A,1500000,1500000,2,47,1,124362,74758,1
1220,R,1300000,1300000,2,32,1,75114,52101,1
1221,A,700000,700000,2,33,1,28046,18881,1
1222,A,1300000,800000,2,60,1,251976,10902,1
1223,A,700000,300000,7,51,1,45030,60588,1
1224,A,800000,800000,2,36,0,73464,173475,1
1225,A,1200000,1200000,2,28,0,269651,46170,1
1226,A,700000,700000,2,27,1,14481,30440,1
1227,A,800000,800000,2,29,1,36762,52868,1
1228,A,1300000,1300000,3,29,1,43323,73449,1
1229,A,1200000,1200000,2,56,1,0,47025,1
1230,A,800000,800000,2,59,1,46523,11880,1
1231,A,1300000,1300000,2,29,1,60404,54351,1
1232,A,900000,900000,3,26,1,144857,68191,1
1233,A,800000,800000,2,30,1,44640,29251,1
1234,A,1100000,1100000,2,26,1,239873,22775,1
1235,A,500000,500000,2,26,1,48742,30978,1
1236,B,800000,800000,2,41,1,97676,107910,1
1237,A,500000,500000,2,27,1,5225,5634,1
1238,A,800000,600000,2,27,1,58070,16949,1
1239,A,600000,600000,2,27,1,79946,52371,1
1240,A,1100000,900000,2,25,1,81639,22797,1
1241,A,400000,300000,7,53,1,4424,34944,1
1242,A,700000,300000,7,51,1,52560,10512,1
1243,A,1200000,1200000,2,45,1,80022,1136,1
1244,A,1500000,1500000,13,63,1,10424,39434,1
1245,A,1200000,1200000,2,26,1,147221,31878,1
1246,A,600000,600000,2,26,1,17734,62812,1
1247,A,200000,200000,12,32,1,26987,30780,1
1248,A,700000,700000,2,30,1,44739,43164,1
1249,A,1300000,300000,7,34,1,36568,42581,1
1250,A,1300000,1300000,2,32,1,67197,33850,1
1251,A,1300000,1300000,2,41,0,14007,47813,1
1252,A,500000,500000,2,61,1,351155,165924,1
1253,A,1300000,800000,2,67,0,118867,38799,1
1254,A,800000,800000,2,36,1,0,94500,1
1255,A,200000,200000,7,34,1,27243,22269,1
1256,A,700000,700000,2,27,1,2109,21294,1
1257,A,1200000,1100000,3,27,1,39026,23333,1
1258,A,700000,700000,2,47,1,28116,40590,1
1259,A,1000000,1000000,3,40,1,36936,17551,1
1260,A,700000,700000,2,44,1,95017,146520,1
1261,A,800000,800000,2,31,1,0,8901,1
1262,A,1300000,1300000,2,31,1,26133,10566,1
1263,A,200000,200000,2,26,0,150153,28639,1
1264,A,1000000,1000000,2,33,1,344754,130293,1
1265,A,700000,700000,2,40,1,8581,103950,1
1266,A,800000,800000,4,47,1,36172,75001,1
1267,A,800000,300000,8,70,1,21076,807,1
1268,A,700000,700000,2,29,1,154594,30273,1
1269,A,800000,800000,2,33,1,40481,30045,1
1270,A,800000,800000,2,44,0,20388,27720,1
1271,A,1300000,300000,2,54,1,64852,18126,1
1272,A,600000,600000,2,26,1,12697,1314,1
1273,R,1100000,1100000,2,33,1,11827,89595,1
1274,A,800000,800000,3,37,1,51047,1766,1
1275,A,1300000,300000,2,32,1,208791,30821,1
1276,A,800000,800000,2,45,1,78636,22029,1
1277,A,500000,500000,8,68,0,12626,2385,1
1278,A,800000,800000,3,56,1,69686,28233,1
1279,A,800000,800000,3,37,0,43956,54801,1
1280,A,800000,800000,2,32,1,8978,26640,1
1281,A,700000,700000,2,33,1,15219,4744,1
1282,A,1200000,1200000,2,50,0,164233,53154,1
1283,A,800000,800000,1,66,1,59607,53833,1
1284,A,700000,700000,2,30,1,60325,20951,1
1285,A,1300000,500000,4,60,1,71636,92655,1
1286,A,1300000,1300000,10,29,0,11610,20739,1
1287,A,800000,800000,2,30,0,6245,25731,1
1288,A,1000000,1000000,2,29,1,133249,5882,1
1289,A,600000,600000,2,33,1,17006,100773,1
1290,A,800000,800000,3,58,1,52511,29854,1
1291,A,500000,300000,6,26,1,30439,58611,1
1292,A,700000,700000,2,31,1,56786,39811,1
1293,A,1300000,800000,4,34,1,13583,109795,1
1294,A,1300000,1300000,2,38,1,76712,32449,1
1295,A,1300000,800000,2,56,1,138169,105877,1
1296,A,1300000,1300000,2,34,1,47591,22770,1
1297,A,800000,800000,2,38,1,4452,20135,1
1298,A,1100000,1100000,2,53,1,50539,114800,1
1299,A,800000,800000,6,38,1,48420,0,1
1300,A,800000,800000,1,53,0,614,34057,1
1301,A,600000,600000,2,36,0,33222,19305,1
1302,A,800000,300000,8,70,1,97392,18335,1
1303,A,800000,300000,8,77,1,8550,2367,1
1304,A,1200000,1200000,13,47,0,390849,28804,1
1305,A,800000,800000,2,47,1,19948,16920,1
1306,A,1100000,300000,7,70,1,0,79975,1
1307,A,1200000,1200000,1,54,0,12958,39273,1
1308,A,700000,700000,2,26,1,32098,34425,1
1309,A,1000000,300000,6,24,1,118099,26925,1
1310,B,200000,200000,2,28,1,159476,45788,1
1311,R,600000,600000,2,27,1,47419,27432,1
1312,A,400000,400000,3,29,1,83316,23702,1
1313,A,1200000,1200000,2,46,1,119339,40148,1
1314,A,1200000,1200000,2,30,1,64388,123498,1
1315,A,700000,300000,7,57,1,2613,22142,1
1316,A,600000,600000,2,25,1,20378,3791,1
1317,A,1200000,300000,7,57,1,38169,3812,1
1318,A,1000000,300000,6,25,1,53490,8327,1
1319,A,600000,300000,6,23,1,21117,9890,1
1320,A,1300000,300000,7,48,1,55481,4500,1
1321,A,1100000,300000,6,22,1,24389,7439,1
1322,A,800000,800000,2,62,1,0,11590,1
1323,A,1300000,1300000,4,54,1,137242,8697,1
1324,A,900000,900000,4,47,1,49188,11886,1
1325,A,800000,800000,2,46,1,113660,12249,1
1326,A,600000,600000,2,25,1,7553,4708,1
1327,A,1800000,1800000,2,58,1,139651,21842,1
1328,A,600000,600000,2,59,1,1167,1773,1
1329,A,800000,300000,7,65,1,56825,14614,1
1330,A,300000,300000,6,21,1,7325,1501,1
1331,A,600000,600000,4,88,1,3506,11519,1
1332,A,800000,800000,5,58,0,81460,2565,1
1333,A,800000,400000,2,23,1,21629,22572,1
1334,A,800000,800000,2,55,1,43231,19554,1
1335,A,800000,300000,7,53,1,9535,30960,1
1336,A,700000,300000,7,57,1,523,4046,1
1337,A,700000,200000,6,19,1,77365,3789,1
1338,A,1000000,1000000,2,38,1,57037,101975,1
1339,A,800000,800000,5,46,1,53373,19737,1
1340,A,600000,600000,2,47,1,21410,16029,1
1341,A,800000,800000,3,67,0,50801,7595,1
1342,A,800000,800000,4,79,1,29077,8999,1
1343,A,1100000,500000,8,67,1,2720,10213,1
1344,A,700000,700000,4,50,1,10204,9801,1
1345,A,700000,700000,4,30,1,34452,15902,1
1346,A,800000,300000,7,64,1,36809,8091,1
1347,A,1200000,1200000,2,43,1,10749,3474,1
1348,A,700000,700000,2,26,1,24953,14122,1
1349,A,800000,800000,3,28,1,32023,59908,1
1350,A,1300000,300000,11,43,1,623824,5199,1
1351,A,800000,800000,2,30,1,5653,28267,1
1352,A,800000,800000,3,61,0,4588,27900,1
1353,A,800000,300000,6,21,1,14523,9347,1
1354,A,800000,800000,2,53,0,88100,10980,1
1355,A,600000,600000,3,36,1,205,11232,1
1356,A,1300000,1300000,3,32,0,146632,35487,1
1357,A,900000,300000,6,23,1,0,4248,1
1358,A,1300000,300000,7,57,1,120134,7917,1
1359,A,700000,700000,3,24,1,0,9000,1
1360,A,600000,300000,4,79,1,21457,1431,1
1361,A,800000,800000,4,75,1,3165,5446,1
1362,A,800000,300000,4,63,1,837,5842,1
1363,A,500000,300000,7,51,1,11244,39501,1
1364,A,700000,700000,8,72,0,2736,4050,1
1365,A,800000,300000,7,66,1,1881,5382,1
1366,B,300000,300000,3,24,1,11331,3146,1
1367,A,700000,300000,7,63,1,52652,9681,1
1368,A,1000000,300000,8,81,1,55700,8134,1
1369,A,1100000,1100000,1,76,1,42606,3131,1
1370,A,200000,200000,2,27,1,0,6743,1
1371,A,700000,700000,8,88,1,7692,891,1
1372,A,700000,300000,7,60,1,4022,8046,1
1373,A,800000,800000,4,69,1,23809,10504,1
1374,A,900000,300000,6,24,1,144701,26062,1
1375,A,600000,300000,7,38,1,116873,14375,1
1376,A,700000,700000,3,23,1,199371,6043,1
1377,A,800000,800000,4,49,1,23753,4565,1
1378,A,700000,700000,3,26,1,57172,32742,1
1379,R,800000,800000,2,27,1,60273,8622,1
1380,A,800000,800000,2,46,1,25892,6939,1
1381,A,300000,300000,6,22,1,41231,5993,1
1382,A,1700000,1700000,4,79,1,183048,55194,1
1383,R,600000,600000,7,30,1,25641,53615,1
1384,A,1300000,600000,2,56,1,110720,74249,1
1385,A,700000,700000,4,51,1,31371,15131,1
1386,A,500000,500000,8,79,1,4257,7425,1
1387,A,200000,200000,2,23,0,799,15770,1
1388,B,700000,700000,8,82,1,0,18408,1
1389,A,1200000,900000,2,54,1,58596,12243,1
1390,A,800000,800000,13,64,1,16336,14040,1
1391,A,1300000,1300000,8,67,0,24316,18038,1
1392,A,1500000,1500000,3,50,1,12480,53757,1
1393,A,600000,300000,7,44,1,18693,13104,1
1394,A,200000,200000,6,21,1,49608,11953,1
1395,A,700000,200000,6,19,1,70130,13428,1
1396,A,1300000,1300000,5,61,0,186025,14844,1
1397,A,1300000,1300000,2,25,1,3971,74196,1
1398,A,1000000,1000000,2,22,1,67824,17820,1
1399,A,1100000,600000,8,71,1,849322,16910,1
1400,A,1300000,1300000,2,38,1,39444,13632,1
1401,A,1200000,1200000,2,45,1,5880,36225,1
1402,A,1100000,300000,7,48,1,127368,23292,1
1403,A,1300000,300000,4,61,1,178685,20630,1
1404,A,800000,800000,2,58,0,63678,10982,1
1405,A,900000,900000,5,47,1,157343,93044,1
1406,A,800000,800000,1,63,1,17438,17618,1
1407,A,1000000,900000,7,54,1,64040,6013,1
1408,A,700000,300000,7,65,1,13934,43362,1
1409,A,500000,300000,4,47,1,13339,18324,1
1410,A,700000,300000,7,47,1,14594,5625,1
1411,A,1200000,1200000,2,51,1,60299,46912,1
1412,A,300000,0,8,84,1,275771,96849,1
1413,A,800000,800000,4,60,1,19749,7141,1
1414,A,1200000,300000,6,25,1,73368,11727,1
1415,A,900000,300000,7,48,1,208526,4968,1
1416,A,1300000,300000,4,66,1,76133,20893,1
1417,A,1200000,1200000,1,53,1,114872,36001,1
1418,A,800000,300000,7,58,1,68608,19838,1
1419,A,1200000,900000,7,38,0,220303,2088,1
1420,B,1300000,300000,2,50,1,85177,12478,1
1421,A,800000,800000,4,55,1,22338,41679,1
1422,A,1000000,300000,11,32,1,532012,20623,1
1423,A,1000000,1000000,2,49,1,23921,34505,1
1424,A,1100000,500000,4,38,1,82197,51153,1
1425,A,1300000,300000,1,52,1,0,27132,1
1426,A,800000,800000,3,40,1,32883,19129,1
1427,A,700000,400000,8,83,1,13804,15752,1
1428,A,1200000,1200000,2,30,1,21603,27750,1
1429,A,1000000,1000000,2,46,0,56458,11070,1
1430,A,800000,800000,10,37,0,0,11846,1
1431,A,1300000,1300000,4,57,1,54840,23417,1
1432,A,1200000,300000,4,55,1,54712,55246,1
1433,A,800000,800000,2,46,1,0,20316,1
1434,A,800000,300000,11,57,1,24916,5595,1
1435,A,1000000,300000,6,23,1,18109,8406,1
1436,A,800000,800000,1,44,0,91179,4032,1
1437,A,1300000,1300000,2,44,0,42600,153099,1
1438,A,600000,600000,2,40,1,11000,62743,1
1439,A,1200000,1200000,12,48,1,167000,2046,1
1440,A,800000,800000,4,44,1,3616,8805,1
1441,A,800000,800000,2,51,1,2318,27878,1
1442,A,1200000,1200000,2,31,1,88136,17825,1
1443,A,1200000,1200000,2,35,1,70002,23256,1
1444,A,600000,600000,2,25,1,13520,7356,1
1445,A,800000,800000,3,50,1,0,13938,1
1446,A,600000,600000,3,28,1,11187,16623,1
1447,A,1000000,1000000,2,27,1,22137,6291,1
1448,R,1200000,1200000,4,61,1,78524,24825,1
1449,A,1000000,1000000,2,61,0,125510,30568,1
1450,A,900000,300000,4,49,1,35219,30515,1
1451,A,600000,600000,2,28,1,72393,21599,1
1452,A,800000,800000,3,65,1,13852,17727,1
1453,A,700000,700000,2,30,1,43314,22879,1
1454,A,1200000,1200000,2,40,0,38997,18940,1
1455,A,500000,500000,2,28,0,8682,16314,1
1456,A,700000,300000,4,52,1,0,7020,1
1457,A,1300000,1300000,2,43,1,47880,13950,1
1458,A,700000,700000,2,59,1,13379,7479,1
1459,A,900000,300000,6,23,1,61658,6165,1
1460,A,200000,200000,4,49,1,5416,9090,1
1461,R,1000000,1000000,10,26,1,90833,560,1
1462,A,1200000,300000,6,24,1,7525,12934,1
1463,A,800000,300000,6,21,1,236404,11624,1
1464,A,800000,800000,10,46,0,6593,16802,1
1465,A,500000,500000,2,62,0,74495,1602,1
1466,A,1100000,1100000,2,25,1,410399,6948,1
1467,A,500000,500000,2,35,1,0,38813,1
1468,A,1200000,300000,12,58,1,390720,380,1
1469,A,800000,800000,2,67,0,29162,2311,1
1470,A,800000,300000,6,20,0,82309,16821,1
1471,A,900000,900000,7,32,1,182877,3321,1
1472,R,1200000,1200000,2,28,1,68120,20752,1
1473,A,1000000,300000,4,61,1,45595,4272,1
1474,A,1300000,1300000,2,42,1,12560,7801,1
1475,A,800000,800000,3,32,1,19577,10080,1
1476,A,1200000,1200000,4,39,1,117576,8680,1
1477,A,800000,800000,2,47,1,26066,18473,1
1478,A,800000,800000,4,67,1,13046,21536,1
1479,A,1000000,300000,6,25,1,40118,7413,1
1480,A,1100000,1100000,12,54,1,19377,17481,1
1481,A,900000,300000,6,26,1,69975,22569,1
1482,A,800000,300000,6,23,0,2309,18900,1
1483,A,1300000,1300000,2,41,1,139824,2287,1
1484,A,1300000,1300000,4,57,1,35150,6394,1
1485,A,400000,300000,6,21,1,8764,11070,1
1486,R,1300000,1300000,2,55,1,88973,17236,1
1487,A,1800000,1800000,2,37,1,144847,23089,1
1488,A,500000,500000,4,49,1,41190,45646,1
1489,A,1300000,1100000,7,35,1,66354,11216,1
1490,A,1300000,1300000,2,62,1,65073,6664,1
1491,A,1800000,1800000,2,58,0,125343,39185,1
1492,A,800000,800000,7,75,1,27720,10725,1
1493,A,1300000,500000,7,45,1,23371,13568,1
1494,A,800000,800000,8,69,0,8276,3870,1
1495,A,200000,200000,6,21,1,246556,18349,1
1496,A,200000,200000,6,24,0,29560,12246,1
1497,A,800000,800000,2,52,1,41708,3721,1
1498,A,500000,300000,6,24,1,43101,20421,1
1499,A,600000,600000,7,53,1,59132,12823,1
1500,A,1100000,1100000,3,27,0,58808,590,1
1501,A,400000,300000,6,21,1,60909,19503,1
1502,A,200000,200000,6,21,1,130253,98406,1
1503,A,800000,300000,8,74,1,11485,10494,1
1504,A,500000,300000,6,23,0,13553,12238,1
1505,A,700000,300000,4,58,1,1359,822,1
1506,A,1700000,1700000,2,42,1,420129,40283,1
1507,A,800000,800000,3,39,1,7154,15368,1
1508,A,1000000,1000000,2,58,1,654993,482,1
1509,A,700000,700000,3,68,1,4004,4878,1
1510,A,1000000,300000,2,26,1,36999,21780,1
1511,A,600000,300000,6,24,1,5244,20979,1
1512,R,200000,200000,2,26,0,79664,10389,1
1513,A,900000,300000,3,26,1,138861,30711,1
1514,A,1300000,1300000,2,53,1,29313,21935,1
1515,A,1200000,1200000,2,37,0,161985,42606,1
1516,A,1000000,1000000,2,25,0,15840,155520,1
1517,A,700000,700000,2,27,1,33853,43807,1
1518,A,800000,800000,2,58,1,22687,95427,1
1519,A,600000,600000,2,29,1,48348,60767,1
1520,A,700000,700000,7,52,1,1763,855,1
1521,A,800000,800000,4,54,1,4254,6365,1
1522,A,200000,0,2,37,1,0,76740,1
1523,A,800000,800000,10,31,1,102604,78894,1
1524,A,800000,800000,4,53,1,0,10683,1
1525,A,800000,800000,2,37,1,9900,104753,1
1526,A,600000,300000,11,34,1,102540,33859,1
1527,A,1000000,1000000,2,30,1,172870,50589,1
1528,A,700000,700000,2,57,1,32157,30347,1
1529,A,1300000,300000,7,56,1,16939,2755,1
1530,A,700000,700000,2,28,1,16322,11178,1
1531,R,800000,800000,2,30,1,108503,34870,1
1532,A,400000,300000,8,87,1,29260,72998,1
1533,A,1300000,300000,2,30,1,306516,13685,1
1534,A,400000,300000,2,22,1,38339,14383,1
1535,A,1300000,1300000,2,50,1,303653,112173,1
1536,A,800000,800000,2,25,1,117150,50220,1
1537,A,800000,800000,13,50,1,12229,152682,1
1538,A,1300000,1300000,2,27,0,64509,40788,1
1539,A,500000,500000,2,27,1,41800,5189,1
1540,A,600000,600000,2,29,1,37548,22122,1
1541,A,800000,800000,2,49,1,82117,33165,1
1542,A,600000,600000,3,27,1,5957,13455,1
1543,A,1200000,1200000,2,29,1,3306,24309,1
1544,A,400000,400000,10,29,0,9536,57510,1
1545,A,1000000,1000000,2,59,0,43088,4752,1
1546,A,1000000,300000,7,68,1,40006,6266,1
1547,A,1200000,1200000,2,28,0,5045,22167,1
1548,A,1300000,1300000,2,36,0,64963,2451,1
1549,A,1200000,300000,5,29,1,1881,10802,1
1550,A,800000,800000,3,50,0,447260,175938,1
1551,A,1300000,1300000,2,48,1,34767,55476,1
1552,A,800000,800000,3,29,1,47035,11475,1
1553,B,800000,300000,2,27,0,209585,41907,1
1554,A,1000000,300000,4,61,1,84861,4780,1
1555,A,600000,600000,2,29,1,44747,28692,1
1556,A,800000,800000,2,57,0,41516,11709,1
1557,A,800000,800000,2,52,1,2076,16685,1
1558,A,1200000,1200000,2,29,0,419249,4527,1
1559,A,1300000,1300000,2,53,1,80477,28339,1
1560,A,800000,300000,4,54,1,465580,115669,1
1561,A,700000,700000,1,57,1,17996,14940,1
1562,A,800000,800000,2,32,1,27920,243935,1
1563,A,200000,200000,2,27,1,30523,16011,1
1564,A,800000,800000,7,73,0,7155,9000,1
1565,A,800000,800000,13,31,1,42584,41833,1
1566,A,800000,0,6,24,1,97582,13455,1
1567,A,600000,600000,3,60,1,18298,29394,1
1568,A,1300000,1300000,2,42,1,98506,122653,1
1569,A,600000,600000,3,27,1,82819,106320,1
1570,A,1100000,1100000,2,25,1,7334,38700,1
1571,A,1100000,1100000,3,33,0,229718,52560,1
1572,A,600000,300000,7,47,1,13680,13455,1
1573,A,700000,700000,2,24,0,45941,28266,1
1574,A,600000,600000,1,36,1,0,5111,1
1575,A,1300000,1300000,2,56,0,91087,41778,1
1576,A,800000,800000,2,33,1,17653,8325,1
1577,A,800000,800000,3,50,1,55188,72234,1
1578,A,800000,800000,2,33,1,26355,4513,1
1579,A,400000,400000,2,29,1,44589,18361,1
1580,A,800000,800000,2,31,1,7541,152262,1
1581,A,1100000,1100000,1,42,1,43968,44730,1
1582,A,500000,500000,2,26,1,44990,23336,1
1583,A,800000,800000,2,26,1,14850,39987,1
1584,A,200000,200000,2,24,1,32960,13923,1
1585,A,600000,600000,4,65,1,4560,61489,1
1586,A,1100000,800000,6,23,1,78925,53442,1
1587,B,400000,300000,7,22,1,62014,35406,1
1588,A,200000,200000,6,23,0,3810,12870,1
1589,A,300000,300000,2,27,1,0,2070,1
1590,A,800000,800000,2,28,1,0,50031,1
1591,A,1200000,1100000,2,29,1,40000,12386,1
1592,A,600000,600000,2,26,1,0,7911,1
1593,A,500000,500000,2,36,1,9970,27552,1
1594,A,1300000,1300000,2,29,1,84309,46053,1
1595,A,700000,700000,2,29,1,0,3281,1
1596,A,400000,300000,6,22,1,29593,20340,1
1597,A,700000,700000,2,35,1,81356,20807,1
1598,A,700000,700000,2,28,1,57116,17122,1
1599,A,600000,600000,5,31,1,178363,92368,1
1600,A,800000,500000,7,76,1,11698,9278,1
1601,A,200000,200000,2,29,1,7865,30266,1
1602,A,1300000,800000,12,28,1,40185,29196,1
1603,A,700000,300000,6,25,0,46530,79191,1
1604,A,800000,800000,2,32,1,55842,36246,1
1605,A,600000,300000,4,49,1,12947,7306,1
1606,A,500000,500000,7,29,1,4627,25864,1
1607,A,1700000,1600000,7,56,1,104508,54471,1
1608,A,700000,700000,2,30,1,162335,11898,1
1609,A,1200000,1200000,2,33,1,137196,27077,1
1610,A,200000,200000,2,24,1,20900,3951,1
1611,A,500000,500000,4,31,1,30150,15390,1
1612,A,500000,500000,7,39,1,5822,17270,1
1613,B,1600000,300000,6,26,1,293810,38853,1
1614,A,600000,300000,6,24,1,112207,65637,1
1615,A,200000,200000,6,21,1,48679,8456,1
1616,A,300000,300000,2,26,1,7844,4386,1
1617,A,500000,500000,4,53,1,0,50331,1
1618,A,200000,200000,11,22,1,68803,12991,1
1619,A,1300000,1300000,3,39,1,79477,21582,1
1620,A,300000,300000,2,31,1,129988,57850,1
1621,A,600000,600000,2,27,0,94509,73800,1
1622,A,800000,800000,2,30,1,14678,0,1
1623,B,1300000,300000,6,23,1,56903,108990,1
1624,A,700000,700000,2,34,1,21727,34650,1
1625,A,700000,700000,7,34,1,27874,53550,1
1626,A,600000,600000,2,25,1,36157,3402,1
1627,A,500000,500000,2,25,0,4500,47610,1
1628,A,1000000,1000000,1,35,0,43137,11357,1
1629,A,1200000,1200000,2,26,1,1861,4909,1
1630,B,1100000,900000,2,29,1,28631,25354,1
1631,A,1100000,1100000,2,30,1,11880,17820,1
1632,A,700000,700000,2,30,1,45696,50184,1
1633,A,700000,700000,2,26,1,33660,54450,1
1634,A,1100000,1100000,2,28,0,73488,100612,1
1635,A,600000,600000,2,35,1,65461,25200,1
1636,A,500000,500000,2,30,1,85992,24750,1
1637,A,200000,200000,2,28,1,39052,4577,1
1638,A,200000,200000,2,25,1,6708,27945,1
1639,A,1200000,1200000,2,32,0,136050,46620,1
1640,A,700000,700000,2,29,1,680,23850,1
1641,A,900000,900000,2,27,1,14641,20874,1
1642,A,200000,200000,6,20,1,51039,37435,1
1643,A,500000,500000,2,31,1,18765,49779,1
1644,A,1300000,1300000,2,31,0,76230,79200,1
1645,A,1100000,1100000,3,29,1,28006,66937,1
1646,A,1200000,1200000,10,28,0,149820,0,1
1647,A,800000,800000,2,28,1,230882,0,1
1648,A,1300000,1300000,2,31,1,357831,1035,1
1649,A,1000000,1000000,2,28,1,28782,50688,1
1650,A,800000,800000,2,37,1,3181,30690,1
1651,A,1000000,1000000,3,28,1,420940,48213,1
1652,A,800000,800000,2,48,0,1380,19150,1
1653,A,800000,800000,2,29,1,5187,26928,1
1654,A,1000000,1000000,2,38,1,115844,16227,1
1655,A,1000000,300000,7,49,1,71197,13191,1
1656,A,700000,700000,2,41,1,29393,105372,1
1657,A,1000000,1000000,7,52,1,18000,5972,1
1658,A,800000,800000,2,31,1,0,67158,1
1659,B,1500000,1500000,2,29,1,283307,10841,1
1660,A,700000,700000,2,33,1,22241,20889,1
1661,A,400000,400000,2,28,1,46365,43650,1
1662,A,1100000,1100000,2,26,1,30560,5580,1
1663,A,600000,600000,2,28,1,0,0,1
1664,A,500000,300000,12,29,1,4614,7813,1
1665,A,200000,200000,6,25,1,29507,17707,1
1666,A,500000,500000,2,31,1,6033,58615,1
1667,A,700000,700000,2,28,1,9374,82994,1
1668,A,1000000,1000000,2,27,0,98930,45000,1
1669,A,700000,700000,2,38,1,78210,82575,1
1670,A,800000,800000,2,51,1,2347,12015,1
1671,A,800000,800000,2,26,1,42467,28027,1
1672,B,500000,300000,6,24,1,271686,49508,1
1673,A,600000,500000,2,31,1,58787,41310,1
1674,A,700000,300000,5,60,1,27605,18592,1
1675,A,500000,500000,2,26,1,15000,63306,1
1676,A,500000,400000,2,26,1,3861,22167,1
1677,R,500000,300000,6,24,1,0,26730,1
1678,A,1300000,1300000,2,43,1,83121,69300,1
1679,A,1800000,1800000,2,51,1,78956,44127,1
1680,A,1000000,1000000,2,30,1,95319,25938,1
1681,A,800000,800000,2,34,1,8422,36531,1
1682,A,500000,500000,3,38,1,421320,109305,1
1683,A,800000,300000,2,30,0,74483,46530,1
1684,B,1300000,1300000,3,41,1,33264,21415,1
1685,A,500000,500000,2,26,0,0,48740,1
1686,A,1000000,1000000,3,35,0,13200,46620,1
1687,A,500000,500000,2,28,1,44204,17820,1
1688,A,1200000,700000,2,28,1,8340,34199,1
1689,A,1200000,300000,4,49,1,330947,182218,1
1690,A,1300000,1300000,2,32,1,169798,33651,1
1691,A,1100000,300000,6,24,1,102549,4971,1
1692,A,1100000,300000,6,24,1,96618,4971,1
1693,A,600000,600000,5,46,1,58663,38766,1
1694,A,800000,800000,3,27,1,43222,18886,1
1695,A,700000,700000,3,44,1,19905,46323,1
1696,A,1000000,1000000,3,26,1,56937,45696,1
1697,A,1300000,900000,7,49,1,28763,19253,1
1698,A,500000,500000,4,55,1,4659,7298,1
1699,A,200000,200000,3,27,1,45369,68598,1
1700,A,1000000,1000000,2,39,1,0,58941,1
1701,A,1200000,1200000,4,31,1,322196,95153,1
1702,A,800000,800000,2,27,1,20369,24034,1
1703,A,1100000,300000,6,23,1,73134,42768,1
1704,A,200000,200000,6,22,1,88331,63019,1
1705,A,700000,700000,5,34,0,2022,153389,1
1706,A,200000,200000,7,20,1,188520,3357,1
1707,A,200000,200000,6,20,1,52700,1872,1
1708,A,200000,200000,6,21,1,2798,16169,1
1709,A,500000,500000,2,28,1,104806,52893,1
1710,A,800000,800000,2,35,1,3491,5931,1
1711,A,1000000,1000000,2,28,1,140283,23850,1
1712,A,1300000,1300000,2,30,1,57524,14346,1
1713,A,1000000,1000000,2,39,1,73919,94149,1
1714,B,800000,800000,4,34,1,5130,14240,1
1715,A,800000,800000,7,43,1,74827,64530,1
1716,A,1100000,1100000,2,41,0,46840,151560,1
1717,A,600000,600000,2,28,1,9123,16723,1
1718,A,1300000,1300000,2,28,1,126842,41211,1
1719,A,1100000,1100000,1,53,1,378990,70254,1
1720,A,800000,800000,2,30,1,10783,5792,1
1721,A,300000,300000,2,25,1,9653,75213,1
1722,A,1000000,1000000,5,42,1,45473,141660,1
1723,A,800000,500000,2,25,1,119140,7169,1
1724,A,600000,600000,2,30,1,10150,8019,1
1725,A,1000000,1000000,2,24,1,265763,92862,1
1726,A,1000000,1000000,2,33,1,17050,26127,1
1727,A,200000,200000,6,20,1,25074,32220,1
1728,A,1100000,900000,2,40,1,34749,51957,1
1729,A,500000,300000,6,24,0,24000,4011,1
1730,A,1300000,1300000,2,55,0,71746,41215,1
1731,A,700000,700000,2,41,1,54450,37394,1
1732,A,300000,300000,2,24,1,19036,19861,1
1733,A,200000,200000,2,30,1,28054,11970,1
1734,A,1200000,1100000,2,27,1,113608,110022,1
1735,A,600000,600000,2,30,1,11820,22860,1
1736,A,200000,200000,6,24,1,17029,51976,1
1737,A,1000000,1000000,2,32,1,68443,42251,1
1738,A,800000,800000,2,27,0,36630,87210,1
1739,R,900000,300000,6,21,1,8113,1296,1
1740,A,200000,200000,6,22,1,9218,15182,1
1741,R,500000,500000,2,23,1,31622,34144,1
1742,A,900000,300000,6,22,1,120889,12510,1
1743,A,900000,900000,2,29,0,59111,397,1
1744,A,900000,900000,2,25,1,99871,86336,1
1745,A,600000,600000,2,29,1,5000,28355,1
1746,A,200000,200000,6,21,1,133718,11720,1
1747,A,1000000,300000,6,26,1,135817,60786,1
1748,A,1800000,1800000,2,39,1,126350,81270,1
1749,A,1200000,300000,6,24,1,251093,34776,1
1750,A,1200000,1200000,2,28,1,217134,50663,1
1751,A,200000,200000,1,41,1,6087,74646,1
1752,A,1200000,1200000,12,71,0,59580,34821,1
1753,A,800000,300000,2,51,1,12236,31759,1
1754,A,1300000,700000,2,26,1,28320,15930,1
1755,A,900000,300000,7,25,1,114117,17145,1
1756,A,700000,700000,2,26,1,0,10980,1
1757,A,700000,300000,6,24,1,38828,8010,1
1758,A,800000,800000,2,55,0,0,7119,1
1759,A,800000,800000,2,26,1,0,41738,1
1760,A,600000,600000,1,27,1,63166,33946,1
1761,A,200000,200000,2,31,1,42535,35100,1
1762,A,600000,600000,2,28,1,0,37642,1
1763,A,700000,700000,2,30,1,73048,61677,1
1764,A,1000000,1000000,2,25,1,601002,51422,1
1765,A,200000,200000,2,30,0,125977,12298,1
1766,A,600000,300000,5,36,1,53791,76337,1
1767,A,800000,300000,6,26,0,516062,57515,1
1768,A,500000,500000,2,25,1,0,9720,1
1769,A,700000,700000,2,29,1,6000,11970,1
1770,A,900000,300000,6,23,1,2667,35640,1
1771,A,700000,700000,2,34,1,19187,47651,1
1772,A,700000,400000,5,49,1,62776,27054,1
1773,A,2000000,300000,4,37,1,48114,157005,1
1774,A,1000000,1000000,2,26,1,144516,93971,1
1775,A,1200000,1200000,5,37,1,74789,51127,1
1776,A,1200000,300000,6,24,1,129820,1140,1
1777,B,700000,700000,2,25,1,70046,20376,1
1778,A,1200000,300000,6,25,1,8213,16756,1
1779,A,600000,600000,2,24,1,137542,684,1
1780,A,800000,300000,6,22,1,23244,23355,1
1781,A,1300000,400000,7,61,1,134324,12148,1
1782,A,1100000,1100000,5,42,1,168795,174834,1
1783,A,600000,600000,3,26,1,111530,98100,1
1784,A,800000,800000,2,47,1,31268,13471,1
1785,A,1300000,300000,13,38,1,12350,3648,1
1786,A,200000,200000,7,42,1,2634,18108,1
1787,A,1300000,800000,2,57,1,39926,26220,1
1788,A,1300000,300000,7,55,1,71004,17820,1
1789,A,800000,800000,2,33,1,49337,30139,1
1790,A,1200000,1200000,2,47,1,54292,33939,1
1791,A,1000000,300000,7,56,1,189250,189941,1
1792,A,900000,900000,2,25,1,9050,50580,1
1793,A,700000,300000,3,24,1,75349,16965,1
1794,A,1000000,1000000,2,25,1,78485,25635,1
1795,A,1300000,1300000,2,26,1,157789,27558,1
1796,A,600000,600000,2,30,1,23266,28085,1
1797,A,700000,700000,2,29,1,35268,42662,1
1798,A,1200000,300000,3,23,1,56285,22121,1
1799,A,200000,200000,6,22,1,19794,10346,1
1800,A,1300000,1300000,2,27,1,186333,82866,1
1801,A,800000,300000,7,24,1,42406,37418,1
1802,A,1100000,300000,7,65,1,45980,21780,1
1803,A,1500000,1500000,2,61,1,38632,42876,1
1804,A,800000,300000,4,47,1,23562,180000,1
1805,A,600000,300000,7,44,1,2834,20691,1
1806,A,1300000,1300000,2,30,1,223423,3033,1
1807,A,500000,500000,12,32,1,46443,35145,1
1808,A,700000,700000,2,50,1,4615,180000,1
1809,A,800000,300000,7,54,1,16868,11205,1
1810,A,300000,200000,6,23,1,86467,20880,1
1811,B,700000,700000,4,36,1,10973,167526,1
1812,A,700000,700000,2,39,1,0,15435,1
1813,A,600000,600000,2,28,1,14855,25385,1
1814,A,200000,200000,6,21,1,15823,23841,1
1815,A,200000,200000,6,20,1,22354,148446,1
1816,A,1100000,700000,2,26,1,78651,9500,1
1817,A,400000,400000,2,31,1,1554,18402,1
1818,A,1300000,300000,6,24,1,59511,24663,1
1819,A,300000,300000,6,21,1,112617,836,1
1820,A,500000,300000,6,21,1,20977,9270,1
1821,A,200000,200000,6,21,1,80684,46062,1
1822,A,1100000,1100000,2,31,1,126314,26717,1
1823,A,200000,200000,2,26,1,62567,29394,1
1824,A,200000,200000,7,45,1,145423,46971,1
1825,A,1500000,1500000,2,46,1,87508,64377,1
1826,B,500000,500000,2,25,1,10319,36162,1
1827,A,700000,700000,2,45,1,15267,8910,1
1828,A,500000,500000,5,33,1,53539,2187,1
1829,A,400000,400000,2,29,1,4675,2214,1
1830,A,1000000,1000000,2,26,1,207081,29295,1
1831,A,200000,200000,6,23,1,99146,13270,1
1832,A,1100000,300000,6,24,1,174079,49568,1
1833,A,700000,500000,5,56,1,18326,40878,1
1834,A,1800000,1800000,4,51,1,104975,180000,1
1835,A,1100000,600000,2,37,1,26235,45936,1
1836,A,1200000,1200000,3,41,1,224706,80432,1
1837,A,300000,300000,5,44,1,35283,69401,1
1838,A,800000,300000,7,57,1,0,26532,1
1839,A,700000,400000,7,51,1,57126,24643,1
1840,A,700000,300000,2,24,1,330833,16067,1
1841,A,1100000,900000,2,23,1,24939,6228,1
1842,R,1200000,300000,6,26,1,313591,53967,1
1843,A,1100000,300000,7,59,1,166873,0,1
1844,A,800000,800000,3,45,1,7879,58594,1
1845,A,400000,300000,6,22,0,78279,7920,1
1846,A,700000,700000,13,40,1,58860,52212,1
1847,A,1000000,300000,6,22,1,16621,7515,1
1848,A,1200000,300000,4,66,1,42409,37710,1
1849,A,400000,400000,2,26,1,5361,31914,1
1850,A,800000,300000,8,66,1,46496,3249,1
1851,A,500000,300000,6,22,1,5742,14544,1
1852,A,200000,200000,5,41,1,47025,143910,1
1853,A,1000000,300000,11,38,1,113987,3294,1
1854,A,600000,600000,2,23,1,112860,25758,1
1855,A,200000,200000,6,22,1,45597,44948,1
1856,A,200000,200000,6,22,1,14919,10980,1
1857,A,700000,700000,2,25,1,13508,36141,1
1858,A,700000,700000,4,49,1,117895,180000,1
1859,A,1100000,1100000,2,30,1,91922,35885,1
1860,A,500000,500000,1,54,1,64652,48213,1
1861,A,400000,300000,4,53,1,79325,180000,1
1862,A,600000,300000,6,23,1,0,9702,1
1863,A,1200000,300000,6,22,1,48228,18900,1
1864,A,700000,700000,2,28,1,45419,56430,1
1865,A,200000,200000,6,20,1,22471,26622,1
1866,A,200000,200000,2,24,1,0,5079,1
1867,A,200000,200000,2,30,1,3505,21985,1
1868,A,1100000,1000000,2,29,1,55405,2871,1
1869,A,1300000,700000,2,44,1,0,34817,1
1870,A,800000,800000,3,57,1,8933,6554,1
1871,A,600000,300000,4,47,1,0,36522,1
1872,A,800000,800000,2,31,0,10000,62559,1
1873,A,800000,800000,2,50,1,765,6831,1
1874,A,700000,200000,6,22,1,43725,6138,1
1875,A,800000,800000,3,30,1,13415,20768,1
1876,A,500000,500000,6,25,1,3771,12832,1
1877,A,1200000,1200000,2,28,1,11514,14454,1
1878,A,600000,300000,7,53,1,33244,15930,1
1879,A,800000,800000,2,27,1,2966,16227,1
1880,A,1100000,1100000,2,43,1,218855,36053,1
1881,A,800000,300000,7,52,1,103425,180000,1
1882,A,1300000,1300000,3,26,1,243926,29598,1
1883,A,700000,700000,2,28,1,0,33255,1
1884,A,800000,800000,7,51,1,22522,7821,1
1885,A,800000,800000,2,28,1,69593,18337,1
1886,A,500000,500000,13,49,0,31680,12960,1
1887,A,1300000,1300000,7,52,1,18462,3477,1
1888,A,1100000,300000,6,22,1,199370,13294,1
1889,A,700000,700000,3,27,1,5775,35037,1
1890,A,800000,800000,2,52,1,0,9029,1
1891,A,1300000,1300000,2,53,0,225652,30215,1
1892,A,200000,200000,2,38,1,3465,2574,1
1893,A,600000,600000,2,28,1,23716,28008,1
1894,A,800000,800000,3,52,1,3000,65430,1
1895,A,1000000,1000000,11,25,1,28644,24750,1
1896,A,1000000,300000,7,62,1,14201,6146,1
1897,A,400000,300000,6,20,1,85014,7020,1
1898,A,200000,200000,2,26,1,60768,65179,1
1899,A,1200000,700000,7,51,1,188370,180000,1
1900,A,1200000,300000,7,48,1,59280,180000,1
1901,A,1200000,1200000,12,61,1,1000,138699,1
1902,A,1300000,1300000,2,54,1,54167,29480,1
1903,A,600000,600000,2,36,1,33768,19859,1
1904,A,800000,800000,2,35,1,2157,156952,1
1905,A,200000,200000,6,20,1,181025,180000,1
1906,A,1000000,600000,2,26,1,122907,27365,1
1907,A,300000,300000,6,21,1,55194,10036,1
1908,A,700000,700000,2,40,1,26955,81873,1
1909,A,700000,300000,7,55,1,4028,23266,1
1910,A,1200000,1200000,2,46,1,6473,3831,1
1911,A,800000,800000,2,33,1,172006,25980,1
1912,A,1200000,1200000,2,31,1,26021,11609,1
1913,A,700000,700000,2,36,1,1824,52578,1
1914,A,1000000,300000,4,51,1,96767,32760,1
1915,A,300000,300000,7,53,1,6375,24330,1
1916,A,500000,500000,7,51,1,147168,67410,1
1917,A,1000000,300000,2,51,1,13961,71001,1
1918,A,800000,500000,2,53,1,6705,21294,1
1919,A,800000,800000,2,34,1,20016,6068,1
1920,A,500000,500000,2,55,1,30305,55696,1
1921,A,600000,600000,2,25,0,10357,47511,1
1922,A,700000,300000,7,41,1,61050,30285,1
1923,A,1000000,1000000,2,35,0,95000,18810,1
1924,A,500000,300000,6,22,1,11512,19177,1
1925,A,1000000,300000,7,57,1,204900,22279,1
1926,A,700000,300000,6,24,1,3000,21357,1
1927,A,1200000,1200000,2,26,1,67868,34272,1
1928,A,200000,200000,6,21,1,0,18170,1
1929,A,800000,800000,3,39,1,6483,11396,1
1930,A,800000,300000,7,47,1,21423,35789,1
1931,A,700000,300000,4,27,1,45720,17724,1
1932,A,800000,800000,5,32,1,0,14391,1
1933,A,800000,300000,6,21,1,19960,1030,1
1934,A,500000,300000,7,55,1,29992,12678,1
1935,A,1100000,300000,6,22,1,45139,11173,1
1936,B,400000,400000,7,27,1,67822,19182,1
1937,B,800000,300000,4,73,1,3167,180000,1
1938,A,700000,700000,7,56,1,5650,65790,1
1939,A,500000,300000,2,40,1,232568,261056,1
1940,A,1100000,1100000,2,28,1,107681,9733,1
1941,A,1100000,1100000,2,29,1,36069,180000,1
1942,A,500000,500000,2,50,1,14691,1980,1
1943,A,700000,300000,6,24,1,24750,15741,1
1944,A,600000,600000,2,31,0,226170,171313,1
1945,A,200000,200000,2,24,1,163912,34840,1
1946,A,500000,300000,6,24,1,104527,22275,1
1947,A,500000,300000,4,33,1,29072,13798,1
1948,A,800000,800000,3,42,0,24851,37413,1
1949,A,1200000,900000,2,28,1,68366,11991,1
1950,A,800000,800000,11,67,1,3684,8624,1
1951,A,1200000,300000,7,48,1,659354,9491,1
1952,A,1200000,300000,6,24,1,149292,43325,1
1953,A,1100000,300000,7,51,1,6709,29205,1
1954,A,600000,300000,7,67,1,8735,2084,1
1955,A,200000,200000,2,24,1,0,13554,1
1956,A,1100000,1000000,2,26,1,16283,20240,1
1957,A,700000,700000,2,27,1,26603,4892,1
1958,A,1000000,1000000,2,41,0,575905,106233,1
1959,A,700000,700000,2,29,1,27283,5643,1
1960,A,1300000,1300000,2,62,1,57367,2297,1
1961,A,700000,300000,6,25,1,0,4277,1
1962,A,200000,200000,6,21,1,7002,10692,1
1963,A,800000,800000,4,56,1,137766,180000,1
1964,A,900000,300000,6,24,1,26270,5867,1
1965,A,1000000,300000,11,55,0,35852,438,1
1966,A,700000,200000,6,22,1,222634,24369,1
1967,A,700000,700000,3,25,1,79760,20097,1
1968,A,1300000,300000,3,48,1,52970,18937,1
1969,A,1100000,300000,7,55,1,29205,28512,1
1970,A,1200000,300000,7,30,1,311104,11958,1
1971,A,500000,500000,2,31,1,31702,37130,1
1972,A,1300000,800000,2,59,1,45233,4704,1
1973,A,1000000,300000,7,51,1,114654,32340,1
1974,A,1200000,500000,2,31,1,42698,42803,1
1975,A,1000000,1000000,1,77,0,6538,16920,1
1976,A,600000,300000,8,66,1,6671,7182,1
1977,A,800000,300000,8,77,1,0,36575,1
1978,R,1500000,1200000,2,49,1,34184,5958,1
1979,A,800000,800000,2,35,1,0,71667,1
1980,A,1300000,1300000,3,53,1,186097,33932,1
1981,A,1000000,1000000,3,63,1,69919,14088,1
1982,A,500000,200000,2,60,1,35345,73659,1
1983,A,1800000,1800000,4,36,1,57904,2753,1
1984,A,800000,800000,8,83,0,1083,4926,1
1985,A,1100000,600000,7,26,1,259531,13184,1
1986,A,900000,900000,4,34,1,32149,26298,1
1987,A,1200000,1200000,2,62,1,10475,45597,1
1988,A,1500000,300000,11,63,1,100768,9981,1
1989,A,1300000,1300000,10,57,0,1102025,6667,1
1990,A,400000,400000,8,83,1,0,29234,1
1991,A,1000000,300000,8,82,1,10021,15642,1
1992,R,1300000,1300000,1,64,0,380147,8190,1
1993,A,600000,600000,2,30,1,71224,34626,1
1994,A,600000,600000,4,57,1,11979,24005,1
1995,A,700000,200000,6,24,1,207400,5994,1
1996,A,200000,200000,2,23,1,73638,88902,1
1997,A,1500000,1500000,7,57,1,37587,17700,1
1998,A,500000,300000,7,51,1,55378,26721,1
1999,A,1100000,1100000,2,27,1,66177,16894,1
2000,A,800000,800000,2,49,1,16252,27261,1
2001,A,800000,800000,7,37,1,96897,23400,1
2002,A,700000,700000,5,80,0,35891,18792,1
2003,A,700000,700000,8,83,1,7008,19296,1
2004,A,1000000,300000,6,23,1,82707,26967,1
2005,A,700000,300000,8,76,1,19057,4777,1
2006,A,1200000,300000,4,55,1,26884,4453,1
2007,A,600000,300000,7,59,1,34475,38111,1
2008,A,1200000,1200000,4,48,1,15482,18499,1
2009,A,800000,300000,2,58,1,0,7038,1
2010,A,800000,300000,2,80,0,9814,9090,1
2011,B,1600000,300000,7,39,1,255930,39204,1
2012,A,1100000,1100000,2,53,0,104234,26220,1
2013,A,1100000,1100000,4,41,1,54544,18361,1
2014,A,1300000,1000000,4,71,1,9664,15732,1
2015,A,200000,200000,6,24,0,236267,1935,1
2016,A,1000000,900000,12,27,1,143587,69822,1
2017,A,1000000,300000,7,29,1,48592,4411,1
2018,A,1300000,1300000,2,32,1,132499,15062,1
2019,A,1100000,1100000,2,28,1,120440,17157,1
2020,A,1300000,1300000,7,56,1,949345,59832,1
2021,A,800000,800000,8,82,1,8694,5206,1
2022,A,200000,200000,6,24,0,8297,3708,1
2023,A,1300000,1300000,2,63,1,0,37482,1
2024,A,1300000,1300000,2,58,1,329562,9091,1
2025,B,1800000,1800000,4,63,1,187244,6095,1
2026,A,800000,300000,6,20,1,111732,21297,1
2027,A,800000,500000,7,49,1,10643,8739,1
2028,A,800000,300000,4,35,1,35374,1545,1
2029,A,1300000,300000,8,76,1,71703,19175,1
2030,A,700000,300000,4,57,1,30006,4950,1
2031,A,1000000,1000000,2,51,1,110031,7677,1
2032,A,1200000,1200000,4,49,1,158292,16920,1
2033,A,1200000,1200000,5,43,1,42573,6974,1
2034,A,1200000,1200000,4,56,1,1001326,13238,1
2035,B,600000,600000,4,41,1,34857,1791,1
2036,A,900000,300000,6,22,1,153902,48199,1
2037,A,500000,300000,8,80,1,7425,23692,1
2038,A,800000,800000,1,82,0,19975,6308,1
2039,A,1000000,300000,6,24,1,50918,8569,1
2040,A,800000,800000,1,58,0,7028,2691,1
2041,A,800000,800000,4,47,1,7472,7996,1
2042,A,1300000,1300000,2,63,1,184555,19859,1
2043,A,1200000,1200000,2,32,1,130032,9733,1
2044,A,400000,300000,11,86,1,34182,21810,1
2045,A,1300000,1300000,3,45,0,34585,1782,1
2046,A,200000,200000,2,54,1,97646,8405,1
2047,A,1300000,1300000,2,32,1,47306,33413,1
2048,A,1300000,1000000,3,60,1,227073,10946,1
2049,A,200000,200000,6,21,1,144899,16171,1
2050,A,600000,300000,6,24,1,5250,3655,1
2051,A,1200000,1200000,4,49,1,67185,2322,1
2052,A,800000,800000,2,41,1,4355,1778,1
2053,A,1000000,300000,8,71,1,68352,1611,1
2054,A,1500000,1500000,4,66,1,34308,112950,1
2055,R,1200000,300000,8,79,1,35269,3083,1
2056,A,1200000,1200000,5,62,0,179015,27261,1
2057,A,1300000,1200000,2,35,1,21187,13115,1
2058,A,1300000,1300000,4,64,1,79093,6393,1
2059,A,1300000,1300000,2,35,1,38069,33571,1
2060,R,1300000,300000,6,24,0,92849,10112,1
2061,A,1800000,1800000,2,30,1,43976,343530,1
2062,A,700000,300000,8,81,1,14127,7797,1
2063,A,1600000,1600000,4,42,1,113261,41609,1
2064,A,700000,700000,7,67,1,4266,18405,1
2065,A,500000,500000,8,71,0,11115,2944,1
2066,A,1200000,1200000,4,56,1,233674,9990,1
2067,A,1200000,300000,6,26,1,222745,13115,1
2068,A,1200000,1200000,3,39,1,112025,4079,1
2069,A,200000,200000,6,23,1,189734,23664,1
2070,R,700000,700000,2,24,1,3570,891,1
2071,A,1100000,300000,7,31,1,63608,15858,1
2072,A,800000,300000,7,53,1,37020,9282,1
2073,A,1300000,1300000,2,31,1,56741,15270,1
2074,A,1100000,1100000,2,65,1,29280,1253,1
2075,A,1200000,1200000,3,56,1,55878,20609,1
2076,A,800000,800000,2,54,1,225289,52470,1
2077,B,600000,600000,2,28,1,12473,11232,1
2078,A,800000,800000,2,32,1,6195,4941,1
2079,A,1200000,1200000,3,28,0,107440,19030,1
2080,A,800000,800000,2,59,0,20325,3048,1
2081,A,600000,300000,7,44,1,30409,122945,1
2082,A,200000,200000,6,20,1,18705,2970,1
2083,A,500000,500000,2,51,1,78046,59009,1
2084,A,1200000,1200000,2,25,1,52895,7304,1
2085,A,1300000,1300000,2,29,1,58901,32764,1
2086,A,1300000,300000,7,43,1,41614,4950,1
2087,A,500000,500000,2,26,1,12131,9839,1
2088,R,1200000,800000,2,54,1,18967,5061,1
2089,A,1100000,1100000,2,28,1,60417,16752,1
2090,A,1300000,1300000,2,62,0,43119,2286,1
2091,A,1300000,1300000,2,28,0,84789,2717,1
2092,A,800000,800000,2,59,1,11495,11970,1
2093,A,800000,800000,2,60,1,51528,17820,1
2094,A,500000,500000,2,29,0,30527,19494,1
2095,A,400000,400000,11,58,0,3120,1845,1
2096,A,1600000,1600000,3,52,1,96358,59382,1
2097,A,500000,500000,7,50,1,13063,10553,1
2098,A,1800000,800000,2,27,1,124311,6273,1
2099,A,1300000,1300000,2,38,1,85347,10865,1
2100,A,800000,800000,2,29,0,34886,4928,1
2101,A,1300000,1300000,2,59,0,400627,0,1
2102,A,1100000,1100000,2,41,0,62025,16135,1
2103,A,700000,700000,2,66,0,103882,615,1
2104,A,1800000,1800000,2,44,1,26359,33708,1
2105,A,1300000,1300000,3,37,1,78350,17820,1
2106,A,600000,600000,4,56,1,42582,11331,1
2107,A,300000,300000,3,28,0,3316,13950,1
2108,A,1100000,600000,2,25,1,135003,2456,1
2109,A,800000,300000,4,55,1,35832,2444,1
2110,A,1200000,300000,2,48,1,81697,2930,1
2111,A,1300000,1300000,4,40,1,327030,9927,1
2112,A,800000,800000,2,48,1,544,3189,1
2113,A,400000,400000,4,78,1,0,2530,1
2114,A,800000,800000,4,53,1,35156,8010,1
2115,A,800000,800000,12,35,1,10032,46231,1
2116,A,800000,300000,11,28,1,59448,38300,1
2117,A,1300000,900000,3,48,1,94917,11677,1
2118,R,900000,300000,5,78,1,58592,98489,1
2119,A,1000000,1000000,13,36,1,86983,7983,1
2120,A,800000,800000,10,40,0,62036,0,1
2121,A,700000,700000,2,36,1,18218,32859,1
2122,A,800000,800000,4,52,1,25077,1762,1
2123,A,400000,300000,2,24,1,138759,13112,1
2124,A,600000,400000,2,25,1,14134,82546,1
2125,A,1300000,800000,5,72,1,46780,947,1
2126,A,800000,300000,7,67,1,1131,6408,1
2127,A,700000,300000,7,53,1,29863,15732,1
2128,A,800000,800000,3,33,1,22716,1485,1
2129,A,800000,300000,7,41,1,76170,21368,1
2130,A,300000,300000,7,51,1,23787,12645,1
2131,A,700000,700000,4,62,1,0,4014,1
2132,A,1000000,300000,7,64,1,24820,16533,1
2133,A,200000,200000,2,43,0,36260,25564,1
2134,A,700000,300000,2,47,1,28237,14312,1
2135,A,1200000,1200000,1,69,0,506178,7135,1
2136,A,1800000,1800000,3,64,0,264124,40677,1
2137,A,200000,200000,6,26,1,409369,19457,1
2138,A,1000000,1000000,2,25,1,60251,18441,1
2139,A,1200000,1200000,2,25,1,80700,13480,1
2140,A,1300000,1100000,2,27,1,69979,1035,1
2141,A,1000000,1000000,2,55,1,103721,47620,1
2142,A,700000,300000,4,60,1,47305,10194,1
2143,A,1300000,1300000,4,60,1,12447,9286,1
2144,A,800000,800000,4,77,1,0,7605,1
2145,A,1300000,300000,4,50,1,11961,42044,1
2146,A,800000,800000,4,54,1,14362,21330,1
2147,A,1800000,300000,7,57,1,84095,15993,1
2148,A,800000,800000,3,32,1,2745,10485,1
2149,A,800000,800000,2,46,0,3917,13696,1
2150,A,1200000,300000,7,27,1,36845,4748,1
2151,A,1700000,300000,6,25,1,160735,14806,1
2152,R,600000,300000,2,35,1,172821,6568,1
2153,A,1300000,1300000,2,52,1,197603,10287,1
2154,A,700000,700000,2,47,1,16580,21561,1
2155,A,1200000,300000,7,56,1,53356,6325,1
2156,A,1300000,1300000,2,38,1,58923,18032,1
2157,B,200000,200000,2,24,1,66730,13531,1
2158,A,800000,800000,2,25,1,168576,20276,1
2159,A,1300000,1300000,10,43,1,95338,30195,1
2160,A,800000,800000,3,33,1,9378,7508,1
2161,R,1300000,1300000,2,31,1,183876,7947,1
2162,A,400000,300000,2,25,1,6769,7391,1
2163,A,700000,300000,6,23,1,1415,3465,1
2164,A,1100000,1100000,2,26,1,64419,21542,1
2165,A,600000,600000,2,26,1,68007,12635,1
2166,B,1300000,1100000,3,25,1,153542,48285,1
2167,A,400000,400000,3,25,1,56493,29790,1
2168,A,800000,300000,7,60,1,18810,14352,1
2169,A,1800000,300000,7,64,1,49390,33345,1
2170,A,400000,400000,2,34,1,15160,98748,1
2171,A,400000,400000,2,34,1,524,98748,1
2172,B,1500000,1500000,2,36,1,145000,117810,1
2173,A,500000,500000,1,52,0,93614,179775,1
2174,A,1300000,1300000,3,53,1,99538,64935,1
2175,A,500000,500000,2,23,1,141487,1461,1
2176,A,800000,800000,2,46,1,3924,13279,1
2177,A,1100000,1000000,2,27,1,115432,57669,1
2178,A,1100000,1100000,2,32,1,9973,27298,1
2179,A,500000,500000,2,28,1,10881,61470,1
2180,A,500000,500000,2,36,1,28334,59450,1
2181,A,700000,700000,8,73,1,11201,13852,1
2182,A,800000,800000,2,51,1,16830,35730,1
2183,A,800000,800000,2,32,1,13367,47520,1
2184,A,700000,700000,2,27,0,48748,54450,1
2185,A,1300000,1300000,2,28,1,107931,83160,1
2186,A,500000,300000,7,23,1,8418,7331,1
2187,A,700000,300000,7,49,1,79680,67122,1
2188,A,700000,700000,2,33,1,20425,29523,1
2189,A,1300000,1300000,2,44,1,370342,180000,1
2190,R,1100000,1100000,2,30,1,72468,53406,1
2191,A,1300000,1300000,2,36,1,255503,42663,1
2192,A,1200000,1200000,2,26,1,3306,74250,1
2193,A,1200000,1200000,2,46,1,4218,65608,1
2194,B,1100000,1100000,2,36,1,52470,72000,1
2195,A,400000,400000,2,34,1,36400,15302,1
2196,A,800000,800000,2,53,1,5444,40373,1
2197,A,1200000,1200000,2,40,1,148671,13043,1
2198,A,1300000,300000,7,51,1,87341,15732,1
2199,A,600000,600000,2,28,1,49115,44550,1
2200,A,1000000,1000000,2,53,1,394047,212521,1
2201,A,1200000,1200000,2,31,1,114747,68004,1
2202,A,800000,800000,2,33,0,2613,60840,1
2203,A,800000,800000,2,32,1,0,90860,1
2204,A,500000,500000,2,27,1,4839,46620,1
2205,A,1200000,1100000,4,42,1,24349,77499,1
2206,A,1100000,1100000,2,37,1,95023,67410,1
2207,A,1000000,700000,7,28,1,57994,66655,1
2208,A,1200000,1200000,3,35,1,597995,57685,1
2209,A,900000,300000,6,26,0,6184,50153,1
2210,A,200000,200000,5,25,1,37855,1384,1
2211,A,800000,800000,2,32,1,0,22365,1
2212,A,800000,300000,6,24,1,37272,42098,1
2213,A,200000,200000,6,21,1,49030,119587,1
2214,A,700000,700000,4,81,1,16907,47520,1
2215,A,700000,700000,2,53,1,0,24840,1
2216,A,500000,500000,5,53,1,11932,9500,1
2217,A,800000,800000,4,64,1,39476,37517,1
2218,R,700000,300000,4,51,1,47610,44550,1
2219,A,500000,500000,2,29,1,4132,29576,1
2220,A,500000,300000,7,40,1,941,121266,1
2221,A,1000000,1000000,2,58,1,57306,30780,1
2222,A,1200000,1200000,3,35,1,182931,10791,1
2223,A,400000,400000,2,25,1,79893,12911,1
2224,A,800000,300000,4,63,1,11804,28800,1
2225,R,1800000,1800000,3,53,1,131857,71181,1
2226,A,1200000,1200000,4,44,1,4480,100080,1
2227,A,800000,800000,4,69,1,8684,24647,1
2228,A,200000,200000,6,22,0,76380,52110,1
2229,A,1200000,300000,4,52,1,382628,36630,1
2230,A,700000,300000,7,50,1,15629,25335,1
2231,B,1200000,1200000,4,80,1,89702,76230,1
2232,A,700000,700000,1,48,1,17145,65430,1
2233,A,800000,800000,4,53,1,29720,60015,1
2234,A,800000,800000,11,64,1,0,180001,1
2235,A,700000,300000,6,23,1,15610,20805,1
2236,A,1100000,300000,7,48,1,365472,35595,1
2237,A,800000,800000,1,58,0,43648,18507,1
2238,A,1800000,300000,4,51,1,126999,93557,1
2239,A,400000,400000,3,27,1,20646,1682,1
2240,A,1200000,1200000,2,48,1,109465,21759,1
2241,A,600000,600000,2,34,1,40047,65429,1
2242,A,700000,700000,2,33,1,24654,51966,1
2243,A,800000,800000,5,67,0,16622,2973,1
2244,A,600000,400000,7,70,1,34357,67094,1
2245,A,1100000,1100000,2,41,1,35592,57420,1
2246,A,1300000,1300000,2,35,1,106933,77956,1
2247,A,900000,900000,2,26,1,66273,123371,1
2248,A,800000,800000,2,54,1,27788,38610,1
2249,A,1500000,1500000,2,46,1,75193,38811,1
2250,A,800000,800000,4,63,1,551,16128,1
2251,A,1100000,1100000,4,47,1,134910,48600,1
2252,A,1300000,300000,7,51,1,364104,180000,1
2253,A,500000,500000,5,31,0,53618,27159,1
2254,A,1000000,1000000,2,51,1,22000,29690,1
2255,A,800000,300000,11,49,1,0,180000,1
2256,A,300000,300000,6,21,1,47874,5445,1
2257,A,1200000,300000,7,50,1,99958,29889,1
2258,A,700000,700000,8,74,0,0,8397,1
2259,A,500000,500000,7,31,1,33813,14940,1
2260,A,1100000,1100000,2,29,1,109939,30399,1
2261,A,1100000,500000,3,40,1,64086,46332,1
2262,A,600000,600000,2,57,1,36100,24840,1
2263,A,700000,700000,12,34,1,41031,78300,1
2264,A,600000,300000,6,23,1,20417,6111,1
2265,A,600000,600000,2,49,1,84309,37890,1
2266,A,1000000,1000000,12,47,1,12989,130697,1
2267,A,800000,800000,2,27,1,36859,54540,1
2268,A,1200000,1200000,2,46,0,929018,180000,1
2269,A,800000,800000,2,54,0,150347,106830,1
2270,A,800000,800000,2,61,1,16870,56520,1
2271,A,600000,600000,2,58,0,19810,45731,1
2272,A,500000,500000,2,31,1,13721,54216,1
2273,B,1300000,1300000,2,62,0,434377,116679,1
2274,A,1100000,1100000,8,64,1,0,50251,1
2275,R,800000,800000,3,31,1,2214,180000,1
2276,A,800000,800000,2,29,1,11062,45596,1
2277,A,1300000,300000,7,53,1,16295,143442,1
2278,A,500000,500000,2,25,1,178434,89100,1
2279,B,800000,800000,1,43,0,79211,39402,1
2280,A,1100000,1100000,2,26,1,48510,109017,1
2281,A,800000,800000,2,46,0,30546,35037,1
2282,A,1100000,1100000,2,42,1,130482,56649,1
2283,A,600000,600000,3,34,1,18216,31176,1
2284,A,600000,300000,4,54,1,53993,178920,1
2285,A,1000000,1000000,2,30,1,27720,32760,1
2286,A,500000,500000,1,25,1,29706,5346,1
2287,A,1300000,1300000,2,49,1,241326,1165,1
2288,A,500000,400000,2,24,1,0,1800,1
2289,A,1300000,1300000,2,30,0,844260,19800,1
2290,A,700000,700000,2,40,1,0,11574,1
2291,A,1200000,1200000,2,33,1,80487,80520,1
2292,A,1200000,1200000,2,32,1,42474,18198,1
2293,A,1300000,1300000,3,31,1,276702,9900,1
2294,A,1200000,1200000,2,28,1,27170,61421,1
2295,A,200000,200000,2,33,1,16528,23850,1
2296,A,1300000,1300000,2,55,1,105673,39553,1
2297,A,500000,500000,2,29,1,0,28485,1
2298,A,600000,600000,2,51,0,47520,82170,1
2299,A,1200000,1200000,2,50,1,104320,57646,1
2300,A,700000,700000,2,32,1,15895,14949,1
2301,A,1300000,1200000,7,56,1,87995,18063,1
2302,A,600000,600000,3,25,1,25589,85140,1
2303,A,1000000,1000000,2,32,0,33129,43462,1
2304,A,1300000,1300000,2,30,0,3626,165132,1
2305,A,400000,400000,2,40,1,61117,63153,1
2306,A,1300000,1300000,2,58,0,233732,9540,1
2307,A,200000,200000,12,25,1,0,12100,1
2308,A,700000,700000,2,26,1,4008,4532,1
2309,A,800000,800000,2,37,1,33036,52224,1
2310,A,800000,300000,11,51,0,152460,62460,1
2311,A,700000,700000,2,56,1,3903,21240,1
2312,B,700000,700000,2,43,1,10000,16943,1
2313,A,1200000,300000,4,49,1,40688,45753,1
2314,A,800000,800000,2,49,1,47520,118593,1
2315,A,1300000,1300000,2,51,0,296471,64161,1
2316,A,700000,300000,7,38,1,958,38871,1
2317,A,1700000,1700000,2,30,1,55484,56225,1
2318,A,900000,900000,2,29,1,107068,101449,1
2319,A,800000,300000,5,63,1,7330,82161,1
2320,A,700000,700000,10,48,0,14155,134145,1
2321,A,1100000,300000,7,56,1,83500,59490,1
2322,A,1300000,1300000,5,67,0,0,25434,1
2323,A,1300000,1000000,2,36,1,66653,36531,1
2324,A,1000000,900000,7,74,1,33785,34812,1
2325,A,1100000,300000,7,51,1,0,29385,1
2326,A,600000,600000,2,26,1,37594,16046,1
2327,A,400000,400000,2,47,1,30540,16533,1
2328,A,1100000,1100000,2,34,1,113373,32607,1
2329,A,900000,900000,2,29,1,345440,22068,1
2330,A,1000000,1000000,2,26,1,57933,67184,1
2331,A,1200000,1200000,2,40,0,25911,38700,1
2332,A,1100000,1100000,2,26,1,0,75710,1
2333,A,1000000,1000000,3,51,1,30853,48366,1
2334,A,1300000,1300000,2,55,0,240916,41670,1
2335,A,800000,300000,7,53,1,36328,178488,1
2336,A,1300000,300000,2,49,1,190548,39960,1
2337,A,1300000,1300000,2,49,0,45790,63450,1
2338,A,1300000,1300000,2,32,0,1339,79200,1
2339,A,1200000,1200000,2,33,0,100222,180000,1
2340,A,700000,700000,2,27,1,8256,36720,1
2341,A,1300000,1300000,4,49,1,70933,156219,1
2342,A,600000,600000,2,26,0,40689,43614,1
2343,A,1100000,1100000,2,36,1,46220,169785,1
2344,A,600000,600000,2,25,1,399,33030,1
2345,A,800000,300000,7,51,1,46496,5588,1
2346,A,200000,200000,6,21,1,107835,23301,1
2347,A,1300000,1300000,2,47,0,30037,128353,1
2348,A,500000,300000,4,50,1,13680,62370,1
2349,A,1300000,1300000,2,47,1,19357,148617,1
2350,B,800000,800000,4,39,1,37045,177705,1
2351,A,800000,800000,4,51,1,21132,76547,1
2352,B,800000,800000,7,62,1,3500,87120,1
2353,A,600000,600000,7,64,1,0,51553,1
2354,A,1000000,300000,6,24,1,65159,18810,1
2355,A,1200000,1200000,4,43,1,132123,47933,1
2356,A,1000000,400000,2,25,1,79226,6258,1
2357,A,800000,300000,6,22,1,19667,15044,1
2358,A,200000,200000,6,24,1,0,23850,1
2359,A,1300000,1300000,2,35,0,12979,82766,1
2360,A,600000,600000,3,32,0,28241,6337,1
2361,A,500000,500000,2,53,1,24750,104819,1
2362,A,1300000,1300000,4,54,1,463075,180000,1
2363,A,1200000,300000,4,44,1,36485,33750,1
2364,A,1000000,300000,7,50,1,39941,71302,1
2365,A,900000,300000,7,39,1,74296,178200,1
2366,A,700000,300000,4,58,1,25874,52560,1
2367,A,600000,300000,6,22,1,42466,58580,1
2368,A,1300000,1300000,1,65,1,295597,165627,1
2369,A,900000,900000,5,29,1,4386,77750,1
2370,A,700000,300000,7,70,1,15024,36225,1
2371,A,1200000,1200000,2,38,1,9405,15435,1
2372,A,400000,400000,2,27,0,30153,22950,1
2373,A,900000,900000,2,51,1,203933,22860,1
2374,A,500000,500000,2,27,1,11306,23275,1
2375,A,700000,700000,2,26,0,62033,138105,1
2376,A,1300000,700000,7,61,1,93833,30978,1
2377,A,1300000,1300000,3,38,1,147062,107010,1
2378,A,1200000,1200000,2,39,1,121460,102030,1
2379,A,1200000,700000,2,27,1,139469,37710,1
2380,A,1100000,1100000,2,48,0,35844,119790,1
2381,A,200000,200000,2,24,0,111542,60134,1
2382,A,1300000,1300000,5,66,1,33807,52056,1
2383,A,300000,300000,6,25,1,145775,2664,1
2384,A,600000,600000,7,50,1,0,57510,1
2385,A,500000,500000,2,25,1,42284,45667,1
2386,A,1100000,1100000,2,32,1,30827,79408,1
2387,A,700000,700000,2,37,1,1416,61164,1
2388,A,1100000,1100000,2,29,1,393655,55530,1
2389,A,1000000,1000000,2,32,1,14498,91062,1
2390,A,800000,800000,2,31,1,13108,144135,1
2391,A,800000,800000,2,27,1,28110,103211,1
2392,A,1100000,300000,7,44,1,9278,0,1
2393,A,600000,600000,2,64,1,11429,16710,1
2394,A,200000,200000,6,21,1,21108,10098,1
2395,B,1200000,800000,3,24,1,89122,40547,1
2396,A,1100000,1100000,2,26,1,25078,4446,1
2397,A,600000,200000,7,31,1,198421,112500,1
2398,A,800000,800000,4,56,1,17383,12473,1
2399,A,500000,500000,3,30,1,130414,9199,1
2400,A,1300000,300000,4,50,1,63623,76678,1
2401,A,1200000,300000,7,58,1,12000,0,1
2402,A,1500000,1200000,10,48,1,46627,109454,1
2403,A,700000,700000,2,32,1,52065,5592,1
2404,A,1300000,1300000,5,62,1,49559,84553,1
2405,A,1100000,300000,4,54,1,83758,38367,1
2406,A,500000,300000,4,33,1,12663,26262,1
2407,A,1700000,1700000,2,61,1,136046,114930,1
2408,A,1000000,1000000,2,56,1,8283,13481,1
2409,A,1300000,1300000,2,38,1,864506,11799,1
2410,A,800000,300000,8,60,0,102025,120870,1
2411,A,700000,700000,2,28,0,485,19741,1
2412,A,1800000,1800000,2,55,1,80434,30741,1
2413,A,600000,600000,10,64,1,2175,59202,1
2414,A,700000,600000,2,26,1,56087,11690,1
2415,R,1700000,1700000,2,37,1,94450,71662,1
2416,R,900000,300000,4,60,1,98099,25740,1
2417,A,1200000,900000,2,27,1,31983,51567,1
2418,A,800000,300000,7,64,1,36649,56520,1
2419,A,1100000,1100000,2,26,1,84156,52470,1
2420,A,1300000,1300000,2,34,1,55274,36720,1
2421,A,600000,600000,10,31,1,65161,93600,1
2422,A,500000,500000,2,31,0,35916,74259,1
2423,A,200000,200000,3,30,0,132000,147204,1
2424,A,1000000,800000,2,25,1,110815,21285,1
2425,A,700000,700000,2,27,0,7540,25065,1
2426,B,1300000,300000,3,46,1,45568,39582,1
2427,A,700000,700000,2,32,0,36964,95621,1
2428,R,1000000,1000000,4,41,1,72967,116820,1
2429,A,600000,300000,7,43,1,64576,15083,1
2430,A,800000,300000,4,69,1,13804,44717,1
2431,A,800000,300000,4,52,1,29400,74250,1
2432,A,800000,300000,7,67,1,73671,134730,1
2433,A,800000,800000,2,57,0,88060,36720,1
2434,A,800000,800000,2,50,0,330856,78300,1
2435,A,800000,800000,4,59,1,1672,2862,1
2436,A,1000000,300000,2,25,1,62660,19008,1
2437,A,1200000,1200000,2,27,0,8245,27135,1
2438,A,200000,200000,6,22,1,72563,26706,1
2439,A,1300000,1300000,2,39,1,257308,27126,1
2440,A,800000,800000,2,47,0,34720,107010,1
2441,A,100000,0,2,31,1,47526,54360,1
2442,R,1300000,1300000,2,39,0,77884,35732,1
2443,A,600000,600000,2,33,0,4650,84150,1
2444,A,1000000,1000000,2,25,1,36020,12221,1
2445,B,1000000,1000000,12,30,1,108764,12026,1
2446,A,1200000,300000,4,58,1,288727,88860,1
2447,A,500000,500000,2,40,1,5422,36495,1
2448,A,1300000,1300000,4,53,1,577018,268380,1
2449,A,300000,300000,6,22,1,28444,70380,1
2450,A,200000,200000,2,29,1,86398,67905,1
2451,A,700000,700000,5,30,1,980,29057,1
2452,A,1300000,300000,4,61,1,204487,107910,1
2453,A,800000,800000,5,37,0,11301,15980,1
2454,A,700000,700000,1,52,1,10507,82656,1
2455,A,1200000,1200000,2,54,1,112136,102272,1
2456,A,700000,700000,2,52,1,0,20385,1
2457,A,1300000,1300000,2,41,1,7155,6327,1
2458,A,500000,300000,2,22,0,20207,20880,1
2459,A,800000,800000,2,55,1,784,95040,1
2460,A,1300000,1000000,3,53,1,4296,39690,1
2461,A,1300000,300000,7,43,1,291321,32661,1
2462,A,1700000,300000,4,63,1,121988,29880,1
2463,A,800000,300000,7,56,1,4515,38700,1
2464,A,1300000,1300000,7,35,1,105870,23264,1
2465,A,1700000,300000,2,59,1,29868,61867,1
2466,A,400000,400000,2,22,0,10582,3456,1
2467,A,500000,500000,2,27,1,146259,48339,1
2468,A,500000,500000,2,30,1,32886,41981,1
2469,A,800000,300000,4,62,1,3000,5341,1
2470,R,800000,800000,2,32,1,274321,35145,1
2471,A,800000,300000,4,51,1,0,182822,1
2472,A,800000,300000,7,52,1,7863,7271,1
2473,A,600000,500000,5,63,0,35000,45045,1
2474,A,1000000,600000,2,27,1,132059,45639,1
2475,R,800000,800000,2,59,0,272494,60723,1
2476,A,800000,800000,2,27,1,128779,44550,1
2477,A,600000,600000,2,26,1,51448,3951,1
2478,A,1000000,1000000,2,28,0,143294,104306,1
2479,B,800000,800000,2,47,1,19381,176715,1
2480,A,200000,200000,6,21,1,65436,33462,1
2481,A,800000,800000,3,34,1,31977,27886,1
2482,A,800000,800000,2,54,1,11590,123930,1
2483,R,700000,500000,2,52,1,64513,60440,1
2484,A,1100000,1100000,2,43,1,0,25960,1
2485,A,1100000,300000,6,24,1,72267,54521,1
2486,A,1300000,1300000,2,29,1,137020,36873,1
2487,A,1100000,1100000,2,35,1,109591,43848,1
2488,A,700000,700000,2,39,0,95016,95397,1
2489,A,1300000,1300000,2,31,1,57168,180000,1
2490,A,300000,300000,2,35,0,37620,64440,1
2491,A,900000,900000,2,26,0,24211,17493,1
2492,A,800000,800000,2,43,0,51059,108833,1
2493,A,1300000,1300000,2,51,0,131300,151560,1
2494,A,1100000,1100000,2,32,1,37725,51840,1
2495,A,1200000,300000,7,45,1,212518,92754,1
2496,A,1100000,800000,2,26,1,126099,43038,1
2497,A,1300000,1300000,2,34,1,24424,8341,1
2498,A,700000,700000,5,54,1,167390,344144,1
2499,A,500000,500000,2,36,1,2537,47025,1
2500,A,200000,200000,6,20,1,74649,86130,1
2501,A,700000,700000,2,29,0,3240,180000,1
2502,A,200000,200000,2,42,0,59057,45870,1
2503,A,400000,400000,2,35,1,369552,41162,1
2504,A,600000,600000,2,29,0,37098,53451,1
2505,A,500000,500000,2,26,1,2090,28760,1
2506,A,1200000,1200000,2,39,0,203269,104940,1
2507,A,1200000,1200000,2,34,0,64899,47115,1
2508,A,800000,800000,2,35,1,26743,180000,1
2509,A,1300000,1300000,1,51,0,109879,117920,1
2510,A,1300000,1300000,2,56,1,339000,19415,1
2511,A,200000,200000,8,77,1,42581,5761,1
2512,A,800000,800000,4,30,1,18685,13356,1
2513,A,1000000,300000,6,24,0,249163,67849,1
2514,A,800000,800000,4,51,1,7298,9990,1
2515,A,700000,700000,2,30,1,10190,1071,1
2516,A,800000,800000,2,57,1,30578,5202,1
2517,A,1200000,1200000,2,29,1,96288,111563,1
2518,A,1800000,300000,4,51,1,48510,98487,1
2519,A,700000,200000,6,21,1,93003,14806,1
2520,A,700000,700000,2,51,0,48718,180000,1
2521,A,500000,500000,2,48,0,44812,56520,1
2522,A,1300000,1300000,2,63,0,244607,31770,1
2523,A,700000,700000,2,33,0,3772,9954,1
2524,R,1000000,500000,2,28,1,14083,30402,1
2525,A,1300000,1000000,2,32,0,484312,3519,1
2526,A,200000,200000,6,22,0,3900,4169,1
2527,A,1000000,400000,2,29,0,189403,84420,1
2528,A,1300000,1300000,2,49,0,59120,21955,1
2529,A,1000000,1000000,7,30,1,73632,15840,1
2530,A,700000,700000,2,29,1,1030,18000,1
2531,A,800000,300000,4,47,1,2070,67014,1
2532,A,200000,200000,11,25,1,204065,49590,1
2533,A,1200000,300000,7,28,1,229685,28890,1
2534,A,800000,800000,2,66,1,33561,31590,1
2535,A,800000,300000,11,56,1,3753,37710,1
2536,A,200000,200000,4,32,1,91720,111465,1
2537,A,800000,600000,2,51,1,6768,110970,1
2538,A,1200000,300000,4,62,1,53170,150480,1
2539,A,800000,300000,7,46,1,17338,15246,1
2540,A,1000000,300000,6,24,0,189256,48510,1
2541,A,1100000,300000,4,46,1,63732,52560,1
2542,A,200000,200000,7,53,1,0,54774,1
2543,A,700000,700000,2,26,1,11809,38740,1
2544,A,800000,300000,4,57,1,2511,35829,1
2545,A,1100000,1100000,7,50,1,33761,35431,1
2546,A,1300000,300000,6,23,1,128985,19417,1
2547,A,500000,500000,4,39,1,31618,22415,1
2548,A,400000,400000,2,25,0,3623,21186,1
2549,A,500000,500000,2,41,1,82598,74140,1
2550,A,500000,300000,6,23,0,6408,10656,1
2551,A,1200000,1200000,2,30,1,47660,70380,1
2552,A,500000,500000,7,69,1,80513,180000,1
2553,B,1000000,300000,11,57,1,104711,44926,1
2554,A,1800000,1800000,10,50,1,47930,50135,1
2555,A,1300000,1300000,2,31,1,131862,15633,1
2556,A,800000,300000,7,51,1,50655,26097,1
2557,B,1000000,500000,7,46,1,83708,72052,1
2558,A,600000,600000,4,43,1,44621,12699,1
2559,A,800000,800000,2,28,1,185714,17229,1
2560,A,1300000,1300000,2,47,0,106075,1782,1
2561,A,1300000,1300000,7,31,1,79243,27518,1
2562,A,900000,900000,5,52,0,57960,169380,1
2563,A,800000,800000,2,37,1,39540,7326,1
2564,A,1000000,1000000,2,34,1,117496,126545,1
2565,R,1300000,300000,4,68,1,12312,8047,1
2566,A,600000,300000,6,24,1,15049,21423,1
2567,A,1200000,1200000,2,41,0,7376,44820,1
2568,A,900000,900000,2,26,1,385342,43882,1
2569,A,700000,200000,6,21,1,64133,20262,1
2570,A,600000,300000,6,26,1,0,18246,1
2571,A,700000,700000,2,36,0,16616,35631,1
2572,A,1100000,800000,5,35,1,36691,53430,1
2573,A,800000,800000,2,52,0,44462,6715,1
2574,A,800000,800000,2,64,1,46622,14701,1
2575,A,1100000,1100000,2,31,1,80900,75657,1
2576,A,1100000,300000,6,26,1,262606,29673,1
2577,A,200000,200000,6,21,1,42288,5399,1
2578,A,1200000,700000,2,24,1,131607,23469,1
2579,A,1000000,1000000,2,31,0,103824,24660,1
2580,A,1100000,1100000,2,42,1,57037,2180,1
2581,A,800000,800000,2,35,1,16335,13248,1
2582,A,400000,300000,4,60,1,0,199980,1
2583,A,800000,800000,3,39,0,0,155556,1
2584,A,1000000,1000000,2,45,1,5747,97436,1
2585,A,800000,700000,2,46,1,5211,82172,1
2586,A,1300000,1300000,2,52,1,301734,270000,1
2587,A,800000,800000,1,36,1,101673,106020,1
2588,A,1000000,1000000,2,30,1,137955,1881,1
2589,A,1000000,1000000,2,30,1,45927,1881,1
2590,A,800000,800000,2,27,1,324990,20880,1
2591,A,1200000,1200000,3,27,1,392679,3167,1
2592,A,1300000,1300000,1,67,0,857570,25344,1
2593,A,1000000,1000000,2,26,1,0,20891,1
2594,A,1300000,1300000,2,51,1,14238,42462,1
2595,R,1300000,1300000,2,27,1,126957,38558,1
2596,A,800000,800000,2,52,0,7402,3728,1
2597,A,1000000,1000000,2,24,1,13200,27720,1
2598,A,1000000,1000000,2,26,1,9761,12733,1
2599,A,800000,800000,7,65,1,11534,4201,1
2600,A,800000,800000,7,65,1,8599,4201,1
2601,A,900000,300000,6,25,1,89287,58518,1
2602,A,1300000,1300000,2,44,0,61740,149580,1
2603,A,1300000,1300000,2,31,1,27950,26037,1
2604,A,600000,600000,5,28,1,40279,50074,1
2605,A,1800000,1800000,10,33,1,206843,115435,1
2606,A,800000,300000,4,71,1,49116,10952,1
2607,A,700000,700000,4,73,1,17769,6731,1
2608,A,700000,700000,2,33,1,11196,4059,1
2609,A,800000,800000,2,66,1,81689,501,1
2610,A,1300000,1300000,2,40,1,261587,6291,1
2611,A,1100000,1100000,2,28,1,63000,40673,1
2612,A,500000,500000,2,27,1,29351,21978,1
2613,A,700000,700000,2,55,1,41793,12863,1
2614,A,600000,600000,2,27,1,23558,17821,1
2615,A,800000,300000,6,27,1,35837,13899,1
2616,A,800000,800000,2,30,1,138449,40887,1
2617,B,1100000,1100000,2,36,1,4743,21285,1
2618,A,700000,700000,2,27,1,74804,20672,1
2619,A,500000,500000,2,57,1,34426,28521,1
2620,A,700000,700000,2,28,1,76864,39487,1
2621,A,600000,300000,4,40,1,27128,38988,1
2622,A,1300000,1300000,2,51,1,156316,31950,1
2623,A,1700000,1700000,2,34,1,2367,3303,1
2624,A,1300000,1100000,8,71,1,28024,13621,1
2625,A,700000,700000,2,29,1,18991,32067,1
2626,R,600000,600000,2,28,1,119230,41669,1
2627,A,800000,800000,3,38,0,24373,64125,1
2628,A,1300000,1300000,7,57,1,75301,41283,1
2629,A,700000,700000,2,28,1,25411,14580,1
2630,A,700000,300000,7,52,1,9966,2635,1
2631,A,1100000,1100000,2,28,0,148494,41580,1
2632,A,700000,700000,7,32,1,27031,8827,1
2633,A,1000000,1000000,2,29,1,0,12573,1
2634,A,1000000,1000000,2,53,0,3991,105791,1
2635,A,1000000,1000000,3,24,0,109845,39690,1
2636,A,1000000,1000000,2,25,1,166313,60146,1
2637,A,800000,800000,3,30,0,98295,12388,1
2638,A,1500000,1500000,2,40,1,168129,137532,1
2639,A,800000,800000,2,41,0,5000,161955,1
2640,A,1200000,300000,4,31,1,10611,45146,1
2641,A,800000,800000,2,29,1,85665,56727,1
2642,A,1100000,300000,6,24,1,1641,43159,1
2643,A,800000,800000,2,26,1,24892,13455,1
2644,A,800000,800000,10,35,1,139673,30690,1
2645,A,600000,600000,2,31,0,15772,77259,1
2646,A,1100000,1100000,3,26,1,3762,9185,1
2647,A,1300000,1300000,2,40,1,79008,31702,1
2648,A,800000,300000,7,56,1,11940,33453,1
2649,A,700000,300000,4,56,1,15000,144630,1
2650,A,800000,800000,1,54,1,21686,105050,1
2651,A,700000,700000,3,26,1,85449,36522,1
2652,A,600000,600000,2,48,1,40819,23793,1
2653,A,800000,800000,4,62,1,38313,14049,1
2654,A,1100000,1100000,2,28,0,24453,38700,1
2655,A,700000,700000,2,28,1,2052,21070,1
2656,B,900000,900000,2,28,1,20522,58945,1
2657,A,200000,0,2,54,1,2000,1635,1
2658,A,800000,800000,3,66,1,15000,64350,1
2659,A,600000,600000,2,27,0,0,48126,1
2660,A,1100000,1100000,2,27,0,155753,17235,1
2661,A,700000,700000,2,26,1,26755,29150,1
2662,A,800000,300000,7,59,1,5293,9580,1
2663,A,1000000,300000,6,23,1,61108,9513,1
2664,A,800000,800000,2,34,1,14630,66867,1
2665,A,800000,800000,5,76,1,16246,6850,1
2666,A,500000,500000,2,27,1,33430,783,1
2667,A,700000,300000,4,57,1,11052,39987,1
2668,A,800000,800000,8,71,1,0,4950,1
2669,A,700000,700000,5,43,1,417231,11052,1
2670,A,1300000,1300000,3,31,1,0,31770,1
2671,B,1300000,1300000,3,37,1,68910,10175,1
2672,A,1100000,1100000,2,28,1,138474,65727,1
2673,A,1300000,1300000,2,56,1,160830,13365,1
2674,A,700000,700000,2,29,0,9776,90180,1
2675,A,800000,400000,2,24,0,16500,37431,1
2676,A,800000,800000,2,52,1,0,16532,1
2677,A,800000,800000,2,31,1,37810,59310,1
2678,A,800000,500000,2,46,1,139970,15770,1
2679,B,1000000,1000000,2,26,1,77219,12672,1
2680,A,800000,400000,7,53,1,48188,32970,1
2681,A,800000,800000,7,56,1,1224,62352,1
2682,A,1300000,1300000,2,27,1,32686,16642,1
2683,A,1100000,1100000,2,29,1,50426,16227,1
2684,A,800000,300000,8,75,1,1829,181123,1
2685,R,1000000,300000,6,22,1,10545,14850,1
2686,A,1400000,300000,6,24,1,357323,31697,1
2687,A,500000,500000,2,28,0,135560,28351,1
2688,A,1300000,1300000,5,60,1,260950,46125,1
2689,A,300000,300000,6,23,1,75828,12213,1
2690,A,700000,400000,7,30,1,19789,37908,1
2691,A,500000,300000,2,23,1,147724,9126,1
2692,A,1000000,1000000,2,43,0,163373,41583,1
2693,A,500000,500000,2,26,1,28875,14783,1
2694,A,800000,300000,7,31,1,22760,14141,1
2695,A,1000000,300000,6,22,1,0,50995,1
2696,A,600000,600000,2,29,0,20005,4050,1
2697,A,800000,800000,2,36,1,19170,18956,1
2698,A,1300000,1300000,10,51,1,251145,124561,1
2699,A,700000,700000,2,25,1,0,4446,1
2700,A,800000,800000,2,27,1,889,12934,1
2701,A,500000,500000,2,27,1,14850,21771,1
2702,A,700000,300000,3,28,1,33909,46750,1
2703,A,900000,300000,7,49,1,178242,14940,1
2704,A,1300000,1300000,2,55,0,84342,2075,1
2705,A,1200000,1200000,2,32,0,145185,20610,1
2706,A,800000,300000,4,59,1,40613,1687,1
2707,A,1000000,300000,13,34,1,73451,112826,1
2708,R,1100000,300000,2,25,1,97745,24871,1
2709,A,500000,500000,2,26,1,297045,16178,1
2710,A,800000,800000,2,48,1,0,40088,1
2711,A,1000000,300000,7,44,1,27297,41778,1
2712,A,1300000,1300000,7,59,1,102138,27810,1
2713,A,800000,800000,2,32,1,35165,93140,1
2714,A,1100000,300000,4,52,1,474802,7985,1
2715,A,500000,300000,4,43,1,23722,60210,1
2716,A,800000,800000,2,48,1,0,128700,1
2717,A,1000000,1000000,2,33,1,15184,26790,1
2718,A,800000,300000,7,37,1,124901,64350,1
2719,A,800000,800000,2,31,1,0,16815,1
2720,A,800000,800000,2,29,1,80893,148581,1
2721,A,800000,800000,2,29,1,9999,148581,1
2722,A,400000,300000,6,22,1,12401,13490,1
2723,B,1000000,900000,1,65,1,91064,19568,1
2724,A,1200000,700000,4,56,1,112115,141966,1
2725,A,1100000,300000,7,28,1,174603,26519,1
2726,A,1000000,1000000,3,25,1,1500,51957,1
2727,A,800000,800000,3,28,1,15719,4887,1
2728,A,800000,800000,2,31,1,43802,44748,1
2729,A,600000,600000,2,51,1,0,76230,1
2730,A,1000000,800000,4,30,1,460150,10666,1
2731,A,1300000,1300000,2,34,1,9343,26506,1
2732,A,1300000,1300000,2,57,1,91987,45704,1
2733,A,500000,500000,2,57,1,12000,38357,1
2734,A,1000000,1000000,2,52,1,494230,156420,1
2735,A,800000,800000,2,30,1,13429,17811,1
2736,A,1000000,1000000,2,25,1,6774,22419,1
2737,A,1000000,1000000,2,32,1,9244,84240,1
2738,A,1000000,1000000,2,30,1,36452,18702,1
2739,A,1000000,1000000,5,40,1,41995,124137,1
2740,A,700000,700000,2,29,0,1780,13347,1
2741,A,800000,800000,2,54,1,25635,51490,1
2742,A,1300000,1300000,2,46,1,247334,17818,1
2743,A,700000,700000,2,28,0,39992,34485,1
2744,A,600000,600000,2,27,1,0,6679,1
2745,A,700000,700000,2,31,1,64427,32525,1
2746,A,800000,800000,2,57,1,0,14940,1
2747,A,1300000,1300000,3,57,1,39325,52250,1
2748,A,700000,300000,7,59,1,10498,15435,1
2749,A,1300000,1300000,2,28,1,0,57218,1
2750,B,700000,700000,2,36,1,75380,46530,1
2751,A,1000000,1000000,2,29,0,191940,21454,1
2752,A,200000,200000,6,21,1,8800,110970,1
2753,A,1000000,1000000,2,26,1,342159,15979,1
2754,A,800000,800000,2,29,1,69469,61312,1
2755,A,1200000,1200000,3,29,1,227637,34794,1
2756,A,1000000,1000000,2,24,1,81750,1981,1
2757,A,1800000,1800000,5,64,1,16614,14464,1
2758,A,700000,700000,2,28,1,31374,17811,1
2759,A,1300000,1300000,2,35,1,68060,26542,1
2760,A,1000000,300000,4,63,1,89535,52965,1
2761,A,500000,500000,2,28,0,94873,63292,1
2762,A,800000,800000,11,35,1,164339,12982,1
2763,A,800000,300000,2,23,1,75309,70223,1
2764,A,1000000,1000000,2,34,0,6202,34740,1
2765,A,800000,800000,2,41,1,62914,20880,1
2766,A,1000000,1000000,2,59,1,67181,120797,1
2767,A,500000,300000,3,27,1,25131,19719,1
2768,A,800000,800000,1,55,0,84409,21420,1
2769,A,700000,700000,3,53,1,27772,3867,1
2770,A,600000,600000,2,27,1,126873,39871,1
2771,A,800000,800000,5,63,1,9549,21293,1
2772,A,1200000,1200000,2,41,1,53518,35820,1
2773,A,1100000,1100000,2,27,1,506022,58410,1
2774,A,700000,700000,2,36,1,3031,17532,1
2775,A,200000,200000,7,37,1,721876,178845,1
2776,A,800000,800000,4,46,1,17777,29735,1
2777,A,1300000,1300000,2,38,1,67649,45445,1
2778,A,1800000,1800000,4,37,1,206432,62640,1
2779,A,700000,700000,2,37,1,62338,86121,1
2780,A,1200000,1200000,1,57,0,8980,41580,1
2781,A,1800000,1800000,3,29,1,90754,23349,1
2782,A,800000,800000,2,37,1,11400,22770,1
2783,A,700000,700000,2,29,1,2457,36630,1
2784,A,1000000,1000000,2,25,1,52241,75528,1
2785,A,1100000,900000,2,25,1,21243,7911,1
2786,A,700000,300000,6,24,1,12321,86186,1
2787,A,1200000,1200000,4,56,1,186447,70122,1
2788,A,800000,800000,2,33,1,22112,32868,1
2789,B,1000000,300000,11,27,1,285662,83358,1
2790,A,800000,800000,2,39,1,3800,19599,1
2791,B,1500000,900000,2,39,1,82077,15642,1
2792,A,400000,300000,6,25,1,0,4185,1
2793,A,600000,600000,2,31,1,47270,30178,1
2794,A,800000,300000,4,53,1,260882,40859,1
2795,A,700000,700000,3,41,1,0,184998,1
2796,A,800000,800000,2,37,1,10629,36270,1
2797,A,700000,700000,3,56,1,46401,103909,1
2798,A,1500000,300000,7,46,1,121404,159777,1
2799,A,1100000,800000,4,41,1,97229,24840,1
2800,A,400000,300000,11,26,1,4940,22860,1
2801,A,1800000,1800000,2,52,1,20000,82541,1
2802,A,1300000,800000,2,35,1,124054,29047,1
2803,A,1800000,300000,7,57,1,83858,54649,1
2804,A,700000,700000,2,28,1,53118,54392,1
2805,A,800000,300000,4,55,1,9801,16920,1
2806,A,1000000,1000000,2,26,1,148865,57179,1
2807,A,1300000,300000,11,53,1,34789,51689,1
2808,R,800000,800000,4,37,1,67191,84627,1
2809,A,1100000,300000,4,46,1,0,57420,1
2810,A,800000,300000,11,34,1,20592,11970,1
2811,A,800000,800000,2,51,1,6622,13185,1
2812,A,900000,900000,4,43,1,41820,42908,1
2813,A,1000000,300000,6,23,1,70705,15695,1
2814,A,700000,700000,2,31,1,7480,20735,1
2815,A,1300000,300000,4,55,1,9496,28898,1
2816,A,400000,300000,6,21,1,3278,5322,1
2817,A,500000,500000,2,29,0,136418,70380,1
2818,A,1300000,1300000,2,57,1,193019,38199,1
2819,A,1000000,1000000,10,27,1,280880,35235,1
2820,A,1000000,1000000,2,52,1,317094,99338,1
2821,A,1200000,1200000,10,32,1,22880,60305,1
2822,A,600000,600000,2,27,1,8441,8019,1
2823,A,1300000,1300000,4,51,1,17886,70380,1
2824,A,500000,500000,1,33,1,12350,32670,1
2825,A,400000,400000,2,35,1,33561,26226,1
2826,A,800000,300000,4,76,1,17942,48897,1
2827,A,1700000,1500000,2,35,1,199830,143772,1
2828,A,1300000,300000,2,57,1,20608,90976,1
2829,A,200000,200000,6,24,1,48559,23454,1
2830,A,1200000,1200000,2,30,1,49749,4976,1
2831,A,1000000,1000000,2,32,1,95380,30483,1
2832,A,600000,600000,2,28,1,86545,25542,1
2833,A,700000,700000,2,28,1,37412,60939,1
2834,A,800000,800000,2,37,1,17490,17117,1
2835,A,200000,200000,2,54,1,57593,84240,1
2836,A,800000,800000,2,25,1,25843,15687,1
2837,A,600000,600000,2,33,1,9414,7812,1
2838,A,500000,500000,2,25,1,39109,13029,1
2839,A,600000,600000,8,75,0,828,3595,1
2840,A,800000,800000,2,44,1,3000,41670,1
2841,A,1300000,300000,7,47,1,59110,16335,1
2842,A,600000,600000,2,23,1,12510,38115,1
2843,A,800000,300000,7,53,1,45240,77797,1
2844,A,700000,700000,7,55,1,8453,36358,1
2845,A,500000,500000,2,33,0,10607,16722,1
2846,A,800000,800000,2,52,1,56112,21301,1
2847,B,500000,500000,2,28,0,0,23760,1
2848,A,800000,300000,7,63,1,181282,16776,1
2849,A,1000000,1000000,2,62,1,87803,177300,1
2850,A,200000,200000,3,32,1,1596,70380,1
2851,A,500000,500000,2,26,1,5623,3010,1
2852,A,1200000,1200000,2,41,1,89663,52560,1
2853,B,600000,600000,2,26,1,7859,60674,1
2854,A,1300000,300000,2,26,1,52151,10485,1
2855,A,400000,400000,12,26,1,30440,6534,1
2856,A,1200000,1200000,2,38,1,285979,72270,1
2857,A,1100000,300000,2,27,1,221325,56205,1
2858,A,1000000,1000000,2,29,1,95697,0,1
2859,A,800000,500000,7,35,1,31445,149778,1
2860,A,800000,800000,2,39,1,11727,4194,1
2861,R,1200000,1200000,2,28,1,399822,33106,1
2862,A,1300000,1300000,2,50,1,110000,39204,1
2863,B,700000,700000,2,28,1,26118,41845,1
2864,A,1300000,1300000,2,51,0,78178,33660,1
2865,A,800000,800000,2,28,1,41768,8010,1
2866,A,1300000,1300000,2,63,1,79977,32373,1
2867,A,700000,700000,2,35,1,0,25335,1
2868,A,800000,300000,7,51,1,51835,24300,1
2869,A,600000,600000,2,27,1,798,7020,1
2870,A,1200000,1200000,2,28,1,394949,49043,1
2871,B,1300000,1300000,2,62,0,353692,16544,1
2872,A,1800000,1800000,2,40,1,195117,133920,1
2873,A,1200000,1200000,2,29,1,66554,33777,1
2874,A,700000,700000,1,34,0,6863,102942,1
2875,A,400000,400000,4,27,1,21780,14940,1
2876,A,1100000,1100000,1,28,1,61179,24452,1
2877,A,400000,400000,2,27,1,0,49887,1
2878,A,600000,600000,2,34,1,51512,29700,1
2879,A,1100000,1100000,2,26,1,56688,87121,1
2880,A,700000,700000,2,47,1,80080,45990,1
2881,A,800000,800000,2,38,0,0,39212,1
2882,A,800000,400000,2,55,1,17963,32760,1
2883,A,800000,800000,2,34,0,101678,35020,1
2884,A,600000,300000,6,23,1,25376,25371,1
2885,A,1200000,1200000,4,46,1,39290,45324,1
2886,A,600000,600000,2,32,1,24000,24147,1
2887,A,1300000,1300000,2,30,1,44248,31538,1
2888,A,1300000,1300000,2,40,1,16620,27810,1
2889,A,1100000,1100000,2,36,1,920000,180000,1
2890,A,600000,600000,2,51,1,64980,89100,1
2891,A,1100000,1100000,2,30,1,406614,1476,1
2892,A,700000,700000,2,34,0,116518,180000,1
2893,A,1300000,1300000,2,31,1,62404,32494,1
2894,A,800000,800000,4,55,1,646609,21357,1
2895,A,800000,800000,2,29,1,3168,59252,1
2896,A,400000,400000,2,32,1,85852,50571,1
2897,A,800000,300000,7,54,1,25416,53550,1
2898,A,800000,800000,3,42,1,1881,24143,1
2899,A,800000,800000,2,31,0,26830,16128,1
2900,A,1000000,1000000,2,57,0,55650,3129,1
2901,A,200000,200000,2,27,1,66231,27870,1
2902,A,1100000,1100000,2,27,1,53875,17789,1
2903,A,800000,800000,2,57,1,59271,81936,1
2904,A,500000,500000,2,25,1,22248,57618,1
2905,A,1300000,1300000,1,61,1,308998,96327,1
2906,A,1100000,1100000,2,26,1,106363,47214,1
2907,A,800000,800000,13,41,1,63281,12573,1
2908,A,800000,800000,2,29,1,69716,9990,1
2909,A,400000,400000,2,35,1,9900,63611,1
2910,A,800000,800000,3,32,0,81910,33165,1
2911,A,1200000,800000,2,26,1,21722,17820,1
2912,A,1300000,1300000,7,53,1,12874,42669,1
2913,A,1200000,1200000,2,37,1,45490,63945,1
2914,A,800000,800000,2,37,1,8075,60975,1
2915,A,400000,400000,2,24,1,12266,13366,1
2916,A,200000,200000,6,24,1,65093,12948,1
2917,A,900000,900000,2,44,1,28079,26325,1
2918,A,1200000,1200000,2,26,1,79178,86933,1
2919,A,1100000,1100000,2,30,1,45077,27328,1
2920,A,1500000,1500000,2,50,1,70649,85230,1
2921,A,800000,300000,1,45,1,141153,79443,1
2922,A,800000,800000,2,32,1,0,80382,1
2923,A,1000000,1000000,2,28,1,68821,8010,1
2924,A,800000,800000,2,34,1,14288,110673,1
2925,A,1200000,1200000,2,32,1,79868,55557,1
2926,A,1300000,1300000,5,57,1,34376,14940,1
2927,A,800000,800000,2,46,1,35709,42471,1
2928,A,1100000,1100000,2,27,0,54400,16821,1
2929,R,600000,600000,2,40,1,110014,127710,1
2930,A,1200000,1200000,3,27,1,71693,50892,1
2931,A,1100000,1100000,2,36,0,57660,23850,1
2932,A,700000,700000,2,29,0,3040,60975,1
2933,A,1300000,1300000,2,35,1,121908,37260,1
2934,A,1200000,1200000,2,36,1,25000,12875,1
2935,B,1100000,1100000,2,25,1,94516,27199,1
2936,A,700000,700000,2,34,1,9019,13425,1
2937,A,1300000,1300000,2,31,1,86479,30735,1
2938,A,1200000,1200000,2,24,1,97701,10755,1
2939,A,1000000,1000000,3,25,1,71192,14311,1
2940,A,1300000,1300000,10,60,1,44114,35640,1
2941,A,700000,700000,2,32,1,11484,13401,1
2942,A,1000000,1000000,7,55,1,37607,21171,1
2943,A,1200000,300000,7,56,1,94495,38292,1
2944,A,800000,800000,2,58,0,20322,36720,1
2945,A,1300000,1300000,4,56,1,48182,50778,1
2946,A,1300000,900000,2,27,1,87857,78300,1
2947,A,700000,700000,2,24,0,78036,86859,1
2948,A,1100000,1100000,2,25,1,79780,28107,1
2949,A,200000,200000,11,29,1,22710,7649,1
2950,A,800000,800000,12,33,1,32613,30087,1
2951,A,700000,700000,1,62,1,10000,9142,1
2952,A,400000,400000,2,25,1,32069,35928,1
2953,R,700000,700000,2,51,1,40946,2729,1
2954,A,1200000,1200000,2,27,1,156655,72357,1
2955,A,800000,800000,2,31,1,183907,45540,1
2956,A,1000000,1000000,2,44,1,900,20880,1
2957,A,800000,800000,2,42,0,30468,22860,1
2958,A,700000,700000,2,30,1,9777,4743,1
2959,A,700000,700000,2,30,1,73132,46302,1
2960,A,800000,800000,2,25,1,307970,58889,1
2961,A,1200000,1200000,2,30,1,79325,40086,1
2962,A,700000,700000,2,30,1,14976,24939,1
2963,A,800000,800000,5,56,1,74874,283921,1
2964,A,1300000,1200000,2,38,1,19908,8530,1
2965,A,200000,200000,2,22,1,87459,14040,1
2966,A,1000000,300000,6,24,1,176902,31473,1
2967,A,1200000,300000,4,63,1,103646,41670,1
2968,A,1300000,1300000,2,36,1,21000,44550,1
2969,A,1300000,1300000,2,33,1,0,30215,1
2970,A,800000,800000,7,53,1,68389,72731,1
2971,R,1300000,1300000,2,38,1,13930,13158,1
2972,B,900000,900000,2,40,1,23265,25342,1
2973,A,1300000,1300000,4,58,1,48148,54639,1
2974,A,1100000,800000,6,23,1,126248,61668,1
2975,A,800000,800000,2,28,1,8313,56520,1
2976,A,500000,500000,2,62,1,49779,15183,1
2977,A,200000,200000,7,41,1,124547,112860,1
2978,A,600000,600000,1,34,0,1530,73221,1
2979,A,1000000,1000000,2,32,0,84846,45837,1
2980,A,500000,500000,2,39,1,14894,4941,1
2981,R,1000000,1000000,2,27,1,141075,52686,1
2982,A,700000,700000,6,25,1,12978,9000,1
2983,B,700000,700000,2,34,1,12513,30344,1
2984,B,1100000,1100000,2,29,1,225157,8376,1
2985,A,1200000,1200000,2,24,1,46472,15840,1
2986,A,1300000,1300000,2,43,1,105371,36630,1
2987,R,1200000,1200000,2,28,1,98948,29948,1
2988,A,600000,300000,4,43,1,84599,50382,1
2989,A,1200000,1200000,3,47,1,459265,5581,1
2990,A,700000,700000,2,31,1,28710,23850,1
2991,A,800000,800000,2,31,1,33462,96030,1
2992,A,600000,400000,2,25,1,42312,13010,1
2993,A,700000,700000,3,37,1,155008,77310,1
2994,A,1300000,800000,2,26,1,1073934,26460,1
2995,A,900000,300000,6,21,1,86307,75373,1
2996,A,800000,800000,2,57,0,5000,21285,1
2997,A,1000000,1000000,2,26,1,103579,1944,1
2998,A,1000000,400000,2,24,1,24032,23805,1
2999,A,700000,700000,2,35,1,21691,35504,1
3000,A,600000,600000,5,49,1,49500,37818,1
3001,A,700000,700000,2,27,1,0,6822,1
3002,A,700000,300000,4,33,1,0,2981,1
3003,A,700000,700000,3,27,1,28880,22743,1
3004,A,1100000,1100000,2,28,1,63443,13140,1
3005,R,1300000,1300000,2,34,1,75116,8465,1
3006,A,300000,0,2,58,1,31539,63846,1
3007,A,800000,800000,2,66,1,4327,3889,1
3008,A,700000,700000,2,27,1,90648,27558,1
3009,A,800000,800000,2,36,1,47652,2565,1
3010,A,600000,600000,2,61,1,30305,41130,1
3011,A,600000,600000,2,28,0,0,55390,1
3012,A,1300000,1300000,2,48,1,0,91890,1
3013,A,800000,800000,2,52,1,83839,57420,1
3014,A,1100000,1100000,2,33,1,36333,7521,1
3015,A,1200000,1200000,4,55,1,243151,67799,1
3016,A,1300000,1300000,3,53,1,11818,2565,1
3017,A,1000000,300000,6,22,0,16542,4491,1
3018,A,700000,200000,6,22,1,95001,2322,1
3019,A,900000,900000,3,23,0,190285,57420,1
3020,A,1300000,1300000,2,62,0,43540,15637,1
3021,A,800000,800000,2,42,0,16517,12627,1
3022,A,1200000,1200000,2,26,1,91061,57274,1
3023,A,800000,800000,2,58,1,28217,10689,1
3024,A,1300000,1300000,2,54,0,11381,73625,1
3025,A,600000,600000,2,26,1,21432,22359,1
3026,A,700000,700000,2,39,1,77889,181013,1
3027,A,1200000,1200000,2,26,1,11804,2370,1
3028,A,800000,800000,2,54,0,42453,12960,1
3029,A,700000,300000,7,35,1,847,7654,1
3030,A,800000,800000,2,34,1,71122,89586,1
3031,A,700000,700000,5,40,0,8958,51049,1
3032,A,700000,700000,2,30,1,24946,9814,1
3033,A,1100000,1100000,2,27,1,116496,59877,1
3034,A,1000000,300000,6,23,1,82692,34996,1
3035,A,700000,700000,2,24,1,22660,25751,1
3036,A,1000000,1000000,2,35,1,3230,806,1
3037,A,600000,600000,3,28,1,16900,5947,1
3038,A,1100000,1100000,2,24,1,14013,15138,1
3039,B,1200000,200000,6,21,1,166464,52760,1
3040,A,900000,900000,11,48,1,49904,92819,1
3041,A,200000,200000,6,20,1,139172,29755,1
3042,A,500000,500000,2,28,1,6624,43223,1
3043,A,800000,800000,4,51,1,45868,77205,1
3044,A,1300000,1300000,7,56,1,14709,6373,1
3045,A,400000,300000,6,23,1,0,28008,1
3046,A,1200000,1200000,2,35,1,107856,28697,1
3047,A,600000,600000,2,53,1,4430,39278,1
3048,A,500000,500000,2,66,0,56272,53550,1
3049,A,800000,300000,6,22,1,88628,55154,1
3050,A,1700000,1700000,2,56,1,264776,36670,1
3051,A,500000,300000,4,29,1,21570,28413,1
3052,A,1300000,1300000,2,25,1,25361,62474,1
3053,A,400000,400000,2,26,1,5225,25213,1
3054,A,800000,300000,6,23,1,27358,31577,1
3055,A,600000,600000,2,25,1,4741,8455,1
3056,A,200000,200000,2,25,1,87435,13986,1
3057,A,800000,300000,2,52,1,75594,2546,1
3058,A,1300000,300000,7,76,1,50489,7560,1
3059,A,200000,200000,6,21,1,131062,39366,1
3060,A,200000,200000,7,23,1,97589,13035,1
3061,A,600000,600000,6,24,1,70676,34090,1
3062,A,1200000,1100000,2,30,1,94482,47106,1
3063,A,500000,300000,7,37,1,63125,5591,1
3064,A,700000,700000,2,26,1,0,4560,1
3065,A,1000000,1000000,2,36,1,59642,22473,1
3066,A,1000000,1000000,2,28,0,139186,14940,1
3067,A,1100000,300000,7,56,1,96676,27581,1
3068,A,1200000,1200000,2,26,1,181901,27474,1
3069,A,1100000,1100000,2,27,1,27937,175902,1
3070,A,200000,200000,7,40,1,7218,8342,1
3071,A,700000,700000,2,26,1,41955,30186,1
3072,A,800000,800000,2,45,0,85970,65061,1
3073,A,200000,200000,6,27,1,180133,8455,1
3074,A,1200000,1200000,2,28,1,3040,15043,1
3075,A,1000000,1000000,2,57,1,85084,16920,1
3076,A,1300000,1300000,3,52,1,45745,33535,1
3077,A,1100000,1100000,2,25,1,114742,22050,1
3078,A,200000,200000,2,28,1,18542,25161,1
3079,A,800000,800000,2,26,1,19848,21537,1
3080,A,600000,600000,2,32,1,5113,6665,1
3081,A,1000000,1000000,3,28,1,170415,23276,1
3082,A,700000,700000,2,28,0,6192,22860,1
3083,A,700000,300000,2,28,1,34738,38781,1
3084,A,600000,600000,2,26,1,76538,25146,1
3085,A,600000,600000,2,24,1,0,20786,1
3086,A,400000,400000,7,27,1,0,6660,1
3087,A,800000,800000,7,62,1,148064,0,1
3088,A,1300000,1300000,2,37,1,87704,91701,1
3089,A,900000,700000,7,24,1,85692,11874,1
3090,A,1000000,700000,2,26,1,283065,17001,1
3091,A,700000,700000,2,25,1,14393,17622,1
3092,A,1200000,1200000,2,32,1,126355,32022,1
3093,A,900000,900000,10,26,0,74332,18810,1
3094,A,200000,200000,6,20,1,12936,15732,1
3095,A,800000,800000,3,28,1,29007,26790,1
3096,A,700000,700000,2,39,0,128416,12267,1
3097,A,800000,800000,2,27,0,33270,33210,1
3098,A,800000,800000,2,35,0,3344,4180,1
3099,A,1100000,1100000,2,26,1,22806,14421,1
3100,A,1000000,300000,13,47,1,387785,98389,1
3101,A,800000,800000,3,29,0,6574,152369,1
3102,A,1000000,1000000,2,26,1,122758,13355,1
3103,A,1100000,1100000,2,28,1,111286,22533,1
3104,A,700000,200000,6,24,1,17186,11517,1
3105,A,1100000,500000,2,24,1,162711,17234,1
3106,A,700000,700000,7,54,1,21945,53460,1
3107,A,1000000,1000000,2,26,1,83139,6324,1
3108,A,800000,300000,2,46,1,50003,36747,1
3109,A,1100000,1100000,2,29,1,111807,30236,1
3110,A,1200000,1200000,3,29,1,432036,53834,1
3111,A,1300000,1300000,2,27,1,278934,1444,1
3112,A,200000,200000,6,20,1,109850,58573,1
3113,A,1300000,300000,2,52,1,157879,81410,1
3114,A,1200000,300000,2,25,1,78858,83853,1
3115,R,800000,800000,3,35,0,104365,93816,1
3116,A,1200000,1200000,4,34,1,32492,20666,1
3117,A,600000,300000,6,22,1,13167,45095,1
3118,A,700000,700000,3,31,1,21163,29889,1
3119,A,1200000,1200000,2,34,1,179754,74399,1
3120,A,800000,800000,3,23,1,83998,20385,1
3121,A,1700000,1700000,2,39,0,59320,7276,1
3122,A,1800000,300000,4,53,1,100177,54648,1
3123,A,200000,200000,6,21,1,21378,5257,1
3124,A,500000,500000,3,26,1,43700,21944,1
3125,A,1000000,1000000,3,27,1,12177,62596,1
3126,A,1300000,1300000,3,25,1,8930,42196,1
3127,A,1200000,1200000,3,38,0,26665,28855,1
3128,A,800000,800000,2,51,0,135351,52470,1
3129,A,700000,700000,2,25,1,43032,58403,1
3130,A,800000,300000,7,53,1,1035,30326,1
3131,A,1700000,1600000,2,29,1,171436,124858,1
3132,A,1300000,300000,3,47,1,275809,36200,1
3133,A,700000,200000,6,20,1,106550,6188,1
3134,A,500000,500000,2,29,1,23304,167214,1
3135,A,700000,500000,2,27,1,66042,21960,1
3136,A,1600000,900000,7,67,1,92748,55981,1
3137,A,800000,800000,1,40,0,1387,170683,1
3138,A,800000,800000,2,29,0,5667,59490,1
3139,A,1200000,500000,7,59,1,98437,41765,1
3140,A,800000,800000,4,37,1,135788,30060,1
3141,A,1200000,1200000,2,29,1,48068,13889,1
3142,A,1100000,300000,2,23,1,20972,54663,1
3143,A,700000,300000,4,51,1,37214,6977,1
3144,A,1100000,300000,8,23,1,75270,29765,1
3145,A,700000,600000,2,24,1,179358,28574,1
3146,A,600000,600000,2,25,1,32609,59885,1
3147,A,1000000,1000000,2,58,1,42338,39204,1
3148,A,1100000,300000,6,23,1,190908,11901,1
3149,A,600000,600000,2,27,1,9078,23098,1
3150,A,200000,200000,6,20,1,21413,4275,1
3151,A,700000,700000,2,20,1,203861,12902,1
3152,A,800000,300000,6,20,0,112754,28899,1
3153,A,700000,300000,6,24,1,12468,29055,1
3154,A,700000,300000,8,70,1,12870,17550,1
3155,A,700000,200000,6,21,1,141488,17576,1
3156,A,700000,700000,1,49,1,62370,176310,1
3157,A,1200000,300000,6,26,1,167200,29502,1
3158,A,1300000,300000,4,46,1,50847,55483,1
3159,A,800000,500000,4,70,1,130639,62183,1
3160,A,800000,800000,2,55,1,63016,9918,1
3161,A,600000,600000,4,38,1,15675,145620,1
3162,A,1000000,300000,6,24,1,472247,34425,1
3163,A,700000,200000,6,21,1,49127,4050,1
3164,A,800000,800000,2,59,1,15290,180000,1
3165,A,1300000,1300000,1,40,0,223803,52761,1
3166,A,1000000,1000000,2,29,1,183293,13455,1
3167,A,900000,300000,6,23,1,60147,51669,1
3168,A,1800000,900000,2,28,1,90991,68162,1
3169,A,1300000,300000,2,44,1,241474,171805,1
3170,A,200000,200000,2,24,1,24293,41283,1
3171,A,200000,200000,6,21,1,109317,11232,1
3172,R,800000,800000,3,38,1,77389,12969,1
3173,A,200000,200000,6,21,1,5055,25889,1
3174,A,500000,500000,2,24,1,7420,13986,1
3175,A,1200000,1200000,2,33,1,3211,15732,1
3176,A,800000,800000,2,56,0,0,44486,1
3177,A,800000,800000,4,49,1,1938,59363,1
3178,A,800000,300000,8,84,1,36263,19916,1
3179,A,1200000,900000,2,28,0,28032,27266,1
3180,A,600000,600000,4,51,1,17568,37715,1
3181,A,200000,200000,6,20,1,98954,16722,1
3182,A,900000,300000,6,21,1,118462,7268,1
3183,A,1500000,1100000,2,50,1,331237,136760,1
3184,A,700000,300000,2,25,1,54595,28503,1
3185,A,800000,800000,2,32,0,25104,36338,1
3186,R,500000,500000,2,25,1,87214,71165,1
3187,A,200000,200000,6,19,1,12825,8505,1
3188,A,1100000,300000,2,26,1,36497,25685,1
3189,A,800000,800000,2,35,1,0,6233,1
3190,A,1100000,1100000,3,26,1,77222,3045,1
3191,A,1200000,300000,6,23,1,80037,20925,1
3192,A,1200000,800000,2,38,1,117960,6849,1
3193,A,1200000,1200000,2,56,1,82109,61182,1
3194,A,800000,800000,3,32,0,650767,19791,1
3195,A,900000,900000,2,24,1,225616,16317,1
3196,A,200000,200000,6,22,1,37537,11772,1
3197,A,500000,300000,7,38,1,12443,12375,1
3198,A,900000,900000,4,45,1,338398,163184,1
3199,A,200000,200000,6,21,1,23510,2351,1
3200,A,1300000,800000,4,64,1,92952,43515,1
3201,A,1300000,300000,6,24,1,14967,22643,1
3202,A,1300000,300000,4,40,1,386728,64242,1
3203,A,300000,300000,6,23,0,0,25636,1
3204,A,500000,500000,3,24,1,122878,84204,1
3205,A,500000,300000,7,41,1,68798,29790,1
3206,A,1300000,1300000,5,50,1,421048,87920,1
3207,A,300000,300000,11,26,1,9534,10890,1
3208,A,800000,800000,2,51,0,10000,1350,1
3209,A,500000,300000,6,21,1,197569,23166,1
3210,A,900000,300000,6,24,1,66615,11591,1
3211,A,1100000,1100000,7,52,1,110121,28637,1
3212,A,200000,200000,6,22,1,120684,15435,1
3213,A,800000,700000,2,25,1,1980,18812,1
3214,A,700000,700000,3,25,1,72396,59662,1
3215,A,1300000,1300000,2,35,0,128527,36037,1
3216,A,800000,300000,11,49,1,164689,50957,1
3217,A,700000,700000,2,28,1,0,26325,1
3218,A,700000,200000,6,21,1,79260,19752,1
3219,A,200000,200000,6,21,1,68658,19019,1
3220,A,1200000,1200000,2,34,1,100051,90021,1
3221,A,500000,500000,2,35,0,54720,13284,1
3222,A,800000,300000,8,75,1,36877,9015,1
3223,A,800000,800000,2,36,1,34600,6903,1
3224,A,1200000,1000000,3,53,1,40467,14615,1
3225,A,500000,500000,2,25,1,12345,9758,1
3226,A,1200000,300000,7,56,1,72425,9282,1
3227,A,600000,300000,7,25,1,10327,2565,1
3228,A,1000000,700000,2,41,1,50274,86427,1
3229,A,1200000,1200000,2,26,1,22211,28634,1
3230,A,1200000,1200000,4,57,1,39586,46017,1
3231,A,600000,300000,2,26,1,172327,13797,1
3232,A,600000,600000,2,28,1,17890,15345,1
3233,A,600000,600000,2,40,0,42262,97392,1
3234,A,200000,200000,2,24,1,188251,6129,1
3235,A,700000,200000,6,24,1,95604,22052,1
3236,A,800000,300000,7,58,1,2008,9524,1
3237,A,200000,200000,6,19,1,105037,73800,1
3238,A,800000,700000,2,26,1,0,5931,1
3239,A,900000,300000,6,22,1,74721,6921,1
3240,A,1200000,300000,7,49,1,177826,25728,1
3241,R,1200000,1200000,2,50,1,96274,65303,1
3242,A,700000,700000,2,26,1,131241,15233,1
3243,A,600000,600000,2,26,1,63240,594,1
3244,A,600000,600000,2,26,1,0,19526,1
3245,A,800000,300000,4,62,1,24052,4842,1
3246,A,600000,600000,2,50,1,3687,2565,1
3247,A,1100000,1100000,2,41,0,185813,175230,1
3248,A,200000,200000,6,22,1,2964,37026,1
3249,A,200000,200000,6,20,1,165845,180000,1
3250,A,700000,700000,2,29,1,40915,12375,1
3251,A,800000,300000,7,55,1,6842,1080,1
3252,A,1100000,300000,7,58,1,23469,4446,1
3253,A,1300000,1300000,4,52,1,108947,107198,1
3254,A,200000,200000,7,22,1,228437,161573,1
3255,A,1800000,1800000,2,42,0,88651,2470,1
3256,A,1000000,1000000,2,30,1,12534,882,1
3257,A,800000,300000,6,24,1,47324,4041,1
3258,A,200000,200000,6,20,1,41271,5940,1
3259,A,1100000,300000,7,48,1,94059,645,1
3260,A,700000,200000,6,21,1,34113,15926,1
3261,A,400000,400000,2,24,1,7330,11673,1
3262,A,1300000,1300000,3,49,0,49373,82170,1
3263,A,400000,400000,2,25,1,7815,12870,1
3264,A,200000,200000,6,24,1,64953,18774,1
3265,B,900000,300000,6,21,1,113130,38340,1
3266,A,700000,500000,2,54,1,1746,1255,1
3267,A,1200000,300000,13,54,1,381974,35631,1
3268,A,1000000,1000000,2,27,1,29182,8979,1
3269,A,1200000,300000,7,52,1,1881,71865,1
3270,R,800000,700000,2,25,1,80978,68148,1
3271,A,700000,700000,2,26,1,113662,13956,1
3272,A,1100000,300000,2,26,1,72106,51016,1
3273,A,1000000,1000000,2,27,1,86943,7765,1
3274,A,1000000,1000000,2,26,0,71738,11970,1
3275,A,1000000,700000,2,25,1,4050,28967,1
3276,A,800000,800000,2,56,0,5011,29565,1
3277,A,800000,800000,2,27,0,9588,27344,1
3278,A,1100000,600000,2,61,1,66512,31720,1
3279,A,1300000,300000,7,48,1,138481,59865,1
3280,B,1300000,300000,7,46,1,35084,29605,1
3281,A,500000,300000,7,41,1,18176,78003,1
3282,A,1300000,300000,7,58,1,176946,78084,1
3283,A,600000,600000,2,26,1,71983,20727,1
3284,A,700000,200000,6,20,1,36840,27716,1
3285,A,800000,800000,2,26,1,0,22994,1
3286,A,200000,200000,7,23,1,47589,4644,1
3287,A,200000,200000,6,20,1,82496,5367,1
3288,A,1100000,300000,6,24,1,65978,11880,1
3289,A,600000,600000,2,26,1,2206,2525,1
3290,A,800000,800000,2,66,1,2310,2021,1
3291,A,900000,900000,4,28,1,322133,27851,1
3292,A,1300000,300000,4,42,1,48527,17959,1
3293,B,1300000,1300000,10,53,0,192102,123385,1
3294,A,700000,300000,6,24,1,4420,32998,1
3295,A,600000,300000,2,30,1,31513,37245,1
3296,A,500000,500000,2,27,1,29510,3853,1
3297,A,1100000,1100000,2,28,0,46022,7353,1
3298,A,1000000,300000,7,46,1,72026,28793,1
3299,A,1000000,1000000,2,34,0,55232,2120,1
3300,A,1100000,300000,6,24,1,123323,34814,1
3301,A,1000000,1000000,2,25,1,139393,54528,1
3302,A,300000,300000,6,22,1,46382,13824,1
3303,A,700000,200000,6,21,1,98730,7472,1
3304,A,1000000,300000,6,23,1,226130,29097,1
3305,A,1200000,1200000,2,36,1,88938,47023,1
3306,A,800000,800000,4,35,1,4786,22181,1
3307,A,700000,700000,4,32,1,85975,72270,1
3308,A,200000,200000,7,29,1,33332,7128,1
3309,A,500000,500000,2,23,1,27475,4599,1
3310,A,800000,300000,7,70,1,0,20910,1
3311,A,1200000,500000,2,46,1,55619,38637,1
3312,R,1000000,1000000,2,28,1,135513,13868,1
3313,B,600000,600000,2,28,1,16407,9036,1
3314,B,1300000,300000,7,67,1,263571,9455,1
3315,B,1200000,300000,6,26,1,101098,14355,1
3316,A,1200000,800000,2,54,1,36257,27404,1
3317,A,1100000,300000,6,24,1,76543,34533,1
3318,A,1000000,1000000,2,30,0,55232,18900,1
3319,A,1300000,1300000,2,33,1,133952,41406,1
3320,A,1300000,1300000,2,33,1,105876,41406,1
3321,A,800000,300000,6,26,1,0,31410,1
3322,A,500000,300000,7,55,1,39625,3591,1
3323,A,600000,300000,7,48,1,47055,35282,1
3324,A,600000,600000,2,28,1,19130,22884,1
3325,A,200000,200000,6,19,1,3709,11933,1
3326,A,1000000,1000000,2,28,1,190198,22473,1
3327,A,1000000,300000,6,21,1,99728,5960,1
3328,A,200000,200000,6,22,1,195186,9625,1
3329,A,500000,300000,6,27,0,10891,117051,1
3330,A,900000,900000,2,41,1,275771,36752,1
3331,A,700000,700000,3,30,1,10982,21690,1
3332,A,500000,500000,2,40,0,5263,26820,1
3333,A,800000,300000,6,23,0,94591,24750,1
3334,A,800000,800000,3,63,1,180513,7088,1
3335,A,1200000,1200000,3,25,1,92517,40200,1
3336,R,1000000,1000000,3,26,0,187466,6564,1
3337,A,700000,700000,2,37,1,25146,35361,1
3338,A,800000,300000,6,21,1,32915,48139,1
3339,A,200000,200000,6,21,1,235293,33678,1
3340,R,1600000,1000000,2,50,0,686010,179190,1
3341,A,1300000,1300000,2,29,0,95968,75429,1
3342,A,800000,800000,2,44,1,7002,13156,1
3343,A,800000,300000,4,45,1,45457,7828,1
3344,A,700000,700000,4,44,1,2514,3861,1
3345,B,1400000,1400000,2,25,1,210250,1944,1
3346,B,1100000,1100000,2,30,1,88629,1881,1
3347,A,200000,200000,6,20,1,136545,14463,1
3348,A,600000,600000,2,26,0,65201,6624,1
3349,A,1200000,900000,2,24,1,315383,101505,1
3350,A,800000,800000,2,53,1,36732,11727,1
3351,A,1100000,400000,2,24,1,36001,58797,1
3352,A,200000,100000,2,48,1,29421,89077,1
3353,A,800000,300000,7,39,1,0,9990,1
3354,A,1200000,300000,6,25,1,195790,10188,1
3355,A,400000,400000,2,28,1,30205,38577,1
3356,A,700000,700000,2,29,0,4400,10467,1
3357,A,500000,500000,2,38,1,8532,153046,1
3358,A,500000,300000,7,45,1,17513,18974,1
3359,A,700000,300000,7,42,1,13674,27738,1
3360,A,1600000,300000,6,25,1,203100,56639,1
3361,A,500000,500000,2,30,0,322792,45630,1
3362,A,1200000,1200000,2,26,1,128791,18859,1
3363,A,800000,800000,2,49,0,0,51570,1
3364,A,200000,200000,2,30,0,0,24266,1
3365,A,1300000,500000,2,51,1,19750,5346,1
3366,A,400000,400000,3,25,0,11527,4743,1
3367,B,800000,800000,2,34,1,13944,34309,1
3368,A,800000,300000,7,51,1,1074,3058,1
3369,A,700000,700000,2,49,1,35722,28034,1
3370,A,800000,500000,2,49,1,3800,25025,1
3371,A,1100000,300000,2,25,1,211626,25080,1
3372,A,1200000,1200000,2,41,1,57515,21150,1
3373,A,800000,800000,2,58,1,0,5481,1
3374,A,1000000,1000000,3,25,1,831037,17243,1
3375,A,800000,800000,4,51,1,36723,5695,1
3376,A,800000,800000,2,33,0,5672,104544,1
3377,A,1300000,1300000,2,29,1,30090,18960,1
3378,A,700000,700000,3,29,1,46537,9527,1
3379,A,800000,800000,2,41,1,53677,31554,1
3380,A,1300000,1300000,2,44,1,0,82354,1
3381,A,1300000,1300000,3,31,1,49943,41243,1
3382,A,800000,800000,2,34,1,27062,52024,1
3383,A,1300000,300000,7,32,1,72682,4248,1
3384,A,800000,800000,3,29,1,38270,20042,1
3385,A,800000,500000,2,27,1,199540,22647,1
3386,A,300000,300000,2,21,1,222084,1791,1
3387,A,500000,300000,2,25,1,75877,19528,1
3388,R,1100000,1100000,2,28,0,65860,166500,1
3389,A,700000,400000,7,52,1,106514,12681,1
3390,R,1100000,1100000,3,30,0,106615,1530,1
3391,A,200000,200000,7,35,1,9767,3150,1
3392,A,500000,300000,6,23,1,0,7367,1
3393,A,1300000,300000,7,52,1,43604,41751,1
3394,A,700000,300000,4,77,1,39538,7282,1
3395,A,600000,600000,3,26,1,0,29809,1
3396,A,1300000,300000,4,52,1,66956,32035,1
3397,A,1300000,1300000,2,35,1,32797,3512,1
3398,R,1200000,1200000,2,37,1,150827,30560,1
3399,A,1100000,1100000,2,46,1,10887,92160,1
3400,A,400000,400000,2,25,1,11039,14940,1
3401,A,600000,600000,2,31,1,14451,26397,1
3402,A,500000,500000,2,52,1,53298,56632,1
3403,A,1000000,800000,2,27,1,98235,21750,1
3404,A,700000,200000,6,20,1,23990,3960,1
3405,A,700000,700000,4,53,1,43586,35640,1
3406,A,800000,800000,2,42,0,12950,37680,1
3407,A,1000000,700000,2,25,1,278817,45432,1
3408,A,200000,200000,2,24,1,144131,6327,1
3409,A,500000,500000,2,28,1,17510,5815,1
3410,A,1300000,1300000,7,55,1,6941,42318,1
3411,A,800000,800000,3,39,1,11585,22613,1
3412,A,400000,400000,2,23,1,0,27657,1
3413,A,200000,200000,6,20,1,100146,20385,1
3414,R,1000000,1000000,2,25,1,126920,16149,1
3415,A,1200000,1200000,2,46,1,33651,32310,1
3416,A,1000000,1000000,2,25,1,140257,57941,1
3417,A,1300000,1300000,2,41,1,95201,22860,1
3418,A,700000,700000,2,27,1,101940,21987,1
3419,A,800000,300000,6,24,1,4350,13851,1
3420,A,700000,700000,2,31,1,16342,22176,1
3421,A,1100000,300000,6,24,1,14968,38228,1
3422,A,1300000,1300000,1,53,0,228189,129720,1
3423,A,700000,700000,2,30,1,2793,13583,1
3424,A,1300000,1300000,2,33,1,146602,34924,1
3425,A,700000,400000,2,26,1,2520,3852,1
3426,A,1300000,1300000,3,32,1,110741,25433,1
3427,A,500000,300000,7,33,1,28095,9008,1
3428,A,1000000,1000000,2,27,1,57993,18680,1
3429,A,600000,600000,2,26,1,53043,14346,1
3430,A,500000,500000,2,26,1,98825,26643,1
3431,A,500000,300000,6,21,1,66430,12105,1
3432,A,200000,200000,6,22,1,188357,1557,1
3433,A,200000,200000,6,24,1,18971,2141,1
3434,A,1100000,400000,2,26,1,167144,24653,1
3435,A,1300000,900000,2,28,1,38439,0,1
3436,A,700000,700000,4,45,1,0,82582,1
3437,A,800000,800000,4,70,1,7899,15828,1
3438,A,1200000,1200000,2,25,1,117314,21523,1
3439,A,1200000,1200000,4,44,1,627889,3591,1
3440,A,1000000,1000000,3,27,1,49535,21807,1
3441,A,700000,300000,2,27,1,20226,487,1
3442,A,1000000,1000000,2,45,1,338733,40356,1
3443,A,1200000,1200000,2,41,1,21470,28574,1
3444,A,1300000,1300000,2,33,1,88421,14877,1
3445,A,200000,200000,6,26,1,63179,11700,1
3446,A,1300000,300000,7,51,1,67754,25995,1
3447,A,800000,800000,2,46,1,0,17028,1
3448,A,500000,500000,2,26,1,1549,11062,1
3449,A,1000000,300000,6,24,1,421842,24758,1
3450,B,800000,800000,2,48,0,48747,58410,1
3451,A,700000,300000,7,38,1,13537,6579,1
3452,A,1000000,1000000,2,49,1,0,18801,1
3453,A,200000,200000,6,23,1,182708,14347,1
3454,A,1300000,700000,2,58,1,108035,1260,1
3455,A,700000,700000,2,25,1,61565,33279,1
3456,A,800000,800000,4,58,1,40345,13536,1
3457,A,1000000,300000,7,45,1,64490,18846,1
3458,A,1000000,1000000,2,31,1,256306,20073,1
3459,A,800000,300000,6,24,1,31108,83315,1
3460,A,700000,700000,2,30,1,31083,82283,1
3461,A,500000,300000,6,23,1,43375,17667,1
3462,A,200000,200000,7,25,1,67330,14300,1
3463,A,1200000,1200000,2,25,1,229188,52173,1
3464,A,200000,200000,6,21,1,20146,25919,1
3465,A,600000,600000,4,27,1,5862,14544,1
3466,A,700000,600000,10,24,1,59670,19791,1
3467,A,600000,600000,3,27,1,13378,18584,1
3468,A,1200000,300000,4,37,1,52539,1872,1
3469,A,200000,200000,6,20,1,93776,180000,1
3470,A,1300000,1300000,2,34,0,210799,175320,1
3471,A,800000,800000,2,58,0,0,73350,1
3472,A,800000,800000,2,40,0,14877,19800,1
3473,A,800000,800000,2,48,1,6288,24102,1
3474,A,1200000,1200000,2,29,1,150727,4347,1
3475,A,1300000,300000,7,51,1,45000,8010,1
3476,A,700000,700000,2,28,1,23833,24422,1
3477,A,500000,300000,6,23,1,29780,7812,1
3478,A,800000,800000,3,27,1,181734,13010,1
3479,A,200000,200000,6,22,1,26000,32175,1
3480,A,700000,200000,6,21,1,55029,8842,1
3481,R,1300000,1300000,2,49,1,100090,11436,1
3482,A,1300000,1300000,2,30,1,46554,8523,1
3483,A,500000,500000,2,62,0,101351,9320,1
3484,A,200000,200000,7,20,1,56916,41715,1
3485,A,200000,200000,2,29,0,91280,18900,1
3486,A,800000,800000,2,36,1,27496,53262,1
3487,A,800000,800000,2,28,1,142873,972,1
3488,A,1000000,1000000,2,25,1,24193,15561,1
3489,A,200000,200000,6,23,1,2970,900,1
3490,A,300000,200000,6,21,1,124112,10089,1
3491,A,800000,800000,2,52,1,2790,31302,1
3492,A,1200000,300000,7,37,1,84665,10890,1
3493,A,800000,800000,2,25,1,11942,14770,1
3494,A,800000,800000,10,29,1,45857,107012,1
3495,A,200000,200000,6,20,1,36262,11568,1
3496,A,1100000,1100000,2,26,1,78202,85503,1
3497,A,800000,800000,2,51,0,74153,51075,1
3498,A,800000,800000,10,31,0,112329,14623,1
3499,A,1200000,400000,2,25,0,61743,23085,1
3500,B,1200000,1200000,3,30,1,115739,45342,1
3501,A,700000,300000,4,40,1,27911,90180,1
3502,A,1300000,1300000,2,29,1,357331,63401,1
3503,A,800000,800000,1,43,0,1862,180000,1
3504,A,800000,800000,2,23,1,21467,5139,1
3505,A,500000,500000,2,24,1,36905,34003,1
3506,R,600000,600000,2,26,0,14405,4284,1
3507,A,400000,400000,5,34,0,19281,68895,1
3508,A,1200000,1200000,4,51,1,33461,32868,1
3509,A,400000,300000,2,25,1,7781,47026,1
3510,A,700000,700000,2,43,0,541462,136890,1
3511,A,800000,300000,2,30,1,14003,32463,1
3512,A,1000000,400000,2,57,1,40996,31194,1
3513,A,200000,200000,2,49,1,168425,24485,1
3514,A,200000,200000,6,20,1,3009,19845,1
3515,A,600000,300000,6,26,0,12228,990,1
3516,A,800000,300000,7,53,1,31231,80139,1
3517,A,800000,300000,6,23,1,1953,3591,1
3518,A,1300000,1300000,2,32,1,377770,60311,1
3519,A,700000,700000,2,36,1,38602,38106,1
3520,A,1200000,1200000,2,43,1,45190,57441,1
3521,A,1200000,1200000,2,31,1,70706,10079,1
3522,A,800000,800000,2,32,1,110043,41465,1
3523,A,1000000,300000,7,57,1,3738,40663,1
3524,A,200000,200000,12,22,1,0,14751,1
3525,A,1000000,1000000,3,25,1,19407,10874,1
3526,A,500000,300000,2,22,1,18304,4842,1
3527,A,200000,200000,2,35,1,42528,5758,1
3528,A,700000,700000,2,26,1,17261,4725,1
3529,A,1000000,1000000,2,27,1,90984,23247,1
3530,A,600000,600000,7,37,1,10034,26127,1
3531,A,800000,800000,2,38,0,46500,15185,1
3532,A,1300000,1300000,2,25,1,144382,43947,1
3533,A,700000,700000,2,27,1,14534,22729,1
3534,A,700000,700000,2,49,1,0,20576,1
3535,A,500000,500000,2,25,1,19562,34919,1
3536,A,1300000,1300000,4,54,1,44059,23777,1
3537,A,500000,500000,2,32,1,105646,17667,1
3538,A,1300000,300000,7,45,1,219558,40789,1
3539,A,1000000,300000,6,25,1,232573,2880,1
3540,A,800000,800000,4,53,1,0,21465,1
3541,A,700000,700000,13,35,1,245277,47894,1
3542,A,1200000,1200000,2,35,1,14453,76827,1
3543,A,800000,300000,7,42,1,0,26334,1
3544,A,1300000,1300000,2,48,1,508825,69888,1
3545,A,300000,300000,2,25,1,7196,20293,1
3546,A,1300000,1300000,2,32,1,58400,39605,1
3547,A,700000,700000,2,35,1,1360,37161,1
3548,A,600000,300000,6,24,1,0,2595,1
3549,A,500000,200000,6,23,1,50233,28209,1
3550,A,600000,600000,2,49,1,55854,10242,1
3551,A,900000,900000,5,32,1,143965,22603,1
3552,A,500000,500000,2,27,1,8642,16425,1
3553,A,600000,300000,7,53,1,36978,20601,1
3554,A,200000,200000,2,25,1,38985,4887,1
3555,A,400000,300000,6,23,0,4880,27531,1
3556,A,1300000,1300000,1,49,1,1308610,103325,1
3557,A,800000,300000,7,48,1,3927,19593,1
3558,A,500000,300000,6,24,1,24350,21393,1
3559,A,800000,800000,3,47,1,79476,19194,1
3560,A,200000,200000,6,20,1,14840,26730,1
3561,A,200000,200000,6,22,1,20617,9990,1
3562,A,1200000,300000,7,57,1,14108,29708,1
3563,A,500000,300000,6,23,1,8404,33093,1
3564,A,700000,300000,2,49,1,15554,8807,1
3565,A,1300000,1300000,5,51,1,163328,36819,1
3566,A,600000,600000,2,25,1,85970,35973,1
3567,A,1000000,900000,2,26,1,194020,82358,1
3568,A,400000,400000,5,31,0,33919,12168,1
3569,A,1100000,300000,6,24,1,285956,13007,1
3570,A,1000000,300000,6,24,1,271779,3553,1
3571,A,400000,300000,6,22,1,0,827,1
3572,A,500000,300000,7,48,1,86282,2018,1
3573,A,800000,800000,2,58,0,2717,17910,1
3574,A,1300000,300000,2,31,1,133995,9002,1
3575,B,1200000,1200000,3,27,1,120243,39133,1
3576,A,600000,300000,6,27,0,61684,13896,1
3577,A,900000,900000,2,23,1,182378,1309,1
3578,A,1300000,900000,2,25,0,142611,35334,1
3579,A,1100000,1100000,2,63,0,53427,3887,1
3580,A,200000,200000,7,24,1,199009,17100,1
3581,A,1300000,800000,7,56,1,170904,20204,1
3582,A,600000,600000,2,29,1,17216,33183,1
3583,R,1000000,1000000,2,26,1,136327,5432,1
3584,A,1100000,1100000,2,27,1,65463,1102,1
3585,A,1000000,1000000,1,45,1,12104,72691,1
3586,A,500000,300000,7,29,1,15688,14445,1
3587,A,400000,300000,6,22,1,6633,3412,1
3588,A,600000,300000,6,23,1,16724,8753,1
3589,A,400000,400000,2,30,0,132,36720,1
3590,A,700000,700000,3,26,1,6500,25352,1
3591,A,1300000,1100000,4,34,1,96624,25772,1
3592,A,1100000,1100000,2,27,1,616948,26057,1
3593,A,1100000,300000,6,22,1,31063,20843,1
3594,A,1300000,300000,2,33,1,66094,51710,1
3595,A,800000,300000,7,63,1,14841,8937,1
3596,A,500000,500000,4,55,1,0,1663,1
3597,A,700000,300000,6,22,1,33660,10584,1
3598,A,700000,700000,12,47,1,29330,55583,1
3599,A,1300000,300000,7,51,1,3774,12812,1
3600,A,800000,800000,2,30,1,57551,5769,1
3601,A,600000,300000,6,22,1,21704,17497,1
3602,A,700000,700000,2,56,1,5000,32175,1
3603,A,800000,300000,6,24,1,55179,1526,1
3604,A,800000,800000,4,53,1,0,56520,1
3605,A,900000,900000,3,27,1,43833,6407,1
3606,A,1600000,1600000,2,37,1,69980,2641,1
3607,A,200000,200000,6,21,1,25282,12177,1
3608,A,200000,200000,2,23,1,78147,15114,1
3609,A,1000000,300000,7,44,1,57683,7412,1
3610,A,1000000,300000,7,56,1,163619,29810,1
3611,A,700000,300000,5,57,1,28864,5337,1
3612,A,500000,300000,6,23,1,126017,13460,1
3613,R,1200000,800000,2,55,1,465085,33187,1
3614,B,1000000,1000000,2,26,1,160545,23162,1
3615,A,700000,700000,3,29,1,2624,48600,1
3616,A,700000,200000,6,21,1,41127,39064,1
3617,A,1300000,1300000,2,53,1,213126,44572,1
3618,A,800000,300000,7,54,1,198787,8463,1
3619,A,700000,200000,6,22,1,204782,9405,1
3620,A,1100000,300000,7,46,1,115714,29445,1
3621,A,1100000,1100000,2,28,1,167495,36931,1
3622,A,1800000,1800000,3,48,1,91247,9990,1
3623,A,200000,200000,6,22,1,37855,4440,1
3624,R,900000,800000,2,24,1,254697,67701,1
3625,R,1300000,1300000,2,65,1,56686,7616,1
3626,A,700000,700000,2,30,0,334565,10462,1
3627,A,1000000,1000000,2,29,1,178170,9900,1
3628,A,800000,800000,2,47,1,1443,56529,1
3629,A,1100000,300000,7,36,1,19426,9000,1
3630,B,1200000,300000,7,45,1,96516,65623,1
3631,R,1300000,1300000,2,44,1,22820,9872,1
3632,A,800000,800000,2,30,1,55346,52194,1
3633,A,200000,200000,6,21,1,145805,13641,1
3634,A,800000,800000,2,33,1,34528,180000,1
3635,A,1200000,1200000,2,28,1,109304,27468,1
3636,A,1000000,300000,6,21,1,96468,27221,1
3637,A,1200000,300000,7,55,1,104132,56251,1
3638,A,1700000,1700000,2,46,1,156161,22251,1
3639,A,1100000,300000,4,47,1,118178,96453,1
3640,A,700000,700000,2,24,1,52419,15741,1
3641,A,600000,600000,1,68,1,16987,53352,1
3642,A,600000,600000,2,26,1,44443,31356,1
3643,A,1100000,300000,6,23,1,125097,39332,1
3644,A,800000,800000,2,52,0,35530,18450,1
3645,A,200000,200000,6,24,1,167266,2258,1
3646,A,200000,200000,7,38,1,121375,34337,1
3647,A,1300000,300000,7,56,1,37781,69634,1
3648,A,200000,200000,6,21,1,57990,13738,1
3649,A,200000,200000,2,29,1,12367,9108,1
3650,A,1300000,300000,7,49,1,59763,24750,1
3651,A,200000,0,2,25,1,39385,75616,1
3652,B,700000,700000,2,34,1,41384,4851,1
3653,A,1300000,1300000,2,46,0,28338,3231,1
3654,A,600000,600000,2,30,1,13767,20088,1
3655,A,600000,600000,2,33,1,33210,18405,1
3656,A,600000,600000,13,25,1,49335,5415,1
3657,A,800000,300000,6,25,1,314075,137709,1
3658,A,400000,400000,2,33,1,101661,3168,1
3659,A,1100000,300000,7,41,1,68999,13860,1
3660,A,500000,300000,4,45,1,27007,15539,1
3661,A,1300000,300000,7,70,1,132280,24305,1
3662,A,1000000,1000000,2,26,1,3226,12302,1
3663,A,900000,300000,6,22,1,49364,15481,1
3664,A,400000,300000,6,21,0,11000,1871,1
3665,A,500000,300000,6,22,1,11670,46840,1
3666,A,200000,200000,6,22,0,106400,25830,1
3667,A,500000,300000,7,46,1,9132,62668,1
3668,A,1300000,1300000,4,35,1,65401,24255,1
3669,A,200000,200000,6,20,1,69101,5841,1
3670,A,1200000,1200000,3,28,1,93826,12521,1
3671,A,1300000,1300000,2,31,1,87236,16236,1
3672,A,800000,300000,7,54,1,0,31316,1
3673,A,1000000,300000,6,24,1,235408,11376,1
3674,A,300000,300000,6,21,1,121012,56142,1
3675,A,400000,400000,12,64,1,258605,10485,1
3676,A,200000,200000,7,51,1,4841,1305,1
3677,A,200000,200000,6,22,1,1450,14787,1
3678,A,800000,800000,2,30,0,1453,12267,1
3679,A,150000,50000,6,20,1,55517,1174,1
3680,A,1300000,300000,7,55,1,78013,13698,1
3681,A,800000,800000,2,41,1,15377,11323,1
3682,A,600000,500000,2,25,1,56578,15869,1
3683,A,800000,800000,2,47,0,0,38579,1
3684,A,800000,800000,8,78,0,15994,1803,1
3685,R,800000,800000,4,73,1,23829,55670,1
3686,A,800000,800000,5,36,1,29968,5700,1
3687,A,800000,800000,4,52,1,26255,10871,1
3688,A,800000,300000,7,80,1,3135,15642,1
3689,A,1300000,1300000,4,46,1,40159,44640,1
3690,A,200000,200000,6,21,1,28055,28201,1
3691,A,200000,200000,6,21,1,86267,13896,1
3692,A,800000,800000,3,45,0,5371,5346,1
3693,A,800000,800000,2,32,1,5159,31284,1
3694,A,1000000,1000000,4,41,1,6845,33657,1
3695,A,800000,800000,2,29,1,59914,33601,1
3696,A,500000,500000,2,32,1,4560,9622,1
3697,R,1300000,400000,3,24,1,400613,49797,1
3698,A,200000,200000,2,37,1,7420,16551,1
3699,A,1100000,300000,6,24,1,23238,5283,1
3700,A,1300000,1300000,2,26,1,273714,137989,1
3701,A,500000,500000,2,26,1,36698,18027,1
3702,A,1200000,1200000,2,25,1,76182,69115,1
3703,A,200000,200000,6,23,1,16975,36193,1
3704,A,800000,800000,4,47,1,18314,3905,1
3705,A,900000,900000,2,25,1,43210,11045,1
3706,A,600000,600000,2,37,0,6276,9108,1
3707,A,1200000,1200000,2,31,0,225480,53550,1
3708,A,1200000,1200000,2,29,1,207526,29355,1
3709,A,1200000,1200000,5,35,1,157961,21478,1
3710,A,1300000,1300000,2,49,0,32500,70470,1
3711,A,600000,600000,2,53,1,147859,40083,1
3712,A,500000,500000,2,41,1,0,97992,1
3713,A,200000,200000,6,21,1,74848,61335,1
3714,A,500000,500000,2,26,1,5597,26825,1
3715,A,1300000,1300000,2,53,1,843049,151525,1
3716,A,600000,300000,6,22,1,17974,16157,1
3717,A,600000,300000,6,24,1,24926,13095,1
3718,A,800000,300000,6,24,1,30296,21587,1
3719,A,600000,600000,13,35,1,15092,56430,1
3720,A,1100000,300000,7,28,1,272570,18908,1
3721,A,600000,300000,6,28,1,42154,15724,1
3722,A,200000,200000,2,32,1,58273,32063,1
3723,A,1000000,1000000,2,54,1,35145,58500,1
3724,A,1000000,1000000,2,54,1,157703,58500,1
3725,A,1300000,1300000,2,50,1,60320,89498,1
3726,A,1000000,300000,7,46,1,42630,26039,1
3727,A,800000,300000,7,59,1,16295,11590,1
3728,A,400000,400000,2,39,1,42689,25872,1
3729,A,1200000,1200000,2,29,1,17285,12327,1
3730,A,700000,700000,3,35,1,20646,54754,1
3731,A,800000,800000,2,36,0,15295,70290,1
3732,A,300000,300000,2,26,1,23023,4563,1
3733,A,1300000,300000,7,60,1,6967,16686,1
3734,A,700000,700000,2,28,1,22976,44319,1
3735,A,800000,800000,10,40,0,29848,20179,1
3736,A,200000,200000,13,25,1,187224,34786,1
3737,A,1100000,1100000,2,26,1,110107,5822,1
3738,A,1300000,1300000,2,52,1,33462,14471,1
3739,A,1200000,1200000,2,34,0,205058,9595,1
3740,A,800000,800000,2,33,1,15655,66924,1
3741,A,600000,600000,2,26,1,24399,37426,1
3742,A,1200000,1200000,2,47,1,244079,53460,1
3743,A,800000,500000,2,26,1,65135,55582,1
3744,A,1200000,300000,2,23,1,45888,22563,1
3745,A,500000,500000,3,27,1,55789,40590,1
3746,A,700000,700000,2,33,0,5159,71559,1
3747,A,800000,300000,7,36,1,17252,42654,1
3748,B,800000,800000,2,50,0,50093,19523,1
3749,A,200000,200000,6,21,1,9371,29394,1
3750,A,1000000,300000,7,50,1,34411,20430,1
3751,A,1100000,1100000,12,30,1,8000,7306,1
3752,A,1300000,900000,2,44,1,42764,33774,1
3753,A,800000,800000,2,31,0,12208,5323,1
3754,A,1000000,1000000,2,26,1,24980,18711,1
3755,A,1000000,1000000,2,36,1,94040,9679,1
3756,A,1200000,1200000,2,49,1,93245,11638,1
3757,A,700000,700000,2,37,1,32753,34596,1
3758,A,1300000,300000,4,49,1,44371,87139,1
3759,A,700000,700000,2,24,1,9425,11584,1
3760,A,1200000,1200000,2,32,1,19853,118791,1
3761,A,200000,200000,2,42,1,19228,80280,1
3762,A,600000,300000,7,48,1,42920,30220,1
3763,A,800000,300000,7,55,1,1330,13143,1
3764,A,800000,300000,4,56,1,2792,36216,1
3765,A,1200000,1200000,7,49,1,14360,9090,1
3766,A,500000,300000,4,43,1,0,57597,1
3767,A,1300000,300000,6,24,1,64621,89393,1
3768,A,800000,800000,2,34,1,40233,27142,1
3769,A,500000,500000,2,28,1,19283,9675,1
3770,B,900000,300000,6,21,1,87025,19559,1
3771,A,200000,200000,6,22,1,11139,5149,1
3772,A,800000,800000,3,48,1,8359,44245,1
3773,A,700000,200000,6,22,1,41628,3248,1
3774,B,500000,500000,2,53,1,2200,13504,1
3775,A,1000000,1000000,2,28,1,65155,27423,1
3776,A,600000,600000,3,25,1,7276,48036,1
3777,A,1200000,300000,4,45,1,61636,30879,1
3778,A,500000,300000,2,40,1,14906,6876,1
3779,A,600000,600000,2,58,1,1947,5436,1
3780,A,800000,800000,3,33,0,37380,32418,1
3781,A,700000,200000,6,21,1,33420,10985,1
3782,A,1100000,300000,4,65,1,69963,35026,1
3783,A,800000,800000,2,35,1,20895,51067,1
3784,A,400000,300000,5,47,1,16449,25335,1
3785,A,1100000,300000,6,24,1,21978,154106,1
3786,A,600000,600000,2,30,1,48567,16137,1
3787,A,1000000,1000000,2,29,1,137540,13729,1
3788,A,500000,500000,2,26,1,41625,11316,1
3789,A,600000,600000,4,57,1,1309,10890,1
3790,A,1200000,1200000,2,30,1,31533,14940,1
3791,A,1200000,500000,8,75,0,0,9396,1
3792,A,400000,400000,4,42,1,13023,10980,1
3793,A,1200000,1200000,2,61,1,40532,30482,1
3794,A,800000,300000,7,55,1,53785,11750,1
3795,A,300000,300000,6,21,1,33531,13040,1
3796,A,1000000,1000000,2,25,1,96359,15237,1
3797,A,200000,200000,6,20,1,21500,51826,1
3798,A,800000,800000,2,30,1,74608,64422,1
3799,A,1000000,1000000,2,25,1,216805,12654,1
3800,A,600000,600000,2,25,1,18000,8037,1
3801,A,600000,600000,2,25,1,524,8037,1
3802,A,600000,300000,11,56,1,6842,26010,1
3803,A,1200000,300000,7,50,1,65030,30005,1
3804,A,1200000,700000,2,33,1,67365,27720,1
3805,A,1300000,1300000,2,59,1,63186,104598,1
3806,A,800000,800000,4,63,1,363290,181278,1
3807,A,1100000,800000,2,43,1,9148,55899,1
3808,A,1200000,300000,5,40,1,351297,46075,1
3809,A,900000,700000,2,24,0,178545,25541,1
3810,A,1200000,1200000,2,54,1,66672,1648,1
3811,A,1300000,700000,2,29,1,35251,8991,1
3812,R,400000,400000,2,27,1,14725,6930,1
3813,A,800000,800000,2,62,1,0,5337,1
3814,A,200000,200000,6,21,1,36295,45512,1
3815,A,1200000,1200000,2,27,1,65873,35212,1
3816,A,600000,600000,2,53,0,26422,29340,1
3817,A,1000000,1000000,2,29,1,68613,27819,1
3818,A,200000,200000,2,23,1,215742,8811,1
3819,A,800000,600000,2,41,1,80032,66240,1
3820,A,700000,700000,7,36,1,10329,9066,1
3821,A,600000,600000,2,25,1,2475,42615,1
3822,A,700000,700000,4,28,1,0,2214,1
3823,A,1300000,1300000,2,29,1,31546,5328,1
3824,A,700000,300000,4,48,1,37935,22761,1
3825,A,1300000,1300000,2,49,1,34904,4347,1
3826,A,200000,200000,6,20,1,86619,18014,1
3827,A,900000,900000,2,38,1,112404,21402,1
3828,A,700000,700000,8,81,1,0,180001,1
3829,A,400000,300000,6,23,1,12847,15201,1
3830,A,400000,300000,6,22,1,10555,22896,1
3831,A,300000,300000,7,28,1,20000,5887,1
3832,A,600000,600000,2,25,1,26900,13399,1
3833,A,800000,800000,2,32,1,12227,46165,1
3834,A,800000,800000,5,65,1,15658,41535,1
3835,A,800000,800000,3,36,0,9000,48261,1
3836,A,200000,200000,6,20,1,67333,30492,1
3837,A,800000,600000,2,28,1,5225,15336,1
3838,A,700000,700000,7,67,1,13158,13365,1
3839,A,200000,200000,6,22,1,0,11871,1
3840,A,200000,0,2,27,1,129347,20964,1
3841,A,800000,300000,7,44,1,28908,6854,1
3842,A,1000000,900000,2,24,1,94748,35409,1
3843,A,900000,900000,2,26,1,0,14652,1
3844,A,1100000,300000,6,23,1,134432,23859,1
3845,A,1300000,1300000,2,38,1,87827,40680,1
3846,A,200000,200000,6,21,1,239644,38387,1
3847,A,600000,300000,7,36,1,52785,999,1
3848,A,900000,300000,8,74,1,144096,48796,1
3849,A,1300000,1300000,2,37,1,103889,147616,1
3850,A,600000,300000,4,26,1,8883,14256,1
3851,A,200000,200000,7,64,1,69994,6624,1
3852,A,200000,200000,7,64,1,1676,6624,1
3853,A,1300000,1300000,2,57,0,57893,14877,1
3854,A,200000,200000,12,29,1,54247,44442,1
3855,A,600000,600000,2,30,1,35937,24766,1
3856,A,600000,600000,2,29,1,49985,8082,1
3857,A,700000,200000,6,21,1,28081,21976,1
3858,A,1300000,300000,7,55,1,166610,34938,1
3859,A,500000,300000,6,22,1,57190,32562,1
3860,A,1000000,300000,6,24,1,10000,7991,1
3861,A,800000,800000,2,57,1,6163,3317,1
3862,A,200000,200000,2,25,1,86217,13063,1
3863,B,1300000,1300000,2,25,1,16502,22275,1
3864,A,300000,300000,6,20,1,100809,6588,1
3865,A,1000000,300000,2,42,1,74290,45742,1
3866,A,1300000,1300000,3,31,1,22422,27358,1
3867,A,200000,200000,2,23,1,321175,34355,1
3868,A,600000,600000,2,24,1,45831,13167,1
3869,A,800000,800000,2,58,0,0,7812,1
3870,A,1300000,300000,7,55,1,66973,15227,1
3871,A,700000,700000,2,28,1,35404,14841,1
3872,A,1300000,800000,2,26,1,93023,12168,1
3873,A,1000000,1000000,1,33,1,38571,144378,1
3874,A,1000000,1000000,2,44,1,63222,60087,1
3875,A,600000,600000,2,26,1,81164,20052,1
3876,A,700000,700000,2,45,1,229394,21506,1
3877,A,1200000,1200000,2,30,1,57348,10782,1
3878,A,600000,600000,2,30,1,47862,37097,1
3879,A,1200000,1100000,3,24,1,295970,31671,1
3880,R,400000,400000,2,25,1,0,16511,1
3881,A,1200000,1200000,2,37,1,1413,16421,1
3882,A,1100000,1100000,3,27,1,71696,21483,1
3883,A,700000,700000,2,34,1,43824,16695,1
3884,A,800000,800000,8,78,0,41913,3340,1
3885,A,1200000,300000,2,25,1,58157,5944,1
3886,A,1000000,500000,2,24,1,200453,16710,1
3887,A,400000,300000,6,23,1,279798,21668,1
3888,A,700000,700000,5,53,0,8609,6012,1
3889,A,600000,600000,2,25,1,13785,25898,1
3890,A,800000,800000,2,37,0,38665,30690,1
3891,A,700000,700000,2,32,0,20496,4877,1
3892,A,800000,800000,11,68,1,19270,180000,1
3893,A,700000,700000,2,27,1,72761,34182,1
3894,A,900000,800000,10,27,1,137496,20880,1
3895,A,600000,600000,4,35,1,7514,27831,1
3896,A,1200000,300000,7,50,1,201839,16146,1
3897,A,1300000,1000000,7,70,1,58531,5823,1
3898,A,600000,300000,11,33,1,205319,148995,1
3899,A,200000,200000,6,21,1,124300,31602,1
3900,A,700000,700000,3,25,1,0,11970,1
3901,A,600000,600000,2,26,1,12374,33408,1
3902,A,500000,300000,6,24,0,12798,16338,1
3903,A,800000,500000,7,62,1,10566,22527,1
3904,A,1000000,300000,6,23,1,32052,35985,1
3905,A,1000000,1000000,2,26,1,49715,19791,1
3906,A,600000,600000,2,29,1,6886,36225,1
3907,A,800000,800000,2,33,1,107718,21339,1
3908,A,1200000,1200000,2,28,1,113683,48102,1
3909,A,1300000,1300000,4,59,1,28413,14745,1
3910,A,800000,300000,7,47,1,0,40752,1
3911,A,1200000,1100000,2,34,1,51461,6015,1
3912,A,500000,300000,6,20,1,72392,13950,1
3913,A,800000,800000,3,40,1,24731,6030,1
3914,A,800000,800000,2,31,0,13464,49374,1
3915,A,1000000,300000,6,24,1,431120,41418,1
3916,A,1000000,1000000,3,45,1,1273,2574,1
3917,A,800000,800000,2,49,1,4769,54945,1
3918,A,700000,700000,2,34,0,8213,7958,1
3919,A,1000000,1000000,3,30,1,202052,32385,1
3920,A,1000000,1000000,2,24,1,37324,24948,1
3921,A,1000000,1000000,2,27,1,93469,31770,1
3922,A,400000,400000,2,25,1,628,10485,1
3923,A,500000,500000,2,38,1,12617,13010,1
3924,A,1800000,1800000,3,49,1,429291,149090,1
3925,A,1300000,1100000,2,26,1,99760,18601,1
3926,A,1000000,1000000,2,29,1,58754,51759,1
3927,A,1100000,1100000,2,35,1,157270,96111,1
3928,A,200000,200000,2,29,1,9537,27723,1
3929,A,1300000,1300000,2,54,1,110944,13505,1
3930,A,1200000,1200000,2,30,1,49769,52020,1
3931,A,1000000,300000,4,50,1,395898,7404,1
3932,A,1000000,1000000,2,59,1,10206,25344,1
3933,A,600000,600000,2,32,0,3772,3933,1
3934,A,800000,800000,2,54,1,29097,17928,1
3935,A,800000,800000,2,57,1,19679,30461,1
3936,A,1300000,1300000,2,35,1,55160,25013,1
3937,A,700000,700000,2,33,1,30113,24282,1
3938,A,700000,500000,2,47,1,9029,14420,1
3939,A,600000,300000,7,38,1,2592,6657,1
3940,A,700000,700000,2,50,0,8287,11853,1
3941,A,1100000,400000,7,26,1,68866,21305,1
3942,A,800000,800000,2,48,1,44912,28512,1
3943,A,1000000,1000000,2,30,1,31233,37196,1
3944,A,200000,200000,2,34,1,17820,37710,1
3945,A,1300000,1300000,2,56,0,13953,20108,1
3946,A,1200000,1200000,2,30,1,18088,38520,1
3947,A,1300000,300000,7,57,1,12650,33597,1
3948,A,700000,700000,2,28,1,3188,8820,1
3949,A,700000,700000,2,28,1,4170,189,1
3950,B,1200000,1100000,2,36,1,159743,29879,1
3951,A,500000,500000,2,47,1,11982,57035,1
3952,A,200000,200000,2,51,0,3000,48798,1
3953,A,1200000,1200000,2,32,1,46857,3960,1
3954,A,600000,600000,2,33,0,0,23751,1
3955,A,200000,200000,6,23,1,65746,16749,1
3956,A,1000000,1000000,2,54,1,92162,11660,1
3957,A,1200000,1200000,2,41,1,75584,25170,1
3958,A,700000,400000,7,57,1,16596,21564,1
3959,A,1300000,1300000,2,32,1,95523,43766,1
3960,A,600000,600000,2,51,1,1,112257,1
3961,A,700000,700000,2,28,1,7182,9801,1
3962,A,700000,700000,2,27,1,10530,14022,1
3963,A,800000,300000,7,36,1,0,37062,1
3964,A,1000000,1000000,2,32,0,8237,39825,1
3965,A,600000,600000,7,33,1,12065,12960,1
3966,A,900000,900000,2,28,0,31417,19346,1
3967,A,1200000,300000,7,32,1,105202,36900,1
3968,A,600000,500000,2,38,1,0,13950,1
3969,A,600000,600000,3,25,1,16247,24098,1
3970,A,1200000,1200000,2,55,1,268337,9742,1
3971,A,1100000,1100000,2,30,1,23085,14049,1
3972,A,1300000,1300000,1,46,0,60000,22302,1
3973,B,1000000,1000000,7,35,0,46138,23643,1
3974,A,1100000,1100000,2,26,1,64127,6369,1
3975,A,800000,800000,2,26,1,65181,35559,1
3976,A,1300000,1300000,2,34,1,33659,126334,1
3977,R,1300000,1100000,3,27,1,41612,28785,1
3978,A,800000,800000,12,53,1,17765,57065,1
3979,A,400000,300000,5,42,1,2413,3813,1
3980,A,800000,800000,2,51,0,64529,9050,1
3981,A,1100000,1100000,4,38,1,122229,42660,1
3982,A,1000000,1000000,2,25,1,46347,34569,1
3983,A,1200000,1200000,2,47,1,29750,16227,1
3984,A,1000000,300000,8,76,1,27542,533,1
3985,A,600000,600000,2,25,1,0,28665,1
3986,A,800000,800000,2,28,1,5748,60587,1
3987,A,500000,500000,2,27,1,25672,14850,1
3988,A,600000,400000,6,27,0,7485,6930,1
3989,A,1000000,900000,2,25,1,78375,14669,1
3990,A,1100000,1100000,2,32,0,23210,28782,1
3991,A,800000,800000,2,57,0,6546,5535,1
3992,B,300000,300000,2,51,1,19964,40999,1
3993,A,1000000,1000000,2,26,1,45635,45056,1
3994,A,800000,800000,2,51,1,2346,894,1
3995,A,600000,600000,2,27,1,16282,13113,1
3996,A,700000,200000,6,24,0,49618,13324,1
3997,A,700000,200000,6,24,0,16876,13324,1
3998,A,700000,700000,3,35,1,17912,55566,1
3999,A,700000,200000,6,20,1,21681,16877,1
4000,A,1200000,1200000,2,49,1,144568,7920,1
4001,A,1100000,1100000,2,26,1,33352,39839,1
4002,A,200000,100000,6,24,1,124266,5895,1
4003,A,700000,700000,2,25,1,124133,68312,1
4004,A,400000,300000,6,26,1,60913,14184,1
4005,A,300000,300000,2,23,1,25174,26800,1
4006,A,800000,800000,2,51,0,7893,8815,1
4007,A,800000,300000,7,61,1,2689,4950,1
4008,A,1300000,1300000,2,38,0,30171,53208,1
4009,A,500000,500000,2,27,1,2404,17902,1
4010,A,800000,800000,2,32,1,0,37323,1
4011,A,1300000,1300000,2,40,1,44210,1407,1
4012,A,700000,700000,2,27,1,7734,56529,1
4013,A,400000,300000,7,28,1,5567,59490,1
4014,A,600000,600000,2,26,0,48592,21483,1
4015,A,1100000,1100000,2,31,1,150101,32342,1
4016,A,400000,400000,2,27,0,16300,29700,1
4017,A,1100000,1100000,3,31,1,61406,14890,1
4018,A,800000,800000,2,50,1,59514,1702,1
4019,A,600000,600000,2,31,0,3522,59477,1
4020,A,800000,800000,3,54,1,17037,7029,1
4021,A,1300000,1000000,2,32,1,44950,57348,1
4022,A,1800000,1800000,3,58,0,35463,10899,1
4023,A,600000,300000,6,24,1,7000,18613,1
4024,A,600000,600000,2,51,1,19359,13959,1
4025,A,600000,600000,3,49,1,0,28448,1
4026,A,1000000,1000000,2,61,0,80346,892,1
4027,A,200000,200000,6,22,1,23060,22860,1
4028,A,800000,800000,7,27,1,31281,4586,1
4029,A,1300000,1300000,2,51,0,92792,4223,1
4030,A,1300000,1300000,2,31,1,19998,20304,1
4031,A,1000000,1000000,2,35,1,83037,91413,1
4032,A,600000,600000,2,31,1,2052,11842,1
4033,B,600000,600000,2,50,1,68996,10737,1
4034,A,200000,200000,2,27,1,47376,36617,1
4035,A,700000,700000,2,32,1,32604,179735,1
4036,A,1800000,700000,2,32,1,9058,52391,1
4037,A,800000,600000,1,76,1,36239,5882,1
4038,A,200000,200000,12,59,1,22196,20142,1
4039,A,200000,200000,2,24,1,0,28627,1
4040,A,800000,800000,3,35,0,25328,53267,1
4041,A,1300000,1300000,2,34,1,8945,17137,1
4042,A,1200000,1200000,2,28,1,20444,20957,1
4043,A,1000000,1000000,3,47,1,3420,133305,1
4044,A,700000,700000,2,28,1,14184,46530,1
4045,A,1300000,1300000,2,32,1,128836,51521,1
4046,A,500000,300000,3,25,1,780857,49518,1
4047,A,600000,300000,8,72,1,4417,137340,1
4048,A,800000,800000,2,51,1,25685,2376,1
4049,A,200000,200000,6,20,1,139806,6525,1
4050,A,800000,700000,7,55,1,6300,23355,1
4051,A,500000,500000,2,32,1,15095,24981,1
4052,A,700000,700000,2,27,1,52470,27111,1
4053,A,700000,300000,2,49,1,31794,48510,1
4054,A,1100000,1100000,2,31,1,172740,7119,1
4055,B,400000,400000,2,27,1,21065,9405,1
4056,A,600000,600000,5,44,1,7980,23931,1
4057,A,900000,600000,7,47,1,69552,9432,1
4058,A,600000,600000,2,29,1,11519,25434,1
4059,A,1600000,300000,7,56,1,50663,6498,1
4060,A,1700000,900000,3,27,1,96272,18038,1
4061,A,600000,300000,2,23,1,56391,15490,1
4062,A,1100000,400000,2,40,1,185999,35982,1
4063,A,900000,300000,8,78,1,15358,18459,1
4064,A,800000,800000,3,29,1,2416,79722,1
4065,A,1300000,1300000,1,52,1,44305,57465,1
4066,A,700000,700000,2,35,1,1121,16497,1
4067,R,1000000,1000000,2,44,0,97190,18115,1
4068,A,500000,500000,2,29,1,1087,29588,1
4069,A,600000,600000,2,26,1,3083,25770,1
4070,A,200000,200000,6,22,0,20032,7353,1
4071,A,800000,800000,2,30,0,22076,52389,1
4072,A,1200000,1200000,2,35,1,78188,34325,1
4073,A,800000,800000,3,55,1,72638,4999,1
4074,A,500000,500000,2,26,0,1359,4572,1
4075,A,1000000,1000000,2,26,1,36673,9792,1
4076,A,700000,700000,2,65,1,0,213085,1
4077,A,700000,700000,2,32,1,114672,9096,1
4078,A,500000,500000,2,26,1,0,19179,1
4079,A,200000,200000,2,31,0,186397,27935,1
4080,A,1000000,1000000,2,29,1,104096,43545,1
4081,A,1100000,1000000,2,31,1,94821,63431,1
4082,A,1100000,1100000,2,28,1,79769,9932,1
4083,A,1100000,1100000,2,36,1,199372,42426,1
4084,A,1100000,1100000,2,29,1,0,9780,1
4085,A,600000,600000,2,27,1,15675,8618,1
4086,A,600000,300000,6,23,1,0,4042,1
4087,A,600000,600000,2,27,1,49152,18900,1
4088,A,600000,600000,2,25,1,32174,23454,1
4089,A,800000,800000,2,52,0,34000,4284,1
4090,A,900000,300000,6,22,1,40988,3902,1
4091,A,800000,800000,2,27,1,43938,19676,1
4092,A,800000,500000,7,51,1,64018,18316,1
4093,A,500000,500000,2,28,1,56904,15931,1
4094,A,200000,200000,2,26,1,101312,43517,1
4095,A,200000,200000,2,26,1,19768,19845,1
4096,A,800000,700000,2,26,0,198819,39015,1
4097,A,800000,800000,2,29,1,10961,11486,1
4098,A,700000,400000,2,24,1,8902,29435,1
4099,A,800000,500000,7,46,1,41545,15271,1
4100,A,800000,800000,4,54,1,11531,16811,1
4101,A,1600000,1600000,2,33,1,281461,61218,1
4102,A,200000,200000,5,70,0,270598,70857,1
4103,A,700000,700000,7,67,1,82520,9891,1
4104,A,900000,300000,7,21,0,375035,81395,1
4105,A,1000000,300000,6,23,1,304146,43039,1
4106,A,700000,300000,5,76,1,16073,1623,1
4107,A,500000,300000,6,23,1,42030,4950,1
4108,A,1300000,300000,4,50,1,69055,14693,1
4109,A,500000,300000,6,25,0,63404,58529,1
4110,A,1100000,1100000,2,31,0,94219,45837,1
4111,A,400000,300000,8,79,0,49566,1349,1
4112,A,500000,300000,11,26,1,7260,7956,1
4113,A,1100000,300000,7,58,1,167642,7723,1
4114,R,700000,700000,2,50,1,0,46362,1
4115,A,800000,400000,7,47,1,1226,18578,1
4116,A,800000,800000,4,53,1,9635,4496,1
4117,A,800000,800000,2,57,0,39523,21870,1
4118,A,700000,300000,6,35,1,15091,41382,1
4119,A,1100000,300000,6,24,1,18078,20628,1
4120,A,200000,200000,6,21,1,5675,11237,1
4121,A,200000,200000,2,55,1,74385,77976,1
4122,A,800000,800000,7,66,1,6306,1791,1
4123,A,800000,800000,4,59,1,0,12960,1
4124,A,1200000,1200000,2,25,1,41364,42848,1
4125,A,300000,300000,6,24,1,28215,15237,1
4126,A,200000,200000,6,22,1,8217,6377,1
4127,A,700000,700000,2,26,1,31841,8505,1
4128,A,1200000,1200000,2,28,0,2295,65502,1
4129,A,500000,300000,8,65,1,11778,6148,1
4130,A,300000,300000,2,26,1,7956,44706,1
4131,A,600000,600000,2,30,1,41745,24477,1
4132,A,600000,600000,2,26,1,0,5021,1
4133,A,1300000,1300000,2,29,1,90169,5050,1
4134,A,1000000,300000,7,51,1,6793,29960,1
4135,R,500000,500000,2,26,1,15611,18346,1
4136,A,800000,800000,2,28,1,15885,23034,1
4137,A,800000,800000,4,61,1,524,37817,1
4138,A,1000000,1000000,2,73,1,83982,54337,1
4139,A,1800000,1800000,2,36,1,53433,45526,1
4140,R,800000,800000,2,45,1,43788,37539,1
4141,A,800000,300000,4,68,1,33536,24227,1
4142,A,1100000,1100000,2,55,1,197620,15020,1
4143,A,200000,200000,7,26,1,159493,57450,1
4144,A,1000000,1000000,2,27,1,90822,13999,1
4145,A,1300000,1100000,2,47,1,53779,7054,1
4146,R,1300000,1300000,4,70,1,7268,2599,1
4147,A,600000,300000,7,43,1,34413,20880,1
4148,A,1000000,300000,4,65,1,267881,15790,1
4149,A,900000,800000,5,58,1,80545,20513,1
4150,A,800000,300000,6,36,1,25875,23123,1
4151,A,700000,700000,2,29,0,15078,9190,1
4152,A,700000,700000,4,50,1,41756,35176,1
4153,A,700000,300000,7,67,1,5838,22046,1
4154,A,200000,200000,2,23,1,130901,49244,1
4155,A,1200000,1200000,2,34,1,0,24156,1
4156,A,200000,200000,4,53,1,14885,21516,1
4157,A,800000,800000,2,30,1,0,33450,1
4158,A,1200000,1200000,2,29,1,94064,1287,1
4159,A,800000,800000,2,32,1,17988,4761,1
4160,A,700000,700000,5,52,1,920,18707,1
4161,A,700000,700000,3,26,1,14688,74060,1
4162,A,1000000,300000,7,55,1,0,14745,1
4163,A,500000,500000,2,58,1,12207,6775,1
4164,A,1100000,300000,4,59,1,79655,15840,1
4165,A,800000,800000,2,31,1,30169,23958,1
4166,A,800000,800000,7,63,1,3503,4849,1
4167,A,900000,300000,7,46,1,45717,7203,1
4168,A,800000,800000,2,32,1,16754,8087,1
4169,A,1000000,300000,6,23,1,59721,9185,1
4170,A,400000,400000,5,69,1,29967,6426,1
4171,R,500000,500000,2,30,1,21467,22454,1
4172,A,600000,600000,2,28,1,25292,7344,1
4173,A,1300000,1300000,2,55,1,4172,179244,1
4174,A,1700000,600000,2,28,1,85519,14355,1
4175,A,700000,700000,2,34,1,33252,24690,1
4176,A,1000000,1000000,3,27,1,17811,9531,1
4177,A,700000,700000,3,26,1,12066,27629,1
4178,A,1200000,1100000,2,30,1,28820,68081,1
4179,A,800000,800000,2,36,1,28078,7933,1
4180,A,300000,300000,6,22,1,10261,17541,1
4181,A,800000,300000,7,64,1,17061,2079,1
4182,A,1000000,300000,7,54,1,130026,23605,1
4183,A,800000,600000,2,30,1,12760,13455,1
4184,A,400000,300000,2,25,1,3935,11970,1
4185,A,700000,700000,8,72,1,96627,6854,1
4186,A,1000000,300000,4,41,1,152810,126444,1
4187,A,1200000,1200000,2,46,1,51063,3493,1
4188,A,200000,200000,6,24,1,9813,12380,1
4189,A,1000000,1000000,2,25,1,212967,4085,1
4190,A,900000,300000,6,24,1,46552,13759,1
4191,A,1700000,1700000,4,60,1,100884,180000,1
4192,A,700000,200000,6,21,1,205402,16857,1
4193,A,1200000,1100000,8,77,1,27528,15208,1
4194,A,1200000,1200000,2,45,1,67383,41587,1
4195,A,600000,300000,6,22,1,1287,9161,1
4196,A,1200000,1200000,2,27,1,68382,18752,1
4197,A,500000,500000,7,56,1,24206,3438,1
4198,A,200000,200000,6,21,1,16512,15048,1
4199,R,500000,500000,3,28,1,82006,8877,1
4200,A,800000,300000,7,56,1,18190,10260,1
4201,A,1100000,800000,4,52,1,1220337,12248,1
4202,A,1100000,700000,7,31,1,72850,7920,1
4203,A,400000,300000,6,21,1,10908,21672,1
4204,A,800000,800000,2,29,1,191630,8010,1
4205,A,500000,500000,7,28,1,741,15921,1
4206,A,800000,800000,2,28,1,21869,11435,1
4207,A,800000,800000,1,54,1,18482,11774,1
4208,A,800000,800000,2,45,1,32228,17910,1
4209,A,700000,700000,2,25,1,50699,4710,1
4210,A,800000,800000,2,29,0,44367,38755,1
4211,R,600000,600000,2,27,1,16068,5337,1
4212,A,200000,200000,2,23,1,228702,18230,1
4213,A,200000,200000,6,22,1,24572,35397,1
4214,A,1100000,1100000,2,38,0,234494,17302,1
4215,A,700000,700000,2,31,0,53865,34740,1
4216,A,1100000,1100000,2,50,0,47454,19026,1
4217,B,1100000,500000,2,25,1,97061,27175,1
4218,A,800000,700000,2,24,1,47806,21012,1
4219,A,1000000,1000000,2,28,0,133587,1125,1
4220,A,1200000,1200000,2,27,1,76468,33552,1
4221,A,200000,200000,7,57,1,60766,10782,1
4222,A,200000,200000,6,21,1,75450,3852,1
4223,A,1200000,500000,2,26,1,114360,61119,1
4224,A,300000,300000,7,24,1,21214,73548,1
4225,B,500000,500000,2,25,1,101420,27165,1
4226,B,1600000,1600000,2,37,1,154545,101777,1
4227,A,700000,700000,2,36,0,0,40680,1
4228,A,700000,700000,2,26,1,44606,20246,1
4229,A,1000000,700000,7,35,1,77020,98381,1
4230,A,800000,800000,2,25,1,17454,17028,1
4231,A,1100000,1100000,2,27,1,183858,9099,1
4232,A,800000,800000,2,48,1,26811,25153,1
4233,A,1200000,1100000,3,24,1,167949,60388,1
4234,A,700000,700000,2,27,1,9491,41192,1
4235,A,1100000,1100000,2,28,1,55234,14850,1
4236,B,1300000,1300000,3,28,1,55272,13811,1
4237,A,1100000,500000,2,27,1,171399,34167,1
4238,A,500000,300000,7,47,1,2347,11646,1
4239,A,1100000,1100000,2,32,1,255786,104132,1
4240,A,800000,800000,2,34,1,73953,30138,1
4241,A,800000,800000,2,31,1,47073,23237,1
4242,A,1000000,1000000,2,24,1,74899,39075,1
4243,A,1100000,700000,2,26,0,75380,71064,1
4244,A,800000,800000,10,29,1,4590,30780,1
4245,A,600000,600000,2,28,0,5118,58500,1
4246,B,700000,700000,3,28,1,13464,14355,1
4247,A,600000,600000,2,27,1,3449,5841,1
4248,A,200000,200000,6,21,0,81143,20262,1
4249,A,800000,800000,2,62,1,7307,60480,1
4250,A,1300000,900000,7,44,1,537863,12564,1
4251,A,200000,200000,7,26,1,41050,25584,1
4252,A,200000,200000,7,26,1,0,25584,1
4253,A,800000,800000,2,26,1,2698,16326,1
4254,A,600000,600000,2,31,1,17245,56698,1
4255,A,1200000,1200000,2,30,1,95048,36199,1
4256,R,900000,300000,10,29,0,181278,8831,1
4257,A,800000,800000,3,37,0,46032,10698,1
4258,A,800000,800000,2,36,1,31230,11475,1
4259,A,1100000,300000,6,24,1,88428,77360,1
4260,A,1300000,300000,7,52,1,34628,27909,1
4261,A,1200000,1200000,2,36,1,43370,3069,1
4262,A,500000,500000,3,25,1,20983,11970,1
4263,A,1100000,1100000,2,36,1,139138,82499,1
4264,A,900000,900000,2,26,1,16093,18900,1
4265,A,1000000,1000000,2,52,1,92502,41321,1
4266,A,800000,800000,2,27,1,16830,24075,1
4267,A,500000,500000,2,28,0,0,63282,1
4268,A,1300000,1300000,2,33,1,48262,29790,1
4269,A,500000,500000,2,27,1,9102,21479,1
4270,A,800000,800000,2,51,0,61226,36991,1
4271,A,700000,700000,7,32,1,118550,32133,1
4272,A,500000,500000,2,29,1,846830,75133,1
4273,A,500000,500000,2,27,1,28710,51777,1
4274,A,1200000,1200000,2,24,1,79310,98797,1
4275,A,1100000,300000,6,25,1,132378,51372,1
4276,A,1000000,300000,6,24,1,125137,40185,1
4277,A,1100000,1100000,2,28,1,49292,23562,1
4278,A,1100000,1100000,2,28,1,94080,34074,1
4279,A,700000,700000,2,27,1,0,40100,1
4280,A,1200000,1200000,2,28,1,1861,30973,1
4281,A,900000,900000,2,26,0,85562,2668,1
4282,A,800000,800000,2,25,1,13464,38893,1
4283,A,1200000,1200000,2,26,1,51078,36538,1
4284,A,1300000,1300000,2,37,1,115562,45342,1
4285,A,1200000,1200000,2,29,1,58061,11073,1
4286,A,1000000,1000000,2,27,1,0,35076,1
4287,A,600000,300000,6,24,1,16583,37902,1
4288,A,800000,800000,2,57,0,6309,29394,1
4289,R,800000,800000,2,28,1,35005,28566,1
4290,A,200000,200000,6,21,1,47146,30771,1
4291,A,800000,800000,2,49,1,155584,60575,1
4292,A,1300000,1300000,2,34,1,0,57060,1
4293,A,700000,700000,2,30,1,100615,41760,1
4294,A,1000000,1000000,12,54,1,9871,48600,1
4295,A,200000,200000,6,22,0,128507,45780,1
4296,A,900000,300000,6,21,1,129967,48600,1
4297,A,1300000,1300000,2,32,1,67129,21870,1
4298,A,1200000,1200000,2,39,1,71066,58590,1
4299,A,200000,200000,6,21,1,15680,13019,1
4300,A,700000,700000,2,29,1,0,18924,1
4301,A,600000,300000,2,27,1,46902,31275,1
4302,A,700000,700000,2,48,1,24325,49977,1
4303,A,700000,700000,5,47,1,13625,16526,1
4304,A,700000,700000,2,30,0,10692,11880,1
4305,A,1300000,1300000,2,27,1,96991,51273,1
4306,A,1200000,300000,5,52,1,76661,141372,1
4307,R,700000,700000,2,27,1,47782,28494,1
4308,A,800000,800000,2,28,1,55434,15830,1
4309,A,800000,800000,4,57,1,85479,13446,1
4310,A,800000,800000,3,25,1,117730,31776,1
4311,A,1200000,1200000,1,51,0,37574,118701,1
4312,A,800000,800000,2,49,1,20929,7812,1
4313,A,200000,200000,7,32,1,203986,60678,1
4314,A,1000000,300000,2,25,1,2610,26316,1
4315,A,1300000,1300000,2,56,1,36096,14445,1
4316,A,1200000,1200000,2,26,0,105535,47610,1
4317,A,1100000,1100000,2,25,1,164733,34632,1
4318,A,1300000,1300000,2,39,0,51000,44640,1
4319,A,900000,800000,2,25,1,174048,66123,1
4320,A,300000,300000,4,35,1,27460,8316,1
4321,A,1100000,1100000,2,26,1,239094,35484,1
4322,R,700000,700000,10,30,1,0,23760,1
4323,A,400000,400000,4,28,1,33660,53996,1
4324,A,600000,300000,11,34,0,32281,63945,1
4325,A,600000,600000,2,25,1,2508,11520,1
4326,A,1300000,1300000,2,50,0,0,46820,1
4327,A,1100000,1100000,2,34,1,71653,30328,1
4328,A,700000,700000,2,30,0,73656,38151,1
4329,A,400000,400000,2,28,1,43560,16920,1
4330,A,400000,400000,5,52,1,32167,12960,1
4331,A,700000,700000,2,25,1,22284,19701,1
4332,A,200000,200000,3,27,1,23165,12960,1
4333,A,800000,800000,2,34,1,1632,157590,1
4334,A,1100000,1100000,2,28,1,35483,21375,1
4335,A,200000,200000,5,29,0,103330,29043,1
4336,A,1100000,1100000,2,28,1,14203,42957,1
4337,A,1300000,1300000,2,26,1,30304,21564,1
4338,A,900000,900000,2,25,1,46728,18990,1
4339,A,1100000,300000,7,50,1,56171,46650,1
4340,A,700000,700000,2,29,1,11194,28383,1
4341,R,1100000,1100000,12,26,1,114960,46662,1
4342,A,1100000,1100000,2,26,1,255012,14940,1
4343,A,1300000,300000,6,24,1,101948,22840,1
4344,A,1000000,700000,2,30,1,117987,20880,1
4345,A,500000,500000,2,34,0,19999,28335,1
4346,A,600000,600000,2,25,1,12990,3330,1
4347,A,800000,800000,2,28,1,0,37582,1
4348,A,1000000,1000000,2,35,1,111103,62451,1
4349,A,900000,900000,2,26,1,35530,52470,1
4350,A,700000,700000,2,26,1,3411,16830,1
4351,A,200000,200000,2,39,0,182749,89910,1
4352,A,1300000,1300000,2,31,1,27418,41075,1
4353,A,900000,300000,6,23,1,148618,43650,1
4354,A,800000,800000,2,45,0,52675,53550,1
4355,A,800000,300000,6,22,0,134920,23004,1
4356,A,600000,300000,7,54,1,20650,50130,1
4357,A,1100000,1100000,1,50,1,232764,185808,1
4358,A,1300000,600000,2,27,1,92612,39581,1
4359,A,500000,300000,6,23,1,5985,13190,1
4360,A,300000,300000,6,21,1,18448,18900,1
4361,A,1200000,300000,6,24,1,46620,23955,1
4362,A,1000000,300000,4,52,1,50211,46094,1
4363,A,800000,300000,7,49,1,8413,56520,1
4364,B,700000,200000,6,22,1,5782,17990,1
4365,A,200000,0,6,23,1,112459,10980,1
4366,A,600000,300000,6,26,0,19520,41745,1
4367,A,1200000,400000,2,33,1,68574,21616,1
4368,A,900000,300000,6,21,1,19000,40779,1
4369,A,700000,700000,5,31,1,56795,19084,1
4370,A,800000,500000,7,29,1,96209,22275,1
4371,A,700000,700000,2,29,0,16215,54372,1
4372,A,900000,900000,2,25,1,578619,20790,1
4373,A,1000000,1000000,2,28,1,344328,20592,1
4374,A,1300000,1300000,2,29,1,48631,16938,1
4375,A,1000000,1000000,2,24,1,89220,19731,1
4376,A,600000,600000,2,24,1,12043,24957,1
4377,A,800000,800000,2,48,0,3000,20891,1
4378,A,1000000,1000000,2,31,0,80640,41580,1
4379,A,200000,200000,6,22,1,19596,6159,1
4380,A,800000,800000,2,32,1,15675,32478,1
4381,A,400000,400000,2,25,1,61802,69049,1
4382,A,1000000,1000000,2,26,1,15090,115219,1
4383,A,1100000,1100000,2,24,1,86247,24381,1
4384,A,1000000,1000000,4,54,1,45524,22464,1
4385,A,600000,600000,2,29,1,6853,40221,1
4386,A,800000,700000,2,25,0,81122,188845,1
4387,A,800000,800000,2,22,1,12018,27810,1
4388,A,800000,300000,4,47,1,38063,20979,1
4389,A,200000,200000,2,29,1,16579,77448,1
4390,A,500000,500000,2,32,1,11969,28890,1
4391,A,1200000,1200000,2,32,1,147800,48204,1
4392,A,800000,800000,7,24,1,24383,17885,1
4393,A,1100000,300000,6,24,1,106370,62946,1
4394,A,800000,800000,4,28,1,28454,15534,1
4395,A,800000,800000,2,25,1,72771,6723,1
4396,A,400000,300000,6,23,1,6476,4516,1
4397,A,1700000,1700000,4,50,1,74712,16906,1
4398,A,400000,200000,2,22,1,148245,29640,1
4399,A,400000,200000,2,22,1,0,29640,1
4400,A,200000,200000,2,26,1,108139,33462,1
4401,A,600000,600000,5,29,1,301524,22034,1
4402,A,900000,300000,6,21,1,40841,20713,1
4403,A,1300000,1300000,2,42,1,49776,58225,1
4404,A,200000,200000,2,47,1,98835,24642,1
4405,A,900000,300000,6,21,0,94076,87147,1
4406,A,700000,700000,2,25,1,37851,7515,1
4407,A,800000,800000,1,52,1,97304,43947,1
4408,A,700000,700000,13,33,1,8000,73350,1
4409,A,600000,600000,2,30,1,8334,14445,1
4410,A,500000,500000,2,25,1,44801,12407,1
4411,A,1300000,1300000,2,45,1,57743,3002,1
4412,A,400000,300000,6,22,1,3344,40212,1
4413,A,200000,200000,7,32,1,39000,59490,1
4414,A,700000,700000,2,30,1,98553,24142,1
4415,A,200000,200000,6,19,1,60734,33957,1
4416,A,500000,500000,7,36,1,16983,8910,1
4417,A,800000,300000,6,23,0,52322,25079,1
4418,A,600000,600000,2,27,1,29736,12390,1
4419,A,800000,800000,4,58,1,0,16425,1
4420,A,200000,200000,2,23,1,106700,22563,1
4421,A,1100000,1100000,2,41,1,116911,92664,1
4422,A,1300000,300000,5,52,1,258781,25979,1
4423,A,500000,500000,2,27,1,71143,27560,1
4424,A,600000,600000,2,34,1,8616,8466,1
4425,R,1200000,1200000,2,27,1,26114,31031,1
4426,A,1100000,1100000,2,26,1,98323,41406,1
4427,R,1200000,1200000,2,26,1,143159,13860,1
4428,A,1300000,1300000,2,52,1,20020,94959,1
4429,A,600000,600000,12,35,1,14355,22860,1
4430,A,1000000,1000000,2,27,1,73494,46400,1
4431,A,1200000,1200000,2,28,1,13591,9257,1
4432,A,700000,700000,2,29,1,1495,85204,1
4433,A,600000,300000,6,26,0,36390,21108,1
4434,A,400000,400000,2,34,0,38214,35257,1
4435,A,400000,400000,2,50,0,47374,34770,1
4436,A,600000,600000,2,40,0,31835,23760,1
4437,A,500000,500000,2,27,1,25428,14355,1
4438,A,600000,600000,2,24,1,3000,19504,1
4439,A,400000,400000,2,30,1,44068,2367,1
4440,A,600000,600000,4,31,1,19840,35378,1
4441,A,500000,500000,4,47,1,56722,36917,1
4442,A,1200000,1200000,4,51,1,17926,16251,1
4443,A,600000,600000,4,39,1,0,10944,1
4444,A,1000000,1000000,4,44,1,480134,58410,1
4445,A,500000,300000,6,23,1,1311,15642,1
4446,A,700000,700000,4,47,1,0,75600,1
4447,A,200000,200000,6,21,1,120337,27847,1
4448,A,1300000,1300000,2,24,1,177857,49122,1
4449,A,500000,300000,6,23,0,4947,12312,1
4450,A,800000,300000,8,88,1,62228,3154,1
4451,A,1000000,300000,6,24,1,167643,10479,1
4452,A,600000,600000,2,24,1,117142,2970,1
4453,A,800000,300000,7,55,1,29660,16533,1
4454,A,1200000,1200000,3,27,1,16599,26468,1
4455,R,500000,300000,6,24,1,73533,127229,1
4456,A,200000,200000,2,28,1,17852,18500,1
4457,A,800000,800000,4,77,1,24353,16329,1
4458,A,600000,300000,12,38,1,15431,67864,1
4459,A,200000,200000,6,22,0,88324,3344,1
4460,B,400000,300000,6,25,1,69276,83067,1
4461,A,1200000,1200000,3,46,1,80251,14975,1
4462,A,800000,300000,6,20,0,78290,98363,1
4463,A,700000,700000,2,25,1,60342,16592,1
4464,A,1300000,1300000,13,69,1,54346,9264,1
4465,A,600000,300000,8,52,1,48975,0,1
4466,A,1000000,1000000,2,26,1,114673,2822,1
4467,A,1200000,300000,7,47,1,1443,6892,1
4468,A,1200000,300000,7,51,1,228744,18603,1
4469,A,600000,300000,7,60,1,38339,9896,1
4470,A,1200000,1200000,3,30,1,27966,12416,1
4471,A,800000,300000,4,58,1,48387,9567,1
4472,B,1100000,1100000,2,35,1,112932,19931,1
4473,A,800000,800000,5,61,0,49923,17910,1
4474,A,1000000,1000000,2,23,1,119790,13464,1
4475,A,200000,200000,6,25,1,99307,22912,1
4476,A,600000,600000,2,25,1,0,31185,1
4477,A,500000,500000,2,49,0,80013,113673,1
4478,R,1000000,900000,2,26,1,56132,14767,1
4479,A,1200000,1200000,3,28,1,14004,38004,1
4480,A,1300000,1300000,2,32,0,186265,110835,1
4481,A,1300000,300000,4,57,1,37815,10222,1
4482,A,1800000,1800000,2,52,0,134528,180000,1
4483,A,200000,200000,6,20,1,236295,33578,1
4484,A,600000,600000,2,27,0,6061,46953,1
4485,A,800000,800000,7,60,1,15000,80284,1
4486,A,1300000,1300000,3,54,0,97132,792,1
4487,A,800000,800000,2,30,1,109956,14967,1
4488,A,500000,300000,6,21,1,6530,30341,1
4489,A,1100000,1100000,3,27,0,100612,3645,1
4490,A,1100000,1100000,3,27,0,0,3645,1
4491,A,800000,800000,4,37,1,2195,20870,1
4492,A,700000,200000,6,20,1,13011,42813,1
4493,A,1000000,300000,13,30,1,473314,35100,1
4494,A,300000,300000,5,72,1,42961,7504,1
4495,A,600000,300000,6,23,1,922,70045,1
4496,A,600000,600000,2,27,1,85600,93453,1
4497,A,800000,300000,7,47,1,31399,8017,1
4498,A,1100000,1100000,4,53,1,109149,38058,1
4499,A,800000,800000,7,54,1,44942,5700,1
4500,A,1000000,300000,6,24,1,680073,41103,1
4501,A,1200000,700000,2,26,1,92213,12828,1
4502,A,200000,200000,3,24,1,145311,84860,1
4503,R,1200000,300000,2,48,1,66776,47075,1
4504,A,400000,400000,2,27,1,72644,73603,1
4505,A,500000,500000,2,25,1,38879,11846,1
4506,A,1200000,1200000,1,56,0,33690,28350,1
4507,A,200000,200000,6,21,1,217470,4009,1
4508,A,500000,500000,2,27,1,391063,33156,1
4509,A,1100000,1100000,2,36,1,28391,11682,1
4510,A,700000,700000,2,26,0,41937,41670,1
4511,A,1000000,1000000,3,26,1,156307,69054,1
4512,A,700000,300000,7,53,1,15303,6811,1
4513,A,800000,300000,7,56,1,15058,14212,1
4514,A,800000,800000,2,53,1,2375,24035,1
4515,A,200000,200000,6,22,1,17417,38296,1
4516,A,700000,700000,6,20,0,82996,1791,1
4517,A,1000000,1000000,7,65,1,136110,26100,1
4518,A,200000,200000,6,21,1,4490,4171,1
4519,A,400000,400000,7,44,1,177100,4275,1
4520,A,700000,700000,2,43,1,8232,23048,1
4521,A,1300000,1300000,10,31,1,4930,29339,1
4522,A,1300000,1300000,3,41,1,79500,18697,1
4523,A,200000,200000,6,19,1,72255,36954,1
4524,A,500000,300000,6,21,0,0,28786,1
4525,A,800000,800000,2,25,1,113371,165662,1
4526,A,1500000,300000,4,68,1,259815,16607,1
4527,A,1200000,1200000,2,58,0,38687,11471,1
4528,A,1200000,300000,12,55,1,93513,20121,1
4529,A,800000,800000,4,52,1,5106,180000,1
4530,A,200000,200000,6,21,0,164613,10916,1
4531,A,200000,200000,6,21,0,28215,15770,1
4532,A,800000,800000,2,25,1,36687,18948,1
4533,A,200000,200000,6,25,1,14829,27068,1
4534,A,1100000,1100000,1,56,1,49578,29111,1
4535,A,1000000,1000000,5,41,0,49460,49763,1
4536,A,800000,600000,2,26,1,321220,13435,1
4537,R,600000,300000,6,24,1,59449,21319,1
4538,A,200000,200000,6,19,1,23161,24840,1
4539,A,200000,200000,6,21,0,140608,12420,1
4540,A,500000,300000,6,24,1,71749,53091,1
4541,A,500000,500000,4,50,1,4051,36252,1
4542,A,900000,300000,6,22,1,204501,17302,1
4543,A,200000,200000,7,47,1,96591,16041,1
4544,A,1200000,300000,7,56,1,121030,188694,1
4545,A,900000,300000,6,22,1,72755,41670,1
4546,A,600000,300000,6,23,1,4468,40797,1
4547,A,700000,700000,2,58,1,156156,75899,1
4548,A,700000,700000,2,58,1,0,75899,1
4549,A,500000,500000,2,27,1,10965,25329,1
4550,A,1200000,1200000,2,38,1,69338,64053,1
4551,A,800000,300000,8,67,1,75123,22410,1
4552,A,300000,300000,2,26,1,47862,6826,1
4553,A,800000,300000,8,84,1,10212,9089,1
4554,A,800000,800000,8,74,1,11682,21780,1
4555,B,1100000,300000,7,54,1,126573,17351,1
4556,A,600000,600000,2,26,0,24617,63587,1
4557,A,600000,300000,6,23,1,113685,12904,1
4558,A,600000,600000,4,53,1,0,56731,1
4559,A,1200000,1200000,4,55,1,89642,158814,1
4560,A,400000,300000,6,24,1,0,35542,1
4561,A,1100000,1100000,4,45,1,53196,17579,1
4562,A,900000,300000,6,25,0,8800,21727,1
4563,A,1400000,300000,6,27,1,328381,10557,1
4564,A,800000,300000,6,23,1,80030,19817,1
4565,A,600000,300000,4,57,1,12860,2357,1
4566,A,800000,800000,4,50,1,13955,31341,1
4567,A,1200000,1200000,2,25,1,79360,28944,1
4568,A,200000,200000,7,24,1,6237,52721,1
4569,A,800000,800000,2,24,1,317906,26372,1
4570,A,800000,800000,2,46,1,37070,8703,1
4571,A,200000,200000,2,28,1,46000,11478,1
4572,B,200000,200000,2,28,1,253881,7000,1
4573,A,400000,300000,11,21,1,19058,8675,1
4574,A,800000,300000,7,57,1,30365,8969,1
4575,A,700000,700000,2,46,0,70269,58720,1
4576,A,1100000,1100000,2,27,1,91605,44347,1
4577,A,500000,500000,2,25,1,20760,6633,1
4578,A,200000,200000,6,21,1,41458,16137,1
4579,A,1100000,300000,2,45,1,24931,7979,1
4580,A,200000,200000,6,22,0,4745,23085,1
4581,A,800000,800000,4,44,1,35973,72980,1
4582,A,1000000,300000,12,43,1,108318,21220,1
4583,A,500000,500000,5,28,1,52930,11385,1
4584,A,1000000,800000,2,24,1,170469,24507,1
4585,A,700000,300000,7,31,0,1336,4296,1
4586,A,600000,600000,3,29,1,17516,3168,1
4587,A,1200000,300000,5,38,1,229173,38943,1
4588,A,800000,800000,4,75,1,5247,13699,1
4589,A,700000,300000,6,23,1,143752,2124,1
4590,A,1300000,300000,4,65,1,102834,5337,1
4591,A,1300000,1300000,2,47,1,251377,17721,1
4592,A,1800000,1800000,2,55,0,269331,105165,1
4593,R,1800000,300000,2,62,1,98146,14249,1
4594,A,1800000,1800000,3,59,0,108227,12499,1
4595,A,500000,500000,2,34,0,33372,532,1
4596,A,1000000,500000,7,53,1,58488,8505,1
4597,A,900000,600000,2,25,1,304515,20247,1
4598,A,400000,300000,6,23,1,0,14058,1
4599,A,1100000,1100000,2,25,1,44763,61503,1
4600,A,800000,300000,7,49,1,3655,8655,1
4601,A,700000,700000,4,31,1,38019,24920,1
4602,A,1000000,300000,6,24,1,111076,13950,1
4603,A,1200000,300000,4,54,1,162047,180000,1
4604,A,800000,800000,10,43,0,90104,50283,1
4605,A,1100000,1100000,5,43,1,59239,13382,1
4606,B,700000,700000,4,40,1,19701,21782,1
4607,A,400000,400000,4,35,1,27112,15575,1
4608,B,800000,800000,3,27,1,10027,21005,1
4609,A,200000,200000,11,21,1,4209,8703,1
4610,A,800000,800000,2,36,1,0,33552,1
4611,B,800000,800000,2,59,0,1473,4698,1
4612,A,350000,300000,6,24,1,111291,22133,1
4613,A,500000,300000,4,44,1,138623,40190,1
4614,A,200000,200000,6,23,1,64968,5463,1
4615,A,1300000,1000000,2,39,1,270685,191631,1
4616,A,800000,800000,12,63,1,1510,20076,1
4617,A,600000,600000,2,34,1,29146,14157,1
4618,A,1300000,300000,3,54,1,68427,13546,1
4619,A,400000,300000,6,23,1,13205,23860,1
4620,R,1100000,800000,4,35,1,147086,7398,1
4621,A,1800000,1200000,2,25,0,114202,36630,1
4622,A,800000,300000,7,54,1,77836,103083,1
4623,A,800000,300000,7,51,1,83809,54643,1
4624,A,800000,300000,4,68,1,2718,4161,1
4625,A,700000,200000,6,19,1,22498,12474,1
4626,A,800000,800000,3,76,0,17205,7720,1
4627,A,800000,300000,6,22,1,66445,61767,1
4628,A,700000,200000,6,22,1,15730,3294,1
4629,A,200000,200000,7,20,1,138395,12663,1
4630,A,800000,300000,6,24,0,36820,40293,1
4631,A,1000000,700000,2,24,1,156686,45144,1
4632,A,1100000,1100000,4,59,1,110752,15048,1
4633,A,500000,300000,7,64,1,3100,15570,1
4634,A,700000,700000,3,24,1,0,34761,1
4635,A,1100000,300000,6,23,1,73038,29047,1
4636,A,800000,800000,4,53,1,26294,36894,1
4637,A,200000,200000,7,28,1,3303,11996,1
4638,A,800000,300000,2,24,1,166712,47706,1
4639,A,700000,700000,2,47,0,47518,84832,1
4640,A,1800000,1400000,2,28,1,128340,21375,1
4641,A,600000,600000,2,47,1,21792,29542,1
4642,A,500000,500000,2,39,1,13566,10049,1
4643,A,600000,300000,6,23,1,53993,15241,1
4644,R,700000,700000,2,33,1,60900,34564,1
4645,A,1000000,800000,12,59,1,31952,22724,1
4646,A,300000,300000,6,23,1,13455,15336,1
4647,R,1300000,300000,7,50,1,205046,24829,1
4648,A,200000,200000,2,24,1,13655,8864,1
4649,A,600000,600000,4,47,1,5007,1946,1
4650,A,600000,600000,3,25,1,86707,6534,1
4651,A,1300000,1300000,2,56,1,87858,20514,1
4652,A,500000,500000,2,27,1,0,3947,1
4653,A,400000,300000,6,23,0,13861,19415,1
4654,A,700000,700000,2,27,1,3750,15789,1
4655,A,800000,800000,3,25,1,128652,24373,1
4656,A,1100000,1100000,3,34,1,55349,55159,1
4657,A,700000,200000,5,37,1,105639,27945,1
4658,A,800000,800000,4,55,1,0,72744,1
4659,A,1300000,1300000,4,52,1,58122,22013,1
4660,A,1000000,600000,12,59,1,165335,4167,1
4661,A,800000,800000,2,28,1,143181,3919,1
4662,A,800000,300000,4,61,1,61737,17118,1
4663,A,800000,800000,4,49,1,10440,38235,1
4664,B,1100000,300000,6,25,1,105771,4802,1
4665,A,800000,800000,4,59,1,3316,3465,1
4666,A,500000,300000,6,24,1,2000,19203,1
4667,A,500000,500000,2,27,1,81453,11066,1
4668,A,1000000,300000,6,23,1,108892,19764,1
4669,A,200000,200000,6,22,1,198398,10238,1
4670,A,1700000,300000,4,77,1,8580,26343,1
4671,A,1000000,1000000,4,30,1,76594,34542,1
4672,A,200000,200000,6,20,1,192183,28622,1
4673,B,600000,600000,2,27,1,48556,21735,1
4674,A,1100000,1100000,2,55,0,164137,159465,1
4675,A,600000,300000,7,49,1,29812,30818,1
4676,A,800000,800000,2,33,1,73799,575,1
4677,A,500000,300000,6,22,1,16574,16821,1
4678,A,700000,700000,2,38,1,6869,32130,1
4679,A,1200000,1200000,2,47,0,28425,120573,1
4680,R,500000,500000,6,24,1,30840,8847,1
4681,A,700000,300000,6,27,1,31682,3358,1
4682,A,1000000,1000000,2,39,1,148371,50580,1
4683,A,1100000,300000,6,23,1,134831,5382,1
4684,A,300000,300000,6,22,1,379836,11847,1
4685,A,1000000,1000000,2,50,1,158734,37045,1
4686,A,200000,200000,6,20,1,21475,8811,1
4687,A,1000000,300000,6,24,0,165033,2733,1
4688,A,800000,800000,3,58,0,69554,18747,1
4689,A,900000,900000,2,26,1,62207,17910,1
4690,A,1300000,300000,7,57,1,77214,21573,1
4691,A,700000,300000,6,26,1,22763,17766,1
4692,A,700000,700000,2,28,1,26863,21500,1
4693,A,800000,800000,12,59,1,7558,3252,1
4694,A,800000,300000,6,23,1,80286,20868,1
4695,A,800000,200000,6,20,1,98650,27805,1
4696,A,600000,600000,2,29,0,196244,85200,1
4697,A,600000,600000,2,29,1,16876,20779,1
4698,A,1000000,1000000,3,26,1,55952,9990,1
4699,A,600000,600000,2,25,1,30946,24498,1
4700,A,1300000,700000,2,27,1,9007,31146,1
4701,A,200000,200000,6,22,0,63410,46620,1
4702,A,1600000,1600000,2,31,1,789633,154242,1
4703,A,800000,600000,2,51,1,9973,12421,1
4704,A,800000,800000,2,40,0,8454,4374,1
4705,A,1700000,1700000,2,34,1,0,175907,1
4706,A,800000,800000,2,32,1,18616,2554,1
4707,A,1100000,1100000,4,45,1,58270,15644,1
4708,A,800000,300000,6,22,1,111954,13123,1
4709,A,900000,600000,8,78,1,53878,12825,1
4710,A,600000,300000,7,54,1,12056,22455,1
4711,A,1300000,500000,4,55,1,133709,72702,1
4712,A,900000,900000,5,46,1,39606,18512,1
4713,A,700000,700000,2,25,1,21243,21285,1
4714,A,1300000,1300000,2,60,1,1026,1539,1
4715,A,700000,200000,6,21,1,46792,22504,1
4716,A,700000,700000,3,24,0,19374,16920,1
4717,A,500000,500000,2,53,1,5957,50580,1
4718,A,1300000,1300000,2,66,1,20815,0,1
4719,A,1200000,1200000,7,46,1,129445,1550,1
4720,A,700000,300000,4,50,1,24423,37598,1
4721,A,1300000,1300000,2,29,1,19026,39775,1
4722,A,500000,500000,1,47,0,93005,98586,1
4723,A,800000,300000,7,43,1,64501,15527,1
4724,A,500000,400000,2,23,1,27185,22767,1
4725,A,600000,600000,11,80,1,1854,14544,1
4726,A,400000,400000,2,26,1,41836,14355,1
4727,A,400000,400000,2,27,0,10042,72567,1
4728,A,800000,300000,8,72,1,65794,877,1
4729,A,1100000,1100000,2,28,0,147834,21945,1
4730,A,900000,900000,5,51,1,341462,78885,1
4731,A,1000000,1000000,2,41,0,18011,30870,1
4732,A,800000,800000,2,38,1,27816,34443,1
4733,A,1300000,1300000,3,50,1,103946,36423,1
4734,A,800000,300000,4,55,1,35208,35739,1
4735,R,1300000,1300000,2,38,0,211779,29301,1
4736,A,600000,500000,2,25,1,10000,10512,1
4737,A,800000,800000,3,25,1,18133,42957,1
4738,A,800000,800000,2,31,0,35641,62200,1
4739,A,800000,800000,1,57,0,1901,8262,1
4740,A,1300000,1300000,2,45,1,57612,121167,1
4741,A,1300000,300000,4,50,1,138299,41541,1
4742,A,1100000,1100000,2,29,1,90309,46172,1
4743,A,1300000,1300000,2,29,1,105910,35456,1
4744,A,1000000,300000,2,24,1,161290,15672,1
4745,A,200000,200000,6,19,1,101660,33705,1
4746,A,200000,200000,6,23,1,48923,7230,1
4747,A,600000,300000,7,28,0,12021,11133,1
4748,A,700000,200000,6,20,1,116850,12189,1
4749,A,1000000,800000,2,34,1,62873,21639,1
4750,A,200000,200000,8,83,1,75578,7330,1
4751,A,1200000,900000,2,26,1,14502,7128,1
4752,A,1300000,1300000,2,35,0,216319,77625,1
4753,A,800000,300000,7,43,1,21384,495,1
4754,A,400000,400000,2,26,1,3179,37440,1
4755,A,1000000,1000000,2,49,1,299056,47790,1
4756,A,1100000,1000000,2,34,1,73214,7149,1
4757,A,1000000,1000000,2,56,1,176091,9990,1
4758,A,300000,300000,3,23,1,27677,19593,1
4759,A,800000,800000,2,48,1,52035,29196,1
4760,A,900000,300000,2,21,1,693,17415,1
4761,A,1100000,1100000,2,29,1,171803,28778,1
4762,A,700000,700000,4,53,1,4769,8163,1
4763,A,800000,800000,2,32,0,15829,2565,1
4764,A,1300000,1300000,2,50,1,428167,1485,1
4765,B,600000,600000,2,36,1,12955,19341,1
4766,A,500000,300000,6,21,1,2613,37709,1
4767,A,1300000,1300000,2,66,0,35472,6539,1
4768,A,200000,200000,6,19,0,0,14850,1
4769,A,1000000,1000000,1,56,0,443456,182700,1
4770,A,700000,700000,2,32,1,5643,26928,1
4771,A,1100000,300000,6,25,1,92148,4941,1
4772,A,600000,600000,2,27,1,32508,22811,1
4773,A,400000,400000,2,40,0,2463,5524,1
4774,A,1100000,1100000,2,29,1,120129,21583,1
4775,A,200000,200000,2,21,0,200000,36720,1
4776,A,800000,800000,1,49,0,35739,175891,1
4777,A,500000,500000,2,33,1,91566,29433,1
4778,A,200000,200000,6,20,1,74350,47349,1
4779,A,1300000,1100000,2,25,1,57009,18613,1
4780,A,500000,300000,11,29,1,5290,18504,1
4781,A,700000,700000,10,37,1,11356,1890,1
4782,A,1300000,1300000,1,56,1,93388,78674,1
4783,A,700000,700000,4,47,1,9570,24856,1
4784,A,800000,800000,2,32,1,220723,68261,1
4785,A,1300000,1300000,2,30,1,213625,5408,1
4786,A,700000,700000,3,24,1,12638,6822,1
4787,A,800000,300000,4,60,1,570,2331,1
4788,A,900000,900000,2,26,1,28214,37275,1
4789,A,1100000,300000,5,42,1,60950,180000,1
4790,R,1200000,1200000,2,31,1,17533,39161,1
4791,A,600000,300000,5,52,1,21480,12760,1
4792,A,700000,700000,3,48,0,62115,22473,1
4793,B,1200000,1200000,4,60,1,83731,27777,1
4794,A,800000,800000,2,27,1,31622,8043,1
4795,A,800000,800000,2,26,1,51899,2277,1
4796,A,1300000,1300000,3,31,0,0,4461,1
4797,A,1300000,300000,4,62,1,175181,11401,1
4798,A,800000,300000,7,58,1,87687,8872,1
4799,A,1200000,1200000,1,46,1,53825,46719,1
4800,A,700000,500000,5,57,1,7328,69269,1
4801,A,1800000,1800000,2,56,1,20595,62753,1
4802,A,800000,800000,3,43,0,30838,64356,1
4803,A,1300000,1300000,2,66,1,56956,61154,1
4804,R,800000,800000,3,65,1,8847,4779,1
4805,A,800000,800000,3,48,1,0,10275,1
4806,A,700000,700000,7,30,1,2656,20484,1
4807,A,800000,800000,2,61,0,10006,17690,1
4808,A,700000,700000,3,26,0,1591,20651,1
4809,A,800000,500000,7,54,1,25080,64224,1
4810,A,700000,700000,2,24,1,981,21584,1
4811,A,800000,800000,2,41,1,99422,12717,1
4812,A,800000,800000,2,31,1,13561,12675,1
4813,A,1300000,1300000,2,50,0,193690,42361,1
4814,A,700000,700000,2,69,1,524,28800,1
4815,A,700000,300000,7,57,1,15820,12564,1
4816,A,800000,800000,2,26,1,79204,44496,1
4817,A,800000,300000,5,60,1,3663,2416,1
4818,A,1000000,1000000,2,25,1,227868,41687,1
4819,A,600000,600000,2,28,1,7247,10711,1
4820,A,200000,200000,8,77,1,13899,17910,1
4821,A,200000,200000,6,21,0,24597,19962,1
4822,A,700000,700000,7,52,1,40823,9396,1
4823,A,800000,300000,7,52,1,16228,8901,1
4824,R,1100000,600000,2,26,1,167679,5049,1
4825,A,1200000,300000,6,24,0,35751,104742,1
4826,A,700000,700000,5,64,1,0,34549,1
4827,A,1100000,1100000,2,32,1,64906,16623,1
4828,A,800000,800000,2,63,0,3593,3129,1
4829,A,1200000,1200000,2,34,0,41627,59083,1
4830,A,700000,200000,6,23,1,40034,73185,1
4831,A,1000000,300000,6,24,1,15553,4182,1
4832,B,1300000,1300000,3,56,1,93313,50765,1
4833,A,800000,800000,3,69,1,42093,18315,1
4834,A,700000,200000,6,20,1,73082,110664,1
4835,A,1200000,300000,12,54,1,70773,41796,1
4836,A,1300000,1300000,2,34,0,70838,21582,1
4837,A,800000,800000,3,38,1,0,16920,1
4838,A,300000,200000,2,26,1,107753,24843,1
4839,A,500000,500000,10,49,1,101775,21768,1
4840,A,1100000,800000,3,27,1,60392,8610,1
4841,A,1200000,1200000,2,47,0,63869,38529,1
4842,A,1300000,300000,7,50,1,174738,24114,1
4843,A,800000,300000,7,47,1,3231,14751,1
4844,A,800000,300000,2,25,1,18227,19220,1
4845,A,1200000,1200000,2,32,1,59841,9319,1
4846,A,900000,900000,1,58,1,193456,3951,1
4847,A,700000,700000,2,27,1,4266,49194,1
4848,A,200000,200000,6,20,1,18978,25542,1
4849,A,1100000,1100000,7,48,1,70399,167400,1
4850,A,1000000,300000,2,44,1,329480,55431,1
4851,A,700000,500000,7,61,1,1631,16830,1
4852,B,1200000,1000000,2,23,1,0,24651,1
4853,A,1200000,700000,2,30,1,262430,39435,1
4854,A,1200000,1200000,2,35,0,301857,18511,1
4855,A,1300000,1300000,1,62,0,24257,29394,1
4856,A,600000,600000,2,26,1,0,10287,1
4857,A,1000000,1000000,2,26,0,156894,4577,1
4858,A,800000,300000,2,54,1,22941,17163,1
4859,A,300000,300000,2,43,1,11360,49095,1
4860,A,1000000,300000,6,24,1,178354,19629,1
4861,A,700000,700000,2,30,1,73065,31946,1
4862,A,200000,200000,2,27,1,38508,6718,1
4863,A,1300000,1300000,2,55,0,410557,45150,1
4864,A,800000,400000,8,72,0,36053,17910,1
4865,A,800000,800000,5,77,0,73340,2979,1
4866,A,1100000,1100000,3,26,1,76645,33808,1
4867,A,500000,300000,6,23,1,74851,23204,1
4868,A,1100000,300000,8,65,1,25812,44095,1
4869,A,500000,300000,11,74,0,52389,8031,1
4870,A,400000,300000,6,22,1,18872,34102,1
4871,A,600000,600000,2,31,1,17111,11265,1
4872,A,500000,300000,6,23,1,2717,14744,1
4873,A,1000000,300000,6,21,1,21159,10563,1
4874,A,700000,700000,2,26,0,0,7920,1
4875,A,800000,800000,5,52,1,22136,18012,1
4876,A,800000,800000,7,60,1,32961,8064,1
4877,A,500000,500000,2,27,1,57294,30186,1
4878,A,200000,200000,2,25,1,47960,51334,1
4879,A,200000,200000,6,22,1,6806,34989,1
4880,A,500000,500000,2,27,1,36213,1539,1
4881,A,1800000,1800000,4,48,1,130476,152194,1
4882,A,800000,300000,7,57,1,0,13887,1
4883,A,200000,200000,6,23,1,76234,22761,1
4884,A,1300000,1300000,10,79,0,229367,48571,1
4885,A,200000,200000,6,21,1,85642,6305,1
4886,A,800000,300000,6,23,1,82903,16185,1
4887,A,200000,200000,6,21,1,13678,2565,1
4888,A,400000,400000,2,21,1,147470,5717,1
4889,A,500000,500000,2,33,1,175573,16577,1
4890,A,800000,800000,2,57,1,47971,36257,1
4891,A,200000,200000,8,74,1,69621,4782,1
4892,A,1200000,300000,2,24,1,44954,9891,1
4893,A,600000,300000,13,26,1,18071,35181,1
4894,A,1200000,1200000,5,53,1,64490,141660,1
4895,A,700000,200000,6,26,1,96833,68007,1
4896,A,1000000,1000000,2,52,1,66116,34565,1
4897,A,200000,200000,6,21,0,24742,76410,1
4898,A,1200000,900000,2,24,1,360043,16567,1
4899,A,400000,400000,3,57,1,282987,17460,1
4900,A,1300000,1300000,2,45,1,3750,12133,1
4901,A,1000000,1000000,2,26,1,126258,2691,1
4902,A,600000,600000,3,23,0,20046,9713,1
4903,A,1200000,500000,7,42,1,329149,25184,1
4904,A,800000,800000,4,37,1,7153,102402,1
4905,A,1300000,1300000,3,53,1,61656,17325,1
4906,A,1300000,1300000,2,25,1,145869,13917,1
4907,A,600000,300000,7,54,1,40178,8472,1
4908,A,200000,200000,6,22,1,33315,1355,1
4909,A,600000,600000,2,25,1,509700,12240,1
4910,A,1200000,1200000,2,32,1,27517,22736,1
4911,R,1100000,300000,2,26,1,45222,32239,1
4912,A,800000,300000,7,57,1,49751,10031,1
4913,A,700000,200000,6,26,1,163051,35867,1
4914,A,700000,700000,7,71,1,5028,13465,1
4915,A,1000000,300000,7,46,1,135470,3582,1
4916,A,1300000,300000,7,51,1,27684,14862,1
4917,A,1000000,300000,6,20,1,39861,39757,1
4918,R,1000000,1000000,7,27,1,182780,24776,1
4919,A,1200000,300000,7,59,1,59555,42398,1
4920,A,1300000,300000,4,51,1,51424,43407,1
4921,A,400000,300000,7,58,1,46471,14391,1
4922,A,1000000,300000,6,23,1,19040,81963,1
4923,A,1300000,300000,7,52,1,102050,4347,1
4924,A,800000,800000,8,79,1,12000,23148,1
4925,A,1200000,300000,6,24,1,14928,9546,1
4926,A,600000,600000,2,58,0,93403,16258,1
4927,A,600000,600000,7,39,1,40229,11672,1
4928,A,1300000,1300000,3,37,1,131661,20267,1
4929,A,800000,800000,2,33,1,18993,20401,1
4930,A,200000,200000,6,21,1,27066,9405,1
4931,A,800000,800000,3,35,1,0,40774,1
4932,A,1800000,300000,2,36,1,80693,66543,1
4933,A,300000,300000,6,22,0,2832,22815,1
4934,A,400000,300000,6,21,0,27520,8178,1
4935,A,800000,800000,1,39,0,355990,76329,1
4936,A,200000,200000,7,35,1,117417,25839,1
4937,A,1100000,300000,6,22,1,15031,28900,1
4938,A,800000,800000,3,71,1,40845,1291,1
4939,A,600000,600000,2,28,1,10363,9648,1
4940,A,800000,300000,4,58,1,11184,3888,1
4941,A,500000,300000,6,23,1,0,24426,1
4942,A,1000000,300000,7,79,1,32773,7118,1
4943,A,1100000,300000,6,23,1,80979,43991,1
4944,R,600000,600000,2,29,1,292277,19301,1
4945,A,700000,700000,4,40,1,4750,10539,1
4946,B,700000,700000,4,59,1,53303,2984,1
4947,A,200000,200000,6,20,1,35422,17653,1
4948,A,1000000,1000000,2,27,1,63508,21815,1
4949,A,200000,200000,5,61,0,75874,17468,1
4950,A,500000,500000,2,28,0,20000,1755,1
4951,A,800000,800000,2,52,1,104922,32380,1
4952,A,1100000,600000,2,31,1,105682,11377,1
4953,A,800000,300000,8,65,1,42863,2402,1
4954,A,800000,800000,2,55,1,45553,15840,1
4955,A,800000,300000,7,54,1,6574,11341,1
4956,A,200000,200000,6,23,1,50323,26599,1
4957,A,200000,200000,6,22,1,36245,4232,1
4958,A,500000,500000,13,39,1,25865,4383,1
4959,A,1200000,1200000,2,29,1,37852,8010,1
4960,A,400000,400000,5,38,1,109720,15426,1
4961,A,1300000,1300000,3,33,1,88238,6840,1
4962,A,1300000,300000,6,24,1,27257,10530,1
4963,A,1000000,300000,2,27,1,35894,25539,1
4964,A,600000,600000,13,52,1,15721,18900,1
4965,A,800000,800000,3,48,0,7909,1294,1
4966,A,700000,700000,2,42,0,0,4391,1
4967,A,1100000,300000,2,24,1,137227,30552,1
4968,A,1200000,1200000,2,28,1,89683,26178,1
4969,A,200000,200000,6,20,0,127283,1820,1
4970,A,600000,600000,2,29,1,52000,26870,1
4971,A,700000,300000,7,47,1,9983,5740,1
4972,A,800000,800000,2,37,0,19701,35280,1
4973,A,200000,200000,6,22,0,0,25409,1
4974,A,700000,700000,4,50,1,0,26276,1
4975,R,700000,300000,11,32,1,19151,2555,1
4976,A,200000,200000,6,20,1,94163,2292,1
4977,A,800000,300000,7,49,1,48384,11682,1
4978,A,500000,500000,2,24,1,2481,17892,1
4979,A,1200000,1200000,2,29,1,51101,30213,1
4980,A,800000,800000,2,27,1,51686,5862,1
4981,A,600000,600000,2,22,1,4243,17690,1
4982,A,800000,800000,2,53,1,14218,14827,1
4983,A,200000,200000,6,24,1,18413,26523,1
4984,A,1300000,1300000,4,54,1,155071,11850,1
4985,A,800000,800000,8,74,0,18113,39492,1
4986,A,1100000,300000,4,54,1,78425,35703,1
4987,A,400000,300000,6,21,1,1946,3031,1
4988,A,700000,700000,2,34,0,5798,25740,1
4989,A,1000000,300000,6,21,1,35000,24033,1
4990,A,200000,200000,6,20,1,49258,19585,1
4991,A,500000,300000,6,21,0,133897,10040,1
4992,B,600000,400000,2,30,1,2772,24354,1
4993,A,1200000,700000,7,33,1,11002,14571,1
4994,A,500000,500000,2,34,1,20145,10971,1
4995,A,700000,700000,2,53,0,26814,1908,1
4996,A,1000000,1000000,2,35,1,370662,98772,1
4997,A,800000,300000,7,58,1,13482,5310,1
4998,A,1000000,300000,6,22,1,60961,19696,1
4999,A,1100000,800000,2,52,1,21737,62854,1
5000,A,1200000,1200000,4,65,1,99711,8205,1
5001,A,700000,200000,6,22,1,247275,20315,1
5002,A,500000,500000,2,28,1,16035,3882,1
5003,A,900000,300000,6,22,1,35096,7842,1
5004,A,1300000,1300000,2,31,1,277746,21937,1
5005,A,1000000,1000000,2,24,1,24559,22414,1
5006,A,200000,200000,6,19,0,257170,14630,1
5007,A,700000,300000,7,60,1,0,46075,1
5008,A,200000,200000,6,21,1,1881,64866,1
5009,A,900000,900000,2,34,1,111502,46926,1
5010,A,500000,300000,2,52,1,31096,50392,1
5011,A,1300000,1300000,4,51,1,238050,30610,1
5012,A,800000,300000,8,69,1,2649,7849,1
5013,A,400000,400000,2,47,1,181510,170850,1
5014,A,800000,800000,2,29,0,0,115002,1
5015,A,800000,300000,7,61,1,60107,2565,1
5016,A,800000,300000,6,22,1,37221,6831,1
5017,A,800000,800000,2,49,1,1089,16830,1
5018,A,200000,200000,6,21,1,39623,8991,1
5019,A,1100000,1100000,2,50,1,142720,13605,1
5020,A,700000,700000,7,47,1,38437,12473,1
5021,A,800000,300000,3,66,1,75594,153378,1
5022,A,600000,600000,2,31,0,88581,142922,1
5023,R,500000,500000,2,47,1,52336,26125,1
5024,A,1000000,1000000,2,33,1,60710,62370,1
5025,A,800000,800000,2,61,0,1120,29922,1
5026,B,200000,0,4,52,1,151753,52607,1
5027,A,200000,200000,2,25,0,46840,39330,1
5028,A,800000,800000,2,41,1,0,23423,1
5029,A,600000,600000,3,28,1,57037,27756,1
5030,A,400000,400000,4,32,1,2673,141933,1
5031,A,700000,300000,7,56,1,9223,49177,1
5032,A,700000,700000,2,27,0,31350,30780,1
5033,A,800000,300000,7,55,1,0,20286,1
5034,A,500000,300000,6,23,0,8655,27810,1
5035,A,1200000,300000,7,46,1,84463,13500,1
5036,A,400000,400000,4,48,1,12540,153243,1
5037,A,500000,300000,6,23,1,46098,47803,1
5038,A,800000,300000,6,22,1,48990,14273,1
5039,A,500000,500000,2,26,1,6975,35196,1
5040,A,200000,200000,6,20,0,36575,46620,1
5041,A,700000,700000,7,36,1,42940,82170,1
5042,A,200000,200000,7,21,0,82301,27720,1
5043,A,1800000,1800000,2,43,1,130219,212225,1
5044,A,800000,800000,3,34,0,0,3942,1
5045,A,600000,600000,2,29,1,17268,15237,1
5046,A,800000,800000,2,34,1,698500,35235,1
5047,A,1000000,1000000,2,25,1,57312,16470,1
5048,B,700000,300000,4,36,1,3232,24750,1
5049,A,700000,700000,4,53,1,63520,1558,1
5050,A,700000,700000,2,29,0,23760,26226,1
5051,A,700000,200000,6,20,1,142898,7189,1
5052,A,1800000,1400000,2,47,1,174257,52997,1
5053,A,1000000,900000,2,27,1,217406,0,1
5054,A,700000,700000,2,24,1,42348,31533,1
5055,A,700000,700000,2,38,0,35391,38601,1
5056,A,1200000,1200000,2,40,1,69124,46823,1
5057,B,800000,300000,4,54,1,13040,96030,1
5058,A,1200000,1200000,2,28,1,0,57918,1
5059,A,200000,200000,6,21,0,6720,41472,1
5060,A,800000,800000,2,25,1,2033,17280,1
5061,A,600000,400000,2,26,1,500,30236,1
5062,A,800000,300000,7,38,1,32943,0,1
5063,A,200000,200000,2,27,1,53279,60291,1
5064,R,200000,200000,6,21,1,150434,9000,1
5065,A,1000000,1000000,3,26,1,95929,16134,1
5066,A,1200000,1200000,2,41,0,16000,38574,1
5067,A,800000,800000,3,51,0,3135,54090,1
5068,A,200000,200000,6,22,0,209613,10206,1
5069,A,1000000,600000,12,58,1,136405,9697,1
5070,A,700000,700000,2,26,1,3100,12015,1
5071,A,600000,600000,2,25,1,20660,66951,1
5072,A,800000,800000,2,26,0,32760,79884,1
5073,A,800000,800000,3,25,1,26391,19611,1
5074,A,600000,600000,2,43,0,861462,79006,1
5075,A,1100000,300000,4,46,1,77404,164771,1
5076,A,1300000,300000,1,55,1,110508,179277,1
5077,B,700000,700000,2,36,0,41525,51183,1
5078,A,1000000,1000000,2,28,1,0,27395,1
5079,A,1100000,1100000,2,29,1,23746,54514,1
5080,A,800000,800000,2,54,1,27587,40963,1
5081,A,800000,300000,2,25,1,12330,11400,1
5082,A,800000,800000,2,32,1,1451,54675,1
5083,R,500000,400000,2,27,1,110025,21780,1
5084,A,800000,800000,12,21,1,222733,35055,1
5085,A,1300000,1300000,4,47,1,101683,73242,1
5086,A,1300000,300000,7,48,1,9768,24131,1
5087,A,600000,600000,2,27,1,20378,16818,1
5088,A,900000,900000,2,33,1,125810,29790,1
5089,A,200000,200000,6,22,1,148609,40746,1
5090,A,1000000,300000,2,23,1,142944,38898,1
5091,A,1200000,300000,6,23,1,129152,17168,1
5092,A,1300000,1200000,3,26,1,83896,64944,1
5093,A,800000,800000,3,61,1,891,6462,1
5094,A,1100000,1100000,2,26,0,143199,65953,1
5095,A,200000,200000,6,21,1,1620,3439,1
5096,A,600000,600000,2,54,1,0,45830,1
5097,A,1300000,1300000,2,30,1,584339,52228,1
5098,A,500000,500000,2,26,1,3762,22374,1
5099,A,200000,200000,2,27,1,18876,33759,1
5100,A,800000,800000,12,46,1,33216,40631,1
5101,A,1000000,1000000,3,52,1,20070,99099,1
5102,A,800000,800000,2,48,1,7923,26172,1
5103,A,700000,700000,3,25,1,30522,10478,1
5104,A,700000,300000,7,54,1,53540,64570,1
5105,A,600000,600000,2,50,1,49363,51219,1
5106,R,1100000,1100000,2,27,1,192921,13365,1
5107,A,1100000,1100000,2,25,1,23243,14355,1
5108,A,1000000,1000000,2,27,1,91836,28008,1
5109,A,800000,800000,2,26,1,95790,30186,1
5110,A,200000,200000,2,27,1,14051,50229,1
5111,A,500000,300000,2,29,1,10926,7171,1
5112,A,200000,200000,6,23,1,58709,26753,1
5113,A,600000,600000,8,82,0,14041,10688,1
5114,A,800000,800000,2,31,0,30524,105336,1
5115,A,500000,300000,7,45,1,26104,32757,1
5116,A,600000,600000,2,33,1,67300,18900,1
5117,A,1300000,300000,7,58,1,81874,13365,1
5118,A,200000,200000,1,86,0,189331,7879,1
5119,A,1300000,1300000,2,41,1,5617,70262,1
5120,A,700000,700000,13,24,0,200902,146946,1
5121,A,700000,700000,2,30,1,1422,68729,1
5122,A,500000,300000,6,21,1,10864,25954,1
5123,A,1300000,1300000,2,28,1,14343,23629,1
5124,A,800000,700000,2,50,1,45991,81270,1
5125,A,600000,600000,4,49,1,15153,6587,1
5126,A,700000,300000,7,54,1,4247,14006,1
5127,A,500000,500000,2,30,1,14678,6261,1
5128,B,1000000,1000000,2,25,1,28147,101682,1
5129,A,700000,300000,7,58,1,38579,157982,1
5130,B,1200000,1200000,2,26,1,42577,4441,1
5131,A,200000,200000,6,22,1,41471,24637,1
5132,A,1200000,300000,2,46,1,33035,719,1
5133,A,600000,600000,2,28,1,19703,30294,1
5134,A,200000,200000,2,26,1,31733,17910,1
5135,A,1200000,300000,6,23,1,121625,14921,1
5136,A,1000000,1000000,2,25,1,557810,7410,1
5137,A,800000,800000,2,31,1,76604,45754,1
5138,A,200000,200000,2,29,1,9473,61750,1
5139,A,900000,900000,2,25,1,47115,39514,1
5140,A,800000,800000,2,43,0,2841,10118,1
5141,A,600000,300000,6,24,1,26709,14674,1
5142,A,800000,800000,2,30,0,5377,143550,1
5143,A,1300000,1300000,1,66,1,240501,39975,1
5144,A,500000,500000,2,27,1,39501,21363,1
5145,A,600000,600000,7,52,1,4630,175221,1
5146,A,600000,600000,2,34,1,23484,51372,1
5147,A,600000,300000,5,62,1,8216,20097,1
5148,A,1200000,1200000,10,29,0,291315,93711,1
5149,A,500000,300000,6,21,1,20221,25841,1
5150,A,1000000,300000,6,25,0,47444,26424,1
5151,A,800000,800000,2,27,1,131495,25437,1
5152,A,1300000,1300000,2,55,1,24515,40680,1
5153,A,700000,700000,4,51,1,29187,65613,1
5154,A,400000,400000,2,29,1,67621,37800,1
5155,A,800000,800000,2,40,1,16280,54356,1
5156,A,200000,200000,6,21,1,128038,14673,1
5157,A,300000,300000,2,25,1,14041,19438,1
5158,A,1000000,300000,7,46,1,49800,14521,1
5159,A,1000000,300000,7,51,1,76261,31009,1
5160,A,1300000,1300000,2,47,1,293411,80647,1
5161,A,1000000,1000000,2,26,1,59794,4741,1
5162,A,600000,300000,7,26,1,0,13455,1
5163,A,900000,300000,6,21,1,18922,14207,1
5164,A,800000,300000,7,49,1,50863,47265,1
5165,A,800000,800000,2,64,0,42509,1786,1
5166,A,200000,200000,2,30,1,51087,43408,1
5167,A,700000,300000,7,56,1,30110,31680,1
5168,A,1200000,1200000,2,26,1,165003,336,1
5169,A,1200000,1200000,2,29,0,86854,111010,1
5170,A,1100000,1100000,2,43,1,62463,7155,1
5171,A,1300000,1300000,4,58,1,46968,37710,1
5172,A,600000,600000,4,39,1,8883,176613,1
5173,A,700000,700000,2,54,1,107996,32700,1
5174,A,500000,500000,2,40,1,24944,10955,1
5175,A,400000,400000,2,25,1,3825,21016,1
5176,A,1300000,300000,6,24,1,174597,53847,1
5177,A,800000,600000,2,28,1,33442,35513,1
5178,A,1200000,1200000,2,25,1,31290,26523,1
5179,A,700000,700000,2,26,1,19305,24255,1
5180,A,400000,300000,6,23,1,13690,29701,1
5181,A,600000,600000,2,24,1,2509,16544,1
5182,A,500000,300000,11,26,1,9467,10754,1
5183,A,500000,500000,2,25,1,71893,5839,1
5184,A,1100000,900000,2,25,1,102083,15327,1
5185,A,500000,500000,2,24,1,36307,8937,1
5186,A,1300000,1300000,2,39,1,127050,68761,1
5187,A,1200000,900000,2,29,1,333083,79279,1
5188,A,1300000,1300000,2,56,1,28107,9945,1
5189,A,900000,300000,6,24,1,232006,5292,1
5190,A,1300000,1300000,2,55,0,197319,86220,1
5191,A,600000,600000,2,28,1,56433,585,1
5192,A,1300000,300000,4,47,1,63193,30097,1
5193,A,1000000,1000000,5,49,0,83700,56430,1
5194,A,600000,600000,2,45,1,152516,8336,1
5195,A,700000,300000,5,36,1,9327,36012,1
5196,A,800000,800000,4,38,1,68360,33066,1
5197,R,1300000,300000,6,25,1,308845,60144,1
5198,A,1100000,1100000,2,38,1,168238,37102,1
5199,A,700000,200000,6,22,1,66615,26048,1
5200,A,500000,500000,2,53,1,3658,18513,1
5201,A,700000,700000,2,44,1,21678,26820,1
5202,A,200000,200000,6,21,1,40013,32373,1
5203,A,200000,200000,5,25,0,28800,36234,1
5204,A,600000,600000,2,26,1,0,26405,1
5205,A,800000,300000,11,49,1,4180,67505,1
5206,A,1100000,1100000,2,34,0,262694,24737,1
5207,A,1000000,300000,6,22,1,175009,18009,1
5208,A,200000,200000,6,24,1,7560,16920,1
5209,A,200000,200000,12,25,1,35872,27054,1
5210,A,800000,800000,4,66,1,4040,26829,1
5211,A,900000,700000,2,22,1,53429,38232,1
5212,A,1200000,300000,7,59,1,112808,77766,1
5213,A,200000,200000,6,22,1,234576,31968,1
5214,A,1100000,1100000,2,26,1,60500,22643,1
5215,A,800000,800000,2,27,1,52200,17820,1
5216,B,1300000,300000,6,24,1,152853,15368,1
5217,A,500000,500000,2,24,1,14871,1800,1
5218,A,1000000,1000000,2,25,1,107657,43002,1
5219,A,400000,300000,6,24,1,96542,27324,1
5220,A,1100000,1100000,3,28,1,124792,14940,1
5221,A,800000,800000,2,37,1,33506,15340,1
5222,A,700000,200000,6,21,0,4994,15930,1
5223,A,500000,500000,2,28,1,0,22860,1
5224,A,800000,800000,2,27,1,37285,21969,1
5225,A,200000,200000,6,20,1,34736,36478,1
5226,A,700000,700000,3,27,1,0,10143,1
5227,A,800000,800000,2,30,1,1804,39131,1
5228,A,800000,800000,2,36,1,67824,22225,1
5229,A,1200000,600000,5,46,1,27445,31709,1
5230,A,1000000,1000000,2,24,1,366449,36339,1
5231,A,1200000,300000,2,26,1,8206,16470,1
5232,A,200000,200000,6,22,1,193429,3184,1
5233,A,1300000,800000,1,68,1,91478,18720,1
5234,A,1000000,300000,7,59,1,80785,22806,1
5235,A,600000,600000,2,32,1,34890,5741,1
5236,A,900000,900000,2,26,1,14424,5199,1
5237,A,1100000,300000,7,56,1,154049,26820,1
5238,A,1000000,1000000,2,59,1,36154,30375,1
5239,A,1300000,900000,2,43,1,57752,35076,1
5240,B,1500000,300000,6,24,1,385787,22737,1
5241,A,1300000,1200000,2,56,1,36139,94185,1
5242,A,800000,800000,3,31,1,23146,98982,1
5243,A,800000,800000,2,54,1,0,15471,1
5244,A,200000,200000,6,20,1,201103,0,1
5245,A,1100000,1100000,2,25,1,22553,15749,1
5246,A,500000,300000,6,22,1,39231,8010,1
5247,A,400000,400000,2,26,1,88927,17505,1
5248,A,1100000,300000,6,24,1,62597,10794,1
5249,A,400000,300000,2,25,1,6899,15292,1
5250,A,800000,800000,2,25,0,64120,29097,1
5251,A,800000,700000,8,71,1,8360,115720,1
5252,A,1200000,1200000,2,39,1,37175,12400,1
5253,A,600000,300000,6,23,0,129574,32760,1
5254,A,700000,300000,6,23,0,24055,4491,1
5255,A,1100000,1100000,2,24,1,55385,3564,1
5256,A,800000,800000,2,56,1,20713,20862,1
5257,A,400000,300000,6,22,0,14401,7551,1
5258,A,1000000,300000,7,46,1,95953,42590,1
5259,B,1200000,1200000,2,29,1,72214,10343,1
5260,A,800000,800000,2,36,0,14425,9280,1
5261,A,800000,800000,2,34,1,62535,46670,1
5262,A,1200000,300000,7,58,1,62766,9387,1
5263,A,400000,400000,2,26,1,53767,24173,1
5264,A,200000,200000,2,25,0,14328,14940,1
5265,A,800000,800000,2,57,0,1580,70020,1
5266,A,700000,700000,2,28,0,34870,23270,1
5267,A,1100000,1100000,2,43,1,77648,7875,1
5268,A,700000,700000,3,25,1,12134,24872,1
5269,A,1200000,1200000,2,30,0,67921,8010,1
5270,A,1200000,600000,7,30,1,131330,5365,1
5271,A,700000,300000,4,77,1,2689,10299,1
5272,A,800000,800000,2,28,1,8758,11349,1
5273,A,400000,400000,2,32,1,183823,522,1
5274,A,500000,500000,13,57,1,42863,152640,1
5275,A,200000,200000,2,26,1,26134,1150,1
5276,A,800000,300000,7,50,1,7083,5471,1
5277,A,1300000,1300000,2,59,0,329964,41833,1
5278,A,1300000,1300000,2,31,1,144526,37670,1
5279,A,800000,800000,2,41,0,890,931,1
5280,A,600000,600000,7,50,1,13187,1981,1
5281,A,600000,300000,11,54,1,4177,14633,1
5282,A,1300000,900000,2,27,1,170659,63266,1
5283,A,1300000,1300000,2,32,1,176220,33156,1
5284,A,1100000,300000,7,53,1,509542,44202,1
5285,A,600000,600000,2,29,1,3837,34740,1
5286,A,600000,600000,2,25,1,33414,26037,1
5287,A,200000,200000,3,25,1,0,6228,1
5288,A,1200000,1200000,2,41,1,44008,23328,1
5289,A,500000,500000,5,37,1,85730,18513,1
5290,A,600000,300000,8,67,1,13476,12609,1
5291,A,500000,500000,2,35,1,85216,23201,1
5292,A,700000,700000,5,30,1,6584,53276,1
5293,A,800000,300000,4,73,1,32215,50940,1
5294,A,1200000,1200000,3,46,1,81546,28017,1
5295,A,800000,400000,2,26,1,27803,38160,1
5296,A,1100000,300000,7,39,1,31180,7732,1
5297,A,800000,800000,2,67,1,9405,13860,1
5298,A,1200000,1200000,2,32,1,88804,16821,1
5299,A,1000000,1000000,2,61,1,35163,1587,1
5300,A,800000,800000,2,25,1,36208,10631,1
5301,A,1100000,1100000,2,42,1,29578,47818,1
5302,R,1100000,300000,6,23,1,20812,33453,1
5303,A,1100000,300000,6,23,1,78951,8824,1
5304,A,800000,800000,2,30,0,29080,98595,1
5305,A,800000,800000,2,27,1,15096,24345,1
5306,A,1200000,1200000,2,29,1,0,6283,1
5307,A,800000,800000,2,31,0,8136,46043,1
5308,A,300000,300000,6,20,1,25531,14621,1
5309,A,200000,200000,7,23,1,0,82161,1
5310,A,1800000,1800000,2,45,1,184063,119002,1
5311,A,800000,800000,2,29,1,23736,8034,1
5312,A,500000,500000,5,49,1,242971,97051,1
5313,A,700000,700000,2,27,1,3520,5040,1
5314,A,200000,200000,6,21,1,219571,44019,1
5315,A,1200000,1200000,2,25,1,107514,18801,1
5316,A,1200000,1200000,2,36,1,32291,32661,1
5317,A,600000,600000,2,24,1,36211,19242,1
5318,A,700000,700000,2,28,1,4117,15345,1
5319,A,1300000,1300000,2,48,0,449199,58085,1
5320,A,700000,700000,2,26,1,67250,12465,1
5321,A,800000,800000,3,27,1,13472,28956,1
5322,A,1300000,900000,7,38,1,317275,39640,1
5323,A,1800000,1800000,2,37,0,74120,14355,1
5324,A,600000,600000,2,34,0,37512,45045,1
5325,A,800000,400000,2,29,1,79691,25386,1
5326,B,1200000,300000,4,68,1,42821,16927,1
5327,A,100000,100000,2,29,1,177346,27204,1
5328,A,1100000,1100000,2,35,1,325288,1422,1
5329,A,800000,600000,12,50,1,99367,40632,1
5330,A,800000,800000,2,33,1,90288,30780,1
5331,A,1100000,1100000,2,50,1,124517,3152,1
5332,A,1100000,300000,6,24,1,72017,25088,1
5333,A,1300000,1300000,2,32,1,21390,97110,1
5334,A,800000,800000,2,30,0,40038,65340,1
5335,A,300000,300000,2,36,1,46816,45619,1
5336,A,800000,800000,2,55,1,31424,26702,1
5337,A,800000,800000,2,47,1,2900,168300,1
5338,A,1200000,1200000,7,48,1,150342,24543,1
5339,A,1300000,1300000,3,45,1,24953,48769,1
5340,A,200000,200000,2,26,1,68455,5940,1
5341,A,800000,800000,2,38,1,6218,19055,1
5342,A,800000,800000,2,54,1,6622,18900,1
5343,A,800000,800000,7,49,1,3449,15840,1
5344,A,1500000,300000,6,24,1,71873,38660,1
5345,A,600000,600000,7,47,1,18437,513,1
5346,A,500000,500000,2,42,1,40118,23940,1
5347,A,500000,500000,2,30,1,1254,3030,1
5348,A,1200000,1200000,2,28,1,3344,10683,1
5349,A,600000,600000,2,27,0,64546,11277,1
5350,A,700000,700000,2,27,1,21841,25072,1
5351,A,200000,200000,2,26,0,128110,17910,1
5352,A,600000,600000,3,25,1,49449,39195,1
5353,A,1100000,300000,6,26,1,144244,10579,1
5354,A,1300000,300000,7,67,1,198168,13455,1
5355,A,700000,700000,2,28,1,4982,22206,1
5356,A,1300000,1300000,2,58,1,287747,52196,1
5357,A,500000,500000,2,25,1,2822,22194,1
5358,A,200000,200000,6,21,1,149257,42994,1
5359,A,800000,700000,7,64,1,0,45180,1
5360,B,1200000,1200000,12,68,1,334266,49927,1
5361,A,1100000,1100000,2,29,1,29209,47075,1
5362,A,1200000,1200000,2,26,1,18111,0,1
5363,A,1300000,1300000,2,51,0,26470,29988,1
5364,A,700000,700000,3,27,1,2195,16722,1
5365,A,1100000,1100000,1,75,0,480859,180000,1
5366,A,1200000,1200000,2,32,1,75067,10197,1
5367,A,500000,500000,2,26,1,9386,28404,1
5368,R,200000,200000,6,24,1,87731,32737,1
5369,A,900000,300000,6,23,1,16739,31599,1
5370,A,1300000,1300000,4,51,1,100651,103590,1
5371,A,700000,700000,2,29,1,39285,6735,1
5372,A,200000,200000,6,19,1,96092,5894,1
5373,A,600000,300000,6,22,1,33949,12762,1
5374,A,800000,300000,6,20,0,76531,96021,1
5375,A,800000,800000,2,58,1,0,29196,1
5376,A,700000,700000,2,29,0,78410,4216,1
5377,A,1200000,1200000,2,39,1,96873,5864,1
5378,A,500000,500000,2,29,1,65241,19008,1
5379,A,800000,300000,7,56,1,7186,48402,1
5380,A,1100000,1100000,2,31,1,192044,32454,1
5381,A,1200000,1200000,2,26,1,49472,1457,1
5382,A,1100000,300000,6,25,1,111031,18108,1
5383,A,500000,500000,2,28,1,34713,64332,1
5384,A,800000,800000,2,36,0,6432,106920,1
5385,A,600000,600000,2,29,1,0,3492,1
5386,A,700000,700000,2,54,1,92411,61560,1
5387,A,1100000,300000,2,55,1,178981,20088,1
5388,A,1200000,1200000,2,27,1,66598,63628,1
5389,A,700000,700000,2,26,1,64787,21195,1
5390,A,1300000,300000,6,24,1,76350,99941,1
5391,A,800000,800000,3,32,1,4449,4158,1
5392,A,1200000,1100000,2,27,1,54070,1891,1
5393,A,1100000,1100000,2,46,1,31100,68362,1
5394,A,1000000,1000000,2,50,1,55954,68082,1
5395,A,800000,800000,3,66,1,28555,9823,1
5396,A,800000,800000,3,66,1,133700,9823,1
5397,A,600000,600000,2,30,1,0,20439,1
5398,A,1100000,1100000,2,39,1,200930,122369,1
5399,A,600000,300000,6,25,1,21841,27751,1
5400,A,700000,700000,2,46,1,55076,14355,1
5401,A,800000,300000,6,22,1,50764,2169,1
5402,A,1100000,1100000,2,26,1,8000,52560,1
5403,A,600000,300000,2,25,1,22102,19914,1
5404,A,600000,600000,2,24,1,7910,11880,1
5405,A,900000,300000,6,23,1,48680,5931,1
5406,A,1000000,1000000,2,30,0,181254,57239,1
5407,A,500000,300000,6,23,1,25584,21285,1
5408,A,200000,200000,7,26,1,346829,1662,1
5409,A,600000,600000,2,25,1,27665,28152,1
5410,A,800000,800000,2,32,0,46270,9891,1
5411,A,1300000,1300000,2,57,1,56797,11673,1
5412,A,1700000,300000,6,24,1,228483,31144,1
5413,A,600000,600000,12,31,1,25680,18027,1
5414,A,500000,500000,2,25,1,15096,14652,1
5415,A,800000,800000,2,32,1,17940,41816,1
5416,A,1200000,1200000,2,52,1,167291,5293,1
5417,A,800000,800000,2,27,1,158774,1872,1
5418,A,600000,600000,2,26,1,17671,14617,1
5419,A,1100000,1100000,2,27,0,199428,127800,1
5420,A,800000,800000,2,35,1,64898,5151,1
5421,R,1300000,1300000,7,67,1,56738,9505,1
5422,A,1100000,300000,6,26,1,23723,5028,1
5423,A,1300000,1300000,2,59,1,7555,22095,1
5424,A,800000,800000,2,27,1,15808,45432,1
5425,A,200000,200000,7,21,1,10204,1188,1
5426,A,400000,300000,6,21,1,0,3440,1
5427,B,500000,300000,6,24,1,45879,11709,1
5428,A,1200000,300000,7,33,1,39434,40680,1
5429,A,800000,300000,7,53,1,13864,27810,1
5430,A,700000,700000,2,58,1,89963,69131,1
5431,A,900000,900000,2,27,1,58050,44351,1
5432,A,800000,600000,2,24,0,119609,22233,1
5433,A,1000000,1000000,2,30,1,107904,3465,1
5434,A,200000,200000,6,26,1,4950,14490,1
5435,A,200000,200000,6,20,1,49176,15011,1
5436,A,200000,200000,6,20,1,193421,15011,1
5437,A,800000,800000,7,57,1,11701,21330,1
5438,A,600000,300000,2,23,1,25406,14343,1
5439,A,1300000,1300000,4,65,1,33858,32186,1
5440,A,900000,300000,6,20,1,39904,16494,1
5441,A,1300000,300000,2,51,1,86032,45180,1
5442,A,1300000,1300000,2,51,0,20258,28251,1
5443,B,1000000,1000000,2,31,0,125713,1095,1
5444,A,500000,500000,2,27,0,21300,25632,1
5445,A,400000,300000,7,38,1,25593,74745,1
5446,R,800000,300000,4,34,1,27819,19503,1
5447,A,1100000,1100000,2,26,1,37476,5643,1
5448,A,500000,500000,2,29,0,2669,22270,1
5449,A,600000,300000,6,25,1,493972,64865,1
5450,A,500000,300000,7,52,1,2235,42464,1
5451,A,800000,800000,2,40,1,1000,53075,1
5452,A,800000,800000,10,27,0,8864,26470,1
5453,A,1000000,1000000,2,45,1,114036,50427,1
5454,B,1300000,1300000,2,31,1,203743,28413,1
5455,A,1100000,1100000,2,43,1,386209,19404,1
5456,A,400000,400000,5,40,1,45155,37649,1
5457,A,600000,600000,2,28,1,24966,34749,1
5458,B,200000,200000,2,26,0,85449,41382,1
5459,A,800000,300000,2,49,1,29898,13554,1
5460,A,800000,800000,3,40,1,6327,15916,1
5461,A,400000,300000,6,21,1,95950,18909,1
5462,A,700000,700000,2,27,1,9368,38700,1
5463,A,1800000,1800000,2,37,1,173739,41820,1
5464,A,700000,300000,2,29,1,16000,5043,1
5465,A,1100000,1100000,2,50,1,65752,49536,1
5466,A,600000,600000,2,34,0,16682,20880,1
5467,A,500000,500000,3,49,1,3628,46507,1
5468,A,600000,600000,2,28,1,16608,29448,1
5469,A,200000,200000,2,23,1,30000,6561,1
5470,A,700000,700000,2,31,1,3721,23672,1
5471,A,1000000,300000,6,23,1,127011,15503,1
5472,A,800000,800000,2,45,1,3101,17910,1
5473,A,600000,600000,2,29,1,49617,185715,1
5474,A,500000,300000,6,24,0,18383,45905,1
5475,A,1200000,1200000,5,62,1,303105,178290,1
5476,A,1200000,1200000,2,28,1,120324,37215,1
5477,A,500000,500000,2,27,1,66457,25947,1
5478,A,1200000,1200000,2,27,1,1234,51165,1
5479,A,800000,800000,2,46,1,14285,71987,1
5480,B,1100000,300000,6,24,1,3573,27720,1
5481,A,1700000,300000,4,55,1,22887,92250,1
5482,A,1000000,1000000,2,25,1,45036,13864,1
5483,B,1200000,1200000,2,28,1,3990,54583,1
5484,A,800000,800000,2,45,1,66366,7020,1
5485,A,1000000,300000,7,54,1,81023,360,1
5486,A,1200000,1200000,2,35,1,30931,45432,1
5487,A,400000,400000,3,26,1,27810,119612,1
5488,A,700000,300000,6,23,1,83097,5467,1
5489,A,800000,800000,2,28,1,22677,18167,1
5490,A,600000,600000,2,25,1,93551,33978,1
5491,A,1100000,600000,2,27,1,15151,4356,1
5492,A,400000,400000,2,25,1,7653,32328,1
5493,A,600000,600000,2,28,1,36490,38375,1
5494,A,600000,600000,2,27,1,10008,29880,1
5495,A,600000,600000,2,28,0,15466,101178,1
5496,A,1200000,1200000,2,27,1,182330,15138,1
5497,A,1100000,1100000,2,27,1,201093,18405,1
5498,A,500000,500000,2,26,1,11192,29592,1
5499,A,1200000,1100000,2,26,1,90539,9000,1
5500,A,800000,300000,7,57,1,32636,14668,1
5501,A,1100000,1100000,3,25,1,0,63727,1
5502,A,1200000,1200000,2,33,0,20000,38700,1
5503,A,1200000,300000,2,43,1,46550,54540,1
5504,A,800000,800000,3,25,1,12328,3357,1
5505,A,1000000,300000,2,28,1,15912,25757,1
5506,A,600000,300000,7,48,1,13585,35483,1
5507,A,400000,300000,6,23,1,44132,18423,1
5508,A,600000,600000,2,29,1,15657,23364,1
5509,A,700000,700000,2,29,1,15960,21870,1
5510,A,1200000,1200000,2,31,0,50887,76230,1
5511,A,700000,300000,2,27,1,33073,20229,1
5512,A,800000,800000,2,34,1,0,24840,1
5513,A,500000,300000,7,54,1,65692,86616,1
5514,A,1200000,1200000,2,28,1,45330,9698,1
5515,A,1300000,1300000,2,28,0,211850,27583,1
5516,A,200000,200000,6,22,1,131633,43543,1
5517,A,800000,800000,3,44,1,8473,11970,1
5518,A,1200000,300000,7,39,1,151140,3491,1
5519,A,1100000,1100000,2,28,1,134022,31545,1
5520,A,1000000,1000000,2,31,1,134976,8081,1
5521,A,1300000,300000,7,61,1,156111,21428,1
5522,A,600000,600000,2,31,1,8204,14247,1
5523,A,800000,800000,1,53,0,0,59643,1
5524,A,1200000,1200000,2,36,0,14944,135324,1
5525,A,1000000,700000,2,25,1,78278,16173,1
5526,A,200000,200000,10,26,1,64435,15237,1
5527,A,1000000,300000,7,53,1,0,32166,1
5528,A,800000,500000,2,52,1,2250,17506,1
5529,A,1100000,1100000,2,27,1,75214,6138,1
5530,A,700000,700000,2,36,1,4182,136027,1
5531,A,1100000,300000,6,24,1,51105,6480,1
5532,A,1000000,1000000,2,45,1,40000,56581,1
5533,A,800000,800000,2,33,0,21285,58950,1
5534,A,1200000,1200000,4,43,1,71119,19055,1
5535,A,1000000,300000,7,45,1,32291,10530,1
5536,A,500000,300000,6,23,1,54920,12861,1
5537,A,500000,300000,6,24,1,69388,11511,1
5538,A,500000,500000,2,29,1,206175,101302,1
5539,A,1100000,1100000,1,50,1,129886,55044,1
5540,A,500000,500000,2,26,1,7733,17487,1
5541,B,1000000,1000000,3,24,1,143677,25083,1
5542,A,1200000,1200000,12,28,1,81135,26127,1
5543,A,1300000,300000,4,31,1,34402,41739,1
5544,A,300000,300000,6,22,1,25280,5040,1
5545,A,1000000,300000,4,59,1,48587,7888,1
5546,A,1300000,1300000,8,73,0,26162,6374,1
5547,A,500000,500000,2,24,1,17762,14630,1
5548,A,800000,300000,7,49,1,891,29165,1
5549,A,600000,500000,2,25,1,31409,10562,1
5550,A,800000,300000,6,20,1,310060,9495,1
5551,A,600000,600000,2,27,1,9565,21582,1
5552,A,800000,800000,2,38,0,15770,59184,1
5553,A,800000,300000,7,48,1,3322,15461,1
5554,A,600000,600000,2,25,1,46061,23338,1
5555,A,1300000,1300000,2,27,1,60000,51313,1
5556,A,700000,200000,6,20,1,129484,49059,1
5557,A,200000,200000,6,21,0,69685,15246,1
5558,A,600000,300000,7,51,1,4008,9138,1
5559,A,400000,300000,6,23,1,100792,50643,1
5560,A,800000,300000,4,57,1,53229,37512,1
5561,A,200000,200000,6,20,1,195920,5040,1
5562,A,800000,300000,6,25,1,432717,10234,1
5563,A,500000,500000,2,29,1,13059,5832,1
5564,A,900000,300000,4,79,1,164252,50976,1
5565,A,1000000,300000,4,57,1,92071,50855,1
5566,A,600000,300000,6,23,1,1254,10890,1
5567,A,1000000,1000000,2,27,1,76320,20880,1
5568,A,800000,800000,2,28,1,237948,7704,1
5569,A,700000,700000,5,70,0,24440,33750,1
5570,A,200000,200000,6,20,0,259075,8910,1
5571,A,700000,700000,2,29,1,0,14265,1
5572,R,600000,600000,2,28,1,18794,38637,1
5573,A,1300000,1300000,3,29,1,270900,29196,1
5574,A,500000,500000,2,24,1,24741,20417,1
5575,A,300000,300000,6,23,1,2038,14337,1
5576,B,1100000,700000,2,26,1,160519,88110,1
5577,A,200000,200000,8,26,1,411,8397,1
5578,A,500000,300000,5,35,1,4509,17659,1
5579,A,200000,200000,6,24,1,255015,14247,1
5580,A,800000,800000,2,25,1,17011,21177,1
5581,A,700000,700000,2,27,1,0,1287,1
5582,A,1300000,300000,6,26,1,150333,59297,1
5583,A,600000,600000,2,28,1,70392,5891,1
5584,A,500000,500000,2,26,0,0,51570,1
5585,A,500000,500000,1,59,1,0,15435,1
5586,A,400000,200000,6,19,1,5434,30330,1
5587,A,500000,500000,2,25,1,9139,12366,1
5588,R,1200000,1200000,2,27,1,8176,35607,1
5589,A,300000,300000,2,27,1,14766,12821,1
5590,A,700000,700000,2,47,1,1777,13744,1
5591,A,800000,800000,3,25,0,20000,1822,1
5592,A,1300000,1300000,4,57,1,251636,89474,1
5593,A,700000,700000,2,54,1,3324,39928,1
5594,A,1100000,1100000,7,42,1,306778,11001,1
5595,A,800000,300000,4,43,1,5100,24120,1
5596,A,1300000,1300000,2,30,1,131397,13950,1
5597,A,800000,800000,8,73,1,21518,12564,1
5598,A,1000000,300000,7,49,1,111907,46391,1
5599,A,1300000,1300000,4,53,1,203278,67518,1
5600,A,1100000,300000,7,61,1,74942,175320,1
5601,A,800000,800000,4,57,1,25554,17415,1
5602,A,800000,300000,7,56,1,0,56520,1
5603,A,1100000,1100000,2,25,1,81902,3159,1
5604,A,800000,300000,4,52,1,10241,30087,1
5605,B,700000,300000,4,40,1,131881,55737,1
5606,A,800000,300000,12,40,1,12844,13633,1
5607,A,400000,300000,6,22,1,41390,32430,1
5608,A,1200000,400000,2,24,1,15833,5337,1
5609,A,1000000,1000000,2,30,0,5795,60480,1
5610,A,1000000,1000000,5,41,0,144865,121860,1
5611,A,600000,300000,7,58,1,9501,20781,1
5612,A,800000,800000,2,29,1,900,11894,1
5613,A,800000,300000,4,48,1,8333,29952,1
5614,A,800000,800000,2,33,1,1378,29947,1
5615,A,1000000,300000,6,24,1,30828,8741,1
5616,B,1300000,500000,3,48,1,39619,38709,1
5617,A,1200000,1200000,5,44,1,164624,132066,1
5618,A,800000,800000,3,29,1,7874,8010,1
5619,A,1200000,1200000,2,26,1,28646,4752,1
5620,A,800000,800000,3,37,1,31136,31977,1
5621,A,400000,300000,6,21,1,131677,14148,1
5622,A,800000,800000,2,58,1,9010,5251,1
5623,A,1100000,1100000,7,53,0,30000,58410,1
5624,A,600000,300000,6,24,1,90713,6567,1
5625,A,1300000,1300000,2,29,1,209854,6675,1
5626,A,1300000,1300000,2,31,1,105757,11645,1
5627,A,200000,200000,6,20,1,67776,30411,1
5628,A,1000000,300000,12,54,1,55995,12375,1
5629,A,400000,300000,6,22,1,18670,9697,1
5630,A,1100000,300000,4,48,1,62268,9000,1
5631,A,800000,800000,2,46,1,64798,41800,1
5632,R,400000,400000,2,38,1,29442,5841,1
5633,A,800000,800000,2,30,1,8494,5856,1
5634,A,800000,800000,7,74,1,21372,1188,1
5635,A,700000,700000,2,29,1,1881,22446,1
5636,A,800000,300000,4,56,1,81355,168291,1
5637,A,1000000,1000000,5,58,1,105165,105541,1
5638,A,200000,200000,2,29,1,13946,6941,1
5639,A,800000,300000,5,52,1,0,156780,1
5640,A,1000000,300000,6,24,1,25480,29340,1
5641,A,800000,700000,2,29,1,110438,47495,1
5642,A,800000,300000,7,57,1,0,8307,1
5643,A,1100000,1100000,2,25,1,134547,49005,1
5644,A,1300000,300000,6,23,1,3929,25830,1
5645,A,800000,800000,2,29,1,74853,29088,1
5646,A,1000000,1000000,7,38,1,232009,15345,1
5647,A,1300000,1200000,2,30,1,25270,27315,1
5648,A,700000,700000,2,26,1,11728,9900,1
5649,A,1000000,300000,6,23,1,7023,1080,1
5650,A,200000,200000,2,29,1,20836,27810,1
5651,A,800000,800000,1,40,1,51436,6044,1
5652,A,800000,300000,7,28,1,24662,6579,1
5653,A,900000,300000,7,42,1,0,30956,1
5654,A,400000,400000,2,36,0,14212,66753,1
5655,A,1000000,1000000,4,50,1,66367,163476,1
5656,A,1300000,1300000,2,56,0,223800,25920,1
5657,A,800000,300000,7,59,1,80567,128186,1
5658,A,1300000,1300000,3,34,1,99419,28892,1
5659,A,800000,800000,4,68,1,0,144,1
5660,B,1200000,1200000,2,28,1,77308,67140,1
5661,A,1200000,1200000,2,38,0,66160,26421,1
5662,A,400000,400000,2,28,1,85932,12511,1
5663,A,200000,200000,2,25,1,205755,83597,1
5664,A,800000,800000,3,32,1,5202,23431,1
5665,A,200000,200000,2,60,1,84304,6215,1
5666,A,800000,800000,2,57,1,9240,12960,1
5667,A,1300000,1300000,3,28,1,98303,15732,1
5668,A,1000000,800000,2,24,1,122259,64166,1
5669,A,800000,300000,2,54,1,2242,71322,1
5670,A,1200000,1100000,4,35,1,520023,11830,1
5671,A,700000,300000,6,24,1,55414,14800,1
5672,A,600000,600000,2,61,0,0,43155,1
5673,A,1000000,1000000,2,25,1,233254,23998,1
5674,A,500000,500000,2,26,1,28468,22563,1
5675,A,700000,700000,2,28,1,0,85015,1
5676,A,500000,500000,6,29,1,175586,30267,1
5677,A,1000000,300000,6,24,1,98566,20856,1
5678,A,200000,200000,6,21,1,189640,28315,1
5679,A,800000,700000,2,58,1,0,8010,1
5680,A,1300000,1300000,2,52,1,39863,54000,1
5681,A,800000,800000,2,51,0,0,35037,1
5682,A,800000,800000,2,39,1,4979,23355,1
5683,A,1300000,1300000,2,30,1,51031,30001,1
5684,A,800000,300000,8,70,1,7684,1702,1
5685,A,1500000,800000,10,49,1,96206,21568,1
5686,A,1300000,1300000,2,60,1,15237,14310,1
5687,A,1200000,1200000,10,47,0,360816,56619,1
5688,A,800000,800000,2,46,1,33801,5274,1
5689,B,400000,400000,1,31,1,8550,49302,1
5690,A,400000,300000,5,24,1,48874,11646,1
5691,A,1000000,1000000,2,44,1,163980,56430,1
5692,B,1600000,1500000,2,28,1,263878,4932,1
5693,A,500000,300000,7,54,1,0,16623,1
5694,A,1300000,300000,6,23,1,531920,33597,1
5695,A,800000,800000,4,51,1,0,53856,1
5696,A,1300000,1300000,2,30,1,84040,72542,1
5697,A,700000,700000,12,40,1,5753,11535,1
5698,A,1300000,1100000,3,30,1,0,47875,1
5699,A,1100000,1100000,2,29,0,146376,31770,1
5700,A,900000,900000,2,35,1,133089,13148,1
5701,A,1000000,1000000,5,37,1,42135,3436,1
5702,A,1300000,1300000,2,29,1,61356,10779,1
5703,A,900000,900000,2,23,1,29066,24697,1
5704,A,800000,800000,4,61,1,19570,20511,1
5705,A,1300000,1300000,2,29,1,98851,23217,1
5706,A,800000,800000,2,25,1,40763,25605,1
5707,A,400000,400000,2,25,1,45298,61974,1
5708,R,1100000,300000,6,22,1,53682,5544,1
5709,A,1200000,900000,2,26,1,1881,8604,1
5710,A,600000,300000,6,23,0,1500,10980,1
5711,A,1100000,1100000,2,28,1,166070,56852,1
5712,A,700000,700000,2,39,0,20442,24840,1
5713,A,700000,700000,2,26,1,97604,19414,1
5714,A,1300000,300000,4,35,1,142774,5502,1
5715,A,1500000,1000000,2,37,0,537931,179883,1
5716,A,400000,400000,2,24,1,0,72245,1
5717,A,1200000,1200000,2,30,1,154139,17910,1
5718,A,500000,500000,2,28,1,72053,8370,1
5719,A,1100000,1100000,2,42,1,245470,75743,1
5720,B,1200000,1200000,2,28,1,126908,22657,1
5721,A,100000,100000,2,34,1,591121,183638,1
5722,A,900000,300000,7,38,1,181416,47204,1
5723,A,800000,300000,8,66,1,68361,22876,1
5724,A,900000,900000,2,30,1,197004,40349,1
5725,A,1200000,1200000,2,29,0,324825,114554,1
5726,A,600000,600000,2,27,1,0,21312,1
5727,A,1000000,1000000,13,27,1,42466,14630,1
5728,A,900000,300000,6,22,1,54435,5876,1
5729,A,200000,200000,6,21,1,0,15297,1
5730,A,500000,300000,2,23,1,59227,21391,1
5731,A,400000,400000,7,41,1,0,27364,1
5732,A,300000,300000,12,51,1,352420,7201,1
5733,A,200000,200000,2,26,1,45178,29662,1
5734,A,200000,200000,2,26,1,30820,16164,1
5735,A,1000000,300000,6,21,1,69380,20187,1
5736,A,800000,800000,2,29,1,25093,7389,1
5737,A,700000,700000,2,27,1,3971,22829,1
5738,A,1000000,1000000,2,28,1,0,27990,1
5739,A,200000,200000,7,28,1,27126,17901,1
5740,A,1000000,200000,6,20,1,155481,26614,1
5741,A,1000000,300000,6,26,1,0,31028,1
5742,A,200000,200000,5,33,1,131571,15457,1
5743,A,700000,700000,2,27,1,30776,16815,1
5744,A,700000,700000,2,27,1,18000,17879,1
5745,A,500000,500000,2,25,1,36405,58024,1
5746,A,600000,300000,6,25,1,7187,23998,1
5747,A,500000,500000,2,25,1,0,35702,1
5748,A,800000,800000,2,49,1,14295,25175,1
5749,A,1000000,300000,6,21,1,30659,12573,1
5750,A,800000,300000,6,22,1,52238,24300,1
5751,A,1100000,300000,6,22,1,67623,728,1
5752,A,600000,600000,2,26,1,7961,19485,1
5753,A,600000,300000,7,29,1,20573,25463,1
5754,A,800000,800000,2,24,1,6000,3663,1
5755,A,400000,400000,2,25,1,22316,5891,1
5756,A,1000000,400000,7,24,1,39705,32303,1
5757,A,700000,300000,6,24,1,3791,12980,1
5758,A,200000,200000,12,21,1,7110,24097,1
5759,A,500000,300000,7,31,1,32123,39789,1
5760,A,600000,600000,2,26,1,8087,14292,1
5761,A,1000000,1000000,2,56,0,65270,20368,1
5762,A,900000,500000,2,25,1,32450,59193,1
5763,A,1000000,1000000,7,28,1,157381,62374,1
5764,A,1200000,1200000,2,28,1,195839,3960,1
5765,A,1100000,1100000,2,24,1,21148,22907,1
5766,A,200000,200000,5,77,1,44447,93297,1
5767,A,200000,200000,6,20,1,90969,4836,1
5768,A,600000,600000,2,39,1,7409,17860,1
5769,A,700000,700000,2,58,0,120359,31720,1
5770,A,700000,700000,2,28,1,18000,42004,1
5771,A,200000,200000,6,21,1,230973,86398,1
5772,A,1800000,1800000,10,52,1,137048,130726,1
5773,A,1200000,1200000,3,24,1,374066,51481,1
5774,B,1000000,1000000,2,45,1,168793,29700,1
5775,A,800000,800000,3,30,1,27832,21830,1
5776,A,1100000,700000,2,27,1,38174,29397,1
5777,A,200000,200000,6,21,1,41356,34053,1
5778,A,750000,250000,6,23,1,121268,6442,1
5779,A,1300000,300000,7,47,1,53356,11601,1
5780,A,600000,600000,2,26,1,75881,15622,1
5781,A,600000,600000,2,31,1,7838,43106,1
5782,A,600000,300000,2,25,1,208031,26190,1
5783,A,1000000,300000,6,21,1,7881,18081,1
5784,A,1000000,300000,6,25,1,1283,51479,1
5785,A,500000,300000,5,24,1,13463,82859,1
5786,A,1300000,1300000,2,33,1,87028,16107,1
5787,A,200000,200000,13,32,1,39298,16808,1
5788,A,600000,600000,2,25,1,35259,21393,1
5789,A,1000000,1000000,2,25,1,46788,205,1
5790,A,500000,500000,2,28,1,13307,29783,1
5791,A,600000,600000,2,25,1,23822,6232,1
5792,A,1300000,1300000,2,29,1,50866,20691,1
5793,A,500000,500000,2,25,1,0,11472,1
5794,A,200000,200000,2,24,1,39810,17570,1
5795,A,1000000,500000,2,27,1,140410,26744,1
5796,A,1200000,1200000,2,29,1,99711,36883,1
5797,A,400000,300000,6,22,1,53543,17288,1
5798,A,1200000,1200000,2,31,1,344324,59045,1
5799,A,1000000,1000000,2,38,1,376674,20497,1
5800,A,800000,800000,3,27,1,26915,5714,1
5801,A,200000,200000,2,28,0,16535,3791,1
5802,A,200000,200000,2,26,1,197289,35994,1
5803,A,800000,800000,3,28,1,36962,25342,1
5804,A,200000,200000,2,25,1,66865,27621,1
5805,A,200000,200000,6,21,1,62788,24269,1
5806,A,1300000,800000,2,53,1,121601,30275,1
5807,A,800000,800000,2,32,1,30828,28710,1
5808,A,200000,200000,2,26,1,63467,29878,1
5809,A,500000,500000,2,41,0,72630,128630,1
5810,A,300000,300000,3,25,1,15152,43650,1
5811,A,400000,300000,6,23,0,99237,9792,1
5812,A,700000,200000,6,23,1,21020,23608,1
5813,A,900000,900000,2,25,0,425613,25460,1
5814,A,200000,200000,2,27,0,23263,11970,1
5815,A,200000,200000,6,21,1,57863,7641,1
5816,A,900000,300000,6,24,1,226243,42165,1
5817,A,800000,800000,2,29,1,18721,22772,1
5818,A,300000,300000,2,25,1,1993,20115,1
5819,A,500000,500000,2,34,1,34893,6210,1
5820,A,900000,900000,2,26,1,25723,63294,1
5821,A,200000,200000,6,22,1,0,44335,1
5822,A,1300000,1300000,3,28,0,26290,167040,1
5823,A,800000,800000,3,25,1,155796,147843,1
5824,A,600000,600000,2,27,1,22303,34537,1
5825,A,1300000,1300000,1,48,0,97200,49500,1
5826,A,800000,800000,4,40,1,106810,20661,1
5827,A,1000000,1000000,2,25,1,9412,34635,1
5828,A,400000,300000,11,30,1,14003,24453,1
5829,A,1200000,300000,2,54,1,102860,7287,1
5830,A,200000,200000,2,25,1,58724,8502,1
5831,A,1100000,300000,6,24,1,80972,1077,1
5832,A,1000000,300000,6,26,1,36695,26480,1
5833,A,200000,200000,6,22,1,9984,8455,1
5834,A,800000,800000,2,52,1,15675,17127,1
5835,A,1100000,1100000,2,25,1,62523,47611,1
5836,A,1800000,1600000,2,29,0,60990,130416,1
5837,A,1100000,1100000,2,25,1,59384,3097,1
5838,A,1000000,1000000,2,25,1,47455,25223,1
5839,A,1000000,1000000,2,26,1,64011,21875,1
5840,A,800000,800000,1,52,1,29376,269597,1
5841,A,800000,800000,2,52,1,2644,15347,1
5842,A,700000,300000,6,25,1,19551,24328,1
5843,A,1200000,300000,6,24,1,19332,27579,1
5844,A,800000,800000,13,26,1,379631,26399,1
5845,A,1000000,300000,6,25,1,40893,13890,1
5846,A,700000,700000,2,38,1,7800,50391,1
5847,A,200000,200000,6,24,1,42942,34634,1
5848,A,1200000,1200000,7,38,1,65000,108617,1
5849,A,1300000,1300000,2,63,1,52242,8394,1
5850,A,500000,500000,2,31,1,0,54215,1
5851,A,1100000,1100000,2,26,1,106785,15061,1
5852,A,800000,300000,6,26,1,4631,8267,1
5853,A,300000,300000,6,22,1,0,14003,1
5854,A,600000,600000,2,44,1,32098,16821,1
5855,A,200000,200000,6,20,1,35220,28356,1
5856,A,700000,200000,6,21,1,5445,6399,1
5857,A,1000000,300000,6,24,1,109993,2917,1
5858,B,400000,400000,2,34,1,14067,24881,1
5859,A,800000,800000,2,39,1,0,95850,1
5860,B,1000000,300000,6,27,1,365937,21936,1
5861,A,1000000,300000,7,57,1,276322,60692,1
5862,A,200000,200000,12,24,1,39824,34044,1
5863,A,300000,300000,6,21,1,153688,20817,1
5864,A,900000,400000,7,27,0,24103,37368,1
5865,A,800000,800000,2,30,1,39031,12082,1
5866,A,200000,200000,6,21,0,159533,58410,1
5867,A,1000000,1000000,2,23,1,25427,52875,1
5868,A,800000,800000,2,76,1,14300,16998,1
5869,A,500000,500000,7,36,1,32368,53550,1
5870,A,300000,300000,2,26,1,23093,21969,1
5871,A,700000,700000,2,25,1,244665,67511,1
5872,R,1100000,1100000,2,27,1,511071,7087,1
5873,A,200000,200000,6,24,1,4340,21681,1
5874,A,800000,800000,7,29,1,12065,33278,1
5875,A,900000,900000,2,25,1,53983,2376,1
5876,A,500000,300000,6,21,0,1920,13365,1
5877,A,1200000,1200000,2,43,1,34852,8930,1
5878,A,900000,300000,6,20,1,45361,12343,1
5879,A,700000,200000,6,20,1,0,9333,1
5880,A,1300000,1300000,2,60,1,246925,112841,1
5881,A,800000,300000,6,22,1,113716,6504,1
5882,A,200000,200000,6,21,1,25925,7745,1
5883,A,300000,300000,6,22,1,14730,26230,1
5884,A,400000,300000,11,29,1,18810,35640,1
5885,A,1000000,900000,2,27,1,32232,24732,1
5886,A,800000,800000,2,25,1,74552,16834,1
5887,A,1200000,300000,6,27,1,21622,39849,1
5888,A,900000,300000,6,22,1,129200,29862,1
5889,R,400000,300000,7,26,1,1663,6669,1
5890,A,1000000,300000,7,40,1,10000,32637,1
5891,A,600000,300000,6,25,1,26848,31313,1
5892,A,1000000,800000,13,27,1,25280,7562,1
5893,A,1000000,300000,2,35,1,47933,44172,1
5894,A,1000000,300000,6,22,1,65135,8948,1
5895,A,300000,300000,6,23,1,2381,7695,1
5896,A,600000,600000,2,24,1,21226,14981,1
5897,A,400000,400000,2,24,1,11533,13544,1
5898,A,200000,200000,2,26,1,50195,3060,1
5899,A,200000,200000,2,24,1,22040,10023,1
5900,A,700000,700000,7,65,1,11078,35343,1
5901,A,500000,500000,2,26,1,56134,36162,1
5902,A,800000,600000,12,62,1,13480,14847,1
5903,A,400000,300000,2,22,1,2404,38200,1
5904,A,200000,200000,5,31,1,5000,12224,1
5905,A,200000,200000,6,22,1,10729,15345,1
5906,A,700000,700000,2,43,1,11716,22365,1
5907,A,800000,800000,2,69,1,2850,25830,1
5908,A,1000000,1000000,2,28,1,34688,24614,1
5909,A,1300000,1300000,2,38,0,401917,39690,1
5910,A,200000,200000,6,22,0,56320,49105,1
5911,A,1300000,1300000,10,51,1,14668,45822,1
5912,A,200000,200000,6,22,1,19741,14445,1
5913,A,900000,900000,2,24,1,91274,35525,1
5914,A,1200000,300000,4,52,1,24593,22995,1
5915,A,1200000,900000,4,49,1,41021,42822,1
5916,A,1300000,300000,6,26,1,94940,26901,1
5917,A,600000,300000,2,30,1,24530,1751,1
5918,A,200000,200000,6,22,1,126322,33993,1
5919,A,800000,300000,6,27,0,8140,20358,1
5920,A,600000,600000,2,36,1,0,22273,1
5921,A,1300000,300000,7,56,1,97398,13879,1
5922,A,700000,200000,6,22,1,105418,26678,1
5923,A,900000,300000,7,23,1,235415,43435,1
5924,A,500000,300000,13,27,1,47115,7634,1
5925,A,800000,700000,10,44,1,30680,6273,1
5926,A,1100000,1100000,2,25,1,11375,25844,1
5927,A,1000000,600000,2,41,1,59890,29560,1
5928,A,500000,500000,10,33,0,281388,157059,1
5929,A,200000,200000,2,27,0,42370,85140,1
5930,A,500000,300000,6,24,1,49439,87408,1
5931,A,1300000,1300000,2,26,1,79698,16684,1
5932,A,1000000,1000000,2,29,1,143476,11727,1
5933,A,500000,300000,6,23,1,136636,20880,1
5934,A,800000,800000,2,29,1,27708,6660,1
5935,A,300000,300000,6,21,1,0,10287,1
5936,A,200000,200000,6,20,1,10660,19701,1
5937,A,1000000,1000000,2,28,1,91839,5335,1
5938,A,500000,500000,2,25,1,0,7218,1
5939,A,300000,300000,3,24,1,75188,96245,1
5940,A,600000,600000,5,41,1,0,65088,1
5941,A,1000000,300000,13,28,1,136901,72157,1
5942,A,200000,200000,6,21,1,0,18108,1
5943,A,1000000,300000,6,23,1,88533,42157,1
5944,A,200000,200000,6,20,1,0,12029,1
5945,A,200000,200000,2,25,0,6475,17811,1
5946,A,500000,200000,7,24,1,167424,66151,1
5947,A,200000,200000,2,24,1,5781,17703,1
5948,A,400000,300000,6,21,1,36733,12341,1
5949,A,600000,300000,6,24,1,47396,49670,1
5950,A,500000,500000,2,30,1,49485,32682,1
5951,A,200000,200000,6,20,1,20733,9000,1
5952,A,1000000,1000000,2,31,1,683045,38889,1
5953,A,500000,500000,3,26,1,79213,56916,1
5954,A,800000,800000,2,38,0,870,9000,1
5955,A,200000,200000,6,20,1,100636,111266,1
5956,A,700000,300000,2,27,1,134639,46872,1
5957,A,1200000,300000,6,24,1,158989,32415,1
5958,A,800000,300000,6,25,1,45524,35591,1
5959,A,200000,200000,6,20,1,181971,6705,1
5960,A,800000,800000,2,61,0,20996,25236,1
5961,A,1300000,1300000,2,25,1,100726,6138,1
5962,A,500000,300000,6,25,1,29240,9000,1
5963,A,1100000,300000,6,26,1,444499,17595,1
5964,A,200000,200000,6,22,1,6413,26820,1
5965,A,800000,800000,2,27,1,25906,32465,1
5966,A,600000,600000,2,38,1,32889,38502,1
5967,A,500000,300000,2,24,1,2979,3110,1
5968,A,1100000,1100000,5,59,1,190816,118290,1
5969,A,800000,800000,3,39,0,116160,1429,1
5970,A,700000,200000,6,22,1,28522,13481,1
5971,A,400000,300000,6,22,1,0,29295,1
5972,A,800000,800000,1,61,1,0,29205,1
5973,B,1200000,1200000,5,40,1,123701,34203,1
5974,A,200000,200000,6,23,1,25508,9000,1
5975,A,200000,200000,6,22,1,0,12600,1
5976,A,1100000,1100000,2,46,1,237755,40231,1
5977,A,800000,300000,6,20,1,54304,2010,1
5978,A,500000,500000,2,25,1,19239,11970,1
5979,A,800000,800000,2,25,0,1070,17820,1
5980,A,1200000,300000,4,44,1,75904,61470,1
5981,A,1000000,300000,2,25,1,150585,36720,1
5982,A,200000,200000,6,23,1,72065,4725,1
5983,A,900000,300000,6,21,1,38930,31671,1
5984,A,800000,700000,2,61,1,2315,65015,1
5985,A,200000,200000,2,24,1,91124,2970,1
5986,A,1000000,1000000,11,22,1,77182,16425,1
5987,A,700000,400000,2,25,1,1824,42651,1
5988,A,1000000,300000,6,27,1,86332,16237,1
5989,A,600000,600000,2,26,1,14391,6381,1
5990,A,800000,800000,2,31,1,21460,30195,1
5991,A,1300000,1300000,2,50,1,64796,58789,1
5992,A,1000000,1000000,2,26,1,66600,3762,1
5993,A,200000,200000,5,29,1,446,12564,1
5994,A,600000,600000,2,28,1,0,9720,1
5995,A,800000,800000,2,31,1,3334,65732,1
5996,A,200000,200000,2,26,1,4653,77310,1
5997,B,1200000,300000,7,29,1,17452,17919,1
5998,B,700000,700000,2,28,1,15812,18810,1
5999,A,600000,600000,2,24,1,0,11376,1
6000,A,700000,700000,2,26,1,51141,21870,1
6001,A,400000,400000,2,27,1,101860,16326,1
6002,A,600000,300000,6,23,1,0,9000,1
6003,A,1100000,1100000,2,27,0,211159,102060,1
6004,A,200000,200000,7,22,1,2289,5175,1
6005,A,200000,200000,6,23,0,7687,1080,1
6006,A,600000,300000,6,24,1,49716,4050,1
6007,A,200000,200000,6,20,1,181535,21978,1
6008,A,200000,200000,6,22,1,22533,62300,1
6009,A,1000000,1000000,2,30,1,156591,51672,1
6010,A,1000000,300000,4,48,1,22690,19494,1
6011,A,500000,300000,6,21,1,37005,20998,1
6012,A,1000000,300000,6,26,1,202060,21078,1
6013,A,1800000,800000,1,47,1,117647,52560,1
6014,A,700000,200000,6,20,1,111971,34163,1
6015,A,1000000,300000,6,24,1,65259,17703,1
6016,A,1100000,300000,7,24,1,133814,12456,1
6017,A,600000,600000,2,29,1,28078,18054,1
6018,A,700000,700000,6,24,1,121605,7560,1
6019,A,200000,200000,2,25,1,0,110583,1
6020,A,1100000,1100000,3,25,1,56277,9990,1
6021,A,800000,800000,5,52,1,112941,58250,1
6022,A,1100000,900000,7,27,1,92439,42308,1
6023,A,600000,600000,2,28,1,0,9729,1
6024,A,200000,200000,6,21,1,35943,30186,1
6025,A,200000,200000,6,24,1,67375,5940,1
6026,A,400000,300000,7,25,1,11809,44300,1
6027,A,1200000,1200000,2,30,1,73123,28206,1
6028,A,700000,700000,7,30,1,8902,39195,1
6029,A,700000,700000,3,55,1,65835,50789,1
6030,A,500000,300000,6,23,1,34570,32166,1
6031,A,200000,200000,6,20,1,33746,29592,1
6032,A,1200000,1200000,2,33,0,17948,45630,1
6033,A,1200000,300000,6,24,1,90003,575,1
6034,A,600000,300000,2,27,1,13242,18999,1
6035,A,1300000,500000,2,57,1,106681,3741,1
6036,A,600000,600000,3,62,1,60317,18736,1
6037,A,1000000,300000,6,24,1,181440,76320,1
6038,A,500000,300000,6,21,1,22384,9000,1
6039,A,900000,800000,2,25,0,114099,44640,1
6040,A,1000000,1000000,2,24,1,107839,30731,1
6041,A,800000,800000,2,29,1,41607,11171,1
6042,A,400000,300000,6,22,1,11600,13455,1
6043,A,500000,500000,2,27,1,60600,42436,1
6044,A,1100000,1100000,7,29,1,27578,24930,1
6045,A,200000,200000,6,21,1,139483,13950,1
6046,A,500000,500000,2,26,1,8731,16920,1
6047,A,200000,200000,2,25,1,81484,51462,1
6048,A,500000,300000,6,24,1,20510,29592,1
6049,A,400000,400000,2,30,1,35407,14485,1
6050,A,600000,600000,2,30,1,35416,19800,1
6051,A,200000,200000,6,19,1,26180,32463,1
6052,A,1300000,300000,6,24,1,220968,14749,1
6053,R,600000,600000,5,31,1,10261,11583,1
6054,A,1300000,1100000,2,28,1,203840,26075,1
6055,A,600000,600000,11,33,1,0,19316,1
6056,A,1200000,1200000,3,26,1,73412,48374,1
6057,A,800000,300000,6,24,1,469126,1881,1
6058,A,700000,700000,2,26,1,371,16092,1
6059,A,500000,300000,6,24,1,153826,8051,1
6060,A,200000,200000,6,22,1,17756,8010,1
6061,A,800000,800000,2,29,1,72047,82233,1
6062,A,200000,200000,6,20,1,40073,23505,1
6063,A,700000,300000,7,25,1,4188,13167,1
6064,A,200000,200000,2,32,1,132,22356,1
6065,A,1200000,1200000,3,40,1,73106,25905,1
6066,A,600000,600000,2,33,1,0,38214,1
6067,A,1200000,1200000,2,44,1,50147,30276,1
6068,A,800000,800000,2,33,0,58150,78185,1
6069,A,700000,700000,2,30,1,18070,22776,1
6070,A,200000,200000,2,23,1,0,46193,1
6071,A,600000,600000,2,28,1,11853,28008,1
6072,A,1200000,1200000,2,27,1,81050,19157,1
6073,A,1000000,700000,12,28,1,51374,36324,1
6074,R,1000000,1000000,2,27,1,199622,6812,1
6075,A,600000,600000,2,23,1,2803,28001,1
6076,A,700000,200000,6,21,1,167639,7361,1
6077,A,700000,700000,3,33,1,14483,39156,1
6078,A,200000,200000,11,21,1,2574,26319,1
6079,A,1200000,300000,2,24,0,28000,15435,1
6080,R,1000000,1000000,2,52,1,14069,10329,1
6081,A,1200000,1200000,2,31,0,143436,59393,1
6082,B,700000,200000,13,21,1,34010,22770,1
6083,A,600000,600000,2,24,1,728160,41130,1
6084,A,1100000,1100000,2,29,1,198249,40194,1
6085,A,1200000,1200000,2,31,1,40653,88598,1
6086,A,500000,500000,2,38,0,87561,15635,1
6087,A,200000,200000,2,21,0,8361,31556,1
6088,A,500000,500000,2,28,1,26695,22365,1
6089,A,800000,800000,2,33,1,22827,5685,1
6090,A,200000,200000,5,33,1,260671,0,1
6091,A,200000,200000,6,20,1,67523,65429,1
6092,A,200000,200000,6,23,1,63192,15489,1
6093,A,400000,400000,2,28,1,65343,31608,1
6094,A,500000,500000,2,25,1,0,9716,1
6095,R,500000,300000,2,31,1,3930,15246,1
6096,A,200000,200000,2,26,1,34658,18505,1
6097,A,1000000,1000000,2,25,1,206432,18368,1
6098,A,800000,800000,2,38,1,8397,17267,1
6099,A,200000,200000,2,26,1,203679,11034,1
6100,A,900000,900000,2,27,1,0,30689,1
6101,A,1300000,1300000,2,28,1,71009,38304,1
6102,A,700000,700000,2,27,0,106055,75607,1
6103,A,200000,200000,6,22,1,25131,12048,1
6104,A,1000000,900000,2,25,1,387882,5346,1
6105,A,1100000,900000,2,24,1,492718,9594,1
6106,A,500000,500000,12,24,1,39498,25412,1
6107,A,800000,400000,2,30,0,15990,10485,1
6108,A,900000,300000,6,21,1,33469,98995,1
6109,A,800000,800000,2,33,1,1800,9297,1
6110,A,600000,600000,7,40,1,0,11826,1
6111,A,700000,300000,7,51,1,2943,8164,1
6112,A,900000,900000,2,28,1,83946,16270,1
6113,A,600000,600000,2,22,1,53058,9000,1
6114,A,300000,300000,3,26,1,3449,27810,1
6115,A,1200000,1100000,2,25,1,204710,13860,1
6116,A,1300000,1300000,2,28,1,59454,684,1
6117,A,800000,800000,2,26,1,76744,26382,1
6118,A,400000,400000,2,26,1,0,12777,1
6119,A,600000,600000,2,28,1,29748,14609,1
6120,A,1000000,1000000,2,25,1,133720,95979,1
6121,A,600000,600000,2,27,1,31360,27576,1
6122,A,1000000,300000,6,20,1,82483,6030,1
6123,A,900000,300000,6,24,1,42294,24651,1
6124,A,1300000,800000,2,26,1,45472,19890,1
6125,R,500000,300000,6,24,1,16536,13794,1
6126,A,700000,700000,2,29,1,0,15237,1
6127,A,1300000,1300000,2,29,1,256950,82530,1
6128,A,500000,500000,7,26,1,18791,6399,1
6129,A,1100000,1100000,2,26,1,76501,33607,1
6130,R,800000,800000,2,28,1,41849,22187,1
6131,A,200000,200000,6,21,1,0,5931,1
6132,A,200000,200000,6,20,1,69496,29753,1
6133,A,1100000,500000,2,25,1,172766,1305,1
6134,A,1200000,1200000,2,27,1,89120,65622,1
6135,A,1100000,1100000,2,25,1,187149,6238,1
6136,A,1300000,1300000,2,33,1,25641,36827,1
6137,A,700000,700000,2,41,1,45477,26730,1
6138,B,800000,800000,2,29,1,36612,20448,1
6139,A,600000,600000,2,33,1,57910,11941,1
6140,A,700000,700000,2,25,1,143625,28380,1
6141,A,800000,800000,3,60,0,13613,24741,1
6142,A,800000,800000,2,27,1,15708,34146,1
6143,A,800000,800000,2,25,1,16508,15732,1
6144,A,900000,900000,2,31,1,60860,29394,1
6145,A,200000,200000,7,30,1,94885,21914,1
6146,R,200000,200000,2,24,1,17784,24261,1
6147,A,400000,400000,2,26,1,11495,14931,1
6148,A,400000,400000,2,25,1,3268,19846,1
6149,A,1100000,1100000,7,27,1,70503,37827,1
6150,A,800000,200000,6,20,0,44962,48501,1
6151,A,400000,400000,3,39,0,102564,56421,1
6152,A,1300000,900000,3,26,1,149211,46540,1
6153,A,1800000,1800000,2,51,1,85806,99121,1
6154,A,800000,800000,2,51,1,0,114660,1
6155,A,1100000,1100000,2,27,1,97907,8334,1
6156,A,1000000,700000,2,44,1,0,20128,1
6157,A,1100000,300000,7,45,1,33000,21613,1
6158,A,1100000,1100000,2,29,1,91391,28305,1
6159,A,200000,200000,2,25,1,5940,25959,1
6160,A,600000,600000,2,27,0,66185,76803,1
6161,A,1200000,1200000,3,27,1,0,24462,1
6162,A,700000,700000,2,32,0,73956,57816,1
6163,A,1100000,1100000,2,24,1,95339,22952,1
6164,A,1300000,1300000,8,70,0,313241,66775,1
6165,A,200000,200000,6,22,1,122136,24247,1
6166,A,500000,500000,2,26,1,29156,33463,1
6167,A,1000000,1000000,2,25,1,227990,26525,1
6168,A,200000,200000,6,20,1,85867,24291,1
6169,A,400000,400000,7,26,1,17594,10980,1
6170,A,1800000,1600000,2,48,1,195846,16020,1
6171,A,200000,200000,6,20,1,317525,6282,1
6172,A,800000,300000,3,47,1,66759,16920,1
6173,A,200000,200000,6,23,1,4170,5490,1
6174,A,400000,400000,2,55,1,13407,44333,1
6175,A,400000,400000,2,23,1,103870,87246,1
6176,A,600000,600000,7,27,1,122821,29502,1
6177,A,1200000,1200000,2,28,0,123724,14070,1
6178,A,1300000,1300000,3,36,1,76733,60023,1
6179,A,200000,200000,12,24,1,111422,17979,1
6180,A,500000,500000,2,21,0,69940,45000,1
6181,A,800000,800000,2,52,1,2366,27810,1
6182,A,200000,200000,2,25,1,126340,32391,1
6183,A,700000,700000,2,26,1,49574,41197,1
6184,A,500000,500000,2,27,1,0,16614,1
6185,A,800000,800000,2,51,1,45338,1080,1
6186,A,800000,800000,2,25,1,28286,23850,1
6187,A,1100000,1100000,2,26,1,38024,35631,1
6188,A,200000,200000,6,21,1,43205,26055,1
6189,A,200000,200000,6,20,1,104731,15406,1
6190,A,300000,300000,2,26,1,53850,44932,1
6191,A,500000,500000,3,25,1,196146,38700,1
6192,A,150000,0,2,29,0,90000,92511,1
6193,A,500000,500000,2,26,1,17995,28062,1
6194,B,1000000,300000,6,26,1,70651,10694,1
6195,A,800000,800000,3,46,0,29720,38610,1
6196,A,700000,700000,2,50,1,9180,26220,1
6197,A,900000,900000,2,53,1,214940,7380,1
6198,A,600000,600000,2,26,1,23697,35226,1
6199,A,400000,400000,2,24,1,73160,20574,1
6200,A,200000,200000,2,25,1,55724,19422,1
6201,A,800000,800000,2,37,1,13121,75520,1
6202,A,200000,200000,6,23,1,7358,6030,1
6203,A,800000,300000,5,28,1,2717,34821,1
6204,A,500000,500000,2,29,1,28258,14733,1
6205,A,400000,400000,2,30,1,28400,16425,1
6206,A,800000,300000,6,21,1,0,16453,1
6207,A,800000,800000,4,50,1,67901,20779,1
6208,A,700000,700000,2,28,1,10434,22770,1
6209,A,1000000,1000000,2,27,1,85600,24534,1
6210,B,500000,500000,2,28,1,66225,20731,1
6211,A,700000,700000,2,25,1,199792,90094,1
6212,A,150000,100000,6,21,1,22398,15426,1
6213,A,600000,600000,2,28,1,24415,15444,1
6214,A,1200000,1200000,2,28,1,23925,42279,1
6215,A,800000,800000,2,29,1,31710,26838,1
6216,A,200000,200000,2,25,1,54416,13127,1
6217,A,500000,500000,2,40,1,94293,9622,1
6218,A,300000,300000,2,30,1,15675,18449,1
6219,A,500000,300000,6,24,1,0,31770,1
6220,A,600000,600000,2,28,1,5717,12999,1
6221,A,200000,200000,6,20,1,107781,16205,1
6222,A,600000,600000,2,25,1,23065,2655,1
6223,A,800000,300000,6,24,0,140325,58864,1
6224,A,600000,300000,6,21,0,8819,12168,1
6225,A,500000,500000,2,36,0,4957,4491,1
6226,A,800000,800000,2,28,1,2090,62134,1
6227,A,700000,700000,2,25,1,5510,15435,1
6228,A,800000,300000,4,47,1,29584,180000,1
6229,A,700000,700000,2,26,1,4252,8038,1
6230,A,200000,200000,6,22,1,40959,21649,1
6231,A,1000000,1000000,3,37,1,204334,19378,1
6232,A,800000,800000,2,29,1,165530,105674,1
6233,A,900000,900000,2,25,1,97965,14763,1
6234,A,800000,300000,7,61,1,0,14947,1
6235,A,400000,300000,7,49,1,21177,16432,1
6236,A,800000,800000,2,26,1,0,27810,1
6237,A,200000,200000,6,20,1,4590,6657,1
6238,A,400000,300000,6,23,1,13890,7326,1
6239,A,1200000,1000000,2,32,1,52243,3660,1
6240,A,700000,700000,2,28,1,836,23535,1
6241,A,700000,200000,6,20,1,65418,14049,1
6242,A,800000,800000,10,29,0,36873,60480,1
6243,A,700000,700000,2,27,1,8780,31443,1
6244,A,700000,700000,2,27,1,21366,31443,1
6245,A,1000000,300000,6,24,1,242116,71715,1
6246,A,900000,300000,6,21,1,89266,22446,1
6247,A,200000,200000,6,21,1,137305,8208,1
6248,A,200000,200000,6,21,1,223147,13918,1
6249,A,800000,800000,2,33,1,0,15460,1
6250,A,700000,300000,4,54,1,10215,32867,1
6251,A,700000,300000,6,25,1,25818,63549,1
6252,A,1100000,800000,2,24,1,396073,16482,1
6253,A,200000,200000,6,20,1,208986,13384,1
6254,A,300000,300000,6,20,1,75375,25929,1
6255,A,1300000,1300000,4,48,1,67519,54253,1
6256,A,1000000,800000,2,24,1,4746,7060,1
6257,A,200000,200000,2,34,1,67158,24275,1
6258,A,400000,300000,6,23,1,16616,15534,1
6259,A,1300000,900000,2,29,1,70678,17985,1
6260,A,500000,300000,6,24,1,33191,14670,1
6261,A,500000,500000,2,27,1,74747,35863,1
6262,A,800000,300000,6,24,1,152074,13879,1
6263,A,500000,300000,6,23,1,38312,6921,1
6264,A,600000,600000,2,32,1,11866,15117,1
6265,A,1200000,1200000,2,25,1,71064,69887,1
6266,A,1200000,1200000,2,26,1,81868,20682,1
6267,A,600000,600000,2,25,1,31988,18306,1
6268,A,700000,700000,2,31,1,5962,45357,1
6269,A,900000,900000,5,26,1,128044,30888,1
6270,A,700000,400000,7,26,0,0,35334,1
6271,A,600000,600000,3,30,0,27000,22860,1
6272,A,200000,200000,6,19,1,65720,13208,1
6273,A,400000,300000,6,23,1,20634,23256,1
6274,A,1000000,1000000,2,24,1,230299,21313,1
6275,A,1300000,1300000,4,50,1,51307,18026,1
6276,R,200000,200000,6,25,1,1729,67320,1
6277,A,200000,200000,6,23,1,18686,3060,1
6278,A,800000,800000,3,29,1,32819,30049,1
6279,A,200000,200000,6,25,1,94266,45864,1
6280,A,1200000,1200000,2,26,1,123559,15857,1
6281,A,600000,600000,2,32,1,55801,10533,1
6282,A,1000000,300000,6,21,1,192443,80663,1
6283,A,900000,300000,6,22,1,94899,22115,1
6284,A,300000,300000,2,26,0,395537,181297,1
6285,A,500000,300000,6,22,1,11441,18527,1
6286,A,700000,200000,6,23,1,15122,23330,1
6287,A,800000,800000,2,35,1,30446,27633,1
6288,A,1200000,1200000,2,30,1,28371,5676,1
6289,A,200000,200000,6,25,1,26642,38117,1
6290,A,800000,800000,2,29,1,3919,15634,1
6291,A,300000,300000,5,25,1,19611,66942,1
6292,A,1000000,500000,2,25,1,28786,33948,1
6293,A,200000,200000,2,24,1,69557,17179,1
6294,A,800000,800000,2,58,1,35915,7965,1
6295,A,600000,600000,2,25,1,0,15732,1
6296,A,600000,600000,2,30,1,9614,11578,1
6297,A,400000,400000,7,25,1,23606,20418,1
6298,A,700000,200000,6,21,1,72748,8010,1
6299,A,700000,700000,2,30,1,39186,23958,1
6300,A,400000,300000,6,22,0,51720,19800,1
6301,A,1200000,1200000,2,29,1,30000,21375,1
6302,A,1100000,1100000,4,49,1,2247,27810,1
6303,A,600000,300000,2,25,1,21371,27576,1
6304,B,1100000,1100000,2,28,1,52200,5148,1
6305,A,300000,300000,7,28,1,29652,9497,1
6306,A,700000,700000,2,29,1,85507,5769,1
6307,A,600000,600000,2,42,0,33878,51570,1
6308,A,1300000,300000,4,50,1,9900,46318,1
6309,A,500000,200000,6,21,0,199268,2664,1
6310,A,1300000,300000,7,53,1,66453,48903,1
6311,A,800000,800000,4,35,1,20000,73944,1
6312,A,800000,800000,2,26,1,9544,29672,1
6313,A,500000,500000,2,27,1,49170,19008,1
6314,A,400000,300000,6,23,1,63213,644,1
6315,A,1300000,1300000,4,62,1,3759,12820,1
6316,A,1300000,1300000,2,27,1,0,26275,1
6317,A,500000,500000,10,25,1,5111,3366,1
6318,A,400000,300000,6,22,1,5692,11077,1
6319,A,1200000,1200000,4,43,1,32059,9762,1
6320,A,500000,500000,2,28,1,8680,32713,1
6321,A,800000,300000,11,25,1,62886,72810,1
6322,A,500000,500000,2,27,1,7681,11025,1
6323,A,1100000,1100000,2,25,0,16826,6204,1
6324,A,1200000,1200000,2,32,1,108266,33014,1
6325,A,400000,300000,6,22,1,11358,12846,1
6326,A,400000,300000,6,22,1,5054,49544,1
6327,A,700000,200000,6,22,1,52783,36352,1
6328,A,800000,300000,6,24,1,325023,13086,1
6329,R,500000,500000,2,45,1,496905,17577,1
6330,A,700000,700000,2,27,1,24945,21807,1
6331,A,1000000,1000000,2,25,1,153612,36776,1
6332,A,800000,800000,2,27,1,26820,17990,1
6333,A,1200000,1200000,2,30,1,35736,18408,1
6334,A,600000,600000,3,25,1,3410,26199,1
6335,A,200000,200000,6,21,1,113179,122885,1
6336,A,500000,300000,6,23,1,15435,2732,1
6337,A,800000,800000,7,48,1,11670,30960,1
6338,A,600000,600000,2,25,1,7902,4116,1
6339,A,500000,300000,6,23,1,0,5991,1
6340,A,700000,700000,2,30,1,0,49905,1
6341,A,450000,300000,2,23,1,249156,11970,1
6342,A,200000,200000,6,22,1,11751,18386,1
6343,A,1200000,300000,4,54,1,96062,56430,1
6344,A,200000,200000,6,22,1,36774,7546,1
6345,A,1100000,300000,6,23,1,41739,6869,1
6346,A,200000,200000,6,22,1,45576,16920,1
6347,A,1200000,800000,2,25,1,74906,42292,1
6348,A,1200000,300000,7,52,1,274216,70557,1
6349,A,1300000,300000,6,26,1,102316,21870,1
6350,A,900000,700000,6,22,1,330694,11915,1
6351,A,1000000,1000000,2,25,1,6912,19593,1
6352,A,1300000,1300000,2,41,1,124719,42245,1
6353,A,700000,300000,6,23,1,23866,14613,1
6354,A,1800000,1800000,2,41,0,98633,7277,1
6355,B,1100000,1100000,3,25,1,45332,30979,1
6356,A,800000,800000,2,24,1,221338,16128,1
6357,A,800000,800000,2,26,1,2037,14346,1
6358,A,500000,500000,1,29,0,204567,59796,1
6359,A,200000,200000,6,24,1,211908,2733,1
6360,A,600000,300000,2,24,1,78770,30213,1
6361,A,800000,800000,2,50,1,836,86614,1
6362,A,900000,800000,6,24,1,371937,16480,1
6363,A,700000,700000,2,32,1,14855,11673,1
6364,A,400000,300000,6,22,1,0,5863,1
6365,A,1200000,1200000,2,26,1,183898,941,1
6366,A,800000,800000,3,36,0,789,25242,1
6367,A,500000,300000,7,24,1,45536,18117,1
6368,A,700000,700000,2,26,1,0,5931,1
6369,A,800000,800000,2,25,1,33102,5040,1
6370,A,1000000,1000000,2,27,1,153561,7911,1
6371,A,1300000,1300000,2,36,1,181089,5544,1
6372,A,700000,700000,12,63,1,66596,13761,1
6373,A,1000000,300000,2,26,1,10000,34047,1
6374,A,800000,300000,4,55,1,31715,20624,1
6375,A,600000,600000,3,27,1,101832,21192,1
6376,A,200000,200000,6,24,1,50195,16425,1
6377,A,400000,400000,2,27,1,68775,4741,1
6378,A,1200000,300000,12,25,1,85513,17958,1
6379,A,1100000,300000,6,24,1,80715,44280,1
6380,A,400000,300000,6,27,1,0,18000,1
6381,A,200000,200000,6,21,1,51251,19953,1
6382,A,200000,200000,2,29,1,110770,30444,1
6383,A,600000,600000,5,44,0,25820,52065,1
6384,A,1300000,1300000,2,53,1,85510,116586,1
6385,A,200000,200000,6,21,1,86734,16543,1
6386,A,1200000,1200000,3,25,1,262811,13752,1
6387,A,500000,300000,2,24,1,59615,66577,1
6388,A,1200000,1200000,2,31,1,15016,55306,1
6389,A,200000,200000,6,21,1,139972,17325,1
6390,A,500000,300000,6,21,1,69120,25947,1
6391,A,1300000,1300000,2,30,1,35169,11385,1
6392,A,600000,300000,6,23,1,12063,21532,1
6393,A,800000,300000,5,33,1,5000,18171,1
6394,A,700000,300000,6,26,1,52668,10787,1
6395,A,1100000,300000,6,23,1,55231,20341,1
6396,A,800000,800000,2,25,1,79845,57109,1
6397,A,800000,800000,2,28,1,38046,99965,1
6398,A,800000,300000,11,57,0,125409,42780,1
6399,A,1000000,300000,6,23,1,40070,22058,1
6400,A,1000000,300000,4,30,1,234855,28031,1
6401,A,500000,300000,6,23,1,5530,16484,1
6402,A,200000,200000,2,28,1,22450,12168,1
6403,R,200000,200000,2,30,1,125680,28144,1
6404,A,1100000,900000,2,24,1,80999,31374,1
6405,A,500000,500000,2,26,1,82913,18944,1
6406,A,800000,300000,6,24,1,24588,1080,1
6407,A,1000000,300000,7,40,1,14300,36086,1
6408,A,700000,700000,3,33,1,31961,11970,1
6409,A,200000,200000,6,22,1,17618,12960,1
6410,A,200000,200000,2,25,1,26037,48455,1
6411,A,1200000,1200000,10,25,1,46872,13864,1
6412,A,500000,300000,2,25,1,1891,10043,1
6413,A,700000,700000,2,25,1,22430,16335,1
6414,A,100000,0,11,56,1,13643,16425,1
6415,A,1300000,1300000,2,24,1,227979,10115,1
6416,A,700000,200000,6,23,1,58427,10319,1
6417,A,700000,700000,2,25,1,24198,11772,1
6418,A,700000,700000,2,26,1,199699,43274,1
6419,A,700000,300000,6,24,1,62163,17910,1
6420,A,600000,600000,1,46,0,469562,175230,1
6421,A,600000,300000,6,23,1,40973,17910,1
6422,R,500000,500000,2,26,0,40810,73260,1
6423,A,700000,200000,6,21,1,60133,9761,1
6424,A,1200000,1200000,7,41,1,235911,22733,1
6425,A,600000,600000,2,27,1,20730,15881,1
6426,A,200000,200000,7,21,1,8360,12312,1
6427,A,500000,500000,2,24,1,7146,4275,1
6428,A,900000,900000,2,24,1,194857,47911,1
6429,A,1100000,1100000,2,39,1,111231,38955,1
6430,A,900000,900000,2,27,1,47220,14135,1
6431,A,300000,300000,6,22,1,125286,11322,1
6432,A,500000,400000,2,28,1,75158,24760,1
6433,A,200000,200000,2,22,1,49988,36391,1
6434,A,1200000,300000,4,60,1,35926,2527,1
6435,A,1000000,1000000,2,25,1,49772,22677,1
6436,A,800000,700000,7,35,1,12808,2926,1
6437,A,800000,300000,7,50,1,0,5757,1
6438,A,500000,300000,6,23,1,0,2691,1
6439,A,1200000,300000,7,58,1,70578,65788,1
6440,A,800000,800000,2,26,1,68105,14850,1
6441,A,200000,200000,6,24,1,61272,21285,1
6442,A,1500000,1500000,2,51,1,133415,43857,1
6443,B,1100000,700000,2,44,1,101898,79461,1
6444,A,200000,200000,2,23,1,44622,33344,1
6445,A,1100000,1100000,13,43,1,99455,22860,1
6446,A,800000,300000,7,43,1,27944,1799,1
6447,A,500000,500000,2,26,1,40129,15221,1
6448,A,500000,500000,2,30,1,7591,14076,1
6449,A,700000,700000,4,47,1,31762,10194,1
6450,A,500000,300000,6,21,1,37395,15180,1
6451,A,1000000,1000000,7,27,1,58194,49878,1
6452,A,700000,700000,2,30,1,18111,19496,1
6453,A,1200000,1100000,5,24,1,45891,8335,1
6454,A,400000,300000,6,22,1,23684,16920,1
6455,A,200000,200000,2,25,1,0,29142,1
6456,A,1200000,300000,2,25,1,180179,35805,1
6457,A,400000,400000,2,32,1,47553,15248,1
6458,A,500000,500000,12,49,1,25985,46829,1
6459,A,1000000,800000,2,26,1,86482,21160,1
6460,A,700000,700000,2,34,1,25895,2299,1
6461,A,600000,600000,2,23,1,36261,24345,1
6462,A,1000000,1000000,2,26,1,65479,13950,1
6463,A,700000,700000,2,29,1,68211,68865,1
6464,A,800000,800000,2,45,1,55421,71718,1
6465,A,1000000,1000000,4,55,1,44425,23044,1
6466,A,1100000,1100000,2,47,1,125680,44967,1
6467,A,200000,200000,6,21,1,111455,20448,1
6468,A,600000,400000,2,27,1,53646,11201,1
6469,A,800000,300000,6,27,1,254466,13464,1
6470,A,200000,200000,2,22,1,13225,675,1
6471,A,200000,200000,11,27,1,53768,3240,1
6472,A,1300000,1300000,2,29,1,11381,35581,1
6473,A,700000,700000,2,25,1,17975,9495,1
6474,R,1200000,1200000,2,36,1,361001,0,1
6475,A,700000,700000,2,26,1,5643,10461,1
6476,A,200000,200000,6,25,1,37505,13461,1
6477,A,500000,300000,7,53,1,10040,26037,1
6478,A,600000,300000,7,56,1,111892,3462,1
6479,A,1300000,500000,3,25,1,71183,40000,1
6480,A,1300000,1300000,3,28,1,90741,49953,1
6481,A,1200000,1200000,2,24,1,26086,17811,1
6482,A,1300000,1300000,2,32,1,99547,28675,1
6483,A,1300000,1300000,2,34,1,98056,70984,1
6484,A,900000,900000,2,27,1,41026,15435,1
6485,A,1300000,1300000,2,64,1,57358,43907,1
6486,A,1000000,1000000,2,28,1,73338,7117,1
6487,A,600000,600000,3,26,1,168545,20676,1
6488,A,700000,300000,7,35,1,40808,55242,1
6489,A,1000000,1000000,2,28,1,56697,18524,1
6490,A,700000,700000,2,29,1,57178,49436,1
6491,A,1300000,1300000,2,38,0,71378,43004,1
6492,A,200000,200000,6,20,1,7786,12578,1
6493,B,1000000,1000000,7,35,1,57118,12740,1
6494,A,1100000,1100000,2,55,1,26663,2081,1
6495,B,200000,200000,2,22,1,49850,20236,1
6496,A,600000,600000,2,34,0,74477,30456,1
6497,A,700000,300000,4,36,1,2815,49095,1
6498,A,400000,400000,2,25,1,3031,13266,1
6499,A,800000,800000,3,32,1,0,19710,1
6500,A,1300000,1300000,2,30,1,87382,37026,1
6501,A,1300000,800000,7,42,1,515400,17575,1
6502,A,1100000,300000,7,45,1,48298,10138,1
6503,A,1100000,1100000,2,30,1,32563,20718,1
6504,A,200000,200000,6,20,1,99824,3135,1
6505,A,600000,300000,2,45,1,3690,28512,1
6506,A,900000,300000,6,25,1,182289,59681,1
6507,A,200000,200000,2,24,0,8757,27386,1
6508,A,200000,200000,2,33,0,169702,37413,1
6509,A,700000,700000,2,23,1,14208,5007,1
6510,A,1100000,1100000,2,25,1,15184,11177,1
6511,A,1100000,1100000,2,32,1,30676,20696,1
6512,A,1200000,1200000,3,32,1,101554,51975,1
6513,A,500000,500000,4,60,1,53380,76276,1
6514,A,1100000,1100000,2,32,1,142360,3221,1
6515,A,900000,900000,2,28,1,1600,30565,1
6516,A,700000,300000,6,24,1,2574,5701,1
6517,A,200000,200000,2,33,1,8028,33165,1
6518,A,1000000,300000,6,24,1,83910,13950,1
6519,A,700000,700000,2,27,0,0,8826,1
6520,A,900000,900000,4,50,1,38328,91269,1
6521,A,1200000,1200000,2,27,1,150572,25488,1
6522,A,600000,300000,6,23,1,2995,7523,1
6523,A,800000,800000,2,61,1,6976,15847,1
6524,A,1300000,1300000,5,49,1,299443,163215,1
6525,B,500000,500000,5,42,1,96800,104995,1
6526,B,1400000,300000,6,21,1,250118,17028,1
6527,A,1000000,1000000,2,33,1,72740,46281,1
6528,A,1100000,1100000,3,28,0,81893,19167,1
6529,A,900000,300000,6,23,1,0,15345,1
6530,A,500000,500000,2,33,1,34121,2313,1
6531,A,600000,300000,6,24,1,23756,357,1
6532,A,1300000,400000,2,45,1,179567,36522,1
6533,A,600000,300000,2,28,1,23310,37413,1
6534,A,1100000,300000,6,24,1,104539,11088,1
6535,A,200000,200000,7,49,1,9741,95535,1
6536,A,1100000,1100000,3,25,1,228753,18918,1
6537,A,900000,900000,13,41,0,125874,44706,1
6538,A,400000,300000,6,23,1,1205,9162,1
6539,A,400000,300000,6,24,1,10360,2917,1
6540,A,1300000,1300000,2,53,1,33272,122658,1
6541,A,600000,600000,2,25,0,3059,15058,1
6542,A,900000,900000,2,27,1,90741,28701,1
6543,A,700000,700000,1,51,1,20587,32826,1
6544,A,1000000,300000,7,31,1,115003,10205,1
6545,A,1300000,1300000,2,61,1,200984,172815,1
6546,A,800000,300000,11,45,1,6061,8820,1
6547,A,900000,300000,12,29,1,55391,26081,1
6548,A,200000,200000,6,20,1,1070,22662,1
6549,A,800000,800000,2,32,1,8379,11880,1
6550,A,1300000,1300000,10,28,1,48855,55663,1
6551,A,1100000,300000,6,23,1,77503,29674,1
6552,A,200000,200000,6,22,1,46826,1782,1
6553,A,600000,300000,7,28,1,16910,14455,1
6554,A,800000,300000,4,33,1,30290,2822,1
6555,A,700000,700000,4,52,1,6223,49126,1
6556,A,800000,300000,4,43,1,54091,194526,1
6557,B,800000,800000,3,46,1,305379,138600,1
6558,A,1100000,300000,6,23,1,98675,11376,1
6559,A,1100000,300000,6,25,1,119101,14923,1
6560,A,200000,200000,10,34,1,56953,23529,1
6561,A,800000,800000,2,34,0,0,10980,1
6562,A,800000,800000,2,60,0,22601,170285,1
6563,A,600000,600000,2,25,1,33286,44784,1
6564,A,500000,500000,2,37,1,429580,29113,1
6565,A,300000,300000,7,58,1,0,19350,1
6566,A,1200000,1000000,2,52,1,181768,15831,1
6567,A,400000,400000,13,61,1,18810,25236,1
6568,A,1100000,300000,6,23,1,18707,12672,1
6569,A,700000,700000,2,27,1,2518,34347,1
6570,A,1200000,1100000,2,30,1,117110,41130,1
6571,A,200000,200000,6,24,1,44670,27391,1
6572,A,600000,600000,2,38,1,37515,8435,1
6573,A,400000,400000,12,35,1,63592,4256,1
6574,A,400000,300000,6,24,1,8735,10890,1
6575,A,600000,600000,2,27,1,0,26657,1
6576,B,500000,500000,2,26,1,18756,30968,1
6577,A,1200000,500000,4,73,1,15278,7239,1
6578,R,800000,800000,2,28,1,183252,14711,1
6579,A,1300000,300000,4,67,1,78292,77607,1
6580,A,900000,300000,6,20,1,4234,11574,1
6581,A,200000,200000,6,23,1,177413,9666,1
6582,B,1200000,300000,4,51,1,94395,31680,1
6583,A,500000,300000,6,21,1,22644,13900,1
6584,A,1200000,1200000,2,39,1,45603,26208,1
6585,A,1000000,300000,7,59,1,9377,110538,1
6586,A,800000,800000,5,47,1,26907,37935,1
6587,A,700000,700000,2,49,0,92257,46620,1
6588,A,1100000,300000,6,23,1,49787,46747,1
6589,A,1200000,1200000,4,60,1,75297,11116,1
6590,A,600000,300000,4,54,1,0,120309,1
6591,A,800000,800000,2,35,1,83771,46017,1
6592,A,500000,500000,4,29,1,29495,24840,1
6593,A,1300000,1300000,3,31,1,79359,52728,1
6594,A,600000,600000,2,37,1,81801,6354,1
6595,A,400000,400000,2,25,1,35600,19890,1
6596,A,500000,300000,4,54,1,25216,14786,1
6597,A,1100000,1100000,2,45,1,224417,10080,1
6598,A,400000,300000,4,30,1,45015,21858,1
6599,A,200000,200000,6,21,1,37766,14751,1
6600,A,700000,700000,2,32,1,7630,23445,1
6601,A,1200000,300000,6,24,1,70313,18645,1
6602,B,1200000,200000,6,21,1,198511,16870,1
6603,A,200000,200000,6,22,1,156656,31330,1
6604,A,200000,200000,6,22,1,139557,30186,1
6605,A,900000,900000,2,22,1,59870,11115,1
6606,A,1100000,1100000,2,26,1,86377,14662,1
6607,A,1200000,300000,4,52,1,109581,152559,1
6608,A,1000000,1000000,2,30,1,375913,34472,1
6609,A,1000000,300000,4,62,1,0,86121,1
6610,A,400000,300000,7,23,1,13481,42875,1
6611,A,1000000,1000000,2,39,1,20776,69390,1
6612,A,1100000,1100000,2,33,1,51968,18356,1
6613,A,1300000,1300000,2,35,0,88609,34938,1
6614,A,200000,200000,6,20,1,126083,21928,1
6615,A,1000000,1000000,2,26,1,2970,9671,1
6616,A,400000,300000,6,23,0,1074,1656,1
6617,A,800000,300000,12,46,1,34656,22244,1
6618,A,600000,600000,2,32,1,9207,27288,1
6619,A,1200000,1200000,2,27,1,7000,32296,1
6620,A,1200000,1200000,2,29,1,86493,5017,1
6621,A,1200000,1200000,3,32,1,53960,14841,1
6622,A,300000,300000,2,27,1,732,18969,1
6623,A,500000,500000,2,26,1,72747,20287,1
6624,R,1200000,1200000,2,28,1,316902,34272,1
6625,A,700000,700000,2,31,1,95862,174060,1
6626,A,800000,800000,2,53,1,5225,9891,1
6627,A,800000,300000,2,28,1,189802,67838,1
6628,A,500000,500000,2,28,1,0,53757,1
6629,A,300000,300000,2,28,1,34200,21870,1
6630,A,1200000,1200000,2,28,1,37448,28307,1
6631,A,700000,700000,2,25,1,16930,14445,1
6632,A,1200000,1200000,2,47,1,63432,60444,1
6633,A,800000,800000,2,25,1,85841,33255,1
6634,B,800000,800000,2,30,1,0,8019,1
6635,A,500000,300000,4,55,1,3952,26443,1
6636,A,500000,500000,7,51,1,5472,8492,1
6637,A,1100000,1100000,2,31,1,74950,47520,1
6638,A,200000,200000,5,29,1,18148,20088,1
6639,A,700000,700000,4,43,1,18601,4842,1
6640,A,1300000,300000,6,24,1,192078,41033,1
6641,A,600000,300000,7,48,1,6259,84942,1
6642,A,800000,800000,2,39,1,7823,10701,1
6643,A,1100000,300000,6,24,1,74993,12091,1
6644,A,500000,300000,6,21,1,14728,14350,1
6645,A,800000,300000,6,21,1,109116,8037,1
6646,A,1800000,1300000,4,61,1,0,172350,1
6647,A,200000,200000,7,43,1,47239,180000,1
6648,A,1200000,800000,2,25,1,23079,17797,1
6649,A,600000,600000,4,29,1,3639,19667,1
6650,A,1000000,300000,6,23,1,104570,30567,1
6651,A,600000,600000,2,35,1,39542,20757,1
6652,A,200000,200000,7,25,1,25604,17370,1
6653,A,1300000,1300000,7,62,1,11243,19088,1
6654,A,1000000,1000000,2,28,1,80156,891,1
6655,A,700000,700000,2,57,1,28875,11908,1
6656,A,400000,300000,6,21,1,13968,6192,1
6657,A,1100000,400000,10,51,1,83678,5337,1
6658,A,500000,300000,4,55,1,0,15831,1
6659,A,300000,300000,2,22,1,10071,17002,1
6660,A,800000,300000,6,21,1,91856,12465,1
6661,R,800000,800000,2,36,1,81860,7422,1
6662,A,800000,800000,3,23,1,21833,19702,1
6663,A,1100000,1100000,2,25,1,43846,28759,1
6664,A,200000,200000,6,23,1,43930,14643,1
6665,A,1300000,1300000,2,30,1,923,18801,1
6666,A,200000,200000,6,20,1,0,23882,1
6667,A,1200000,300000,6,24,1,8949,6831,1
6668,A,800000,300000,6,25,1,93333,15933,1
6669,A,1200000,1200000,2,47,1,63655,19787,1
6670,A,1200000,1200000,2,31,1,174947,33245,1
6671,A,1000000,1000000,2,36,1,53159,56263,1
6672,A,700000,200000,6,20,1,18150,37062,1
6673,A,800000,300000,6,24,1,28489,15012,1
6674,A,500000,500000,2,29,1,30068,26820,1
6675,A,800000,800000,2,46,1,5748,46616,1
6676,A,500000,500000,2,33,1,18600,4721,1
6677,A,200000,200000,6,22,1,6584,62138,1
6678,A,200000,200000,6,21,1,226457,9805,1
6679,A,600000,300000,6,23,1,28091,18801,1
6680,A,800000,300000,7,63,1,32452,1979,1
6681,A,1300000,300000,7,52,1,196084,57624,1
6682,R,1600000,1600000,4,50,1,71370,61696,1
6683,A,1300000,1000000,2,51,1,79929,31770,1
6684,B,500000,500000,2,30,1,0,20493,1
6685,A,800000,500000,7,32,1,4884,20421,1
6686,A,200000,200000,6,23,1,99965,7920,1
6687,A,1100000,1000000,2,27,1,129597,5177,1
6688,A,200000,200000,2,27,1,0,20306,1
6689,A,1200000,800000,2,26,1,88206,61668,1
6690,A,600000,600000,7,56,1,48803,95785,1
6691,A,400000,400000,2,34,0,12128,62483,1
6692,A,1200000,1200000,3,33,0,59065,19370,1
6693,A,800000,800000,2,32,1,0,180000,1
6694,A,200000,200000,2,30,1,61312,18188,1
6695,A,1300000,1300000,2,27,1,43654,23202,1
6696,A,1000000,1000000,2,24,1,177476,15642,1
6697,A,900000,300000,6,22,1,23302,19395,1
6698,A,1300000,1300000,2,31,1,67734,16668,1
6699,A,500000,300000,8,70,1,23687,3175,1
6700,A,1000000,1000000,2,43,1,602483,138085,1
6701,A,800000,600000,2,28,1,15880,21870,1
6702,A,400000,300000,6,26,1,35813,20880,1
6703,A,600000,600000,2,57,1,0,83624,1
6704,A,800000,400000,3,64,1,12436,8910,1
6705,A,200000,200000,6,26,1,184303,38196,1
6706,A,400000,400000,2,25,1,43055,9165,1
6707,A,1300000,1300000,3,34,1,97615,75438,1
6708,A,600000,300000,11,40,1,35865,155481,1
6709,A,200000,200000,2,28,1,81053,21345,1
6710,A,600000,300000,7,27,1,0,20520,1
6711,A,600000,300000,7,51,1,0,792,1
6712,A,600000,600000,2,26,1,32925,9812,1
6713,A,900000,900000,2,30,1,0,58928,1
6714,A,300000,300000,2,28,1,211069,8505,1
6715,A,1300000,1300000,2,42,0,228224,116721,1
6716,A,1800000,1800000,2,40,1,61452,95022,1
6717,A,800000,800000,2,24,1,42287,16583,1
6718,A,800000,800000,2,49,1,38569,16118,1
6719,A,200000,200000,2,27,1,56434,12665,1
6720,A,800000,800000,2,37,1,20364,18216,1
6721,A,600000,600000,2,27,1,44104,25265,1
6722,A,900000,800000,2,25,1,178932,13384,1
6723,A,1300000,1300000,2,49,0,7553,10083,1
6724,A,1200000,1200000,7,27,1,62257,37173,1
6725,A,400000,400000,2,28,1,50292,23377,1
6726,A,800000,800000,2,30,1,52209,38502,1
6727,B,1700000,1700000,2,38,1,257991,4356,1
6728,A,1100000,400000,2,50,1,10194,27920,1
6729,B,400000,400000,2,24,1,19282,12540,1
6730,A,500000,400000,2,23,1,34200,15093,1
6731,A,700000,700000,2,30,1,47216,27465,1
6732,A,500000,500000,2,28,1,8779,20899,1
6733,A,800000,800000,2,45,0,16605,65340,1
6734,A,500000,500000,3,22,1,10118,48312,1
6735,A,1100000,1100000,3,26,1,395892,6228,1
6736,A,800000,800000,2,38,1,20832,16830,1
6737,A,1200000,1200000,2,25,1,8108,71825,1
6738,A,200000,200000,3,25,1,152122,35691,1
6739,A,800000,300000,6,24,1,60394,16209,1
6740,A,600000,600000,2,29,0,7727,45900,1
6741,B,500000,300000,6,23,1,285113,16182,1
6742,A,1200000,1200000,6,28,1,463521,92700,1
6743,A,800000,800000,3,42,1,4703,13000,1
6744,A,500000,500000,2,34,1,66341,9855,1
6745,A,1800000,1800000,4,60,1,160305,36531,1
6746,A,1300000,1300000,3,66,1,158521,27225,1
6747,A,1100000,300000,12,32,1,108932,68459,1
6748,A,1200000,1200000,2,30,1,109502,21032,1
6749,A,1300000,300000,7,60,1,5675,19170,1
6750,A,1200000,1000000,7,26,1,100573,53568,1
6751,A,200000,200000,6,20,1,125213,115831,1
6752,A,800000,400000,7,47,1,18000,23328,1
6753,B,700000,700000,2,48,0,16038,180000,1
6754,A,800000,800000,5,47,1,455179,38016,1
6755,A,700000,200000,6,21,1,88436,17712,1
6756,A,500000,500000,7,25,1,32495,61947,1
6757,A,1200000,1200000,2,27,1,117025,26726,1
6758,A,400000,300000,7,27,1,10695,3308,1
6759,A,800000,300000,6,21,1,114299,10609,1
6760,A,1100000,300000,6,23,1,30377,21882,1
6761,A,500000,500000,2,34,0,88110,94851,1
6762,A,900000,300000,6,21,1,7085,11376,1
6763,A,1200000,1200000,2,28,1,85888,27681,1
6764,A,600000,600000,2,27,1,32356,16086,1
6765,A,1100000,300000,6,24,1,36167,88373,1
6766,A,200000,200000,2,24,0,176157,110891,1
6767,A,1000000,1000000,3,29,1,65321,38113,1
6768,A,1200000,1200000,2,31,1,19302,55759,1
6769,A,1300000,1000000,2,26,1,111488,29730,1
6770,A,300000,300000,2,25,1,18772,26797,1
6771,A,1100000,1100000,2,36,0,0,104040,1
6772,A,200000,200000,2,25,1,18169,5931,1
6773,A,300000,300000,6,21,1,10690,4153,1
6774,A,300000,300000,2,25,1,16426,24967,1
6775,B,700000,700000,2,30,1,32394,28947,1
6776,A,1200000,1200000,3,28,1,50133,36117,1
6777,A,800000,800000,2,35,1,3135,20295,1
6778,B,1000000,1000000,2,28,1,182807,16929,1
6779,A,500000,500000,2,59,0,4980,27810,1
6780,A,1000000,1000000,2,27,1,1045,11376,1
6781,A,1300000,1300000,2,35,0,233331,27769,1
6782,A,1000000,1000000,2,25,1,661606,2367,1
6783,A,1200000,300000,4,61,1,74799,9183,1
6784,A,1000000,1000000,2,25,1,73596,41580,1
6785,A,1100000,900000,2,26,1,138108,14940,1
6786,A,1200000,1200000,2,31,1,329462,178373,1
6787,A,1100000,300000,4,58,1,11172,14850,1
6788,A,1200000,300000,7,49,1,22893,42108,1
6789,A,500000,500000,2,25,1,1900,2916,1
6790,A,500000,500000,3,28,0,20291,27599,1
6791,A,500000,500000,2,26,1,20735,14445,1
6792,A,1000000,1000000,2,26,1,96416,7880,1
6793,A,1000000,1000000,2,46,1,121614,8758,1
6794,A,800000,800000,2,32,1,0,16920,1
6795,A,600000,600000,2,28,1,25365,29591,1
6796,A,1200000,900000,2,25,1,5092,38033,1
6797,A,1200000,500000,7,52,1,0,31676,1
6798,A,800000,800000,2,45,1,38784,43853,1
6799,A,1300000,300000,6,25,1,333651,15738,1
6800,A,800000,800000,2,29,1,3465,8040,1
6801,A,600000,600000,2,30,1,8842,27810,1
6802,A,900000,300000,6,24,1,364054,107786,1
6803,A,500000,500000,2,29,1,55315,8100,1
6804,A,900000,300000,2,26,1,86174,72370,1
6805,R,600000,600000,3,30,0,14306,31284,1
6806,A,900000,300000,6,22,1,56828,12425,1
6807,A,700000,700000,2,28,1,47129,5167,1
6808,A,1200000,1200000,2,40,1,148436,19565,1
6809,B,600000,600000,2,29,1,76705,6138,1
6810,A,1300000,1300000,2,29,1,18228,14338,1
6811,A,1300000,900000,2,57,1,19685,4798,1
6812,A,1200000,1200000,2,27,1,119075,35019,1
6813,A,800000,800000,3,56,1,55319,19061,1
6814,A,800000,800000,2,53,1,627,29196,1
6815,A,1300000,1300000,2,47,1,66704,24345,1
6816,A,800000,800000,2,28,1,45684,9000,1
6817,A,1300000,1300000,3,30,0,119668,13694,1
6818,A,700000,300000,7,54,1,1960,7921,1
6819,A,800000,800000,2,42,1,43995,8685,1
6820,A,700000,700000,2,27,1,31586,702,1
6821,A,500000,500000,2,29,1,301870,54902,1
6822,A,800000,800000,2,24,1,1425,33750,1
6823,A,700000,200000,6,24,1,23765,19215,1
6824,A,800000,800000,2,39,0,34155,110880,1
6825,R,1100000,300000,6,21,1,93496,2901,1
6826,A,700000,700000,2,27,1,0,14213,1
6827,A,500000,300000,8,55,1,12579,62481,1
6828,A,800000,800000,2,34,1,36803,19647,1
6829,A,1300000,1300000,3,35,1,53234,26532,1
6830,A,1000000,1000000,2,26,1,8351,14062,1
6831,A,200000,200000,6,19,0,13467,14346,1
6832,A,700000,700000,4,61,1,8908,495,1
6833,A,800000,800000,2,29,1,670,11706,1
6834,A,800000,800000,4,34,1,29162,184671,1
6835,A,700000,400000,12,54,1,62407,41670,1
6836,R,1300000,1300000,5,42,0,185818,15345,1
6837,A,1200000,1200000,4,52,1,32523,47115,1
6838,A,400000,400000,2,40,0,1720,3882,1
6839,A,1300000,1300000,2,44,0,146758,7212,1
6840,A,900000,300000,6,23,1,39016,41042,1
6841,A,1200000,1200000,2,32,1,58322,13431,1
6842,A,600000,600000,2,25,1,75304,1928,1
6843,A,600000,600000,2,29,1,9294,6336,1
6844,A,600000,600000,2,29,1,1066,6336,1
6845,B,700000,200000,2,26,1,0,15840,1
6846,A,800000,800000,3,52,1,0,15727,1
6847,A,200000,200000,6,21,1,26267,4450,1
6848,A,600000,600000,2,32,0,47780,131553,1
6849,A,1100000,1100000,2,58,1,283145,153441,1
6850,A,1100000,1100000,2,27,1,182525,67690,1
6851,B,800000,800000,2,38,1,48533,3386,1
6852,R,1000000,500000,2,39,1,70446,14850,1
6853,A,1300000,1300000,2,33,1,156517,63362,1
6854,A,300000,300000,6,26,1,10658,9862,1
6855,A,500000,500000,2,24,1,41628,22425,1
6856,A,1300000,1300000,3,30,1,183915,42957,1
6857,A,600000,600000,2,28,1,8408,45072,1
6858,A,800000,800000,2,31,1,60903,33923,1
6859,B,500000,300000,4,39,1,17598,9999,1
6860,A,500000,500000,13,32,0,83217,9817,1
6861,A,1000000,700000,2,26,1,22164,19513,1
6862,A,1100000,1100000,2,25,1,98348,42849,1
6863,A,600000,600000,2,34,1,63047,14901,1
6864,A,1000000,1000000,2,59,1,118393,27405,1
6865,A,800000,800000,2,27,1,10485,43155,1
6866,A,1300000,1300000,2,31,1,116877,141593,1
6867,A,1300000,1300000,4,45,1,112867,38691,1
6868,A,600000,600000,2,30,1,61074,16487,1
6869,A,1300000,1300000,3,36,1,112959,36036,1
6870,A,700000,200000,6,23,1,64149,16173,1
6871,A,800000,800000,2,59,1,25309,19701,1
6872,A,700000,700000,2,26,1,50061,26523,1
6873,A,200000,200000,6,21,1,9586,13762,1
6874,A,800000,300000,2,58,1,24103,3267,1
6875,A,750000,200000,6,19,1,235234,23247,1
6876,A,800000,800000,5,53,1,0,115205,1
6877,A,1200000,300000,6,24,1,149995,10149,1
6878,A,700000,300000,7,41,1,44294,30411,1
6879,A,1300000,1300000,2,33,1,52032,55445,1
6880,A,600000,300000,7,50,1,52832,11134,1
6881,A,800000,800000,13,61,1,6849,39591,1
6882,A,200000,200000,2,27,1,20249,44775,1
6883,A,200000,200000,6,25,1,34851,1446,1
6884,A,1300000,1300000,2,53,1,130309,44323,1
6885,A,300000,300000,6,23,1,16821,3555,1
6886,B,900000,900000,2,62,1,60986,54450,1
6887,A,1000000,1000000,2,26,1,30410,14535,1
6888,A,800000,800000,2,28,1,19502,30027,1
6889,A,200000,200000,6,21,1,35261,12762,1
6890,A,1200000,1200000,2,25,1,747912,26514,1
6891,A,800000,800000,5,63,0,30000,14940,1
6892,A,1000000,300000,7,26,1,6000,23265,1
6893,A,500000,500000,2,27,1,41568,37620,1
6894,A,800000,800000,7,57,1,9781,4248,1
6895,A,200000,200000,2,27,1,105999,24810,1
6896,A,1100000,1100000,2,26,1,344783,14152,1
6897,A,500000,300000,6,23,1,18382,18672,1
6898,A,200000,200000,2,26,1,6413,1886,1
6899,A,500000,500000,5,33,1,0,72360,1
6900,A,1300000,1300000,2,37,1,329549,11693,1
6901,A,400000,300000,6,22,1,20832,8604,1
6902,A,300000,300000,12,27,1,18189,8140,1
6903,A,1000000,1000000,2,24,1,118695,23483,1
6904,A,1300000,1300000,3,26,1,38331,6831,1
6905,A,500000,500000,2,27,1,17290,26766,1
6906,A,500000,300000,2,25,1,15549,13455,1
6907,A,1000000,1000000,2,26,1,51337,7740,1
6908,A,400000,300000,6,21,1,15200,3030,1
6909,A,800000,800000,2,52,1,86498,12645,1
6910,A,200000,200000,6,22,1,2822,15681,1
6911,A,200000,200000,6,22,0,7128,29484,1
6912,A,700000,700000,2,31,1,16647,1961,1
6913,B,500000,300000,6,23,1,41859,7326,1
6914,A,1200000,700000,5,53,1,60516,77753,1
6915,A,600000,600000,7,30,1,27347,4050,1
6916,A,600000,300000,7,55,1,16109,180000,1
6917,B,1300000,1300000,2,35,1,179765,12006,1
6918,A,400000,400000,2,25,1,17927,23994,1
6919,A,1100000,900000,2,25,1,115340,22151,1
6920,A,1300000,300000,4,53,1,31524,36614,1
6921,A,200000,200000,6,24,0,0,10446,1
6922,A,800000,800000,2,58,1,6209,4752,1
6923,A,800000,800000,10,28,1,3000,19479,1
6924,R,400000,400000,2,26,1,50674,29077,1
6925,A,1300000,300000,7,50,1,61066,26034,1
6926,A,1700000,1700000,4,49,1,84476,68996,1
6927,A,600000,300000,4,47,1,8000,25239,1
6928,B,600000,300000,6,24,1,1881,15116,1
6929,A,300000,300000,12,24,1,9953,2524,1
6930,A,800000,800000,7,60,1,9000,10498,1
6931,A,800000,800000,2,59,1,24420,13356,1
6932,A,900000,300000,6,23,1,42523,14148,1
6933,A,1000000,300000,13,60,1,6000,4969,1
6934,A,800000,800000,2,29,1,29223,11970,1
6935,A,700000,700000,2,28,1,24628,9702,1
6936,A,800000,300000,11,64,1,482039,68175,1
6937,A,500000,500000,2,26,1,44273,35353,1
6938,A,800000,800000,2,28,0,14336,59103,1
6939,A,400000,300000,6,22,1,24659,21994,1
6940,A,1300000,300000,6,26,0,67342,15777,1
6941,A,200000,200000,6,20,1,6201,21999,1
6942,A,600000,300000,6,25,1,24928,4806,1
6943,A,500000,500000,2,47,1,24978,18189,1
6944,A,600000,600000,5,33,0,0,16524,1
6945,A,700000,300000,4,60,1,33461,3620,1
6946,A,600000,300000,6,26,1,99107,19698,1
6947,A,600000,600000,12,54,1,6576,2664,1
6948,B,800000,600000,2,32,1,4645,19198,1
6949,A,400000,400000,2,26,0,40710,3654,1
6950,A,500000,300000,6,22,1,31850,5477,1
6951,A,900000,900000,2,29,1,117665,68382,1
6952,A,600000,300000,6,25,1,5719,13354,1
6953,A,200000,200000,6,21,1,82840,22968,1
6954,R,800000,800000,2,42,1,238930,11013,1
6955,A,400000,300000,2,26,1,42337,24695,1
6956,A,200000,200000,6,20,1,219338,36027,1
6957,A,200000,200000,6,19,1,217466,43554,1
6958,A,500000,300000,6,22,1,87950,21242,1
6959,A,1100000,300000,6,23,1,16064,10901,1
6960,A,500000,500000,6,24,1,30937,21041,1
6961,R,1100000,1100000,2,27,1,33070,10917,1
6962,A,1300000,300000,7,69,1,18917,7294,1
6963,A,800000,300000,2,49,1,12122,41771,1
6964,A,1000000,1000000,2,33,0,275009,107060,1
6965,A,1100000,1100000,4,33,1,90755,20180,1
6966,A,800000,800000,2,32,1,0,18918,1
6967,A,700000,700000,2,25,1,68788,832,1
6968,A,700000,700000,2,29,1,11904,14134,1
6969,A,200000,200000,6,21,1,29003,8010,1
6970,A,1000000,1000000,7,26,1,168206,15930,1
6971,B,1200000,1200000,2,33,1,280,5198,1
6972,A,1200000,700000,2,27,1,8831,23436,1
6973,A,1100000,1100000,4,51,1,92474,180594,1
6974,A,500000,500000,4,55,1,45281,4149,1
6975,R,500000,500000,2,25,1,496951,4554,1
6976,A,1200000,300000,7,54,1,40017,17613,1
6977,A,700000,200000,6,23,1,66699,16245,1
6978,A,800000,800000,3,45,1,21801,100575,1
6979,A,800000,300000,7,62,1,8885,33750,1
6980,A,700000,300000,4,55,1,9064,19593,1
6981,A,200000,200000,6,22,1,3021,5643,1
6982,A,700000,300000,6,23,1,35051,8019,1
6983,A,800000,800000,2,59,1,78375,180000,1
6984,A,400000,300000,6,30,1,61416,61428,1
6985,A,500000,500000,4,44,1,240006,15732,1
6986,A,1200000,300000,7,40,1,168047,14081,1
6987,A,1200000,1200000,2,33,1,87899,25324,1
6988,A,700000,200000,6,22,1,177999,86429,1
6989,A,1200000,1100000,2,26,1,48731,10224,1
6990,A,200000,200000,6,21,1,159629,5544,1
6991,A,500000,300000,6,25,1,5970,73451,1
6992,A,800000,800000,2,30,1,5736,6039,1
6993,A,500000,500000,2,28,1,25216,2970,1
6994,A,500000,300000,6,24,1,47150,1704,1
6995,A,1200000,1200000,2,38,1,51259,44456,1
6996,A,800000,800000,2,33,1,237093,4652,1
6997,R,200000,200000,6,24,1,10000,27720,1
6998,A,400000,300000,6,21,1,11089,3456,1
6999,A,300000,300000,6,21,1,2207,8951,1
7000,A,200000,200000,6,21,1,137938,6147,1
7001,A,500000,300000,6,24,1,21952,29251,1
7002,A,400000,300000,6,22,1,12645,28197,1
7003,A,1300000,1300000,3,47,1,74112,69917,1
7004,A,700000,700000,10,26,1,71754,29943,1
7005,A,200000,0,7,52,1,24839,20808,1
7006,A,200000,200000,6,21,1,25998,27439,1
7007,A,700000,700000,2,32,1,12080,42012,1
7008,B,500000,500000,2,28,0,0,183573,1
7009,A,1300000,900000,2,29,1,30540,63915,1
7010,A,800000,800000,2,43,1,0,19277,1
7011,A,1000000,1000000,2,47,1,197534,26370,1
7012,A,1300000,1300000,2,43,1,82589,122338,1
7013,A,900000,500000,2,29,1,40864,18207,1
7014,A,200000,200000,6,22,1,15263,13455,1
7015,A,800000,800000,12,42,1,147543,16862,1
7016,B,1300000,1300000,10,29,1,32751,13042,1
7017,A,800000,800000,2,30,1,49597,11331,1
7018,A,1100000,1100000,2,33,1,39852,35928,1
7019,A,1000000,1000000,2,61,1,27366,7326,1
7020,R,1200000,1200000,2,30,0,242083,18711,1
7021,A,800000,300000,6,21,1,14929,23043,1
7022,A,1000000,1000000,2,27,0,45004,4853,1
7023,A,700000,700000,2,30,1,74268,10980,1
7024,A,1100000,1100000,2,26,1,2166,60644,1
7025,A,1100000,1100000,2,45,1,388253,47994,1
7026,A,800000,800000,2,62,1,7395,12860,1
7027,A,500000,500000,2,52,1,102095,94230,1
7028,A,800000,800000,2,29,1,15451,27810,1
7029,A,600000,300000,4,51,1,85394,22077,1
7030,A,1200000,1200000,2,28,1,9294,20504,1
7031,A,1300000,1300000,2,33,1,93990,45230,1
7032,A,1300000,1300000,2,28,1,68337,8910,1
7033,A,1500000,700000,8,76,1,98874,79866,1
7034,A,800000,800000,2,53,0,7496,7191,1
7035,A,800000,300000,4,68,1,47950,51570,1
7036,A,800000,800000,7,65,1,7470,30717,1
7037,A,500000,300000,6,24,1,18327,18070,1
7038,A,700000,700000,2,33,0,16080,54351,1
7039,A,700000,700000,2,26,1,174156,46695,1
7040,A,1300000,900000,2,25,1,61691,23288,1
7041,A,1300000,1300000,2,29,0,40000,29483,1
7042,A,1300000,1200000,2,59,0,506020,6282,1
7043,A,200000,200000,6,23,1,47684,17717,1
7044,A,700000,300000,7,69,1,0,5046,1
7045,A,800000,800000,7,60,1,19923,59406,1
7046,A,1000000,300000,6,21,1,7318,8757,1
7047,A,1300000,300000,7,57,1,4560,21978,1
7048,A,1100000,1100000,3,30,1,493210,15345,1
7049,A,700000,300000,7,56,1,6406,33552,1
7050,A,800000,800000,2,30,1,31318,112842,1
7051,A,1000000,800000,2,27,1,102858,30793,1
7052,A,1100000,1100000,2,24,0,36726,24750,1
7053,A,700000,200000,6,20,1,22639,5040,1
7054,A,1100000,1100000,2,28,1,69584,11460,1
7055,A,1300000,1300000,2,32,1,194820,5337,1
7056,A,600000,600000,2,25,1,16287,0,1
7057,A,1200000,1200000,3,24,1,125316,17482,1
7058,A,1200000,1200000,2,27,1,187183,3102,1
7059,A,900000,900000,10,33,1,103593,20601,1
7060,A,1300000,1300000,2,31,1,27283,58500,1
7061,A,700000,700000,2,26,1,73160,111747,1
7062,A,700000,300000,2,26,1,3204,38879,1
7063,A,600000,300000,6,23,1,0,78309,1
7064,A,500000,500000,2,24,1,627,13950,1
7065,A,800000,800000,2,36,0,24138,20967,1
7066,A,900000,900000,2,27,1,13000,69498,1
7067,A,800000,800000,2,34,1,24168,42165,1
7068,A,1000000,1000000,11,29,1,5971,24840,1
7069,A,800000,300000,4,29,1,1275,6404,1
7070,A,1200000,1200000,2,28,1,5615,29039,1
7071,A,1000000,1000000,2,49,0,92273,72630,1
7072,A,1300000,1300000,2,60,1,90563,28614,1
7073,A,700000,300000,7,60,1,15682,7718,1
7074,A,700000,700000,2,35,0,10762,5016,1
7075,A,200000,200000,2,45,1,0,882,1
7076,B,400000,300000,7,56,1,23214,13712,1
7077,A,1200000,1200000,2,28,1,43824,50810,1
7078,A,800000,800000,1,50,0,0,160380,1
7079,A,1000000,1000000,2,26,1,4900,21824,1
7080,A,700000,700000,13,40,1,106286,185513,1
7081,A,1000000,700000,3,25,1,16198,25407,1
7082,A,1200000,300000,2,25,1,20053,1568,1
7083,A,1000000,1000000,2,30,0,31810,96030,1
7084,A,1100000,1100000,2,27,1,15038,93190,1
7085,A,1500000,1500000,4,42,1,55624,68679,1
7086,A,1300000,1300000,2,36,1,86676,30422,1
7087,A,700000,700000,2,51,1,102724,132750,1
7088,A,800000,800000,4,61,1,13233,20790,1
7089,A,700000,700000,2,29,1,38380,15129,1
7090,A,1000000,1000000,2,25,1,55116,39963,1
7091,A,1300000,1300000,2,29,0,233471,33300,1
7092,A,800000,800000,4,53,1,34446,160470,1
7093,A,700000,700000,4,42,1,9041,28403,1
7094,A,1200000,1200000,2,28,1,38902,13020,1
7095,B,1700000,1700000,2,29,0,323458,42570,1
7096,A,800000,800000,1,25,1,9250,1733,1
7097,A,600000,600000,2,27,1,85796,61920,1
7098,A,600000,600000,2,28,1,35905,23695,1
7099,A,1000000,300000,7,55,1,9987,30993,1
7100,A,700000,700000,2,30,1,561,55585,1
7101,A,1100000,1100000,2,41,1,73814,7461,1
7102,A,1300000,1300000,2,27,1,143069,5400,1
7103,A,600000,600000,2,27,1,25202,26820,1
7104,A,300000,300000,3,25,1,240853,24939,1
7105,A,1000000,1000000,7,56,1,15949,5264,1
7106,A,800000,800000,3,34,1,0,8842,1
7107,A,800000,800000,2,56,1,6038,8880,1
7108,A,1000000,800000,3,24,1,3689,5130,1
7109,A,1200000,800000,2,23,1,42945,15733,1
7110,A,800000,700000,6,22,0,338890,173700,1
7111,A,700000,200000,7,39,1,19286,9099,1
7112,A,1100000,300000,7,49,1,0,61965,1
7113,A,1500000,300000,7,42,1,20167,36189,1
7114,A,600000,300000,6,23,1,0,47567,1
7115,A,1200000,1200000,2,33,0,11755,22176,1
7116,A,1800000,1800000,2,30,0,17742,37730,1
7117,A,700000,300000,11,52,1,43459,46035,1
7118,A,150000,150000,2,63,1,17320,9205,1
7119,A,1000000,1000000,2,24,0,1782,42660,1
7120,A,1500000,900000,2,27,0,7920,11574,1
7121,A,500000,500000,3,25,1,73675,28255,1
7122,A,1000000,300000,7,54,1,177819,14283,1
7123,A,1300000,300000,7,57,1,30039,77112,1
7124,A,700000,700000,3,31,1,1739,141660,1
7125,A,1800000,1800000,3,28,1,88965,3069,1
7126,R,900000,900000,5,35,1,92118,155673,1
7127,A,300000,300000,2,30,1,46490,20385,1
7128,A,800000,800000,2,49,1,5469,6722,1
7129,A,1000000,1000000,2,36,1,11571,90,1
7130,A,700000,700000,2,29,0,11880,107910,1
7131,A,1100000,300000,7,44,1,395138,27810,1
7132,A,1200000,1200000,2,32,1,15049,9405,1
7133,A,1000000,1000000,2,34,1,56206,58410,1
7134,A,1200000,1200000,2,37,1,99085,74340,1
7135,A,700000,200000,6,20,1,43614,37269,1
7136,A,1000000,1000000,5,77,1,1710,67677,1
7137,A,200000,200000,6,22,0,3168,11534,1
7138,A,700000,700000,2,34,0,37593,50211,1
7139,A,800000,800000,2,48,0,,73830,1
7140,A,600000,300000,7,56,1,,22877,1
7141,A,600000,600000,2,54,0,,33453,1
7142,A,800000,300000,8,78,1,,7272,1
7143,A,800000,800000,5,72,0,,14897,1
7144,A,1300000,1300000,2,62,1,,180000,1
7145,A,800000,800000,4,56,1,,4851,1
7146,A,800000,800000,8,89,0,,5891,1
7147,A,800000,500000,5,72,0,,9126,1
7148,A,800000,800000,2,57,1,,15840,1
7149,A,1000000,1000000,2,47,1,,20790,1
7150,A,1300000,1300000,2,52,1,,20729,1
7151,A,800000,800000,4,53,1,,14213,1
7152,A,800000,300000,8,73,1,,1233,1
7153,A,800000,800000,3,46,1,,24437,1
7154,A,700000,300000,7,53,1,,15840,1
7155,A,800000,800000,1,45,1,,61963,1
7156,A,500000,400000,2,52,1,,22488,1
7157,A,1000000,1000000,2,54,1,,21870,1
7158,A,800000,800000,1,55,1,,3888,1
7159,A,800000,300000,4,62,1,,12144,1
7160,A,800000,800000,3,52,1,,10436,1
7161,A,700000,300000,7,54,1,,16920,1
7162,A,800000,800000,2,46,0,,30879,1
7163,A,800000,800000,4,60,1,,4180,1
7164,A,700000,700000,4,48,1,,43155,1
7165,A,800000,300000,8,71,1,,47610,1
7166,A,800000,800000,4,43,1,,24606,1
7167,R,1300000,1300000,2,61,0,,20880,1
7168,A,800000,300000,7,49,1,,14445,1
7169,A,800000,800000,3,57,1,,42246,1
7170,A,600000,600000,7,54,1,,2138,1
7171,A,800000,800000,4,48,1,,53953,1
7172,A,1300000,1300000,5,45,1,,15435,1
7173,A,800000,300000,7,49,1,,14622,1
7174,A,800000,300000,4,80,1,,4068,1
7175,A,1200000,1200000,2,55,1,,5940,1
7176,A,800000,800000,1,67,1,,19216,1
7177,A,800000,800000,2,44,1,,91148,1
7178,A,700000,700000,2,54,1,,178902,1
7179,A,800000,800000,4,61,1,,17019,1
7180,A,200000,200000,4,42,1,,10008,1
7181,A,800000,300000,7,50,1,,4001,1
7182,A,1300000,1300000,2,59,0,,17910,1
7183,A,800000,800000,4,54,1,,21006,1
7184,A,1300000,1300000,3,55,1,,15435,1
7185,A,1000000,1000000,2,55,0,,1295,1
7186,A,800000,800000,2,51,1,,16338,1
7187,A,600000,300000,8,81,1,,17928,1
7188,A,600000,600000,8,78,0,,10044,1
7189,A,800000,800000,2,43,1,,13050,1
7190,A,800000,800000,2,67,0,,14058,1
7191,A,1200000,1200000,1,57,1,,157095,1
7192,A,1300000,1300000,2,42,1,,15742,1
7193,A,600000,300000,7,59,1,,20928,1
7194,A,800000,800000,2,46,1,,66960,1
7195,A,200000,200000,5,77,0,,2859,1
7196,A,800000,300000,2,45,1,,19143,1
7197,A,700000,700000,3,44,1,,53645,1
7198,B,600000,600000,5,49,1,,70785,1
7199,A,800000,800000,3,45,1,,54582,1
7200,A,800000,800000,2,66,0,,30474,1
7201,A,1000000,1000000,2,61,1,,6273,1
7202,A,1300000,1300000,1,56,0,,73127,1
7203,A,700000,700000,2,68,1,,21870,1
7204,A,800000,800000,2,40,1,,40488,1
7205,A,800000,800000,2,41,1,,11925,1
7206,A,600000,600000,3,42,0,,18900,1
7207,A,800000,800000,2,53,1,,71782,1
7208,A,500000,300000,2,50,1,,1485,1
7209,A,800000,800000,2,47,0,,82260,1
7210,A,1100000,900000,2,53,1,,53460,1
7211,A,800000,800000,2,59,1,,8451,1
7212,A,600000,600000,2,42,1,,51570,1
7213,A,700000,700000,2,40,1,,52560,1
7214,A,800000,800000,4,44,1,,7209,1
7215,A,500000,500000,8,77,1,,9891,1
7216,A,700000,600000,2,56,1,,49095,1
7217,A,1300000,800000,8,70,1,,8940,1
7218,A,800000,800000,5,67,1,,25929,1
7219,A,700000,700000,2,46,1,,30195,1
7220,A,800000,300000,4,68,1,,12960,1
7221,A,800000,300000,7,51,1,,46332,1
7222,A,1300000,1300000,2,55,0,,57510,1
7223,A,800000,800000,10,50,1,,20970,1
7224,A,800000,800000,10,50,1,,40590,1
7225,A,1000000,300000,7,79,1,,19571,1
7226,A,700000,300000,4,47,1,,1997,1
7227,A,1000000,1000000,2,50,1,,40689,1
7228,A,800000,800000,2,43,0,,180000,1
7229,R,700000,700000,2,43,0,,179820,1
7230,A,800000,800000,2,61,0,,44640,1
7231,A,1300000,1300000,7,74,0,,4482,1
7232,A,800000,300000,7,44,1,,12713,1
7233,A,800000,800000,4,44,1,,16830,1
7234,A,800000,800000,2,49,1,,21623,1
7235,A,700000,700000,1,82,1,,14841,1
7236,A,600000,300000,4,42,1,,53910,1
7237,A,800000,800000,2,64,0,,83028,1
7238,A,600000,600000,2,52,0,,27810,1
7239,A,800000,800000,4,81,1,,9405,1
7240,R,400000,400000,1,70,0,,100782,1
7241,A,800000,800000,2,47,0,,10392,1
7242,A,800000,800000,2,50,0,,30857,1
7243,A,800000,800000,1,63,1,,6930,1
7244,A,800000,800000,2,53,0,,88200,1
7245,A,800000,800000,2,48,0,,30339,1
7246,A,700000,700000,5,53,1,,6525,1
7247,A,700000,700000,1,52,1,,164333,1
7248,A,600000,600000,2,39,1,,28800,1
7249,A,700000,300000,7,48,1,,43287,1
7250,A,700000,300000,4,42,1,,16920,1
7251,A,800000,800000,2,42,1,,9435,1
7252,A,800000,300000,4,87,1,,4545,1
7253,A,700000,700000,2,37,1,,40532,1
7254,A,1000000,1000000,3,68,0,,37897,1
7255,A,1000000,300000,2,48,1,,13824,1
7256,A,600000,600000,2,26,1,,28701,1
7257,R,600000,600000,2,31,1,,74052,1
7258,R,800000,700000,2,36,1,,17243,1
7259,B,1300000,1300000,2,51,0,,102960,1
7260,A,700000,700000,4,77,1,,43923,1
7261,A,600000,300000,8,70,1,,459,1
7262,A,600000,600000,13,39,1,,20583,1
7263,A,800000,300000,4,57,1,,13860,1
7264,A,1300000,1300000,3,54,0,,58491,1
7265,A,700000,700000,2,59,0,,9500,1
7266,A,800000,800000,2,63,0,,25830,1
7267,A,1300000,1300000,2,41,0,,9635,1
7268,A,600000,300000,7,48,1,,21078,1
7269,A,800000,800000,2,46,1,,6824,1
7270,A,800000,800000,7,46,1,,25830,1
7271,A,800000,800000,4,47,1,,72297,1
7272,A,800000,300000,4,65,1,,2147,1
7273,A,1100000,1100000,1,55,0,,12960,1
7274,A,700000,700000,2,38,1,,30571,1
7275,A,700000,500000,4,68,1,,9018,1
7276,A,600000,600000,8,80,1,,876,1
7277,A,1200000,700000,5,62,1,,21690,1
7278,R,800000,800000,4,50,1,,10883,1
7279,A,800000,800000,2,63,1,,1080,1
7280,A,500000,500000,2,46,1,,11880,1
7281,A,1000000,1000000,3,39,0,,10694,1
7282,A,800000,300000,7,56,1,,23751,1
7283,A,800000,800000,1,59,1,,180000,1
7284,A,1000000,1000000,5,77,1,,111060,1
7285,A,1300000,1300000,4,70,1,,7524,1
7286,A,800000,300000,7,54,1,,22050,1
7287,A,800000,800000,3,40,0,,33619,1
7288,A,800000,800000,5,42,1,,14940,1
7289,A,600000,600000,2,37,0,,107100,1
7290,A,700000,300000,7,60,1,,11642,1
7291,A,800000,800000,2,52,0,,14355,1
7292,A,600000,600000,7,34,1,,32067,1
7293,A,1100000,300000,13,54,1,,56025,1
7294,A,800000,300000,7,37,1,,20430,1
7295,A,600000,600000,2,34,1,,35730,1
7296,A,800000,800000,2,34,1,,77652,1
7297,B,900000,700000,2,25,0,,15246,1
7298,A,700000,700000,5,70,0,,20939,1
7299,A,800000,800000,2,53,0,,13950,1
7300,A,800000,800000,2,36,0,,13752,1
7301,A,800000,800000,2,67,1,,22770,1
7302,A,500000,500000,4,61,1,,4491,1
7303,A,800000,800000,2,50,1,,5634,1
7304,A,800000,300000,4,37,1,,64720,1
7305,A,800000,300000,7,41,1,,29716,1
7306,A,800000,800000,2,45,1,,136710,1
7307,R,700000,700000,2,53,1,,50787,1
7308,A,700000,700000,2,39,1,,30780,1
7309,A,800000,300000,8,73,0,,27051,1
7310,A,700000,700000,2,32,1,,74198,1
7311,A,500000,500000,3,56,0,,42759,1
7312,A,800000,300000,7,51,1,,124830,1
7313,A,700000,300000,4,65,1,,30052,1
7314,A,700000,700000,2,37,1,,13179,1
7315,A,1000000,1000000,4,52,1,,4403,1
7316,A,800000,300000,7,61,1,,4473,1
7317,A,800000,800000,2,58,1,,136422,1
7318,A,1000000,500000,4,78,1,,7020,1
7319,A,800000,800000,1,64,1,,78210,1
7320,A,800000,800000,5,50,0,,9508,1
7321,A,800000,800000,3,45,1,,47176,1
7322,A,600000,600000,2,24,1,,11520,1
7323,A,800000,800000,2,36,0,,13544,1
7324,A,800000,800000,2,41,0,,135869,1
7325,A,700000,700000,2,31,1,,21794,1
7326,A,600000,600000,2,33,1,,50580,1
7327,A,700000,700000,5,62,1,,12960,1
7328,A,1300000,400000,4,74,1,,115202,1
7329,A,800000,800000,2,34,1,,88872,1
7330,A,400000,400000,7,44,1,,25984,1
7331,A,800000,800000,1,51,1,,8446,1
7332,A,800000,300000,7,52,1,,4500,1
7333,A,700000,700000,4,51,1,,67784,1
7334,A,1200000,1200000,2,61,0,,165330,1
7335,A,1200000,1200000,2,51,1,,46620,1
7336,A,600000,600000,13,43,1,,21573,1
7337,A,600000,600000,7,66,1,,31626,1
7338,A,1300000,1300000,3,62,1,,12465,1
7339,A,1300000,1200000,2,42,1,,57442,1
7340,A,1500000,1500000,2,33,1,,20682,1
7341,A,1000000,300000,7,50,1,,5049,1
7342,A,1000000,1000000,3,44,1,,179685,1
7343,A,700000,700000,4,69,1,,134235,1
7344,A,600000,300000,7,52,1,,62563,1
7345,A,800000,300000,4,74,1,,5040,1
7346,A,1200000,1200000,2,30,1,,81180,1
7347,A,1800000,1800000,2,37,0,,21090,1
7348,A,1300000,1300000,2,44,1,,47610,1
7349,A,800000,800000,3,47,0,,38700,1
7350,A,1500000,1500000,12,72,0,,21780,1
7351,A,800000,800000,2,32,0,,14850,1
7352,A,400000,400000,8,69,1,,14949,1
7353,A,800000,800000,2,39,0,,121671,1
7354,A,800000,800000,2,31,1,,61416,1
7355,A,700000,700000,2,42,1,,112860,1
7356,A,800000,800000,2,56,1,,36225,1
7357,A,500000,300000,13,54,1,,46244,1
7358,A,400000,400000,2,33,1,,38115,1
7359,A,800000,800000,2,32,1,,28006,1
7360,A,800000,800000,3,63,0,,5090,1
7361,A,700000,700000,2,35,0,,27810,1
7362,A,1300000,1300000,2,36,1,,122580,1
7363,A,800000,800000,3,46,1,,73708,1
7364,A,800000,800000,3,30,1,,10206,1
7365,A,700000,400000,7,59,1,,34977,1
7366,A,600000,600000,2,38,1,,13950,1
7367,A,800000,800000,2,33,0,,25740,1
7368,A,700000,700000,7,67,1,,18900,1
7369,A,500000,500000,2,36,1,,159210,1
7370,A,700000,700000,3,38,0,,75528,1
7371,A,700000,300000,7,53,1,,21133,1
7372,A,700000,300000,7,35,1,,161460,1
7373,A,700000,700000,2,37,1,,137055,1
7374,A,800000,800000,2,58,1,,103158,1
7375,A,800000,300000,2,41,1,,19917,1
7376,A,1000000,1000000,2,33,1,,45630,1
7377,A,600000,600000,2,34,0,,30780,1
7378,A,1300000,1300000,2,51,0,,34947,1
7379,A,800000,800000,8,71,1,,20880,1
7380,A,1000000,1000000,2,42,1,,19296,1
7381,A,800000,800000,2,38,1,,6282,1
7382,A,800000,800000,2,34,1,,8844,1
7383,A,1300000,300000,4,76,1,,21672,1
7384,A,700000,700000,2,29,1,,17415,1
7385,A,700000,700000,2,31,1,,180000,1
7386,A,1300000,1300000,2,29,0,,61470,1
7387,R,700000,700000,2,27,1,,6471,1
7388,A,800000,800000,4,62,1,,35730,1
7389,A,1300000,1300000,3,31,1,,44550,1
7390,A,1100000,1100000,2,33,1,,12015,1
7391,A,800000,800000,2,51,0,,18900,1
7392,A,1200000,1200000,7,51,1,,42660,1
7393,A,1200000,1200000,2,35,1,,23031,1
7394,A,800000,300000,4,57,1,,1178,1
7395,A,1300000,1300000,1,37,0,,39580,1
7396,A,800000,800000,2,53,0,,3600,1
7397,A,300000,300000,2,31,1,,63315,1
7398,A,700000,700000,2,35,0,,13455,1
7399,A,1000000,300000,4,71,1,,17651,1
7400,A,1000000,500000,7,52,1,,44145,1
7401,A,1000000,1000000,2,32,0,,60246,1
7402,A,800000,800000,7,67,1,,3114,1
7403,A,1200000,1200000,2,35,0,,180000,1
7404,A,800000,800000,5,39,1,,14917,1
7405,A,800000,800000,12,59,1,,88479,1
7406,A,800000,300000,12,30,0,,23401,1
7407,A,600000,300000,7,62,1,,30060,1
7408,A,700000,700000,7,68,1,,2708,1
7409,A,1200000,1200000,4,66,1,,40266,1
7410,A,800000,300000,4,54,1,,85280,1
7411,R,800000,800000,5,74,1,,40097,1
7412,A,500000,300000,5,38,1,,33731,1
7413,A,800000,800000,7,49,1,,38953,1
7414,A,800000,800000,2,39,0,,156948,1
7415,A,600000,600000,2,28,1,,22910,1
7416,A,700000,700000,2,35,1,,15840,1
7417,A,800000,800000,2,64,1,,119140,1
7418,A,1000000,1000000,2,50,0,,5133,1
7419,A,800000,800000,7,69,1,,22040,1
7420,A,800000,300000,5,57,1,,14445,1
7421,B,800000,800000,3,50,1,,94232,1
7422,A,800000,300000,5,34,1,,20720,1
7423,A,800000,800000,2,69,1,,62019,1
7424,A,800000,800000,2,34,0,,4541,1
7425,A,500000,500000,3,36,1,,45765,1
7426,A,800000,800000,2,31,1,,34344,1
7427,A,800000,800000,2,42,1,,58243,1
7428,A,800000,800000,2,26,0,,43393,1
7429,A,700000,700000,2,42,1,,49966,1
7430,A,400000,300000,7,44,1,,6427,1
7431,A,500000,300000,6,24,0,,28946,1
7432,A,500000,500000,2,29,1,,66330,1
7433,A,800000,800000,3,33,0,,93100,1
7434,A,700000,700000,2,24,0,,70380,1
7435,A,600000,600000,2,26,1,,8873,1
7436,A,800000,800000,2,31,1,,97318,1
7437,A,300000,300000,7,28,1,,30780,1
7438,A,600000,300000,6,24,1,,56430,1
7439,A,500000,500000,2,26,0,,94041,1
7440,A,800000,800000,10,55,1,,54897,1
7441,A,500000,300000,7,52,1,,49590,1
7442,A,800000,800000,2,34,0,,28424,1
7443,A,600000,600000,2,39,1,,69480,1
7444,A,800000,800000,2,30,1,,24930,1
7445,A,600000,600000,2,37,1,,128929,1
7446,A,500000,500000,12,34,1,,58500,1
7447,A,1300000,300000,4,53,1,,99387,1
7448,A,600000,600000,2,28,1,,83700,1
7449,A,800000,800000,2,43,0,,20880,1
7450,A,500000,500000,2,42,0,,41146,1
7451,A,600000,600000,2,27,1,,43670,1
7452,A,300000,300000,2,26,1,,4545,1
7453,A,800000,800000,2,31,1,,32760,1
7454,A,500000,500000,2,35,0,,13950,1
7455,A,800000,800000,2,53,0,,30780,1
7456,B,700000,700000,2,29,1,,171369,1
7457,A,800000,800000,2,39,0,,21276,1
7458,A,300000,300000,2,52,1,,1150,1
7459,B,800000,800000,2,29,0,,158400,1
7460,A,500000,500000,2,32,1,,15930,1
7461,A,800000,800000,2,36,0,,34564,1
7462,A,800000,800000,2,66,0,,57266,1
7463,A,700000,700000,2,31,1,,31680,1
7464,A,400000,400000,2,30,1,,46620,1
7465,A,800000,800000,2,42,1,,59400,1
7466,A,800000,800000,2,52,1,,13752,1
7467,A,800000,800000,2,30,1,,45622,1
7468,A,600000,600000,2,27,1,,180000,1
7469,A,600000,600000,2,30,0,,117900,1
7470,A,400000,300000,6,20,1,,180000,1
7471,A,700000,700000,2,44,0,,58500,1
7472,A,500000,300000,6,24,1,,149580,1
7473,A,500000,300000,6,23,1,,4941,1
7474,A,600000,600000,2,26,1,,34740,1
7475,A,200000,200000,7,28,1,,32642,1
7476,A,800000,800000,4,64,1,,53550,1
7477,A,800000,300000,11,31,0,,21078,1
7478,A,500000,500000,2,45,1,,78300,1
7479,A,500000,300000,6,23,0,,44937,1
7480,A,800000,800000,2,33,0,,83250,1
7481,A,600000,300000,5,45,1,,56026,1
7482,A,800000,800000,2,41,1,,3591,1
7483,A,200000,200000,6,22,0,,18603,1
7484,A,400000,400000,2,25,1,,37611,1
7485,A,800000,800000,3,48,0,,86662,1
7486,A,200000,200000,2,33,0,,7119,1
7487,A,800000,300000,7,53,1,,3806,1
7488,A,600000,600000,8,74,1,,128304,1
7489,A,800000,800000,8,70,0,,167,1
7490,A,800000,800000,2,55,0,,31770,1
7491,A,700000,300000,7,62,1,,131760,1
7492,A,800000,800000,2,46,0,,35820,1
7493,A,800000,800000,2,54,0,,79200,1
7494,A,1100000,1100000,3,30,1,,42075,1
7495,A,800000,800000,4,46,1,,3150,1
7496,A,200000,200000,2,29,1,,21177,1
7497,R,800000,800000,3,50,1,,40963,1
7498,A,500000,500000,12,34,1,,14940,1
7499,A,700000,700000,2,33,1,,31905,1
7500,A,500000,500000,2,28,1,,72657,1
7501,R,600000,600000,2,28,1,,41783,1
7502,A,700000,700000,2,33,1,,22263,1
7503,A,600000,300000,11,31,1,,180000,1
7504,A,600000,600000,2,26,1,,27018,1
7505,A,200000,200000,7,49,1,,168795,1
7506,A,800000,300000,8,77,1,,3869,1
7507,B,800000,800000,3,34,0,,59565,1
7508,A,1300000,300000,4,54,1,,140908,1
7509,A,800000,300000,2,37,1,,133,1
7510,A,800000,800000,3,47,1,,77805,1
7511,A,800000,800000,2,27,1,,45405,1
7512,A,800000,400000,2,46,1,,27265,1
7513,A,600000,600000,2,35,1,,8802,1
7514,A,1100000,1100000,2,39,0,,51570,1
7515,A,1300000,1300000,10,60,0,,32364,1
7516,A,800000,300000,7,42,1,,3112,1
7517,A,500000,500000,2,30,0,,71370,1
7518,A,500000,300000,4,45,1,,30330,1
7519,A,800000,800000,2,32,1,,67185,1
7520,A,1100000,1100000,2,25,1,,4491,1
7521,A,800000,800000,2,36,1,,7317,1
7522,A,1300000,1300000,2,55,1,,20889,1
7523,A,1000000,1000000,2,30,0,,9990,1
7524,A,500000,500000,2,32,1,,74340,1
7525,A,800000,800000,3,70,1,,18900,1
7526,A,1200000,1200000,2,43,0,,34740,1
7527,A,800000,800000,2,64,1,,11624,1
7528,A,700000,0,6,27,1,,21870,1
7529,A,800000,300000,4,49,1,,10391,1
7530,A,1000000,1000000,2,29,1,,46629,1
7531,A,1200000,1200000,2,31,1,,23780,1
7532,A,700000,300000,7,52,1,,42718,1
7533,A,1000000,1000000,2,26,0,,123840,1
7534,A,1300000,1300000,4,54,1,,8697,1
7535,A,500000,300000,7,47,1,,19668,1
7536,A,1300000,1300000,4,69,1,,21780,1
7537,A,700000,300000,6,26,0,,17598,1
7538,A,700000,400000,2,52,1,,12875,1
7539,A,1200000,1200000,4,54,1,,5426,1
7540,A,800000,300000,4,67,1,,18801,1
7541,A,800000,800000,13,53,0,,19998,1
7542,A,600000,600000,8,81,1,,179,1
7543,A,200000,200000,6,22,0,,12771,1
7544,A,300000,300000,6,22,1,,5993,1
7545,A,800000,800000,2,49,1,,2828,1
7546,A,700000,700000,3,30,1,,22482,1
7547,A,1200000,1200000,4,71,1,,34495,1
7548,B,800000,800000,2,59,0,,27810,1
7549,A,700000,300000,4,50,1,,53757,1
7550,A,200000,200000,12,53,1,,18449,1
7551,R,800000,300000,4,66,1,,12672,1
7552,A,700000,700000,8,81,0,,94846,1
7553,A,300000,0,8,84,1,,96849,1
7554,A,800000,400000,7,45,1,,26547,1
7555,A,500000,300000,6,23,1,,8506,1
7556,A,800000,800000,2,40,1,,5941,1
7557,A,500000,500000,7,52,1,,495,1
7558,A,1000000,1000000,2,58,0,,7686,1
7559,A,400000,400000,2,51,1,,27802,1
7560,A,800000,800000,2,55,1,,19350,1
7561,A,200000,200000,6,21,1,,4050,1
7562,A,800000,800000,2,42,1,,109753,1
7563,A,600000,300000,8,78,1,,2835,1
7564,A,600000,600000,2,28,1,,9990,1
7565,A,500000,500000,2,26,1,,9990,1
7566,R,200000,200000,2,33,0,,58410,1
7567,A,700000,300000,7,58,1,,4676,1
7568,R,1300000,1300000,2,54,1,,95274,1
7569,A,1300000,800000,7,56,1,,105878,1
7570,A,200000,200000,2,29,1,,10692,1
7571,A,800000,800000,2,31,0,,88911,1
7572,A,800000,300000,7,57,1,,53799,1
7573,A,800000,800000,2,53,1,,37143,1
7574,A,800000,500000,3,40,1,,35334,1
7575,A,800000,800000,2,34,1,,22820,1
7576,A,400000,300000,6,24,1,,69885,1
7577,A,200000,200000,2,27,1,,15435,1
7578,A,600000,600000,1,37,1,,5813,1
7579,A,800000,800000,2,32,1,,13851,1
7580,A,800000,800000,10,32,0,,7065,1
7581,A,400000,300000,6,23,0,,32490,1
7582,A,300000,300000,6,25,1,,12114,1
7583,A,1000000,1000000,5,45,1,,42946,1
7584,A,800000,300000,6,37,1,,26325,1
7585,A,600000,600000,2,27,0,,73800,1
7586,A,600000,600000,3,28,0,,48968,1
7587,A,800000,800000,2,58,0,,34628,1
7588,A,700000,700000,2,29,0,,109243,1
7589,A,800000,800000,2,53,1,,38502,1
7590,A,800000,800000,2,31,0,,61655,1
7591,A,200000,200000,6,24,1,,21870,1
7592,A,200000,200000,1,44,1,,27265,1
7593,A,800000,800000,2,28,1,,0,1
7594,A,600000,600000,2,25,1,,7623,1
7595,A,600000,600000,3,27,0,,16722,1
7596,A,700000,700000,2,34,0,,53550,1
7597,A,800000,800000,3,36,1,,27265,1
7598,A,600000,600000,2,27,1,,16830,1
7599,A,600000,300000,6,23,0,,4066,1
7600,A,800000,800000,4,64,1,,180000,1
7601,A,600000,500000,2,27,1,,30780,1
7602,A,800000,800000,2,31,1,,61668,1
7603,A,700000,700000,2,53,1,,18450,1
7604,A,500000,300000,6,23,0,,16920,1
7605,A,800000,800000,2,25,0,,45630,1
7606,A,800000,800000,5,44,1,,38007,1
7607,A,800000,800000,4,49,1,,16128,1
7608,A,800000,800000,5,63,0,,13464,1
7609,A,200000,200000,6,19,1,,8910,1
7610,A,200000,200000,6,23,1,,28404,1
7611,A,800000,300000,4,68,1,,7722,1
7612,A,700000,700000,2,31,1,,14040,1
7613,A,800000,800000,2,41,0,,14940,1
7614,A,700000,700000,3,27,1,,3833,1
7615,A,800000,800000,3,43,0,,5931,1
7616,A,800000,800000,2,37,0,,37620,1
7617,A,800000,800000,2,36,1,,12975,1
7618,A,400000,300000,4,38,1,,14697,1
7619,A,700000,300000,7,81,1,,56430,1
7620,A,700000,300000,4,67,1,,28800,1
7621,A,600000,300000,6,24,1,,95077,1
7622,A,800000,800000,2,53,1,,90258,1
7623,A,300000,300000,2,26,1,,10980,1
7624,A,700000,700000,2,27,0,,12825,1
7625,A,800000,800000,3,62,1,,53460,1
7626,A,700000,700000,2,34,0,,106110,1
7627,A,500000,500000,2,35,1,,27810,1
7628,A,700000,700000,2,54,1,,129285,1
7629,A,800000,800000,4,53,1,,6237,1
7630,A,400000,400000,7,26,1,,85266,1
7631,A,600000,600000,2,55,1,,17906,1
7632,A,800000,800000,2,30,1,,15138,1
7633,A,800000,300000,8,72,1,,32497,1
7634,A,800000,300000,7,54,1,,6298,1
7635,A,600000,600000,2,26,1,,20295,1
7636,A,800000,800000,2,32,1,,12573,1
7637,A,200000,200000,6,21,0,,21897,1
7638,A,700000,700000,1,47,0,,53550,1
7639,A,1100000,900000,2,23,1,,6228,1
7640,A,700000,700000,7,60,1,,20849,1
7641,A,500000,500000,2,25,1,,50118,1
7642,A,200000,200000,6,22,1,,20583,1
7643,A,500000,500000,2,27,1,,41973,1
7644,A,600000,600000,4,60,1,,20880,1
7645,A,700000,300000,7,37,1,,49629,1
7646,A,600000,600000,2,27,1,,26351,1
7647,A,800000,800000,4,55,1,,16128,1
7648,A,200000,200000,6,23,1,,17966,1
7649,A,700000,300000,4,53,1,,27067,1
7650,A,700000,700000,3,26,1,,33394,1
7651,A,700000,300000,7,45,1,,4264,1
7652,A,700000,500000,12,39,1,,25227,1
7653,A,700000,200000,6,22,1,,6138,1
7654,A,800000,800000,5,34,0,,21573,1
7655,A,800000,300000,4,54,1,,42642,1
7656,A,600000,600000,2,47,1,,149733,1
7657,A,700000,700000,2,25,1,,12762,1
7658,A,800000,800000,2,56,1,,141210,1
7659,A,800000,800000,2,55,1,,180000,1
7660,A,400000,300000,6,24,1,,28008,1
7661,A,800000,800000,1,62,1,,19575,1
7662,B,200000,200000,6,21,0,,19810,1
7663,A,800000,800000,3,29,1,,162855,1
7664,A,700000,200000,6,22,1,,3168,1
7665,A,800000,800000,2,49,0,,28800,1
7666,A,800000,800000,4,52,1,,38700,1
7667,A,200000,200000,2,21,1,,32751,1
7668,A,700000,700000,2,47,0,,140016,1
7669,A,1300000,1300000,2,31,1,,16821,1
7670,A,700000,400000,7,44,1,,30492,1
7671,A,200000,200000,3,23,1,,22995,1
7672,A,600000,600000,4,62,1,,27149,1
7673,A,700000,700000,8,83,0,,3235,1
7674,A,600000,600000,2,50,1,,17077,1
7675,A,700000,700000,2,49,1,,11997,1
7676,A,600000,300000,8,81,0,,7258,1
7677,A,800000,300000,7,65,1,,44622,1
7678,A,800000,800000,8,76,1,,7462,1
7679,A,600000,300000,5,29,1,,19371,1
7680,A,800000,800000,1,63,1,,16083,1
7681,A,800000,800000,1,63,1,,16083,1
7682,A,800000,300000,7,55,1,,19520,1
7683,A,1800000,1000000,2,69,1,,9702,1
7684,A,700000,300000,7,39,1,,24372,1
7685,A,1200000,1200000,4,56,1,,13238,1
7686,A,600000,300000,7,51,1,,17445,1
7687,A,800000,800000,4,72,1,,13752,1
7688,A,600000,300000,4,65,1,,5364,1
7689,A,700000,300000,4,72,1,,3600,1
7690,A,800000,800000,2,64,0,,2697,1
7691,A,1300000,1000000,3,60,1,,10946,1
7692,A,500000,500000,4,85,1,,14742,1
7693,A,500000,300000,8,80,1,,11178,1
7694,A,200000,200000,8,84,1,,14346,1
7695,A,700000,700000,2,51,1,,63695,1
7696,A,600000,600000,2,29,1,,8230,1
7697,A,800000,800000,2,62,0,,6219,1
7698,A,700000,600000,7,54,1,,15165,1
7699,A,600000,600000,7,55,1,,6030,1
7700,A,1300000,1300000,2,28,0,,2717,1
7701,A,500000,300000,4,62,1,,53460,1
7702,A,800000,300000,7,33,1,,40769,1
7703,A,800000,800000,2,42,1,,5900,1
7704,A,600000,600000,2,29,0,,13239,1
7705,A,800000,800000,4,59,1,,19621,1
7706,B,800000,800000,4,71,1,,8522,1
7707,A,800000,800000,4,76,1,,2682,1
7708,A,600000,600000,1,63,0,,27864,1
7709,A,800000,800000,2,46,0,,13696,1
7710,A,500000,500000,3,28,1,,49788,1
7711,A,200000,200000,2,26,1,,21317,1
7712,B,200000,200000,6,22,1,,19791,1
7713,A,800000,800000,2,30,1,,0,1
7714,B,800000,800000,2,51,0,,59400,1
7715,A,700000,700000,4,56,1,,55440,1
7716,A,1300000,1300000,2,48,1,,54540,1
7717,A,800000,800000,7,66,1,,74547,1
7718,A,600000,300000,4,44,1,,151835,1
7719,A,700000,700000,2,27,0,,54450,1
7720,A,500000,500000,5,33,1,,63450,1
7721,A,1800000,1100000,2,33,1,,30780,1
7722,A,700000,700000,2,36,0,,82863,1
7723,A,700000,700000,2,50,1,,59400,1
7724,A,1200000,1200000,2,50,0,,91641,1
7725,A,500000,500000,2,26,1,,66613,1
7726,A,500000,500000,2,26,1,,66613,1
7727,A,400000,400000,2,31,1,,41049,1
7728,A,400000,400000,2,43,0,,16287,1
7729,A,800000,300000,6,26,0,,96384,1
7730,A,700000,700000,4,51,1,,25830,1
7731,A,800000,800000,5,37,1,,93735,1
7732,A,600000,300000,5,44,1,,18900,1
7733,A,600000,600000,1,60,1,,32760,1
7734,R,500000,500000,2,28,1,,36630,1
7735,A,500000,500000,2,29,1,,45259,1
7736,A,600000,600000,2,34,0,,52560,1
7737,A,1300000,1300000,2,54,0,,53154,1
7738,A,600000,600000,2,42,1,,134937,1
7739,A,800000,800000,2,43,0,,43650,1
7740,A,700000,700000,2,52,1,,18810,1
7741,A,600000,600000,2,39,0,,139719,1
7742,A,800000,800000,12,70,1,,70930,1
7743,A,600000,600000,10,54,1,,180000,1
7744,A,600000,300000,7,54,1,,9990,1
7745,A,700000,300000,6,24,0,,12456,1
7746,A,600000,600000,2,35,0,,168300,1
7747,A,800000,800000,2,31,1,,147105,1
7748,A,800000,800000,2,37,1,,15534,1
7749,A,600000,600000,2,26,1,,57870,1
7750,A,700000,700000,1,55,0,,146934,1
7751,A,700000,700000,1,45,0,,65340,1
7752,A,800000,800000,2,38,1,,42660,1
7753,A,800000,800000,2,51,0,,157500,1
7754,A,600000,600000,2,34,1,,88200,1
7755,A,800000,300000,4,62,1,,32786,1
7756,A,300000,300000,2,45,1,,14850,1
7757,A,200000,200000,6,21,1,,23301,1
7758,A,700000,700000,2,37,0,,41670,1
7759,A,1000000,1000000,2,45,0,,77112,1
7760,A,500000,500000,5,35,1,,20178,1
7761,A,100000,0,7,24,1,,3960,1
7762,A,600000,600000,2,38,1,,46710,1
7763,A,800000,300000,7,63,1,,26325,1
7764,A,600000,600000,5,51,1,,180000,1
7765,A,800000,800000,4,62,1,,63410,1
7766,A,500000,500000,2,32,1,,108090,1
7767,A,700000,700000,1,53,1,,51273,1
7768,A,800000,800000,2,56,1,,48600,1
7769,A,200000,200000,7,54,1,,178695,1
7770,A,600000,600000,7,55,1,,32760,1
7771,A,600000,600000,2,25,1,,23081,1
7772,A,800000,800000,2,47,0,,65340,1
7773,A,800000,300000,7,62,1,,59188,1
7774,A,800000,800000,3,39,0,,98100,1
7775,A,800000,800000,2,57,1,,115330,1
7776,A,500000,500000,2,25,0,,21800,1
7777,A,800000,800000,2,42,1,,106961,1
7778,A,500000,500000,2,27,0,,39701,1
7779,A,800000,800000,8,72,1,,67410,1
7780,A,800000,800000,2,46,0,,42660,1
7781,A,800000,800000,2,30,0,,49649,1
7782,A,200000,200000,2,27,0,,147510,1
7783,A,500000,500000,2,34,0,,60390,1
7784,A,800000,800000,1,63,1,,153710,1
7785,A,600000,300000,4,56,1,,39244,1
7786,A,1500000,1500000,2,26,0,,51570,1
7787,A,500000,500000,2,24,1,,12510,1
7788,A,800000,300000,7,61,1,,21186,1
7789,A,700000,700000,8,64,0,,108000,1
7790,A,800000,600000,7,60,1,,180000,1
7791,A,600000,600000,7,53,1,,40887,1
7792,A,600000,600000,2,55,1,,41670,1
7793,A,500000,300000,6,23,0,,0,1
7794,A,600000,600000,2,28,1,,75600,1
7795,A,800000,800000,2,50,0,,32562,1
7796,A,500000,500000,2,27,1,,30384,1
7797,A,600000,600000,2,39,0,,14850,1
7798,A,700000,700000,2,28,1,,34691,1
7799,R,400000,400000,2,27,0,,71280,1
7800,A,800000,800000,2,48,1,,73350,1
7801,A,800000,800000,2,49,1,,35585,1
7802,A,600000,600000,2,26,0,,33651,1
7803,A,800000,800000,2,45,0,,62370,1
7804,A,800000,300000,4,53,1,,31977,1
7805,A,800000,300000,4,59,1,,2916,1
7806,A,800000,800000,2,39,1,,65599,1
7807,A,600000,300000,7,38,1,,143145,1
7808,A,500000,300000,4,49,1,,31680,1
7809,A,1200000,600000,12,43,1,,92250,1
7810,A,1300000,1300000,2,51,1,,207715,1
7811,B,800000,800000,2,31,0,,72567,1
7812,A,800000,800000,2,28,1,,113751,1
7813,A,500000,300000,11,21,0,,29691,1
7814,A,800000,800000,2,45,0,,25830,1
7815,A,800000,800000,2,29,0,,16398,1
7816,A,700000,700000,2,32,0,,73240,1
7817,A,200000,200000,6,23,0,,7911,1
7818,A,800000,800000,12,62,1,,19296,1
7819,A,800000,800000,2,45,0,,15930,1
7820,A,700000,700000,2,39,1,,107010,1
7821,A,1300000,1300000,3,31,0,,13455,1
7822,A,200000,200000,6,21,0,,63450,1
7823,A,800000,800000,2,47,1,,187110,1
7824,B,200000,200000,2,41,0,,110880,1
7825,A,800000,300000,7,28,1,,51570,1
7826,A,300000,300000,6,20,0,,25830,1
7827,A,700000,300000,6,24,1,,46793,1
7828,A,300000,300000,6,20,0,,21108,1
7829,A,800000,800000,2,34,0,,49950,1
7830,A,600000,600000,2,25,1,,30935,1
7831,A,1200000,1200000,2,33,0,,16546,1
7832,A,500000,500000,2,60,1,,19791,1
7833,A,1300000,1300000,3,25,1,,88526,1
7834,A,200000,200000,2,26,0,,12299,1
7835,A,800000,800000,2,47,0,,57450,1
7836,A,700000,700000,4,57,1,,7758,1
7837,A,800000,800000,2,29,1,,5634,1
7838,A,700000,700000,2,27,1,,38425,1
7839,A,800000,800000,2,58,1,,9900,1
7840,A,700000,700000,2,25,1,,18801,1
7841,A,1000000,1000000,2,28,1,,12870,1
7842,A,500000,300000,6,23,1,,32104,1
7843,A,800000,800000,2,52,1,,9457,1
7844,A,200000,200000,2,23,0,,18000,1
7845,A,800000,500000,8,76,1,,9029,1
7846,A,800000,300000,7,60,1,,49896,1
7847,A,1300000,1300000,2,43,0,,28008,1
7848,A,800000,800000,2,31,0,,56520,1
7849,A,1100000,1100000,2,27,0,,17235,1
7850,A,500000,300000,2,24,1,,53113,1
7851,B,700000,700000,2,37,0,,12870,1
7852,A,800000,800000,2,42,1,,25651,1
7853,A,800000,800000,2,49,0,,15709,1
7854,A,800000,800000,4,52,1,,16506,1
7855,A,800000,300000,7,57,1,,4518,1
7856,A,500000,300000,2,23,1,,9126,1
7857,A,800000,300000,7,51,1,,13792,1
7858,A,1300000,1300000,2,57,0,,104289,1
7859,A,800000,300000,6,23,1,,10793,1
7860,A,1000000,1000000,2,26,1,,31986,1
7861,A,1300000,300000,5,69,1,,43425,1
7862,A,800000,800000,2,42,1,,35690,1
7863,A,800000,800000,12,53,1,,11511,1
7864,R,1100000,300000,2,25,1,,24871,1
7865,A,800000,800000,2,70,1,,16920,1
7866,A,600000,600000,2,39,1,,48510,1
7867,A,800000,800000,2,53,0,,215681,1
7868,A,800000,300000,4,68,1,,30512,1
7869,A,700000,200000,6,21,0,,57570,1
7870,A,700000,300000,7,59,1,,31572,1
7871,A,800000,800000,2,53,1,,20772,1
7872,A,800000,800000,2,42,1,,5445,1
7873,A,800000,800000,2,34,1,,5415,1
7874,A,500000,500000,2,35,0,,47120,1
7875,A,600000,600000,2,27,1,,59861,1
7876,A,600000,600000,2,33,1,,8037,1
7877,A,1000000,1000000,2,28,1,,56124,1
7878,A,200000,200000,6,21,1,,14580,1
7879,A,600000,600000,2,27,1,,12375,1
7880,A,200000,200000,6,23,1,,26727,1
7881,A,800000,800000,2,36,1,,53046,1
7882,A,800000,800000,4,34,1,,13950,1
7883,A,800000,800000,2,49,1,,27225,1
7884,A,700000,700000,2,30,1,,11875,1
7885,A,400000,400000,2,32,1,,47610,1
7886,A,800000,800000,2,50,1,,11070,1
7887,A,700000,300000,5,42,1,,22662,1
7888,A,800000,800000,2,43,0,,138600,1
7889,A,800000,800000,1,52,1,,134710,1
7890,A,800000,800000,13,64,1,,31639,1
7891,A,800000,800000,2,34,1,,41670,1
7892,A,800000,500000,8,67,1,,18810,1
7893,B,700000,700000,2,35,1,,50075,1
7894,A,700000,700000,2,30,1,,48105,1
7895,A,500000,300000,7,43,1,,30426,1
7896,A,700000,700000,2,31,1,,53231,1
7897,R,800000,800000,2,48,1,,57420,1
7898,A,800000,800000,4,57,1,,22860,1
7899,A,800000,300000,12,59,1,,14058,1
7900,B,700000,700000,2,43,1,,11682,1
7901,A,1100000,1100000,2,32,1,,63180,1
7902,A,600000,600000,2,24,1,,5940,1
7903,A,800000,800000,1,39,0,,6228,1
7904,A,700000,300000,6,23,1,,28602,1
7905,A,800000,800000,2,33,1,,15930,1
7906,A,800000,800000,2,32,1,,18810,1
7907,A,800000,300000,4,42,1,,108366,1
7908,A,800000,800000,2,31,1,,56921,1
7909,A,700000,300000,6,23,1,,9644,1
7910,A,800000,800000,5,50,1,,180000,1
7911,A,600000,300000,6,23,1,,13301,1
7912,A,700000,700000,2,27,1,,21890,1
7913,A,700000,700000,2,30,1,,5760,1
7914,A,800000,800000,2,39,0,,44375,1
7915,A,800000,800000,2,31,1,,33750,1
7916,A,800000,800000,2,62,1,,14679,1
7917,A,700000,700000,2,29,1,,4479,1
7918,A,800000,800000,2,49,1,,57029,1
7919,A,700000,700000,7,61,1,,62370,1
7920,A,800000,800000,2,34,1,,19148,1
7921,A,600000,600000,2,25,0,,8271,1
7922,A,800000,800000,2,39,1,,39818,1
7923,A,600000,600000,2,48,0,,94050,1
7924,B,800000,800000,2,53,1,,194040,1
7925,B,600000,600000,8,88,0,,26622,1
7926,A,700000,700000,2,33,1,,29295,1
7927,A,500000,500000,2,32,1,,11264,1
7928,A,800000,800000,1,67,0,,25550,1
7929,A,800000,800000,2,42,1,,61470,1
7930,A,1100000,1100000,2,30,1,,1476,1
7931,A,1300000,1300000,2,33,1,,19311,1
7932,A,800000,800000,2,32,1,,44190,1
7933,A,1000000,1000000,4,56,1,,50283,1
7934,A,800000,800000,2,45,0,,146565,1
7935,A,300000,300000,2,30,1,,24795,1
7936,A,500000,500000,2,31,1,,70009,1
7937,A,500000,300000,6,22,0,,22860,1
7938,A,800000,800000,2,36,1,,20772,1
7939,A,1100000,300000,6,24,1,,4833,1
7940,A,600000,600000,2,31,1,,774,1
7941,A,1100000,1100000,12,39,1,,53550,1
7942,A,800000,800000,2,33,1,,81837,1
7943,R,600000,600000,3,29,0,,55242,1
7944,A,800000,800000,2,43,1,,15930,1
7945,A,600000,600000,1,44,1,,6057,1
7946,A,700000,700000,2,33,1,,34728,1
7947,A,1200000,1200000,2,43,1,,17910,1
7948,A,700000,700000,2,31,1,,54540,1
7949,A,500000,500000,2,54,1,,22860,1
7950,A,700000,300000,2,33,1,,47808,1
7951,A,1200000,1200000,4,42,1,,35730,1
7952,A,800000,800000,2,49,1,,11673,1
7953,A,700000,700000,2,34,1,,21870,1
7954,A,600000,300000,7,39,1,,62370,1
7955,A,1200000,1200000,2,39,1,,94275,1
7956,A,600000,600000,2,46,1,,9528,1
7957,A,800000,800000,2,31,1,,6774,1
7958,A,700000,700000,2,27,1,,27558,1
7959,A,700000,700000,2,26,1,,16643,1
7960,A,300000,300000,7,38,1,,5940,1
7961,A,800000,800000,2,46,1,,10366,1
7962,B,700000,700000,2,28,1,,16050,1
7963,A,800000,800000,2,38,0,,5152,1
7964,A,600000,600000,7,37,0,,21510,1
7965,A,800000,800000,2,27,1,,9000,1
7966,A,600000,600000,2,32,1,,6665,1
7967,A,800000,800000,3,54,1,,19899,1
7968,A,400000,400000,2,28,1,,15840,1
7969,A,800000,800000,2,45,1,,31445,1
7970,A,300000,300000,6,23,1,,40086,1
7971,A,800000,800000,1,57,0,,108880,1
7972,A,800000,800000,3,54,1,,42177,1
7973,A,700000,300000,6,23,1,,7524,1
7974,A,800000,800000,3,50,1,,38808,1
7975,A,500000,500000,2,37,1,,30789,1
7976,A,500000,500000,4,51,1,,19896,1
7977,A,600000,300000,7,26,1,,18174,1
7978,A,600000,600000,4,43,1,,41174,1
7979,A,1500000,700000,6,23,1,,43506,1
7980,A,600000,600000,4,51,1,,37715,1
7981,A,700000,700000,2,30,1,,11970,1
7982,A,700000,300000,5,31,1,,36720,1
7983,A,200000,200000,6,21,1,,16524,1
7984,A,500000,500000,2,26,1,,91129,1
7985,A,600000,300000,7,39,1,,52164,1
7986,A,500000,300000,7,60,1,,5526,1
7987,A,800000,300000,4,41,1,,74340,1
7988,A,600000,300000,5,63,1,,6228,1
7989,A,500000,300000,2,27,1,,14768,1
7990,A,500000,500000,4,33,1,,20488,1
7991,A,600000,300000,7,38,1,,49673,1
7992,A,700000,700000,1,63,1,,16929,1
7993,A,200000,200000,2,23,1,,6471,1
7994,A,1000000,1000000,4,69,1,,8887,1
7995,A,200000,200000,6,22,1,,12836,1
7996,A,200000,200000,6,22,0,,12510,1
7997,A,800000,800000,10,33,1,,26999,1
7998,A,700000,200000,6,24,1,,22052,1
7999,A,600000,300000,6,22,1,,6921,1
8000,A,600000,300000,6,24,1,,50685,1
8001,A,400000,400000,2,26,1,,52188,1
8002,A,800000,800000,2,35,0,,26820,1
8003,A,300000,300000,6,21,0,,6129,1
8004,A,1100000,300000,7,58,1,,4446,1
8005,A,700000,200000,6,21,1,,15926,1
8006,A,600000,600000,2,36,0,,12960,1
8007,A,200000,200000,6,21,1,,19800,1
8008,A,500000,300000,2,27,0,,39951,1
8009,A,600000,600000,12,32,1,,16741,1
8010,A,1000000,600000,2,43,1,,71310,1
8011,A,700000,700000,4,39,1,,24195,1
8012,A,600000,600000,2,25,1,,3258,1
8013,A,500000,400000,2,48,1,,38960,1
8014,A,800000,800000,2,34,0,,24255,1
8015,A,700000,700000,2,27,1,,37710,1
8016,A,800000,700000,7,58,1,,13005,1
8017,A,700000,700000,2,59,1,,19692,1
8018,A,400000,300000,6,22,1,,5274,1
8019,A,800000,800000,3,63,1,,7088,1
8020,A,1200000,1200000,2,41,0,,69165,1
8021,A,1000000,1000000,2,41,0,,180000,1
8022,B,700000,300000,6,27,1,,7119,1
8023,A,800000,500000,7,45,1,,22860,1
8024,A,600000,600000,2,62,1,,3987,1
8025,A,1000000,1000000,3,25,1,,17243,1
8026,A,800000,800000,2,35,1,,8019,1
8027,A,800000,300000,7,48,1,,26820,1
8028,A,200000,200000,6,22,1,,19143,1
8029,A,600000,600000,1,30,0,,180000,1
8030,A,800000,800000,2,30,1,,37285,1
8031,A,800000,800000,2,47,0,,37710,1
8032,A,800000,800000,2,61,1,,99508,1
8033,A,200000,200000,11,23,1,,15633,1
8034,A,500000,300000,4,50,1,,7146,1
8035,A,700000,500000,2,30,1,,27500,1
8036,R,700000,700000,2,37,0,,74547,1
8037,A,500000,400000,7,33,1,,16990,1
8038,A,700000,200000,7,20,1,,10056,1
8039,A,800000,800000,2,31,0,,5778,1
8040,A,700000,300000,7,39,1,,47198,1
8041,A,700000,300000,7,53,1,,35676,1
8042,A,700000,700000,4,70,1,,32760,1
8043,A,500000,500000,2,42,1,,67752,1
8044,A,800000,300000,4,55,1,,137056,1
8045,A,800000,300000,7,51,1,,137700,1
8046,A,700000,300000,7,54,1,,26736,1
8047,A,800000,800000,3,56,1,,62865,1
8048,A,400000,400000,2,45,1,,49194,1
8049,A,500000,300000,2,23,1,,33963,1
8050,A,800000,800000,2,58,0,,39789,1
8051,A,500000,500000,2,28,1,,3060,1
8052,A,1200000,1200000,1,46,1,,65430,1
8053,A,700000,300000,7,70,1,,20970,1
8054,A,700000,700000,2,43,0,,136890,1
8055,A,800000,800000,2,47,1,,21138,1
8056,A,800000,400000,2,53,1,,16326,1
8057,A,800000,800000,2,41,1,,27914,1
8058,A,700000,700000,2,26,0,,20583,1
8059,A,1300000,1300000,1,56,0,,14517,1
8060,A,800000,800000,3,27,1,,14895,1
8061,A,800000,800000,2,36,1,,11640,1
8062,A,800000,800000,2,36,1,,178092,1
8063,A,200000,200000,2,26,1,,8982,1
8064,A,800000,300000,7,58,1,,9679,1
8065,A,700000,700000,2,25,1,,2754,1
8066,A,200000,200000,13,59,1,,17091,1
8067,A,500000,300000,7,24,1,,3218,1
8068,A,700000,300000,7,40,1,,73152,1
8069,A,200000,200000,6,20,1,,21978,1
8070,A,800000,300000,7,57,1,,13185,1
8071,A,800000,800000,5,41,0,,8028,1
8072,A,700000,200000,6,22,1,,9405,1
8073,A,400000,300000,6,23,1,,6030,1
8074,A,200000,200000,6,21,1,,13641,1
8075,A,700000,700000,4,38,1,,4266,1
8076,A,1300000,1300000,2,37,1,,180000,1
8077,A,800000,300000,7,66,1,,34740,1
8078,A,500000,300000,7,46,1,,62668,1
8079,A,800000,800000,2,31,1,,36522,1
8080,A,800000,800000,2,50,1,,33750,1
8081,A,600000,600000,5,56,1,,62361,1
8082,A,800000,800000,5,36,1,,5700,1
8083,A,800000,600000,7,71,1,,14621,1
8084,A,800000,800000,5,65,0,,86220,1
8085,A,600000,300000,7,50,1,,37716,1
8086,A,500000,500000,2,37,1,,43895,1
8087,A,1100000,300000,7,28,1,,18908,1
8088,A,700000,700000,2,30,1,,12663,1
8089,A,200000,200000,6,24,1,,2708,1
8090,A,800000,300000,4,73,1,,2613,1
8091,A,200000,200000,12,26,1,,11430,1
8092,A,800000,300000,7,58,1,,28305,1
8093,A,700000,700000,2,30,1,,10727,1
8094,A,700000,700000,2,62,1,,17820,1
8095,A,500000,500000,5,31,1,,13671,1
8096,A,700000,200000,6,22,1,,3248,1
8097,A,800000,800000,2,40,1,,3230,1
8098,A,500000,500000,2,49,1,,70112,1
8099,A,400000,400000,2,26,1,,13464,1
8100,A,200000,200000,6,22,1,,23932,1
8101,A,800000,800000,2,26,1,,48150,1
8102,A,600000,600000,3,23,0,,15435,1
8103,A,600000,300000,7,40,1,,28440,1
8104,A,700000,300000,7,54,1,,18873,1
8105,A,500000,500000,2,27,0,,45630,1
8106,A,800000,800000,2,32,0,,180000,1
8107,A,800000,800000,2,33,1,,17613,1
8108,A,400000,400000,2,32,1,,12519,1
8109,A,700000,700000,4,53,1,,49590,1
8110,A,800000,300000,5,44,1,,89586,1
8111,A,1300000,1300000,5,50,0,,14893,1
8112,A,600000,300000,1,35,1,,40086,1
8113,A,600000,600000,7,29,1,,25589,1
8114,A,1300000,1300000,2,35,1,,36720,1
8115,A,700000,700000,2,29,1,,7911,1
8116,A,600000,600000,2,30,1,,20934,1
8117,A,300000,300000,6,24,1,,9436,1
8118,B,200000,200000,6,22,1,,39383,1
8119,A,600000,600000,3,32,1,,17415,1
8120,A,700000,700000,4,65,1,,26249,1
8121,A,500000,300000,6,22,1,,28677,1
8122,A,800000,800000,2,31,0,,41274,1
8123,B,300000,300000,2,57,1,,41229,1
8124,A,700000,700000,2,26,1,,8585,1
8125,A,600000,600000,2,33,1,,33750,1
8126,A,500000,0,7,48,1,,65084,1
8127,A,700000,700000,3,26,1,,11349,1
8128,A,600000,600000,2,24,1,,17503,1
8129,A,800000,800000,2,41,1,,138195,1
8130,A,800000,800000,2,47,0,,4347,1
8131,A,600000,600000,2,39,1,,171369,1
8132,A,200000,200000,6,22,1,,6131,1
8133,A,500000,300000,6,22,1,,99484,1
8134,A,600000,400000,7,53,1,,9504,1
8135,A,500000,500000,7,64,1,,12177,1
8136,A,1300000,1300000,2,29,0,,13950,1
8137,A,700000,700000,2,31,1,,18099,1
8138,A,700000,700000,5,33,1,,15237,1
8139,A,800000,300000,2,28,1,,29988,1
8140,A,800000,300000,7,47,1,,40752,1
8141,A,800000,800000,2,46,0,,49727,1
8142,A,700000,700000,2,25,1,,31647,1
8143,A,700000,700000,2,36,1,,25642,1
8144,A,800000,800000,1,59,0,,16128,1
8145,A,500000,500000,2,49,1,,8100,1
8146,A,800000,800000,2,57,1,,30461,1
8147,A,800000,800000,3,31,0,,37395,1
8148,A,600000,300000,7,28,1,,6228,1
8149,A,800000,300000,7,69,1,,6228,1
8150,A,800000,800000,3,34,0,,5472,1
8151,A,700000,700000,3,26,1,,27945,1
8152,A,200000,200000,7,33,1,,8082,1
8153,A,500000,500000,1,44,1,,178236,1
8154,A,1300000,1300000,2,32,1,,43766,1
8155,A,1000000,1000000,3,47,1,,50348,1
8156,A,300000,300000,4,48,1,,3605,1
8157,A,800000,300000,7,65,1,,22029,1
8158,A,500000,300000,6,23,1,,8753,1
8159,A,500000,500000,3,26,1,,14247,1
8160,A,600000,600000,2,51,1,,19422,1
8161,A,700000,700000,2,36,0,,20961,1
8162,A,700000,500000,2,24,1,,21957,1
8163,A,200000,200000,3,23,1,,20583,1
8164,A,600000,600000,2,30,1,,28467,1
8165,A,1200000,1200000,2,31,1,,3564,1
8166,A,700000,700000,5,53,1,,21780,1
8167,A,500000,500000,2,27,1,,15732,1
8168,A,700000,700000,2,30,0,,33066,1
8169,A,800000,800000,2,51,1,,10980,1
8170,A,400000,300000,6,22,0,,4446,1
8171,A,800000,800000,3,52,0,,34699,1
8172,A,600000,600000,2,44,1,,71540,1
8173,A,700000,300000,6,23,1,,24453,1
8174,A,600000,600000,2,26,0,,15435,1
8175,A,800000,800000,2,31,1,,16126,1
8176,A,800000,800000,2,48,1,,86310,1
8177,A,800000,800000,2,44,1,,76617,1
8178,A,500000,500000,2,25,0,,3555,1
8179,A,800000,800000,7,72,1,,16020,1
8180,A,700000,700000,2,35,1,,141678,1
8181,A,500000,500000,12,28,1,,15930,1
8182,A,700000,700000,2,25,1,,17174,1
8183,A,400000,400000,2,32,0,,31770,1
8184,A,800000,800000,2,32,1,,16495,1
8185,A,200000,200000,7,27,1,,31193,1
8186,A,1100000,1100000,2,29,1,,38250,1
8187,A,800000,800000,3,31,0,,5436,1
8188,A,200000,200000,6,23,0,,16920,1
8189,A,200000,200000,6,21,1,,69399,1
8190,A,400000,300000,6,21,1,,20105,1
8191,A,800000,800000,5,57,0,,60588,1
8192,A,200000,200000,2,25,1,,12753,1
8193,A,500000,300000,6,24,1,,16794,1
8194,A,200000,200000,2,36,1,,17910,1
8195,A,800000,800000,3,35,1,,26445,1
8196,A,1000000,1000000,2,25,1,,4085,1
8197,A,800000,800000,2,51,1,,4320,1
8198,A,800000,300000,7,52,1,,56520,1
8199,A,700000,700000,2,27,1,,16081,1
8200,A,800000,800000,2,42,1,,81098,1
8201,A,800000,800000,4,64,1,,11183,1
8202,R,200000,200000,2,48,0,,72898,1
8203,A,800000,800000,2,47,1,,49469,1
8204,A,800000,800000,2,51,1,,41292,1
8205,A,1300000,1300000,2,63,0,,2916,1
8206,A,400000,400000,2,26,1,,19296,1
8207,A,700000,300000,12,54,1,,8191,1
8208,A,200000,200000,2,26,1,,19593,1
8209,A,200000,200000,2,29,1,,31383,1
8210,A,800000,800000,2,35,1,,56277,1
8211,A,800000,800000,2,23,1,,31977,1
8212,A,600000,600000,2,27,0,,180000,1
8213,A,500000,500000,2,27,1,,55395,1
8214,A,800000,800000,2,29,1,,4644,1
8215,B,400000,400000,6,24,0,,107517,1
8216,A,500000,500000,2,44,1,,6651,1
8217,A,600000,600000,3,26,0,,24840,1
8218,A,1200000,1200000,2,26,1,,36538,1
8219,A,500000,500000,3,29,0,,64440,1
8220,A,600000,600000,2,29,1,,35780,1
8221,A,800000,800000,8,68,0,,13194,1
8222,A,800000,800000,2,66,0,,23058,1
8223,A,800000,300000,3,60,1,,72915,1
8224,A,1300000,1300000,2,27,1,,51273,1
8225,A,300000,300000,2,27,1,,95130,1
8226,A,1300000,1300000,2,47,1,,93629,1
8227,A,700000,700000,2,28,1,,21861,1
8228,A,200000,200000,10,26,0,,38700,1
8229,A,400000,400000,2,28,1,,16920,1
8230,A,200000,200000,6,23,0,,21108,1
8231,A,400000,400000,2,25,1,,27900,1
8232,A,600000,600000,2,25,0,,61020,1
8233,A,700000,700000,2,30,0,,53550,1
8234,A,200000,200000,6,21,1,,13185,1
8235,A,600000,600000,2,28,1,,43650,1
8236,A,1300000,300000,7,48,1,,20603,1
8237,A,600000,600000,2,50,1,,1773,1
8238,A,500000,300000,6,25,1,,23202,1
8239,A,700000,700000,2,39,1,,15840,1
8240,A,500000,300000,6,24,1,,24840,1
8241,A,500000,500000,5,42,1,,30780,1
8242,A,700000,700000,2,26,1,,7796,1
8243,A,700000,700000,2,27,0,,9437,1
8244,A,700000,700000,2,28,1,,17910,1
8245,A,800000,800000,2,46,0,,34770,1
8246,A,600000,300000,6,20,1,,18450,1
8247,A,700000,300000,4,42,1,,33750,1
8248,A,800000,700000,2,40,1,,3960,1
8249,A,700000,700000,2,39,1,,50094,1
8250,R,700000,600000,2,27,1,,26939,1
8251,A,500000,500000,2,24,1,,72653,1
8252,A,600000,600000,2,34,1,,8466,1
8253,A,500000,500000,5,28,1,,10980,1
8254,A,600000,600000,7,64,0,,16524,1
8255,A,1100000,1100000,2,27,1,,16706,1
8256,A,600000,600000,2,42,0,,13554,1
8257,A,600000,300000,4,38,1,,6030,1
8258,A,500000,500000,2,26,1,,35275,1
8259,A,800000,800000,2,24,1,,3510,1
8260,A,700000,700000,2,29,1,,35207,1
8261,A,200000,200000,2,25,1,,17415,1
8262,A,500000,300000,7,49,1,,12564,1
8263,A,800000,800000,2,37,0,,3382,1
8264,A,800000,300000,7,47,1,,180000,1
8265,A,700000,300000,7,48,1,,180000,1
8266,A,700000,700000,2,26,0,,78300,1
8267,A,800000,800000,4,54,1,,88200,1
8268,A,500000,500000,2,24,0,,66073,1
8269,A,800000,300000,7,52,1,,34743,1
8270,A,600000,600000,2,25,1,,8544,1
8271,A,200000,200000,12,22,1,,5216,1
8272,A,700000,700000,2,45,1,,33117,1
8273,A,800000,800000,2,62,1,,18810,1
8274,A,700000,300000,6,26,1,,14940,1
8275,A,600000,600000,5,67,1,,12231,1
8276,A,600000,300000,6,23,1,,1061,1
8277,A,700000,300000,7,53,1,,65340,1
8278,A,700000,700000,2,27,0,,22003,1
8279,A,900000,600000,2,25,1,,20247,1
8280,A,800000,800000,2,47,1,,31680,1
8281,A,500000,300000,6,22,0,,7714,1
8282,A,800000,300000,7,56,1,,25830,1
8283,A,700000,700000,3,33,1,,28998,1
8284,A,800000,800000,4,40,1,,13458,1
8285,A,400000,300000,6,23,1,,23860,1
8286,A,700000,700000,2,49,0,,30681,1
8287,A,700000,300000,7,60,1,,5498,1
8288,A,700000,700000,4,50,1,,7146,1
8289,A,800000,800000,5,64,0,,8412,1
8290,A,700000,300000,6,24,0,,49500,1
8291,A,1200000,1200000,2,27,0,,56549,1
8292,A,800000,300000,4,45,1,,8262,1
8293,A,400000,400000,2,24,1,,44961,1
8294,A,700000,700000,2,34,1,,28161,1
8295,A,200000,200000,2,37,1,,24300,1
8296,A,400000,300000,6,24,1,,3951,1
8297,A,600000,600000,7,62,1,,31622,1
8298,A,600000,600000,2,54,1,,26730,1
8299,A,700000,200000,6,21,1,,1773,1
8300,A,800000,300000,7,64,1,,31871,1
8301,A,400000,300000,7,27,1,,37802,1
8302,A,200000,200000,6,20,1,,1406,1
8303,A,200000,200000,7,56,1,,48690,1
8304,A,1300000,1300000,2,31,1,,7425,1
8305,A,700000,700000,3,68,1,,12148,1
8306,A,600000,300000,6,26,1,,13257,1
8307,R,200000,200000,2,24,1,,43392,1
8308,A,1300000,1300000,2,31,0,,20583,1
8309,A,800000,800000,3,45,1,,22183,1
8310,A,500000,500000,7,50,1,,21519,1
8311,A,800000,800000,1,48,0,,164331,1
8312,A,800000,800000,2,35,0,,8334,1
8313,A,800000,800000,2,41,0,,902,1
8314,A,1200000,1200000,2,33,1,,31842,1
8315,A,800000,800000,2,40,0,,32429,1
8316,A,500000,500000,7,59,1,,30285,1
8317,A,500000,500000,8,78,1,,4083,1
8318,A,400000,400000,2,44,0,,49500,1
8319,A,800000,300000,7,59,1,,4662,1
8320,A,200000,200000,6,21,0,,38156,1
8321,A,700000,300000,7,58,1,,9819,1
8322,A,600000,600000,4,38,1,,59035,1
8323,A,800000,800000,2,36,1,,25110,1
8324,A,600000,300000,6,25,1,,12762,1
8325,A,800000,300000,7,59,1,,8010,1
8326,A,700000,300000,4,53,1,,27085,1
8327,A,700000,300000,12,60,1,,29088,1
8328,A,700000,700000,2,52,1,,20529,1
8329,A,200000,200000,6,23,1,,56178,1
8330,A,500000,300000,7,31,1,,20931,1
8331,A,800000,800000,1,59,1,,31374,1
8332,A,800000,800000,5,68,1,,41819,1
8333,A,800000,800000,2,37,1,,32954,1
8334,A,1200000,1200000,5,61,0,,46629,1
8335,A,800000,300000,7,55,1,,15148,1
8336,A,700000,700000,2,33,1,,4277,1
8337,A,700000,300000,6,22,0,,2853,1
8338,A,800000,800000,3,47,1,,75924,1
8339,A,800000,800000,2,51,0,,139680,1
8340,A,500000,300000,7,43,1,,81226,1
8341,A,800000,800000,2,35,0,,75231,1
8342,A,800000,800000,2,53,0,,62550,1
8343,A,400000,400000,8,87,1,,90000,1
8344,A,1100000,1100000,7,48,1,,167400,1
8345,A,700000,700000,2,50,0,,165420,1
8346,A,700000,300000,7,58,1,,46773,1
8347,A,400000,300000,6,22,1,,4446,1
8348,A,1300000,300000,4,62,1,,76271,1
8349,A,200000,200000,6,20,0,,8973,1
8350,A,800000,800000,7,59,1,,29663,1
8351,A,300000,300000,6,22,0,,28305,1
8352,A,200000,200000,8,74,1,,4782,1
8353,A,600000,600000,3,23,0,,9713,1
8354,A,200000,200000,6,22,1,,1355,1
8355,A,800000,300000,7,53,1,,36528,1
8356,A,600000,600000,2,31,0,,36318,1
8357,A,800000,800000,4,51,1,,4085,1
8358,A,700000,700000,5,81,1,,26121,1
8359,A,600000,600000,8,74,1,,180000,1
8360,A,300000,300000,6,24,1,,3087,1
8361,A,700000,300000,6,25,1,,89550,1
8362,A,1200000,300000,2,59,0,,74736,1
8363,A,800000,800000,2,57,0,,7598,1
8364,A,500000,500000,2,51,1,,13360,1
8365,A,1000000,1000000,2,36,0,,180000,1
8366,A,700000,600000,2,42,1,,7316,1
8367,A,600000,300000,7,57,1,,180000,1
8368,A,300000,300000,6,21,1,,3951,1
8369,A,800000,500000,7,53,1,,60552,1
8370,A,300000,300000,6,24,1,,32846,1
8371,A,800000,800000,2,55,0,,59697,1
8372,A,500000,500000,2,25,1,,32319,1
8373,A,700000,700000,2,25,1,,17820,1
8374,A,600000,600000,3,29,1,,61019,1
8375,A,600000,300000,7,44,1,,14709,1
8376,A,800000,800000,2,48,1,,29053,1
8377,A,200000,200000,11,26,1,,8455,1
8378,A,200000,200000,7,26,1,,14203,1
8379,A,500000,300000,6,23,1,,47803,1
8380,A,700000,700000,2,27,0,,40590,1
8381,A,700000,700000,2,28,1,,54179,1
8382,A,800000,800000,2,39,1,,89031,1
8383,A,600000,600000,4,48,1,,153540,1
8384,A,800000,800000,3,26,1,,16720,1
8385,A,700000,400000,2,26,1,,142164,1
8386,A,700000,700000,2,35,1,,62100,1
8387,A,600000,600000,2,26,0,,12870,1
8388,A,700000,700000,2,29,1,,35244,1
8389,A,700000,700000,2,28,1,,75854,1
8390,A,1200000,1200000,2,30,1,,106206,1
8391,A,800000,300000,7,58,1,,25238,1
8392,R,800000,800000,2,35,0,,13860,1
8393,A,600000,600000,2,27,1,,40328,1
8394,A,600000,600000,2,25,1,,5320,1
8395,A,600000,600000,2,28,1,,20592,1
8396,A,500000,500000,2,31,1,,7758,1
8397,A,800000,400000,2,28,1,,21033,1
8398,A,700000,300000,2,28,1,,22518,1
8399,A,500000,500000,2,25,0,,39375,1
8400,A,800000,300000,4,72,1,,40056,1
8401,A,600000,600000,1,59,1,,119790,1
8402,A,200000,200000,2,27,1,,33759,1
8403,A,500000,300000,6,24,1,,21867,1
8404,A,800000,800000,2,27,0,,23949,1
8405,A,700000,300000,4,65,1,,181062,1
8406,A,500000,300000,6,26,1,,93375,1
8407,A,700000,700000,4,29,1,,36621,1
8408,A,700000,700000,2,32,0,,57205,1
8409,A,500000,500000,2,28,1,,55625,1
8410,A,600000,300000,2,22,1,,2196,1
8411,A,700000,300000,6,24,1,,10177,1
8412,A,700000,700000,5,64,1,,52065,1
8413,A,700000,300000,7,59,1,,36111,1
8414,A,200000,200000,2,36,0,,21424,1
8415,A,800000,300000,12,40,1,,21573,1
8416,A,600000,600000,2,25,1,,9838,1
8417,A,800000,300000,6,23,0,,19890,1
8418,A,800000,700000,2,30,1,,7406,1
8419,A,300000,300000,2,26,1,,11277,1
8420,A,600000,300000,6,24,0,,18900,1
8421,A,700000,700000,2,56,1,,89496,1
8422,A,800000,800000,2,45,1,,9495,1
8423,A,700000,700000,2,24,1,,5337,1
8424,A,800000,800000,2,60,1,,30215,1
8425,A,700000,700000,2,33,1,,6964,1
8426,A,600000,300000,6,24,0,,30780,1
8427,A,800000,300000,2,25,1,,3960,1
8428,A,200000,200000,7,40,1,,49500,1
8429,A,1300000,300000,7,64,1,,8244,1
8430,A,400000,300000,6,22,0,,21955,1
8431,A,1200000,1200000,5,72,1,,49933,1
8432,A,800000,800000,2,30,0,,35057,1
8433,A,400000,300000,5,50,1,,25929,1
8434,A,1300000,300000,7,50,1,,21870,1
8435,A,600000,600000,2,24,1,,11871,1
8436,A,700000,700000,2,25,1,,39882,1
8437,A,800000,800000,12,55,1,,39195,1
8438,A,700000,700000,2,27,1,,32760,1
8439,A,200000,200000,12,26,1,,5139,1
8440,A,500000,500000,2,26,1,,5040,1
8441,B,500000,500000,3,24,0,,76131,1
8442,A,700000,700000,2,29,1,,98100,1
8443,A,500000,300000,7,58,1,,42825,1
8444,A,600000,300000,4,57,1,,29639,1
8445,A,200000,200000,2,23,1,,10049,1
8446,A,600000,300000,7,35,1,,12033,1
8447,A,700000,700000,2,27,1,,25368,1
8448,A,800000,800000,2,28,1,,24304,1
8449,A,800000,300000,4,68,1,,70380,1
8450,A,600000,600000,8,91,1,,12870,1
8451,A,800000,800000,3,32,1,,36558,1
8452,R,600000,600000,2,26,1,,25542,1
8453,A,800000,800000,2,34,1,,152136,1
8454,A,700000,700000,2,30,0,,13463,1
8455,A,500000,300000,6,23,0,,21211,1
8456,A,800000,300000,4,56,1,,44831,1
8457,A,500000,300000,6,26,1,,27889,1
8458,A,400000,400000,2,32,1,,88380,1
8459,A,600000,300000,7,30,1,,14238,1
8460,A,800000,800000,2,25,1,,8010,1
8461,A,800000,300000,1,74,1,,6228,1
8462,A,500000,500000,2,31,0,,42660,1
8463,A,600000,600000,5,30,1,,35829,1
8464,A,500000,300000,6,22,0,,13950,1
8465,A,700000,700000,2,36,1,,21870,1
8466,A,500000,500000,2,26,0,,57510,1
8467,A,400000,400000,7,39,1,,19701,1
8468,A,700000,700000,3,40,1,,21870,1
8469,A,300000,300000,7,28,1,,19251,1
8470,A,500000,500000,2,47,0,,38700,1
8471,A,1100000,1100000,2,35,1,,1422,1
8472,A,800000,800000,2,30,0,,65340,1
8473,A,700000,700000,2,26,1,,26649,1
8474,A,500000,500000,2,37,1,,12312,1
8475,A,800000,800000,2,33,1,,29965,1
8476,A,700000,700000,2,27,1,,5951,1
8477,A,400000,400000,2,22,1,,23519,1
8478,A,800000,800000,2,28,1,,58359,1
8479,A,700000,700000,2,61,1,,84645,1
8480,A,600000,600000,2,24,0,,38250,1
8481,A,700000,600000,2,27,1,,63128,1
8482,A,400000,300000,8,71,1,,14940,1
8483,A,600000,300000,12,27,1,,38304,1
8484,A,700000,700000,2,27,1,,52902,1
8485,A,700000,700000,2,42,0,,86220,1
8486,A,500000,500000,2,28,1,,68256,1
8487,A,200000,200000,2,27,0,,131670,1
8488,A,800000,800000,4,56,1,,54450,1
8489,A,500000,500000,2,34,0,,20583,1
8490,A,1000000,300000,7,47,1,,41274,1
8491,A,700000,700000,2,29,1,,38350,1
8492,A,500000,500000,3,24,1,,62456,1
8493,A,600000,300000,6,22,1,,29745,1
8494,A,400000,400000,2,28,0,,158400,1
8495,A,500000,500000,2,27,0,,21573,1
8496,A,700000,300000,7,62,1,,87210,1
8497,A,700000,700000,2,30,1,,20007,1
8498,A,800000,800000,2,45,0,,91170,1
8499,A,200000,200000,2,44,1,,43078,1
8500,A,800000,800000,1,54,1,,59985,1
8501,A,600000,500000,2,44,1,,19980,1
8502,A,600000,600000,5,48,1,,35037,1
8503,A,700000,700000,2,29,1,,25146,1
8504,A,700000,700000,2,31,0,,168300,1
8505,A,1000000,1000000,2,25,0,,48960,1
8506,A,600000,600000,2,27,1,,13158,1
8507,A,200000,200000,6,21,1,,21870,1
8508,A,800000,800000,5,63,1,,18130,1
8509,A,1300000,300000,4,31,1,,41739,1
8510,A,600000,600000,3,25,1,,18900,1
8511,A,800000,800000,2,60,1,,19524,1
8512,A,700000,400000,2,28,1,,11970,1
8513,A,600000,600000,3,24,1,,26523,1
8514,A,800000,300000,7,53,1,,30267,1
8515,A,800000,800000,2,29,1,,47601,1
8516,A,200000,200000,6,22,1,,10406,1
8517,A,800000,300000,7,53,1,,5342,1
8518,B,600000,300000,6,24,1,,44847,1
8519,R,600000,300000,2,27,1,,20691,1
8520,A,500000,500000,2,25,1,,19791,1
8521,A,200000,200000,5,26,0,,26820,1
8522,A,300000,300000,7,28,1,,18126,1
8523,A,600000,600000,2,39,1,,30780,1
8524,A,600000,300000,7,70,1,,35037,1
8525,A,500000,500000,2,28,0,,49284,1
8526,A,700000,700000,2,52,0,,47223,1
8527,A,800000,800000,2,38,0,,53550,1
8528,A,800000,800000,8,67,0,,61470,1
8529,A,800000,300000,11,26,1,,8357,1
8530,A,800000,800000,8,77,1,,7694,1
8531,A,800000,800000,5,66,0,,19603,1
8532,A,300000,300000,6,23,1,,12312,1
8533,A,500000,500000,2,28,1,,20682,1
8534,A,700000,700000,2,32,1,,20712,1
8535,A,1300000,1300000,2,56,0,,25920,1
8536,A,800000,300000,7,52,1,,45420,1
8537,A,500000,500000,2,25,1,,9183,1
8538,A,300000,300000,6,27,1,,17446,1
8539,A,600000,300000,6,26,1,,29889,1
8540,A,700000,300000,6,24,1,,783,1
8541,A,1000000,1000000,2,25,1,,23998,1
8542,A,700000,300000,11,44,1,,3060,1
8543,A,700000,700000,3,29,1,,32962,1
8544,A,600000,600000,2,27,1,,13896,1
8545,A,300000,300000,1,42,1,,44789,1
8546,A,600000,600000,2,33,1,,18760,1
8547,A,400000,300000,7,25,1,,19980,1
8548,A,400000,400000,3,24,1,,36720,1
8549,A,700000,700000,2,40,0,,74340,1
8550,A,800000,300000,7,40,1,,22453,1
8551,A,700000,300000,2,26,1,,27144,1
8552,A,700000,700000,2,27,1,,24345,1
8553,A,800000,300000,7,66,1,,38502,1
8554,A,500000,300000,6,25,1,,30789,1
8555,A,800000,800000,2,32,0,,24840,1
8556,A,700000,300000,7,58,1,,27018,1
8557,A,800000,300000,11,39,1,,18378,1
8558,A,600000,300000,6,26,1,,29036,1
8559,A,200000,200000,7,25,1,,40490,1
8560,A,600000,600000,2,27,1,,16624,1
8561,A,800000,300000,7,51,1,,60843,1
8562,A,700000,700000,2,32,0,,26952,1
8563,A,800000,800000,2,59,1,,19219,1
8564,A,800000,800000,2,56,1,,54645,1
8565,A,700000,700000,2,29,1,,25436,1
8566,A,200000,200000,6,21,1,,86398,1
8567,A,400000,400000,2,26,1,,13785,1
8568,A,500000,300000,6,22,0,,3762,1
8569,A,800000,300000,7,32,1,,29737,1
8570,A,200000,200000,6,21,1,,10035,1
8571,A,800000,800000,2,31,1,,56362,1
8572,A,800000,800000,3,39,0,,18306,1
8573,A,700000,700000,2,49,1,,14976,1
8574,A,300000,300000,2,27,0,,26220,1
8575,A,700000,200000,6,23,1,,4491,1
8576,A,600000,600000,2,24,1,,9500,1
8577,A,600000,600000,2,26,1,,15507,1
8578,A,700000,700000,2,46,0,,77220,1
8579,A,600000,300000,6,24,0,,10525,1
8580,A,800000,300000,6,25,1,,23544,1
8581,A,800000,300000,2,59,1,,74052,1
8582,A,200000,200000,2,25,1,,45333,1
8583,A,400000,300000,6,21,1,,11025,1
8584,A,800000,800000,5,47,1,,9895,1
8585,A,800000,800000,2,32,0,,76221,1
8586,A,500000,500000,2,26,1,,12375,1
8587,A,800000,800000,5,29,1,,8037,1
8588,A,400000,300000,6,23,1,,6525,1
8589,A,500000,300000,6,23,0,,22860,1
8590,A,700000,700000,2,25,1,,8455,1
8591,A,700000,700000,2,55,1,,35123,1
8592,A,200000,200000,2,24,1,,10023,1
8593,A,600000,600000,3,26,1,,16464,1
8594,A,800000,500000,2,33,1,,46408,1
8595,A,600000,300000,6,24,1,,21978,1
8596,A,700000,700000,2,24,1,,32940,1
8597,A,200000,200000,6,20,1,,12960,1
8598,A,700000,300000,6,23,1,,39641,1
8599,A,200000,200000,5,78,1,,72846,1
8600,A,200000,200000,6,21,1,,37746,1
8601,A,500000,300000,6,25,1,,29691,1
8602,A,500000,500000,2,26,1,,15376,1
8603,A,700000,700000,2,28,1,,27292,1
8604,A,700000,300000,4,54,1,,6723,1
8605,R,700000,700000,2,26,1,,21395,1
8606,A,500000,500000,2,25,1,,8802,1
8607,A,700000,500000,5,44,1,,66024,1
8608,A,1000000,1000000,2,25,0,,28710,1
8609,A,400000,400000,2,56,1,,57906,1
8610,A,800000,800000,4,60,1,,8777,1
8611,A,600000,300000,2,24,1,,16821,1
8612,A,200000,200000,6,22,1,,7515,1
8613,A,700000,300000,4,57,1,,11802,1
8614,A,200000,200000,6,21,1,,7614,1
8615,A,500000,300000,6,20,1,,7420,1
8616,A,200000,200000,2,25,1,,12564,1
8617,A,400000,400000,2,25,1,,29920,1
8618,A,800000,800000,2,25,1,,14643,1
8619,A,1300000,1300000,2,41,1,,39636,1
8620,A,700000,700000,2,29,1,,23751,1
8621,A,400000,300000,6,23,1,,9207,1
8622,A,800000,800000,2,54,1,,22365,1
8623,A,800000,300000,6,26,1,,45432,1
8624,A,400000,300000,6,25,0,,36783,1
8625,A,400000,400000,2,32,1,,1278,1
8626,A,800000,800000,1,59,1,,68229,1
8627,A,800000,800000,2,26,0,,22464,1
8628,A,500000,500000,2,27,1,,42436,1
8629,A,500000,300000,6,24,1,,8406,1
8630,A,600000,600000,2,26,1,,47287,1
8631,A,800000,300000,6,24,1,,1881,1
8632,A,300000,300000,2,25,1,,2664,1
8633,A,600000,600000,12,36,1,,6921,1
8634,A,400000,300000,6,21,0,,10260,1
8635,A,500000,500000,2,25,1,,7119,1
8636,A,800000,800000,3,28,1,,29128,1
8637,A,700000,700000,2,36,0,,16920,1
8638,A,200000,200000,7,25,1,,33849,1
8639,A,400000,300000,6,21,1,,10276,1
8640,A,500000,500000,12,29,1,,26127,1
8641,A,1000000,1000000,5,30,1,,15633,1
8642,A,500000,500000,2,30,1,,11880,1
8643,A,700000,700000,2,55,0,,76539,1
8644,A,600000,600000,2,29,1,,3510,1
8645,A,800000,800000,2,40,0,,29295,1
8646,R,600000,600000,2,24,0,,29478,1
8647,A,600000,600000,2,25,1,,5301,1
8648,A,700000,700000,2,29,0,,42660,1
8649,A,800000,800000,2,28,1,,30492,1
8650,A,700000,700000,13,51,0,,52020,1
8651,A,800000,800000,2,54,1,,34740,1
8652,A,700000,300000,4,33,1,,17217,1
8653,A,700000,700000,2,33,1,,14337,1
8654,A,700000,700000,2,25,1,,14940,1
8655,A,500000,300000,6,29,0,,72747,1
8656,A,400000,400000,2,23,1,,24552,1
8657,A,700000,700000,2,25,1,,18465,1
8658,A,600000,600000,2,25,1,,12782,1
8659,A,600000,600000,2,28,0,,130140,1
8660,A,800000,800000,3,34,1,,51945,1
8661,A,400000,300000,6,24,1,,24418,1
8662,A,700000,300000,7,49,1,,17181,1
8663,A,700000,300000,4,37,1,,5634,1
8664,A,600000,600000,2,52,1,,18999,1
8665,A,700000,300000,6,23,1,,20808,1
8666,A,500000,500000,2,49,1,,47138,1
8667,A,800000,800000,2,28,1,,10802,1
8668,A,200000,200000,6,24,1,,28800,1
8669,A,800000,800000,2,27,1,,13491,1
8670,A,800000,800000,10,31,0,,62460,1
8671,A,700000,300000,12,29,1,,17712,1
8672,A,400000,400000,2,32,1,,45621,1
8673,A,500000,500000,2,29,1,,37521,1
8674,A,700000,700000,2,28,1,,32448,1
8675,A,700000,700000,2,27,1,,18593,1
8676,A,700000,700000,2,33,1,,17928,1
8677,A,800000,500000,4,60,1,,42759,1
8678,A,500000,300000,6,22,1,,16938,1
8679,A,300000,300000,2,32,1,,44937,1
8680,A,600000,600000,2,27,0,,10980,1
8681,A,700000,700000,3,35,1,,20385,1
8682,A,1100000,1100000,2,43,1,,48457,1
8683,A,400000,400000,2,25,1,,13491,1
8684,A,800000,300000,4,59,1,,27711,1
8685,A,400000,300000,6,23,1,,6732,1
8686,A,400000,400000,2,24,1,,69489,1
8687,A,800000,800000,3,24,1,,8964,1
8688,A,400000,400000,2,25,1,,22275,1
8689,A,800000,800000,3,25,1,,32031,1
8690,A,700000,600000,7,56,1,,132345,1
8691,A,200000,200000,2,31,1,,23256,1
8692,A,600000,600000,2,29,0,,22500,1
8693,A,800000,800000,2,46,1,,41778,1
8694,A,700000,700000,2,25,1,,8811,1
8695,R,200000,200000,3,27,1,,14878,1
8696,A,700000,700000,7,29,1,,22860,1
8697,A,200000,200000,2,31,0,,33984,1
8698,A,200000,200000,6,22,1,,7119,1
8699,A,400000,400000,5,42,0,,31428,1
8700,A,600000,600000,2,28,1,,8010,1
8701,A,700000,200000,6,21,1,,5931,1
8702,A,400000,400000,2,33,1,,85457,1
8703,A,500000,300000,6,22,1,,27828,1
8704,A,600000,600000,2,31,1,,11682,1
8705,A,500000,300000,6,23,1,,16623,1
8706,A,700000,700000,2,32,1,,10980,1
8707,A,600000,300000,6,22,1,,16877,1
8708,A,600000,600000,2,25,1,,45468,1
8709,A,600000,300000,7,27,1,,30285,1
8710,A,700000,700000,2,27,1,,25460,1
8711,A,400000,300000,6,22,1,,31929,1
8712,A,200000,200000,5,27,1,,27117,1
8713,A,600000,300000,6,23,1,,17064,1
8714,A,400000,400000,2,26,1,,6060,1
8715,A,600000,300000,6,22,1,,8352,1
8716,A,500000,500000,7,27,1,,42532,1
8717,A,300000,300000,6,22,1,,10179,1
8718,A,600000,600000,8,84,0,,124137,1
8719,A,700000,300000,6,24,1,,46679,1
8720,A,500000,200000,6,21,0,,2664,1
8721,A,800000,800000,2,54,1,,34472,1
8722,A,500000,500000,2,26,0,,39105,1
8723,A,500000,500000,2,29,1,,35358,1
8724,A,700000,300000,6,23,1,,17811,1
8725,A,200000,200000,3,22,0,,43650,1
8726,A,200000,200000,6,21,1,,21634,1
8727,A,500000,500000,2,24,1,,3159,1
8728,A,500000,500000,2,23,1,,5931,1
8729,A,200000,200000,2,23,1,,21114,1
8730,A,500000,300000,7,50,1,,15831,1
8731,A,1100000,300000,6,24,1,,4347,1
8732,A,400000,300000,2,24,1,,11906,1
8733,A,500000,500000,2,25,1,,4090,1
8734,A,1000000,1000000,2,26,0,,14862,1
8735,A,800000,300000,6,24,1,,10530,1
8736,A,400000,300000,6,21,1,,24840,1
8737,A,1100000,1100000,2,28,1,,31325,1
8738,A,700000,700000,2,31,1,,32944,1
8739,A,1000000,1000000,2,29,1,,47808,1
8740,A,900000,900000,2,27,1,,14135,1
8741,A,1000000,1000000,2,27,1,,5485,1
8742,A,700000,300000,7,25,1,,12078,1
8743,A,700000,700000,2,24,1,,43650,1
8744,A,400000,300000,6,22,0,,16039,1
8745,A,700000,700000,4,49,1,,28415,1
8746,A,700000,300000,7,47,1,,49288,1
8747,A,800000,300000,4,57,1,,62370,1
8748,R,600000,600000,3,26,1,,10830,1
8749,A,1100000,300000,4,45,1,,13832,1
8750,A,500000,300000,6,21,1,,2926,1
8751,A,700000,700000,2,30,0,,18603,1
8752,A,500000,300000,6,23,1,,55702,1
8753,A,500000,500000,10,25,1,,12217,1
8754,A,600000,600000,2,27,1,,24750,1
8755,R,800000,800000,2,28,1,,70983,1
8756,A,500000,300000,6,20,0,,9500,1
8757,A,800000,800000,4,59,1,,32314,1
8758,A,700000,300000,2,55,1,,8455,1
8759,A,800000,800000,3,41,1,,14868,1
8760,A,400000,400000,13,28,0,,66766,1
8761,A,700000,700000,2,44,1,,17550,1
8762,A,200000,200000,6,22,1,,12113,1
8763,A,500000,500000,2,33,0,,16128,1
8764,A,500000,300000,6,23,0,,37611,1
8765,A,700000,700000,2,53,1,,13680,1
8766,A,600000,600000,2,25,1,,3962,1
8767,A,700000,700000,4,35,1,,10485,1
8768,A,800000,800000,2,50,1,,6471,1
8769,A,800000,800000,2,57,1,,9468,1
8770,A,600000,600000,2,40,1,,38700,1
8771,A,800000,800000,3,26,1,,7301,1
8772,A,200000,200000,6,22,1,,1245,1
8773,A,800000,800000,2,26,1,,55316,1
8774,A,400000,400000,2,26,1,,4410,1
8775,A,200000,200000,6,23,1,,16758,1
8776,A,600000,600000,2,56,1,,66825,1
8777,A,700000,700000,2,46,1,,22108,1
8778,A,600000,300000,11,34,1,,19374,1
8779,A,700000,300000,6,24,1,,14643,1
8780,A,800000,700000,2,31,1,,20880,1
8781,A,600000,300000,7,53,1,,7020,1
8782,A,600000,300000,8,50,1,,32760,1
8783,A,1200000,1200000,1,39,1,,30780,1
8784,A,800000,800000,3,46,1,,55134,1
8785,A,200000,200000,6,22,1,,8505,1
8786,A,800000,300000,2,27,1,,32958,1
8787,A,700000,700000,2,53,1,,20781,1
8788,A,500000,300000,6,23,0,,22266,1
8789,A,800000,800000,2,26,1,,5931,1
8790,A,700000,700000,5,53,1,,39483,1
8791,A,200000,200000,6,22,1,,12209,1
8792,A,200000,200000,6,23,0,,2272,1
8793,A,800000,800000,2,56,1,,24600,1
8794,A,200000,200000,11,21,1,,8910,1
8795,A,800000,800000,2,56,1,,8028,1
8796,A,200000,200000,5,32,1,,8505,1
8797,A,300000,300000,7,28,1,,25137,1
8798,A,800000,300000,7,54,1,,14940,1
8799,A,600000,600000,7,27,1,,12844,1
8800,A,500000,500000,5,51,1,,16749,1
8801,A,700000,700000,2,33,1,,10431,1
8802,A,800000,800000,2,28,0,,76320,1
8803,A,200000,200000,3,29,1,,24648,1
8804,A,700000,700000,2,26,1,,50478,1
8805,A,700000,700000,2,33,0,,19801,1
8806,A,700000,300000,4,51,1,,49417,1
8807,A,200000,200000,6,24,0,,107153,1
8808,A,500000,300000,4,30,1,,180000,1
8809,B,600000,600000,2,34,1,,180000,1
8810,A,700000,700000,2,37,0,,15840,1
8811,A,500000,500000,2,29,1,,56398,1
8812,A,800000,400000,7,47,1,,23328,1
8813,A,700000,700000,2,25,1,,25929,1
8814,A,500000,300000,6,21,1,,45414,1
8815,A,600000,600000,3,30,1,,10769,1
8816,A,500000,300000,6,23,0,,17807,1
8817,A,200000,200000,3,25,0,,12030,1
8818,A,500000,300000,6,22,1,,8820,1
8819,A,1000000,300000,7,52,1,,14067,1
8820,A,500000,500000,2,31,1,,62712,1
8821,A,600000,600000,3,35,1,,20748,1
8822,A,600000,300000,7,24,1,,22230,1
8823,A,800000,800000,2,47,1,,16920,1
8824,A,300000,300000,6,22,1,,8838,1
8825,A,700000,700000,2,30,1,,12265,1
8826,A,800000,800000,2,29,1,,43997,1
8827,A,800000,800000,2,39,1,,40729,1
8828,A,500000,300000,6,22,1,,20891,1
8829,R,700000,700000,2,38,1,,8891,1
8830,A,200000,200000,6,22,0,,12150,1
8831,A,700000,700000,3,26,1,,13455,1
8832,A,1300000,1300000,3,35,1,,26532,1
8833,A,600000,600000,2,30,1,,137900,1
8834,A,800000,800000,2,26,1,,2664,1
8835,A,600000,600000,2,25,0,,42561,1
8836,A,800000,800000,2,33,0,,38115,1
8837,A,800000,800000,4,46,1,,4248,1
8838,A,700000,700000,2,29,1,,14669,1
8839,A,700000,700000,2,34,0,,157500,1
8840,A,400000,400000,2,27,1,,15157,1
8841,A,600000,600000,2,26,1,,29439,1
8842,R,1100000,1100000,2,35,1,,41049,1
8843,A,500000,300000,2,26,1,,79290,1
8844,A,700000,700000,2,35,1,,28557,1
8845,A,800000,800000,2,31,1,,4581,1
8846,A,500000,300000,2,25,1,,2457,1
8847,A,700000,700000,2,41,1,,12475,1
8848,A,500000,300000,6,23,1,,18672,1
8849,A,800000,800000,2,26,1,,56865,1
8850,A,700000,300000,6,25,1,,4545,1
8851,A,700000,700000,3,35,0,,28836,1
8852,A,700000,300000,7,47,1,,12591,1
8853,A,700000,700000,2,30,1,,24048,1
8854,A,800000,300000,4,30,1,,107775,1
8855,A,500000,300000,4,56,1,,180000,1
8856,A,800000,800000,2,50,1,,11970,1
8857,A,400000,400000,2,25,1,,68994,1
8858,A,500000,300000,6,23,1,,10980,1
8859,A,800000,300000,6,22,1,,24939,1
8860,A,1100000,300000,2,25,1,,4902,1
8861,A,600000,600000,2,26,1,,21925,1
8862,A,200000,200000,2,29,1,,16818,1
8863,A,500000,300000,6,23,1,,14391,1
8864,A,700000,300000,6,23,1,,3753,1
8865,A,800000,800000,2,58,1,,41769,1
8866,A,700000,700000,2,29,1,,8100,1
8867,A,500000,300000,6,21,1,,27910,1
8868,A,600000,600000,2,25,1,,36416,1
8869,A,300000,300000,2,24,1,,18140,1
8870,A,800000,800000,2,32,1,,44350,1
8871,A,800000,800000,2,49,1,,58539,1
8872,A,800000,300000,7,54,1,,25176,1
8873,A,1200000,1200000,2,38,1,,44456,1
8874,A,700000,700000,2,31,1,,39591,1
8875,A,500000,500000,2,27,1,,42264,1
8876,A,1000000,300000,6,23,0,,20385,1
8877,A,200000,200000,6,22,1,,11871,1
8878,A,500000,500000,7,25,1,,19336,1
8879,A,200000,200000,6,25,1,,22464,1
8880,A,700000,700000,2,26,1,,21492,1
8881,A,1300000,1300000,7,70,1,,18207,1
8882,A,800000,800000,2,33,0,,25394,1
8883,A,800000,800000,3,48,1,,31896,1
8884,A,1100000,1100000,2,25,1,,51362,1
8885,A,600000,300000,7,58,1,,32697,1
8886,A,700000,700000,2,29,1,,33732,1
8887,A,1100000,1100000,2,27,1,,29997,1
8888,A,800000,800000,2,37,1,,42759,1
8889,A,1100000,300000,6,26,1,,48996,1
8890,A,800000,800000,2,36,1,,14346,1
8891,A,600000,300000,6,23,1,,4171,1
8892,A,800000,800000,2,42,1,,43173,1
8893,A,600000,600000,2,44,1,,39600,1
8894,A,1000000,1000000,5,31,0,,33100,1
8895,A,150000,150000,2,63,1,,9205,1
8896,A,1000000,800000,2,27,1,,11277,1
8897,A,1000000,700000,7,59,1,,4950,1
8898,A,800000,800000,2,28,1,,21780,1
8899,A,1300000,1300000,2,60,1,739,0,0
8900,A,800000,800000,5,82,1,32478,0,0
8901,A,1200000,300000,2,56,1,125448,155373,0
8902,A,700000,300000,4,73,1,40255,0,0
8903,R,900000,500000,5,54,1,312337,0,0
8904,A,800000,800000,4,75,1,66210,11106,0
8905,R,1800000,1800000,4,68,1,127686,0,0
8906,A,800000,800000,2,55,1,29350,13814,0
8907,B,800000,800000,1,46,1,366439,0,0
8908,A,800000,800000,2,52,1,77092,14926,0
8909,A,200000,200000,7,53,1,241927,53809,0
8910,A,1200000,700000,8,77,1,43050,0,0
8911,B,1300000,300000,7,51,1,52342,0,0
8912,B,1200000,300000,7,44,1,153515,0,0
8913,A,800000,800000,2,57,1,,0,0
8914,B,700000,700000,2,46,1,392360,0,0
8915,A,1300000,1300000,2,57,1,684074,0,0
8916,A,1100000,600000,2,53,1,224750,65000,0
8917,B,500000,300000,4,75,1,3089,0,0
8918,B,700000,300000,7,68,1,86740,0,0
8919,A,800000,800000,2,59,0,28089,0,0
8920,A,800000,800000,7,73,1,12670,0,0
8921,A,800000,800000,7,73,1,,0,0
8922,A,1200000,1200000,4,55,1,0,26429,0
8923,A,500000,500000,2,45,0,0,71060,0
8924,A,800000,800000,2,55,1,44747,0,0
8925,A,1300000,300000,4,66,1,59579,2224,0
8926,A,1300000,1300000,2,53,1,0,189240,0
8927,A,800000,800000,2,48,1,25875,589,0
8928,A,700000,700000,2,50,1,82158,0,0
8929,A,800000,800000,2,43,1,52116,0,0
8930,A,900000,900000,4,45,1,34942,0,0
8931,B,1000000,800000,8,87,1,45947,0,0
8932,R,800000,300000,7,72,1,4767,0,0
8933,A,800000,800000,4,44,1,,57570,0
8934,A,800000,800000,3,53,1,6774,5273,0
8935,A,1800000,1800000,2,45,1,212115,0,0
8936,A,1300000,1300000,2,50,0,1638,3988,0
8937,B,800000,800000,2,46,1,92432,0,0
8938,A,1800000,900000,2,45,1,120997,0,0
8939,A,800000,300000,4,47,1,,0,0
8940,B,1300000,300000,4,73,1,15417,0,0
8941,A,700000,300000,8,77,1,677,2917,0
8942,A,800000,800000,2,49,1,1710,4845,0
8943,A,1300000,1300000,2,53,0,179688,15770,0
8944,A,1300000,1300000,2,49,0,39038,4871,0
8945,R,800000,800000,2,52,0,1539,0,0
8946,A,600000,600000,2,63,1,64585,17878,0
8947,A,1300000,1300000,2,65,1,14711,0,0
8948,B,800000,800000,2,51,1,501,0,0
8949,B,200000,200000,8,80,1,5861,0,0
8950,A,800000,500000,7,73,1,1751,2095,0
8951,A,800000,300000,4,74,1,,8351,0
8952,R,800000,800000,2,51,0,,0,0
8953,A,800000,300000,4,53,1,17962,15690,0
8954,A,1200000,1200000,2,39,1,168688,0,0
8955,A,800000,500000,4,50,1,6508,23438,0
8956,A,1300000,1300000,2,45,1,42494,0,0
8957,A,600000,600000,2,45,1,49878,24435,0
8958,A,1300000,500000,7,58,1,31305,12113,0
8959,A,1300000,1300000,12,64,0,7842,0,0
8960,R,1200000,1200000,2,42,1,2900,0,0
8961,A,900000,900000,2,37,0,4594,9398,0
8962,A,900000,900000,10,40,0,63635,33849,0
8963,A,700000,700000,2,57,1,523,0,0
8964,A,800000,800000,1,63,0,,0,0
8965,A,600000,600000,2,42,1,56459,0,0
8966,A,1300000,300000,4,55,1,312939,0,0
8967,R,800000,800000,2,61,1,307911,0,0
8968,B,800000,800000,2,49,0,22321,0,0
8969,A,1300000,1300000,2,42,1,14850,0,0
8970,A,1300000,1300000,2,47,1,100200,8455,0
8971,A,700000,300000,5,48,1,6227,0,0
8972,A,1300000,1200000,13,68,0,626925,0,0
8973,A,1300000,1200000,13,68,0,,0,0
8974,B,800000,800000,3,54,1,6440,0,0
8975,A,800000,800000,4,61,1,41220,0,0
8976,B,800000,800000,8,74,1,1653,0,0
8977,A,800000,800000,4,71,1,590,0,0
8978,A,1300000,1300000,2,54,1,15696,16935,0
8979,A,700000,700000,2,28,1,58835,4646,0
8980,A,700000,700000,2,23,0,57746,0,0
8981,A,700000,700000,2,23,0,152805,0,0
8982,A,700000,700000,2,23,0,,0,0
8983,A,700000,700000,2,23,0,,0,0
8984,A,800000,300000,7,56,1,7600,0,0
8985,A,1300000,1300000,2,39,1,284251,0,0
8986,A,800000,800000,2,41,0,14355,0,0
8987,A,1000000,1000000,2,45,1,,9167,0
8988,R,800000,800000,4,58,1,,0,0
8989,A,800000,800000,4,58,1,37640,24182,0
8990,A,800000,800000,4,62,1,19039,988,0
8991,A,800000,800000,5,60,1,25055,0,0
8992,A,800000,800000,3,45,1,24765,35978,0
8993,A,700000,700000,7,47,1,13860,13680,0
8994,A,800000,800000,2,50,1,9405,0,0
8995,A,700000,700000,2,49,1,6320,0,0
8996,A,800000,800000,2,53,0,,27674,0
8997,B,1300000,1300000,2,36,0,34270,0,0
8998,B,800000,800000,2,45,1,67337,0,0
8999,A,800000,800000,2,41,0,46728,0,0
9000,A,800000,300000,7,42,1,,0,0
9001,A,1300000,1300000,5,57,1,10260,122360,0
9002,R,1800000,1800000,5,55,1,201343,0,0
9003,A,700000,700000,3,46,0,534670,19782,0
9004,B,1300000,1300000,3,34,0,16000,0,0
9005,R,1100000,300000,7,53,1,23554,0,0
9006,R,1300000,1300000,3,54,1,117185,0,0
9007,A,800000,300000,7,57,1,,0,0
9008,B,1000000,1000000,8,82,0,131566,0,0
9009,A,1300000,1300000,1,52,0,29844,8425,0
9010,A,700000,700000,2,39,0,12304,12546,0
9011,A,800000,800000,5,56,1,35138,0,0
9012,A,800000,800000,2,41,1,2979,20264,0
9013,A,800000,800000,8,64,1,14729,3424,0
9014,A,1200000,400000,7,46,1,383065,0,0
9015,A,1000000,1000000,2,34,0,70021,18506,0
9016,A,1300000,300000,4,46,1,39616,0,0
9017,A,1200000,1200000,2,29,1,130973,0,0
9018,B,1200000,1200000,2,42,0,152190,0,0
9019,A,1100000,1100000,1,46,1,110860,15770,0
9020,R,1300000,1300000,2,36,1,9345,0,0
9021,A,600000,600000,2,33,1,20547,0,0
9022,R,800000,800000,2,39,1,4767,0,0
9023,A,800000,800000,11,67,1,5505,0,0
9024,A,1800000,1800000,3,48,1,136702,13132,0
9025,A,1800000,1800000,2,54,1,182258,0,0
9026,B,800000,800000,2,34,1,67286,0,0
9027,A,700000,700000,2,33,0,,0,0
9028,A,800000,800000,2,34,1,,0,0
9029,A,700000,500000,7,50,1,44225,12322,0
9030,B,800000,800000,2,53,1,19380,0,0
9031,A,600000,600000,2,36,1,,53437,0
9032,B,800000,500000,2,34,1,573,0,0
9033,A,800000,300000,4,72,1,3476,2613,0
9034,A,800000,800000,4,56,1,27667,7505,0
9035,R,900000,900000,4,58,1,21000,0,0
9036,A,800000,800000,7,55,1,2004,0,0
9037,A,1300000,1300000,3,29,1,0,0,0
9038,A,600000,600000,2,54,1,,0,0
9039,A,200000,200000,2,35,0,10546,0,0
9040,R,300000,300000,7,51,1,,25252,0
9041,A,700000,700000,1,48,1,,9595,0
9042,A,800000,800000,4,52,1,34777,0,0
9043,A,1100000,300000,8,83,1,,0,0
9044,A,1300000,1300000,2,46,0,666627,0,0
9045,A,1300000,1300000,2,50,0,61407,83695,0
9046,A,800000,300000,7,40,1,22893,44231,0
9047,A,1200000,1200000,2,35,1,87761,18383,0
9048,R,800000,800000,2,51,0,73891,0,0
9049,A,1200000,1200000,2,30,1,117365,0,0
9050,A,600000,600000,1,78,0,,35625,0
9051,B,800000,300000,7,71,1,6252,0,0
9052,A,800000,300000,11,32,1,63897,0,0
9053,R,800000,800000,2,35,1,12668,0,0
9054,A,1300000,1300000,2,50,0,,33013,0
9055,R,1300000,1300000,2,40,1,91584,0,0
9056,R,1300000,1300000,2,40,1,,0,0
9057,B,800000,800000,2,30,1,65944,0,0
9058,A,1300000,1100000,2,33,0,48687,0,0
9059,A,600000,600000,2,44,1,47556,56525,0
9060,B,600000,600000,7,62,1,38312,0,0
9061,A,800000,300000,8,74,1,5295,8978,0
9062,R,1300000,1300000,2,43,1,44036,0,0
9063,A,1300000,1300000,2,52,1,147844,40698,0
9064,A,500000,500000,2,28,1,49794,0,0
9065,B,700000,700000,2,30,1,27721,0,0
9066,A,1300000,1300000,2,33,1,114676,99422,0
9067,A,700000,700000,2,35,1,,63840,0
9068,A,700000,700000,2,29,1,32994,38760,0
9069,A,1500000,1500000,2,55,1,15675,132810,0
9070,A,1800000,1800000,3,53,1,206546,24319,0
9071,A,500000,0,1,62,1,311755,64363,0
9072,A,700000,700000,2,52,1,,47016,0
9073,A,900000,900000,7,32,1,58984,12844,0
9074,A,200000,200000,2,27,0,186930,92891,0
9075,A,800000,300000,7,54,1,0,0,0
9076,A,200000,200000,2,31,0,30696,0,0
9077,B,800000,800000,7,58,1,18706,0,0
9078,R,800000,800000,1,45,0,51490,0,0
9079,A,1200000,1200000,5,62,0,278886,0,0
9080,A,1000000,800000,2,48,0,5000,0,0
9081,A,600000,600000,2,40,1,27786,0,0
9082,R,700000,700000,2,32,1,81118,0,0
9083,A,700000,700000,2,44,1,14374,0,0
9084,A,900000,900000,2,38,1,209269,0,0
9085,A,700000,700000,2,26,1,,0,0
9086,A,1300000,1300000,2,50,1,488676,0,0
9087,A,800000,800000,2,45,1,79143,0,0
9088,A,1300000,1300000,2,53,1,46832,0,0
9089,A,600000,600000,2,28,1,17820,0,0
9090,A,700000,700000,2,28,1,18073,25593,0
9091,A,600000,600000,2,28,1,67650,21399,0
9092,R,800000,800000,2,40,1,21517,0,0
9093,A,800000,800000,2,32,1,9331,6808,0
9094,B,800000,800000,2,33,1,45676,0,0
9095,A,800000,800000,2,35,0,1406,0,0
9096,A,800000,800000,2,54,1,86441,0,0
9097,A,1300000,1300000,2,56,1,,79620,0
9098,A,500000,500000,2,27,1,575714,67416,0
9099,A,800000,800000,3,26,1,17725,0,0
9100,R,1200000,1200000,2,36,1,26193,0,0
9101,R,700000,300000,2,25,1,33062,0,0
9102,A,700000,300000,4,51,1,16084,5947,0
9103,A,600000,600000,3,28,1,27362,24008,0
9104,A,400000,400000,13,25,1,,5849,0
9105,B,1100000,1100000,2,28,1,122150,0,0
9106,B,600000,600000,2,28,1,114419,0,0
9107,A,500000,500000,2,59,1,65632,0,0
9108,R,800000,800000,3,54,1,12299,0,0
9109,A,1100000,1100000,2,40,1,82233,0,0
9110,A,800000,800000,2,27,1,33449,0,0
9111,B,800000,800000,4,63,1,68998,0,0
9112,A,1300000,1300000,3,30,1,25392,6779,0
9113,A,1300000,1300000,2,32,1,126952,721,0
9114,R,200000,200000,2,55,1,4747,0,0
9115,A,1300000,1300000,2,59,1,107184,49576,0
9116,A,800000,500000,7,71,1,39963,0,0
9117,A,700000,700000,8,77,1,19779,25726,0
9118,A,800000,800000,2,33,1,53169,11735,0
9119,A,1300000,300000,7,61,1,361,715,0
9120,A,1200000,1200000,7,46,1,22574,0,0
9121,A,1300000,1300000,2,56,1,,41263,0
9122,A,600000,600000,2,52,1,306033,0,0
9123,R,800000,800000,2,33,1,18607,0,0
9124,A,600000,600000,2,44,1,,9500,0
9125,R,800000,300000,4,67,1,33080,0,0
9126,A,200000,200000,2,49,1,29490,23041,0
9127,A,1100000,300000,7,63,1,45185,328,0
9128,A,800000,300000,7,54,1,4423,3762,0
9129,A,800000,800000,4,54,1,,0,0
9130,B,1300000,1300000,4,46,1,43658,0,0
9131,A,1300000,1300000,4,63,1,44267,0,0
9132,A,1000000,1000000,2,60,1,17248,0,0
9133,A,1100000,1100000,2,36,0,202974,0,0
9134,A,1100000,1100000,2,36,0,,0,0
9135,A,1100000,300000,7,50,1,76618,82692,0
9136,A,700000,700000,5,68,1,20520,4587,0
9137,A,1200000,1200000,2,63,1,502589,13947,0
9138,A,500000,500000,2,29,0,63083,4057,0
9139,A,600000,600000,8,79,0,13258,4966,0
9140,A,800000,300000,8,79,1,16920,4384,0
9141,A,800000,800000,3,71,0,7064,7192,0
9142,A,900000,900000,7,60,1,32839,29602,0
9143,A,500000,300000,11,21,1,17325,30534,0
9144,A,1100000,300000,6,33,1,33468,18810,0
9145,A,1200000,1200000,2,35,1,170376,0,0
9146,B,1100000,300000,2,63,1,118257,0,0
9147,R,600000,600000,2,42,1,7002,0,0
9148,A,1500000,300000,7,50,1,130960,0,0
9149,A,1300000,1300000,2,59,1,32840,0,0
9150,B,1300000,300000,4,62,1,42019,0,0
9151,A,1200000,1200000,2,44,1,61131,0,0
9152,B,800000,200000,7,21,1,233574,0,0
9153,A,400000,400000,2,51,1,374591,0,0
9154,R,1300000,1300000,8,80,0,132883,0,0
9155,A,1800000,1800000,2,56,1,103013,0,0
9156,A,1100000,300000,6,24,1,97894,0,0
9157,A,1100000,1100000,5,67,1,23659,0,0
9158,B,600000,300000,4,52,1,95987,0,0
9159,A,200000,200000,6,20,1,46187,0,0
9160,A,600000,300000,6,25,0,,0,0
9161,R,600000,600000,2,32,1,18163,0,0
9162,A,1300000,1300000,4,35,1,135138,0,0
9163,A,200000,200000,6,24,1,8169,0,0
9164,A,600000,600000,2,27,1,179999,2128,0
9165,A,1100000,300000,6,25,1,181440,0,0
9166,R,1000000,1000000,2,36,0,21642,0,0
9167,R,800000,800000,3,51,0,,0,0
9168,A,800000,800000,1,58,1,261309,0,0
9169,B,1500000,1500000,2,39,0,306394,0,0
9170,A,600000,600000,2,28,1,1443,0,0
9171,R,1000000,1000000,2,42,1,209648,0,0
9172,R,800000,800000,2,30,1,18014,0,0
9173,A,1300000,300000,4,45,1,,75392,0
9174,A,1100000,1100000,2,29,1,483502,29837,0
9175,B,1000000,1000000,2,32,1,61825,13167,0
9176,A,900000,900000,2,34,1,31934,11156,0
9177,A,1300000,1300000,2,36,0,28526,17024,0
9178,A,400000,300000,6,24,1,121522,33060,0
9179,A,600000,600000,2,32,1,,40337,0
9180,A,200000,200000,2,24,0,175948,92875,0
9181,A,1300000,1300000,2,43,0,56841,27389,0
9182,A,1200000,300000,6,24,1,16720,60167,0
9183,A,1300000,1300000,3,51,1,0,15979,0
9184,A,1200000,1200000,2,35,1,61552,33440,0
9185,A,500000,300000,6,22,0,17820,86220,0
9186,A,600000,300000,6,24,0,,57570,0
9187,A,700000,700000,2,29,1,46290,25175,0
9188,A,500000,300000,6,24,1,0,28310,0
9189,A,1300000,1300000,2,25,1,15671,0,0
9190,A,800000,800000,2,25,1,40372,51557,0
9191,A,1700000,1700000,2,30,1,42926,48554,0
9192,A,1800000,1800000,2,32,1,148273,29887,0
9193,A,600000,600000,2,28,1,111191,0,0
9194,A,800000,800000,2,62,1,0,6918,0
9195,A,700000,700000,2,29,1,0,62168,0
9196,A,500000,500000,2,25,1,,10137,0
9197,A,1200000,1100000,2,29,1,63220,9500,0
9198,A,700000,300000,7,55,1,,12825,0
9199,A,800000,400000,7,59,1,44193,15060,0
9200,A,800000,800000,2,61,1,73300,5948,0
9201,A,1000000,1000000,2,61,0,34100,37402,0
9202,A,200000,200000,2,31,1,,16502,0
9203,A,500000,300000,7,51,1,36157,10450,0
9204,A,800000,800000,4,49,1,19581,14307,0
9205,A,700000,700000,2,32,0,218230,2964,0
9206,A,1000000,1000000,2,48,1,12129,17860,0
9207,A,800000,800000,2,58,0,18000,2612,0
9208,A,800000,800000,1,57,1,,55444,0
9209,A,400000,400000,13,27,1,33066,138533,0
9210,A,800000,300000,4,52,1,,52345,0
9211,A,700000,700000,2,26,1,,24235,0
9212,A,1100000,300000,6,24,1,68665,22772,0
9213,A,200000,200000,6,20,1,110867,0,0
9214,R,1200000,1200000,2,48,1,90332,0,0
9215,R,1100000,300000,6,23,1,10780,0,0
9216,B,1000000,1000000,2,28,1,16616,0,0
9217,A,500000,500000,13,26,1,22106,0,0
9218,B,800000,800000,2,39,1,33703,0,0
9219,B,1000000,1000000,2,35,1,,0,0
9220,B,800000,800000,2,51,1,111092,0,0
9221,A,1300000,1300000,2,26,0,132890,0,0
9222,A,200000,200000,6,20,1,,0,0
9223,A,1200000,1200000,6,26,1,110585,0,0
9224,R,200000,200000,6,22,1,,0,0
9225,A,700000,700000,7,42,1,,0,0
9226,A,1100000,300000,8,71,1,84754,0,0
9227,A,700000,700000,2,45,0,32670,0,0
9228,R,1100000,1100000,2,32,1,118621,0,0
9229,A,600000,600000,10,45,1,75942,0,0
9230,R,700000,700000,2,24,1,18624,0,0
9231,A,1300000,800000,2,27,1,137870,0,0
9232,A,1000000,300000,6,21,0,37934,0,0
9233,B,700000,200000,6,24,1,35283,0,0
9234,A,1300000,900000,2,33,1,125079,0,0
9235,R,200000,200000,6,20,1,3300,0,0
9236,B,1000000,300000,6,24,1,145211,0,0
9237,A,200000,200000,6,19,0,61302,0,0
9238,B,800000,800000,2,48,1,,0,0
9239,R,1200000,300000,7,57,1,3652,0,0
9240,R,700000,700000,2,39,1,20000,1378,0
9241,A,600000,300000,8,90,1,44916,13035,0
9242,A,1300000,300000,7,31,1,215260,9100,0
9243,A,800000,800000,4,45,1,52274,9174,0
9244,A,200000,200000,6,19,1,216936,8596,0
9245,A,400000,300000,8,79,1,7977,4731,0
9246,A,1000000,1000000,13,64,1,16604,1347,0
9247,A,800000,300000,7,60,1,17858,5519,0
9248,A,1200000,1200000,2,46,1,170612,0,0
9249,B,500000,500000,2,26,1,20197,0,0
9250,A,700000,700000,5,43,0,41076,0,0
9251,B,500000,300000,4,48,1,17707,0,0
9252,R,700000,700000,8,69,0,26100,0,0
9253,R,700000,700000,8,80,1,9035,0,0
9254,B,1000000,1000000,2,27,1,105744,0,0
9255,B,800000,800000,2,60,1,58133,0,0
9256,B,600000,300000,7,57,1,23545,0,0
9257,A,1000000,300000,6,25,1,112242,0,0
9258,B,800000,800000,2,56,1,1058,0,0
9259,B,700000,300000,6,23,1,12432,0,0
9260,B,1200000,1200000,4,53,1,92975,0,0
9261,B,600000,600000,2,53,1,61471,0,0
9262,A,1200000,1200000,4,57,1,16407,0,0
9263,A,1300000,1000000,2,67,0,237438,0,0
9264,R,200000,200000,6,24,0,177230,0,0
9265,R,1000000,300000,6,24,1,260623,0,0
9266,B,1200000,600000,7,61,1,57148,0,0
9267,R,800000,800000,2,30,0,20302,0,0
9268,A,1300000,1300000,2,36,0,79262,0,0
9269,A,1300000,1300000,4,57,1,165246,0,0
9270,A,1200000,1200000,2,58,1,52459,0,0
9271,A,800000,800000,2,45,1,673044,0,0
9272,A,1300000,1300000,2,44,1,78640,0,0
9273,R,1300000,1300000,2,29,1,147084,0,0
9274,A,1300000,1300000,2,39,1,406038,82800,0
9275,A,700000,700000,2,31,0,6260,59565,0
9276,A,600000,600000,2,31,0,526207,54357,0
9277,A,600000,300000,6,28,0,,3753,0
9278,A,800000,800000,2,31,1,3096,105276,0
9279,A,1000000,1000000,4,66,1,154515,12531,0
9280,A,500000,500000,2,35,1,8769,31680,0
9281,A,800000,800000,2,61,1,12217,2233,0
9282,A,1000000,1000000,3,43,1,77571,77324,0
9283,A,1300000,300000,2,49,1,93812,139269,0
9284,A,600000,600000,10,27,1,,0,0
9285,A,1200000,1200000,2,51,1,70273,11623,0
9286,A,800000,800000,2,39,1,2808,9977,0
9287,B,600000,600000,2,24,1,,27892,0
9288,A,800000,800000,2,43,1,,31540,0
9289,B,500000,500000,5,38,1,,0,0
9290,B,1700000,1700000,2,41,1,133587,0,0
9291,B,1200000,1200000,2,39,1,88140,0,0
9292,B,1800000,1800000,2,51,1,149745,0,0
9293,B,1300000,300000,4,56,1,69569,0,0
9294,B,700000,500000,7,57,1,44472,0,0
9295,R,200000,200000,6,20,1,36082,0,0
9296,A,800000,800000,2,38,0,11195,0,0
9297,A,700000,700000,2,25,1,98882,0,0
9298,R,1300000,300000,4,39,1,452652,0,0
9299,R,1300000,300000,4,39,1,,0,0
9300,A,800000,800000,2,31,1,92800,0,0
9301,B,1100000,1100000,3,30,1,40309,0,0
9302,R,600000,300000,4,40,1,0,0,0
9303,A,1200000,300000,7,59,1,568564,0,0
9304,B,700000,700000,2,33,1,44451,0,0
9305,B,500000,500000,2,30,1,13272,0,0
9306,A,700000,700000,2,31,1,,0,0
9307,A,1000000,300000,6,21,1,41066,0,0
9308,B,800000,800000,2,56,1,0,0,0
9309,A,1100000,300000,7,45,1,13143,0,0
9310,A,700000,300000,7,59,1,,0,0
9311,B,600000,600000,2,28,1,45365,0,0
9312,R,800000,800000,4,32,1,,0,0
9313,B,1000000,300000,6,24,1,237205,0,0
9314,B,500000,500000,2,24,1,13716,0,0
9315,R,800000,800000,2,32,1,12125,0,0
9316,A,900000,300000,6,22,1,337020,0,0
9317,A,1200000,1200000,2,36,0,51971,0,0
9318,A,800000,300000,2,54,1,5491,190000,0
9319,A,600000,300000,7,27,0,,36984,0
9320,A,500000,500000,2,26,1,,103140,0
9321,A,1200000,1200000,2,31,1,216273,119588,0
9322,A,500000,500000,2,43,0,,80560,0
9323,A,800000,300000,7,51,1,71357,12426,0
9324,A,1500000,1300000,2,34,1,662620,188100,0
9325,A,1200000,1200000,2,31,1,94212,61590,0
9326,A,800000,800000,3,55,1,15425,112955,0
9327,A,800000,800000,2,31,1,101223,10836,0
9328,A,700000,700000,2,57,1,42833,0,0
9329,B,1000000,1000000,10,66,0,26114,0,0
9330,A,700000,700000,2,30,1,16720,0,0
9331,R,800000,800000,2,43,1,,0,0
9332,R,800000,800000,2,35,1,13805,0,0
9333,R,1100000,300000,6,24,1,14158,0,0
9334,B,500000,500000,2,57,1,77279,0,0
9335,A,800000,700000,2,50,1,64268,0,0
9336,A,600000,300000,7,51,1,0,0,0
9337,A,800000,800000,2,64,1,29494,0,0
9338,A,200000,200000,6,23,0,111648,0,0
9339,A,1200000,1200000,2,31,1,33289,0,0
9340,B,1500000,1500000,2,26,1,120304,0,0
9341,R,800000,800000,2,50,1,2598,0,0
9342,R,1100000,1100000,2,29,1,35855,0,0
9343,B,1000000,300000,6,25,0,141521,0,0
9344,A,600000,300000,6,22,1,74034,0,0
9345,A,600000,600000,2,26,0,59661,0,0
9346,B,600000,600000,2,31,0,72128,0,0
9347,R,1200000,1200000,3,28,1,146860,0,0
9348,A,1000000,1000000,2,54,0,6066,0,0
9349,R,1200000,1200000,2,39,1,112066,0,0
9350,R,1200000,1200000,2,36,1,,0,0
9351,A,1300000,1300000,10,42,0,668800,80560,0
9352,A,1300000,1300000,10,42,0,,80560,0
9353,A,800000,800000,2,33,1,25865,7306,0
9354,A,1100000,800000,2,25,1,343054,0,0
9355,A,1300000,1300000,2,37,0,31500,88920,0
9356,A,1200000,1200000,2,31,0,22044,1463,0
9357,A,1300000,1300000,2,28,1,4499,0,0
9358,A,1000000,1000000,2,67,0,91110,2125,0
9359,A,800000,800000,2,28,0,127846,0,0
9360,A,800000,800000,2,36,0,17687,0,0
9361,A,800000,800000,2,40,1,32981,0,0
9362,B,1300000,1300000,3,53,1,287222,0,0
9363,A,700000,700000,3,24,1,19459,36670,0
9364,A,800000,800000,2,37,1,38770,0,0
9365,A,700000,700000,2,33,1,30507,0,0
9366,R,700000,700000,2,26,1,68512,0,0
9367,A,200000,200000,2,39,1,38595,7676,0
9368,A,500000,300000,7,36,1,24627,102505,0
9369,A,800000,800000,2,62,0,,190000,0
9370,A,500000,500000,2,59,1,,76751,0
9371,A,400000,400000,2,32,1,103496,21404,0
9372,A,700000,200000,6,21,1,180093,8360,0
9373,A,200000,200000,6,21,1,39439,0,0
9374,A,1200000,1200000,2,24,1,0,0,0
9375,A,700000,700000,2,32,0,1478,2356,0
9376,A,200000,200000,2,34,1,22254,47131,0
9377,A,800000,800000,2,41,1,,164555,0
9378,A,400000,400000,3,25,1,45865,21072,0
9379,A,1300000,1300000,2,55,1,142072,31509,0
9380,A,1300000,500000,2,27,1,,7619,0
9381,A,800000,300000,6,22,1,0,97584,0
9382,A,600000,600000,2,25,1,2843,34085,0
9383,A,1000000,1000000,2,50,1,30873,49181,0
9384,A,1300000,1300000,3,28,1,9669,56107,0
9385,A,400000,300000,2,20,1,7425,4703,0
9386,A,500000,500000,2,29,1,,41800,0
9387,A,600000,600000,4,54,1,36336,26618,0
9388,A,800000,300000,4,58,1,28693,3753,0
9389,A,1300000,1300000,1,51,1,37114,40009,0
9390,A,700000,500000,2,52,1,8712,8978,0
9391,A,500000,500000,2,26,1,,5738,0
9392,A,600000,600000,3,25,1,0,15511,0
9393,A,1300000,300000,4,57,1,13933,10347,0
9394,A,600000,300000,6,25,1,,2624,0
9395,A,1200000,1200000,2,31,1,1516,37914,0
9396,A,900000,900000,2,27,1,103232,6423,0
9397,A,600000,300000,6,23,1,5692,8999,0
9398,A,1000000,1000000,2,41,0,,27682,0
9399,A,200000,200000,2,28,1,0,27430,0
9400,A,1300000,1300000,2,44,0,25498,23315,0
9401,A,700000,700000,2,28,1,941,28729,0
9402,A,800000,800000,2,62,1,26703,5691,0
9403,A,600000,600000,2,25,1,13614,0,0
9404,A,800000,800000,2,24,1,41171,55297,0
9405,A,300000,300000,2,25,0,,37620,0
9406,A,400000,300000,2,23,1,46896,16093,0
9407,A,1300000,1300000,2,54,1,80132,21945,0
9408,A,1000000,1000000,2,29,1,13697,22876,0
9409,A,800000,800000,2,29,1,,190000,0
9410,A,200000,200000,7,47,1,76440,1398,0
9411,A,1100000,1100000,2,43,1,65056,7201,0
9412,A,600000,300000,6,23,1,50941,371,0
9413,A,600000,300000,6,23,1,,371,0
9414,A,600000,600000,2,28,1,10747,81799,0
9415,A,1000000,1000000,2,24,1,117451,0,0
9416,A,700000,700000,2,28,1,0,5444,0
9417,A,1200000,300000,6,25,1,0,0,0
9418,A,1300000,300000,13,63,1,11197,22446,0
9419,A,1300000,1300000,2,36,1,80556,0,0
9420,A,800000,800000,4,55,1,0,0,0
9421,B,800000,800000,1,61,1,16443,0,0
9422,R,700000,200000,6,24,1,266551,0,0
9423,B,1200000,1200000,2,24,1,197916,0,0
9424,A,1200000,1200000,2,30,1,13737,0,0
9425,A,500000,500000,2,25,1,178800,0,0
9426,R,800000,800000,2,32,1,22082,0,0
9427,A,500000,500000,2,31,1,36551,0,0
9428,A,800000,800000,2,48,1,51480,0,0
9429,R,800000,800000,2,55,1,9554,0,0
9430,A,200000,200000,6,23,1,21430,0,0
9431,A,800000,800000,4,48,1,,0,0
9432,B,700000,700000,12,54,1,49561,0,0
9433,A,700000,700000,7,32,1,52162,0,0
9434,R,800000,300000,4,59,1,0,0,0
9435,A,1200000,1200000,2,25,1,169182,0,0
9436,R,200000,200000,6,24,1,33761,0,0
9437,A,1000000,300000,6,24,1,189802,0,0
9438,B,700000,700000,2,36,1,296867,0,0
9439,B,1200000,1200000,2,26,1,11813,0,0
9440,A,500000,500000,11,27,1,,0,0
9441,A,500000,500000,11,27,1,,0,0
9442,R,1100000,1100000,10,27,1,56726,0,0
9443,R,1700000,1300000,7,60,1,212457,0,0
9444,A,1100000,700000,2,53,1,10308,0,0
9445,B,800000,300000,4,60,1,18858,0,0
9446,A,1200000,1200000,2,24,1,696182,0,0
9447,A,400000,300000,6,22,1,2970,0,0
9448,B,1200000,1200000,2,37,0,611130,0,0
9449,A,600000,600000,2,36,1,92170,0,0
9450,A,200000,200000,2,33,1,,0,0
9451,A,1300000,1300000,10,30,1,74857,0,0
9452,B,1000000,1000000,2,35,1,211753,0,0
9453,A,1000000,1000000,2,34,1,,0,0
9454,R,1200000,1200000,2,29,1,5500,0,0
9455,B,1300000,1300000,2,34,1,45563,0,0
9456,A,1300000,1300000,2,30,1,509846,0,0
9457,R,1300000,1200000,2,48,1,208843,0,0
9458,A,1100000,1100000,2,28,1,164507,0,0
9459,A,300000,300000,2,25,1,,98325,0
9460,A,800000,800000,4,65,1,2850,22477,0
9461,R,800000,800000,2,51,1,86143,0,0
9462,A,200000,200000,6,22,1,93838,17503,0
9463,A,600000,600000,2,38,1,1544,36670,0
9464,A,300000,300000,4,34,1,40038,18003,0
9465,A,200000,200000,2,25,1,30250,24587,0
9466,A,1300000,1300000,2,55,1,59645,23096,0
9467,A,600000,600000,2,26,1,4552,115986,0
9468,A,1200000,1200000,2,29,1,41774,4503,0
9469,A,800000,300000,6,23,1,28813,127300,0
9470,A,1000000,300000,6,24,0,317570,33431,0
9471,A,1100000,1100000,2,25,1,80583,24057,0
9472,A,300000,300000,2,21,1,234591,3017,0
9473,A,1100000,1100000,2,39,1,118547,24566,0
9474,A,1000000,1000000,2,48,1,157509,36670,0
9475,A,800000,800000,2,26,1,6438,13120,0
9476,A,900000,300000,6,22,1,102092,41833,0
9477,A,200000,200000,6,19,1,74791,19478,0
9478,A,1300000,1300000,4,63,1,85874,18532,0
9479,A,500000,300000,6,21,1,,18235,0
9480,A,1200000,1200000,2,38,1,251716,0,0
9481,A,1300000,1300000,3,28,1,61439,10336,0
9482,A,1200000,300000,1,45,1,42480,9511,0
9483,A,1800000,1800000,3,31,0,307689,59451,0
9484,A,1700000,1700000,2,32,1,69695,9918,0
9485,A,800000,800000,2,24,0,345498,59492,0
9486,A,800000,800000,2,38,1,,9945,0
9487,A,200000,200000,6,21,1,96070,16289,0
9488,A,1100000,500000,2,46,1,106471,0,0
9489,R,1300000,1300000,2,47,1,97180,3673,0
9490,B,1100000,300000,6,24,1,50871,9778,0
9491,A,700000,700000,2,29,0,108484,13167,0
9492,B,1300000,1300000,3,47,0,,165825,0
9493,A,200000,200000,2,23,1,230025,11590,0
9494,A,200000,200000,13,65,1,178581,124664,0
9495,A,800000,500000,7,27,1,69780,26334,0
9496,A,200000,200000,6,20,1,137714,8057,0
9497,A,200000,200000,2,25,1,120487,31714,0
9498,A,800000,800000,2,49,1,,48165,0
9499,A,400000,400000,2,23,1,,12160,0
9500,A,1000000,900000,2,25,1,50176,19304,0
9501,A,200000,200000,6,20,1,20128,22458,0
9502,A,200000,200000,6,21,1,2145,6156,0
9503,A,600000,600000,3,28,1,31399,19846,0
9504,A,1100000,1100000,2,29,0,76185,31657,0
9505,A,500000,500000,4,65,1,8914,5846,0
9506,A,800000,300000,7,56,1,11350,37611,0
9507,A,1000000,300000,6,23,1,90613,2394,0
9508,A,500000,500000,2,35,1,187121,138558,0
9509,A,500000,300000,6,24,1,10380,10706,0
9510,A,200000,200000,6,24,1,58577,8522,0
9511,A,1100000,300000,7,28,1,96276,1479,0
9512,A,1100000,1100000,2,26,1,154734,17672,0
9513,A,400000,300000,7,33,1,42988,18824,0
9514,A,1300000,1300000,2,55,1,26906,50232,0
9515,B,1200000,500000,2,46,1,279313,0,0
9516,A,500000,500000,2,40,0,,0,0
9517,A,800000,800000,2,49,1,,0,0
9518,R,800000,800000,3,28,1,,0,0
9519,R,700000,700000,2,27,1,,0,0
9520,R,800000,800000,7,37,1,8389,0,0
9521,A,200000,200000,6,20,1,213815,0,0
9522,B,600000,600000,2,30,1,143925,0,0
9523,A,1000000,500000,7,53,1,2722,0,0
9524,A,500000,400000,2,26,1,2857,0,0
9525,A,600000,300000,6,23,0,4000,0,0
9526,A,600000,300000,6,23,0,60879,0,0
9527,R,800000,300000,7,53,1,,0,0
9528,R,1000000,500000,2,23,1,12701,0,0
9529,A,800000,800000,2,30,1,71825,0,0
9530,R,800000,800000,2,48,1,19729,0,0
9531,B,1000000,1000000,2,29,1,70921,0,0
9532,A,1100000,1100000,3,35,1,,0,0
9533,A,800000,800000,2,34,1,,0,0
9534,B,700000,200000,6,22,1,103572,0,0
9535,A,700000,700000,12,48,1,,0,0
9536,B,1200000,1200000,2,27,1,204856,0,0
9537,A,1500000,1100000,2,47,1,106362,0,0
9538,A,200000,200000,2,25,1,0,0,0
9539,A,200000,200000,2,25,1,,0,0
9540,B,700000,700000,2,27,1,44346,0,0
9541,B,1700000,1700000,2,26,1,622755,0,0
9542,B,700000,700000,3,28,1,42132,0,0
9543,B,1000000,1000000,1,58,0,,0,0
9544,A,600000,300000,4,71,1,741,0,0
9545,R,1300000,1300000,2,28,1,172836,0,0
9546,A,1000000,1000000,6,23,1,271034,0,0
9547,A,200000,200000,8,86,0,15955,0,0
9548,A,1100000,1100000,3,29,1,313768,0,0
9549,A,800000,300000,11,28,1,68852,0,0
9550,R,600000,600000,5,36,1,42130,0,0
9551,A,1000000,300000,6,23,1,41556,0,0
9552,A,1000000,300000,6,23,1,,0,0
9553,A,800000,800000,2,42,1,35840,0,0
9554,A,700000,300000,7,57,1,9119,0,0
9555,A,1100000,1100000,2,31,1,110556,0,0
9556,A,200000,200000,6,22,1,25601,0,0
9557,A,200000,200000,6,20,1,18898,0,0
9558,R,1000000,300000,6,22,1,194879,0,0
9559,A,600000,300000,6,25,1,,0,0
9560,B,1200000,1200000,2,29,1,292879,0,0
9561,A,700000,300000,7,58,1,23265,0,0
9562,A,200000,200000,6,19,1,105298,0,0
9563,A,1100000,1100000,3,49,1,,0,0
9564,A,800000,800000,5,55,1,,0,0
9565,B,200000,200000,6,20,1,,0,0
9566,A,200000,200000,2,25,1,124220,0,0
9567,A,800000,800000,2,24,1,155363,0,0
9568,R,1800000,1800000,4,64,1,187544,0,0
9569,R,1300000,1300000,2,28,1,81000,0,0
9570,A,1100000,1100000,2,34,0,50494,0,0
9571,R,1200000,1100000,2,25,1,211404,0,0
9572,B,800000,300000,4,53,1,,0,0
9573,R,600000,300000,6,24,1,72400,0,0
9574,R,600000,600000,2,28,0,38685,0,0
9575,A,1000000,1000000,2,25,1,34288,0,0
9576,R,800000,800000,8,72,1,184590,0,0
9577,B,800000,300000,7,57,1,25978,0,0
9578,R,200000,200000,6,24,1,43602,0,0
9579,A,900000,300000,6,28,0,124418,0,0
9580,R,700000,300000,7,37,1,,0,0
9581,A,1000000,1000000,2,61,1,2472,0,0
9582,A,800000,800000,2,62,1,20196,0,0
9583,A,1100000,900000,2,23,1,267376,0,0
9584,A,1100000,1100000,5,61,1,0,0,0
9585,R,1000000,1000000,2,28,1,149082,0,0
9586,B,1100000,300000,6,24,1,12801,0,0
9587,R,1200000,300000,2,32,1,86959,0,0
9588,A,1100000,300000,6,25,1,16902,0,0
9589,A,500000,500000,2,28,1,,0,0
9590,A,500000,300000,6,24,1,627,0,0
9591,B,800000,800000,3,59,1,116285,0,0
9592,A,1000000,1000000,2,56,0,29721,0,0
9593,A,900000,900000,2,25,1,299672,836,0
9594,A,600000,600000,2,31,1,0,618,0
9595,A,1200000,400000,2,25,1,169930,21615,0
9596,A,800000,300000,12,62,1,16999,2029,0
9597,A,200000,200000,8,79,1,,27170,0
9598,A,200000,200000,7,56,1,,0,0
9599,A,1300000,1300000,2,54,1,16022,141837,0
9600,A,1100000,900000,2,26,1,33950,17262,0
9601,B,600000,600000,7,75,1,0,0,0
9602,A,200000,200000,6,19,1,103851,0,0
9603,B,700000,700000,2,24,1,7601,0,0
9604,A,1200000,1200000,2,58,1,75657,0,0
9605,B,600000,600000,2,27,0,41416,0,0
9606,R,1300000,1300000,2,36,0,142230,0,0
9607,A,500000,300000,6,24,0,21985,0,0
9608,R,600000,600000,4,60,1,198841,0,0
9609,B,1300000,300000,8,73,1,12533,0,0
9610,A,1300000,1300000,2,29,0,300941,0,0
9611,B,1300000,300000,7,47,1,83917,0,0
9612,A,1200000,1200000,3,27,1,479758,0,0
9613,A,1800000,900000,7,54,1,69325,0,0
9614,A,900000,900000,2,25,1,163486,0,0
9615,R,1300000,1300000,2,43,1,62270,0,0
9616,A,500000,500000,2,27,1,22321,0,0
9617,B,800000,800000,2,30,1,8250,0,0
9618,B,500000,300000,13,50,1,55143,0,0
9619,R,500000,500000,2,28,1,26953,0,0
9620,A,1200000,1200000,2,38,1,37110,0,0
9621,B,800000,800000,4,68,1,129690,0,0
9622,A,400000,400000,2,28,1,10102,0,0
9623,A,1300000,1000000,2,50,1,100095,0,0
9624,B,800000,800000,2,41,1,,0,0
9625,B,400000,400000,2,27,1,32918,0,0
9626,A,800000,800000,2,51,1,,0,0
9627,R,800000,800000,2,31,1,36600,0,0
9628,B,800000,800000,2,34,1,43511,0,0
9629,A,1100000,1100000,2,22,1,82740,0,0
9630,R,1300000,1300000,2,28,1,8263,0,0
9631,A,300000,300000,6,21,1,36914,0,0
9632,R,200000,200000,6,20,1,35664,0,0
9633,A,600000,600000,2,26,1,132534,0,0
9634,B,1000000,1000000,2,26,1,61359,0,0
9635,R,800000,300000,7,43,1,38214,0,0
9636,R,500000,200000,2,49,1,198872,0,0
9637,A,800000,800000,2,32,1,35956,0,0
9638,A,1700000,300000,7,50,1,59944,0,0
9639,B,800000,300000,7,54,1,10719,0,0
9640,B,1200000,200000,6,24,1,125392,0,0
9641,B,300000,300000,2,22,1,,0,0
9642,R,1800000,1800000,4,59,1,420860,0,0
9643,R,800000,800000,2,60,1,1425,0,0
9644,R,400000,400000,2,25,1,53257,0,0
9645,R,800000,800000,2,36,1,0,0,0
9646,A,1000000,300000,7,26,1,94614,0,0
9647,A,1200000,1200000,7,57,1,29642,0,0
9648,A,1300000,1300000,7,52,1,1683,0,0
9649,R,200000,200000,6,25,1,23854,0,0
9650,B,1600000,300000,7,51,1,253116,0,0
9651,A,700000,300000,6,23,1,0,0,0
9652,R,800000,800000,3,47,1,23978,0,0
9653,A,600000,600000,2,27,1,,0,0
9654,R,800000,800000,3,50,1,3031,0,0
9655,B,1000000,200000,6,19,1,240665,0,0
9656,R,800000,800000,2,28,1,27366,0,0
9657,A,500000,300000,6,24,1,2061,0,0
9658,R,500000,500000,7,70,1,45458,0,0
9659,A,300000,300000,2,41,0,5606,0,0
9660,B,1000000,300000,6,24,1,33468,0,0
9661,R,800000,800000,2,56,1,16940,0,0
9662,B,300000,300000,2,27,1,16092,0,0
9663,A,800000,300000,6,24,0,77940,0,0
9664,B,800000,800000,3,64,1,20023,0,0
9665,A,800000,800000,2,28,1,57494,0,0
9666,B,800000,800000,4,68,1,189313,0,0
9667,R,900000,900000,2,37,1,43568,0,0
9668,R,600000,600000,2,26,1,,0,0
9669,A,800000,800000,2,50,1,,0,0
9670,B,1300000,1300000,2,27,1,25850,0,0
9671,R,1300000,1300000,2,32,1,0,0,0
9672,B,1300000,1100000,3,61,1,53015,0,0
9673,B,600000,600000,2,28,1,126393,0,0
9674,A,1100000,1100000,2,34,1,77708,0,0
9675,A,1000000,1000000,2,24,1,82674,0,0
9676,B,1000000,200000,6,19,1,98966,0,0
9677,R,1200000,300000,6,24,1,62435,0,0
9678,B,1200000,1200000,2,27,1,198160,0,0
9679,A,700000,700000,2,35,1,21812,0,0
9680,R,1000000,300000,6,27,0,56430,0,0
9681,A,700000,700000,2,26,1,38480,0,0
9682,R,1200000,1200000,2,28,0,62473,0,0
9683,A,1000000,1000000,2,24,0,307231,0,0
9684,B,1100000,1100000,5,53,1,95051,0,0
9685,A,600000,600000,2,26,1,22122,0,0
9686,A,700000,300000,6,24,1,0,0,0
9687,A,1000000,300000,7,59,1,,0,0
9688,R,1100000,1100000,2,26,1,92609,0,0
9689,A,800000,300000,2,24,1,5140,0,0
9690,A,1000000,1000000,3,27,1,267389,0,0
9691,B,1300000,300000,6,25,1,66664,0,0
9692,B,600000,600000,2,44,1,6636,0,0
9693,R,600000,600000,2,25,0,0,0,0
9694,A,1000000,1000000,2,46,1,104263,0,0
9695,B,800000,800000,4,54,1,70187,0,0
9696,B,200000,200000,6,22,1,14939,0,0
9697,R,1300000,1300000,2,30,1,285603,0,0
9698,A,1300000,300000,6,25,1,88986,0,0
9699,A,600000,300000,11,28,1,19400,0,0
9700,B,700000,700000,2,30,1,20586,0,0
9701,B,1300000,300000,7,43,1,,0,0
9702,A,1200000,300000,6,24,1,41487,0,0
9703,A,900000,900000,2,29,0,90000,0,0
9704,B,1200000,1200000,2,30,1,14684,0,0
9705,A,200000,200000,6,22,1,39555,0,0
9706,A,1300000,1300000,2,44,1,61183,0,0
9707,B,1200000,200000,6,22,1,145404,0,0
9708,A,1000000,1000000,2,44,1,19338,0,0
9709,B,600000,600000,2,26,1,59887,0,0
9710,A,500000,500000,6,30,0,24750,0,0
9711,B,500000,500000,2,33,0,106832,0,0
9712,A,400000,400000,3,25,0,6697,0,0
9713,B,400000,400000,2,41,0,58659,0,0
9714,B,1200000,800000,2,26,1,10000,0,0
9715,R,500000,500000,2,35,1,28410,0,0
9716,R,1700000,1700000,3,54,1,323847,0,0
9717,A,200000,200000,6,24,1,63812,0,0
9718,A,1800000,1800000,2,41,1,115706,14564,0
9719,A,800000,800000,2,53,0,19903,20520,0
9720,A,700000,700000,2,29,1,,83671,0
9721,A,700000,300000,7,27,1,6077,5216,0
9722,A,900000,800000,2,23,1,287151,6926,0
9723,A,1300000,1300000,2,34,0,17723,0,0
9724,A,200000,200000,5,63,1,72246,756,0
9725,A,800000,800000,2,45,1,69246,18982,0
9726,A,200000,200000,2,55,1,115343,2052,0
9727,A,200000,200000,2,22,0,,48897,0
9728,A,1000000,1000000,2,42,1,185723,5485,0
9729,A,1000000,1000000,2,56,1,171403,137084,0
9730,A,1000000,1000000,2,31,0,812857,153450,0
9731,A,400000,300000,6,22,0,,5368,0
9732,A,200000,200000,5,40,1,216653,14955,0
9733,A,600000,300000,6,23,1,,13262,0
9734,A,900000,300000,6,25,1,187309,7980,0
9735,A,1000000,1000000,2,23,1,127890,1672,0
9736,A,1100000,800000,2,23,1,17405,11733,0
9737,A,700000,300000,6,24,1,650,82130,0
9738,B,1800000,1700000,4,72,1,765470,43187,0
9739,A,1000000,300000,2,24,1,321156,3040,0
9740,B,900000,900000,8,85,0,57036,0,0
9741,B,800000,800000,2,58,1,,0,0
9742,A,600000,300000,6,24,1,6783,0,0
9743,R,600000,600000,1,52,1,72529,0,0
9744,R,1100000,1100000,10,30,1,38124,0,0
9745,R,700000,200000,6,20,0,63483,0,0
9746,B,800000,300000,4,74,1,4612,0,0
9747,R,1000000,1000000,5,40,1,160707,0,0
9748,R,1300000,1300000,2,32,0,70394,0,0
9749,A,1200000,1200000,2,48,1,38963,0,0
9750,A,300000,300000,6,24,0,164195,0,0
9751,R,800000,800000,2,56,1,25683,0,0
9752,A,200000,200000,2,24,1,245689,0,0
9753,R,700000,700000,2,30,1,6649,0,0
9754,A,1200000,700000,2,26,1,166816,0,0
9755,R,1100000,500000,2,27,1,120093,0,0
9756,A,200000,200000,2,28,1,10868,0,0
9757,A,200000,200000,2,41,1,232846,0,0
9758,A,700000,700000,2,26,1,6493,0,0
9759,R,1100000,500000,2,30,1,115505,0,0
9760,B,1000000,300000,7,22,1,18022,0,0
9761,B,1300000,1300000,2,52,1,99070,0,0
9762,A,800000,800000,2,25,1,22636,0,0
9763,A,1500000,1500000,2,28,1,159971,0,0
9764,R,300000,200000,3,26,1,263783,0,0
9765,A,200000,200000,2,25,1,35797,0,0
9766,A,500000,300000,7,32,1,7942,0,0
9767,B,800000,300000,7,56,1,,0,0
9768,B,700000,700000,7,75,1,0,0,0
9769,A,800000,800000,3,73,1,,0,0
9770,A,600000,600000,2,25,1,72682,0,0
9771,A,1000000,1000000,3,26,0,179752,0,0
9772,B,600000,600000,2,54,0,30353,0,0
9773,R,300000,300000,2,24,1,378167,0,0
9774,R,1200000,1200000,2,42,1,82182,0,0
9775,R,800000,800000,2,37,0,95130,0,0
9776,A,500000,500000,2,25,1,,0,0
9777,A,200000,200000,6,20,1,33816,0,0
9778,A,1300000,900000,2,53,1,36004,0,0
9779,A,700000,200000,6,21,1,4389,0,0
9780,B,200000,200000,6,21,1,0,0,0
9781,A,1100000,300000,6,25,1,194878,0,0
9782,A,1100000,300000,6,25,1,,0,0
9783,A,200000,200000,6,24,1,228170,0,0
9784,A,1100000,300000,6,24,1,57215,0,0
9785,A,1100000,300000,6,24,1,,0,0
9786,A,200000,200000,6,22,1,111946,0,0
9787,B,1700000,1700000,4,49,1,612026,0,0
9788,B,1000000,1000000,10,36,1,33468,0,0
9789,R,800000,800000,2,37,1,271473,0,0
9790,R,800000,800000,2,37,1,0,0,0
9791,R,1300000,1100000,2,34,1,290555,0,0
9792,R,200000,200000,5,44,0,,0,0
9793,A,200000,200000,6,20,1,67562,0,0
9794,A,800000,800000,5,65,1,31653,0,0
9795,A,500000,300000,6,24,1,42055,0,0
9796,A,500000,500000,2,27,1,,0,0
9797,A,800000,300000,6,24,1,7226,0,0
9798,B,300000,300000,6,22,1,52959,0,0
9799,B,1200000,1200000,2,60,1,146393,0,0
9800,R,800000,800000,4,59,1,52038,0,0
9801,B,1300000,800000,12,60,1,38685,0,0
9802,A,700000,200000,6,20,1,45340,0,0
9803,R,500000,500000,4,69,1,145554,0,0
9804,A,900000,300000,6,23,1,87692,0,0
9805,A,800000,300000,6,25,1,96127,0,0
9806,B,1000000,300000,4,77,1,28451,0,0
9807,B,1200000,300000,6,23,1,101082,0,0
9808,A,1200000,1000000,2,51,1,68524,0,0
9809,R,700000,700000,2,31,1,36229,0,0
9810,A,800000,800000,2,31,1,1983,0,0
9811,B,500000,500000,3,26,0,6828,0,0
9812,B,1300000,1300000,3,48,1,6582,0,0
9813,R,800000,800000,1,56,1,247815,0,0
9814,A,200000,200000,6,20,1,238275,0,0
9815,R,1000000,1000000,2,55,1,199645,0,0
9816,R,200000,200000,6,20,1,30862,0,0
9817,B,200000,200000,1,22,0,45726,0,0
9818,B,1100000,300000,6,23,1,90933,0,0
9819,A,500000,300000,6,25,0,121907,0,0
9820,B,800000,800000,2,62,1,0,0,0
9821,A,800000,800000,3,38,1,,0,0
9822,B,800000,800000,7,50,1,381563,0,0
9823,A,1300000,1300000,2,52,1,148808,0,0
9824,A,1300000,300000,6,27,1,343244,0,0
9825,A,800000,800000,4,62,1,12143,0,0
9826,A,1300000,300000,7,52,1,82053,0,0
9827,B,400000,300000,6,22,1,77634,0,0
9828,R,300000,300000,2,30,0,33001,0,0
9829,A,1000000,1000000,2,27,1,38863,0,0
9830,A,400000,400000,2,26,1,38723,40348,0
9831,A,1300000,1300000,2,53,1,92274,14287,0
9832,A,1200000,1200000,2,29,1,81120,10023,0
9833,A,600000,600000,3,28,1,59778,14934,0
9834,A,700000,300000,6,23,1,26753,14203,0
9835,B,500000,500000,2,26,1,3221,18183,0
9836,A,500000,300000,6,24,0,53868,98308,0
9837,B,300000,300000,7,24,1,239486,1406,0
9838,A,1200000,1200000,2,62,1,19119,48607,0
9839,A,800000,800000,4,32,1,,3335,0
9840,A,700000,300000,7,54,1,891,7828,0
9841,A,1300000,1300000,1,44,0,440602,3544,0
9842,A,600000,600000,2,31,1,0,4465,0
9843,A,1000000,1000000,7,68,1,,12844,0
9844,B,1200000,1200000,2,27,1,78196,4494,0
9845,A,300000,300000,7,28,1,2089,22250,0
9846,A,1200000,300000,6,23,1,117326,19886,0
9847,A,1300000,1300000,2,32,1,208471,0,0
9848,A,1200000,1200000,2,25,1,83133,1913,0
9849,A,700000,300000,6,23,1,25677,16990,0
9850,A,700000,700000,2,54,1,24823,2575,0
9851,A,700000,700000,5,63,0,,46645,0
9852,A,1000000,300000,6,24,0,154266,4716,0
9853,A,600000,600000,2,28,1,,24130,0
9854,A,500000,300000,6,22,1,,9693,0
9855,A,500000,500000,3,31,1,,20630,0
9856,A,700000,700000,2,54,1,55907,16920,0
9857,A,1300000,300000,7,52,1,94698,14123,0
9858,A,300000,300000,6,23,1,13153,5634,0
9859,A,600000,300000,7,31,1,76362,0,0
9860,A,1000000,300000,2,31,1,167176,37193,0
9861,A,800000,300000,6,23,1,0,3631,0
9862,A,700000,300000,6,23,1,15295,3544,0
9863,A,700000,700000,2,31,1,90672,47975,0
9864,A,800000,600000,5,37,1,6641,13454,0
9865,A,600000,300000,6,24,1,152255,17341,0
9866,A,1300000,1300000,2,31,0,112264,34105,0
9867,A,200000,200000,6,20,1,98442,0,0
9868,B,800000,800000,2,31,0,12446,0,0
9869,R,400000,300000,6,24,1,,0,0
9870,R,1000000,1000000,3,27,1,234817,0,0
9871,B,600000,300000,2,24,0,,0,0
9872,A,1100000,1100000,3,25,1,150560,0,0
9873,A,1300000,1300000,3,39,1,40813,0,0
9874,A,700000,700000,4,47,1,,0,0
9875,R,400000,300000,6,22,1,37126,0,0
9876,R,1300000,1300000,2,58,0,142930,0,0
9877,A,800000,800000,2,53,1,48156,0,0
9878,B,800000,800000,2,35,1,2613,0,0
9879,A,1300000,1300000,4,59,1,19057,0,0
9880,R,300000,300000,6,22,1,9468,0,0
9881,R,700000,700000,2,30,1,,0,0
9882,A,800000,300000,7,55,1,,0,0
9883,A,500000,500000,2,30,1,0,0,0
9884,R,800000,300000,6,21,1,39549,0,0
9885,B,800000,800000,2,30,1,0,0,0
9886,A,500000,500000,4,44,1,44852,0,0
9887,A,1000000,1000000,2,25,1,104405,0,0
9888,B,600000,600000,2,26,0,67100,0,0
9889,A,700000,700000,2,28,1,8883,0,0
9890,A,1300000,1300000,2,62,1,35486,0,0
9891,A,1200000,300000,6,27,1,53816,0,0
9892,A,800000,800000,2,29,1,5927,0,0
9893,A,500000,300000,6,22,1,,0,0
9894,A,200000,200000,2,23,1,63510,0,0
9895,A,800000,800000,3,28,1,25243,0,0
9896,B,200000,200000,6,20,1,48920,0,0
9897,A,200000,200000,7,24,1,236309,0,0
9898,R,800000,300000,4,55,1,32643,0,0
9899,B,1000000,1000000,2,57,1,164644,0,0
9900,A,700000,700000,2,31,1,0,0,0
9901,R,1200000,1200000,2,55,1,78557,0,0
9902,A,1000000,1000000,3,48,1,102122,0,0
9903,B,500000,500000,2,27,1,34397,0,0
9904,B,1000000,1000000,2,58,0,25000,0,0
9905,A,200000,200000,6,20,0,121314,0,0
9906,R,1200000,1200000,2,36,1,53823,0,0
9907,A,600000,300000,2,24,1,73730,0,0
9908,A,500000,500000,2,31,1,82657,0,0
9909,R,1000000,300000,6,24,1,7086,0,0
9910,R,800000,300000,12,36,1,0,0,0
9911,B,1300000,1300000,5,52,0,0,0,0
9912,A,200000,200000,6,20,1,30950,0,0
9913,B,700000,300000,5,51,1,63921,0,0
9914,A,800000,800000,7,60,1,2825,0,0
9915,R,200000,200000,2,24,1,20006,0,0
9916,R,600000,600000,2,27,1,6408,0,0
9917,A,1000000,800000,7,47,1,508005,0,0
9918,R,600000,600000,2,27,1,8189,0,0
9919,A,1200000,300000,6,26,1,436844,0,0
9920,A,400000,300000,6,20,1,18759,0,0
9921,R,800000,300000,7,55,1,17679,0,0
9922,A,200000,200000,7,25,1,,0,0
9923,A,500000,200000,6,22,1,41871,0,0
9924,A,900000,300000,6,23,1,0,11201,0
9925,A,1300000,1300000,4,47,1,91829,25393,0
9926,R,1200000,300000,6,24,1,213626,10450,0
9927,A,200000,200000,2,42,0,,10441,0
9928,A,800000,800000,2,25,0,102800,66880,0
9929,A,400000,400000,2,22,1,22154,20502,0
9930,A,700000,700000,2,29,1,20001,14404,0
9931,A,1200000,1200000,2,28,1,242946,9302,0
9932,A,500000,500000,2,24,1,80274,18041,0
9933,A,500000,300000,6,24,1,,7515,0
9934,A,400000,400000,12,27,1,,26270,0
9935,A,200000,200000,6,22,1,25862,24936,0
9936,A,900000,900000,1,27,1,180484,31822,0
9937,A,400000,300000,11,25,1,0,15697,0
9938,A,600000,600000,2,28,1,,27587,0
9939,A,1000000,1000000,2,29,1,32152,31578,0
9940,A,200000,200000,6,20,1,67604,39486,0
9941,A,800000,400000,2,25,1,,12815,0
9942,A,800000,800000,2,32,1,41741,0,0
9943,A,1200000,800000,2,24,0,170354,32417,0
9944,A,200000,200000,6,23,1,112012,5843,0
9945,A,900000,900000,2,33,1,171434,15770,0
9946,A,800000,800000,2,38,1,40332,15296,0
9947,A,700000,700000,2,33,0,94155,118180,0
9948,A,800000,800000,2,51,1,7999,39283,0
9949,A,700000,700000,2,58,0,42993,0,0
9950,A,600000,600000,2,30,1,,2832,0
9951,A,800000,300000,12,55,1,35474,46169,0
9952,A,900000,300000,7,30,1,140160,41118,0
9953,A,200000,200000,2,26,1,7629,7183,0
9954,A,1500000,300000,6,27,1,73472,0,0
9955,A,700000,300000,7,52,1,5000,4769,0
9956,A,1100000,300000,6,24,1,281758,23474,0
9957,A,200000,200000,6,22,1,,8997,0
9958,A,400000,300000,6,24,0,117134,52263,0
9959,A,200000,200000,7,20,1,78812,22563,0
9960,A,200000,200000,6,22,1,52828,16722,0
9961,A,200000,200000,6,24,1,5446,2298,0
9962,A,200000,200000,6,19,1,200921,11344,0
9963,A,1100000,1100000,2,33,1,157925,16815,0
9964,A,400000,300000,6,29,1,,27474,0
9965,A,200000,200000,6,21,1,23950,22715,0
9966,A,900000,800000,2,28,1,72761,5977,0
9967,A,500000,500000,5,31,1,,26790,0
9968,A,500000,300000,6,22,1,15440,12949,0
9969,A,400000,300000,6,21,1,,10870,0
9970,A,600000,600000,2,30,1,,15856,0
9971,A,1200000,1200000,2,27,1,65773,8455,0
9972,A,1200000,300000,6,26,1,180429,11961,0
9973,A,400000,400000,2,29,1,169768,34009,0
9974,A,600000,600000,2,47,1,297,0,0
9975,A,700000,700000,7,34,1,,0,0
9976,A,800000,800000,2,49,1,,0,0
9977,R,600000,300000,6,24,1,13338,0,0
9978,A,1200000,300000,6,25,1,14216,0,0
9979,A,1200000,1200000,4,76,1,323640,0,0
9980,A,1200000,1200000,4,76,1,,0,0
9981,A,1000000,300000,6,29,1,117901,0,0
9982,B,600000,600000,2,28,1,2376,0,0
9983,B,700000,700000,2,29,1,27421,0,0
9984,A,500000,300000,6,24,1,38446,0,0
9985,R,1300000,1000000,2,38,1,37220,0,0
9986,A,1000000,300000,12,27,1,105195,0,0
9987,A,1200000,1200000,2,33,1,61749,0,0
9988,B,200000,200000,6,24,0,57396,0,0
9989,A,700000,300000,6,24,1,37390,0,0
9990,B,1200000,1200000,2,32,1,185509,0,0
9991,B,1100000,300000,7,25,1,65440,0,0
9992,R,700000,700000,2,27,1,3062,0,0
9993,B,1300000,1300000,2,26,1,60345,0,0
9994,A,1000000,1000000,2,26,1,177292,0,0
9995,R,1200000,1200000,2,26,1,5048,0,0
9996,B,200000,200000,7,27,1,122553,0,0
9997,R,600000,600000,2,24,1,100029,0,0
9998,R,1300000,300000,7,48,1,41829,0,0
9999,A,800000,800000,2,27,1,70122,0,0
10000,A,700000,700000,2,30,1,70618,0,0
10001,A,600000,600000,2,29,1,2176,0,0
10002,R,700000,700000,2,46,0,,0,0
10003,A,500000,500000,2,25,1,,0,0
10004,R,1200000,1200000,2,24,1,104067,0,0
10005,B,200000,200000,2,24,1,86729,0,0
10006,A,1200000,1200000,2,31,1,55009,0,0
10007,A,1300000,1300000,2,33,1,132300,0,0
10008,A,1300000,900000,2,25,1,27173,0,0
10009,B,700000,600000,2,30,1,3853,0,0
10010,A,900000,300000,6,26,1,31963,0,0
10011,A,200000,200000,6,20,1,127834,0,0
10012,A,200000,200000,7,30,1,12635,0,0
10013,A,1000000,300000,6,24,1,331686,0,0
10014,A,200000,200000,6,20,1,56613,0,0
10015,A,200000,200000,2,28,0,276613,0,0
10016,R,800000,800000,2,29,1,20334,0,0
10017,A,800000,800000,2,28,1,38462,0,0
10018,R,700000,700000,2,28,1,18435,0,0
10019,A,700000,200000,6,20,1,190028,0,0
10020,A,400000,400000,2,45,1,420941,0,0
10021,A,1300000,1300000,2,34,1,127794,0,0
10022,A,200000,200000,6,19,1,19487,0,0
10023,A,300000,300000,6,20,1,,0,0
10024,R,200000,200000,6,22,1,142222,0,0
10025,R,1100000,1100000,1,61,0,98857,0,0
10026,A,500000,300000,6,22,1,35187,0,0
10027,B,500000,300000,6,22,1,9350,0,0
10028,B,600000,300000,6,26,1,524700,0,0
10029,A,800000,800000,2,31,1,50391,0,0
10030,A,200000,200000,6,22,1,,0,0
10031,A,200000,200000,6,21,1,74740,0,0
10032,R,700000,700000,2,27,1,6451,0,0
10033,A,600000,300000,7,23,1,,0,0
10034,R,200000,200000,6,26,1,43186,0,0
10035,B,800000,300000,6,22,1,192841,0,0
10036,A,200000,200000,2,24,1,75420,0,0
10037,R,1100000,300000,6,25,1,100412,0,0
10038,A,200000,200000,2,25,1,,0,0
10039,R,200000,200000,6,21,1,223677,0,0
10040,A,600000,600000,2,26,1,16054,0,0
10041,B,700000,700000,3,27,1,0,0,0
10042,B,1000000,1000000,2,39,1,0,0,0
10043,A,1100000,900000,2,26,0,2781,0,0
10044,R,1100000,1100000,5,32,1,44761,0,0
10045,B,1200000,200000,6,26,1,207411,0,0
10046,A,600000,400000,2,35,1,0,0,0
10047,B,700000,700000,2,27,1,17975,0,0
10048,A,200000,200000,6,21,0,127587,0,0
10049,A,200000,200000,6,21,0,,0,0
10050,R,800000,800000,2,58,0,,0,0
10051,B,600000,300000,2,25,1,6769,0,0
10052,A,1200000,1200000,12,51,1,81688,0,0
10053,A,800000,300000,6,25,1,35822,0,0
10054,R,400000,300000,6,26,1,18212,0,0
10055,R,900000,900000,2,25,1,93244,0,0
10056,R,800000,800000,3,53,1,107425,0,0
10057,A,600000,300000,6,23,1,17109,0,0
10058,B,700000,700000,2,27,1,22212,0,0
10059,R,200000,200000,6,24,1,,0,0
10060,A,1100000,1100000,2,27,1,25376,0,0
10061,R,500000,500000,6,22,1,15283,0,0
10062,A,200000,200000,6,19,0,9940,0,0
10063,A,300000,300000,6,22,1,3815,0,0
10064,R,800000,500000,2,31,1,13919,0,0
10065,A,200000,200000,6,20,1,68220,0,0
10066,A,800000,800000,4,52,1,23091,0,0
10067,A,1200000,1200000,2,47,1,28178,0,0
10068,A,600000,600000,2,26,1,0,0,0
10069,A,800000,800000,2,59,1,0,16706,0
10070,A,800000,800000,10,53,1,31448,54713,0
10071,A,1000000,1000000,2,26,1,25736,27161,0
10072,A,1300000,1300000,3,29,1,171319,37487,0
10073,A,1300000,1300000,3,29,1,0,37487,0
10074,A,600000,600000,2,26,1,0,8664,0
10075,A,1100000,1100000,2,28,1,210350,10482,0
10076,A,1200000,300000,6,24,1,9941,4294,0
10077,A,800000,300000,6,26,1,12018,18079,0
10078,R,600000,600000,2,25,1,10992,60126,0
10079,A,1000000,300000,6,23,1,369427,3439,0
10080,A,200000,200000,6,20,1,276327,16701,0
10081,A,800000,800000,3,28,1,3829,22563,0
10082,R,1000000,1000000,2,25,1,123701,12331,0
10083,A,600000,600000,2,29,1,450,19846,0
10084,A,500000,300000,6,24,1,14978,42352,0
10085,A,200000,200000,3,21,1,,44541,0
10086,A,700000,700000,2,28,1,37942,84194,0
10087,A,700000,700000,2,36,1,0,20995,0
10088,A,800000,800000,2,30,1,,10528,0
10089,A,500000,500000,2,24,1,,13889,0
10090,A,700000,300000,7,61,1,,30761,0
10091,A,1100000,1100000,2,30,1,44960,35730,0
10092,A,500000,500000,2,37,1,0,56570,0
10093,A,600000,600000,2,29,1,,48450,0
10094,A,1000000,300000,6,23,1,123167,4102,0
10095,A,400000,400000,2,27,1,6071,29825,0
10096,A,800000,800000,2,25,0,64894,56629,0
10097,A,800000,800000,2,25,1,4855,24133,0
10098,A,200000,200000,6,22,1,11814,5838,0
10099,A,200000,200000,6,20,1,,50287,0
10100,A,1300000,300000,7,61,1,11442,24288,0
10101,A,800000,800000,2,59,1,,34675,0
10102,A,200000,200000,6,21,1,179075,6584,0
10103,A,500000,300000,6,22,1,1359,680,0
10104,A,500000,300000,6,22,1,,680,0
10105,A,800000,500000,7,49,1,2755,5748,0
10106,A,1000000,1000000,2,30,1,35292,15343,0
10107,A,200000,200000,6,21,1,10432,0,0
10108,A,200000,200000,2,30,1,67315,18373,0
10109,A,1300000,400000,2,48,1,121809,6505,0
10110,A,200000,200000,6,22,1,308830,18230,0
10111,A,800000,800000,3,27,1,8349,7871,0
10112,A,200000,200000,6,24,1,94060,77187,0
10113,A,800000,800000,2,34,1,21994,9082,0
10114,A,1000000,1000000,8,79,1,505222,1330,0
10115,A,600000,600000,2,39,1,24090,13249,0
10116,A,800000,800000,2,32,1,2106,9776,0
10117,A,500000,300000,6,23,1,16070,7590,0
10118,A,200000,200000,6,22,1,9494,0,0
10119,A,1000000,300000,6,23,1,60106,627,0
10120,A,200000,200000,6,24,1,,23085,0
10121,A,1000000,1000000,2,40,1,267195,56905,0
10122,A,1200000,400000,7,24,1,103633,20984,0
10123,A,700000,700000,2,59,1,91240,70738,0
10124,A,500000,300000,6,21,1,4284,1715,0
10125,A,900000,300000,7,27,1,278357,70740,0
10126,A,800000,700000,10,31,1,220927,0,0
10127,A,1100000,300000,6,24,1,114219,0,0
10128,A,800000,800000,2,26,1,3781,0,0
10129,A,800000,300000,7,48,1,70748,0,0
10130,R,500000,500000,8,67,1,523,0,0
10131,A,1200000,700000,12,46,1,54512,0,0
10132,B,1000000,300000,6,26,1,54393,0,0
10133,A,1000000,500000,7,34,1,41150,0,0
10134,R,600000,600000,2,29,1,13268,0,0
10135,A,800000,300000,6,22,1,45051,0,0
10136,R,200000,200000,2,26,1,38863,0,0
10137,A,900000,900000,2,25,1,241967,0,0
10138,R,800000,800000,7,35,1,7046,0,0
10139,B,800000,500000,7,54,1,,0,0
10140,B,800000,800000,4,62,1,33099,0,0
10141,A,200000,200000,6,24,1,28100,0,0
10142,A,700000,300000,4,48,1,3433,0,0
10143,B,600000,600000,2,30,1,124505,0,0
10144,A,1300000,1300000,2,32,1,80250,0,0
10145,A,800000,800000,2,32,1,25754,0,0
10146,A,800000,800000,2,58,0,52878,0,0
10147,A,1000000,1000000,2,25,1,43880,0,0
10148,R,300000,200000,5,31,1,64804,0,0
10149,B,500000,300000,6,24,1,,0,0
10150,B,700000,200000,6,20,1,68851,0,0
10151,A,500000,500000,2,28,1,524,0,0
10152,R,1200000,300000,7,61,1,9376,0,0
10153,A,1300000,1300000,1,54,1,22210,0,0
10154,A,1000000,1000000,2,25,1,79395,0,0
10155,A,1100000,300000,6,24,1,140136,0,0
10156,B,1000000,1000000,2,29,1,48276,0,0
10157,A,1000000,900000,2,26,1,189825,0,0
10158,B,1100000,1100000,2,32,1,101301,0,0
10159,A,900000,900000,2,31,1,332142,0,0
10160,B,600000,600000,5,37,1,16229,0,0
10161,R,500000,300000,6,26,1,39193,0,0
10162,R,200000,200000,6,22,1,191076,0,0
10163,B,700000,300000,7,36,1,7149,0,0
10164,A,800000,300000,6,22,1,87133,0,0
10165,R,700000,700000,2,32,1,107453,0,0
10166,A,1800000,1800000,2,70,0,143943,0,0
10167,A,1100000,300000,4,38,1,68342,0,0
10168,A,1300000,1300000,3,27,1,139845,0,0
10169,B,800000,800000,2,42,0,13000,0,0
10170,R,400000,300000,6,24,1,5942,0,0
10171,A,700000,200000,6,19,1,65772,0,0
10172,A,1000000,1000000,2,55,1,43373,0,0
10173,B,700000,700000,5,34,1,75660,0,0
10174,A,500000,500000,3,27,1,,0,0
10175,B,800000,300000,6,30,1,8770,0,0
10176,R,1000000,300000,7,46,1,7538,0,0
10177,B,700000,700000,2,26,1,58485,0,0
10178,B,200000,200000,2,25,1,2749,0,0
10179,R,800000,800000,2,27,1,1913,0,0
10180,B,700000,700000,2,26,1,26580,0,0
10181,B,1200000,200000,6,20,1,63784,0,0
10182,A,900000,300000,6,20,1,37493,0,0
10183,R,700000,700000,2,56,1,0,0,0
10184,A,1300000,900000,7,50,1,23635,0,0
10185,B,800000,800000,2,27,1,5539,0,0
10186,A,900000,300000,6,22,1,5957,0,0
10187,A,1300000,1300000,2,38,1,42896,0,0
10188,R,800000,800000,2,42,1,1944,0,0
10189,A,800000,800000,2,29,1,59425,0,0
10190,B,500000,500000,2,29,1,421584,0,0
10191,B,200000,200000,6,24,1,111147,0,0
10192,R,1100000,1100000,2,32,1,4072,0,0
10193,R,1300000,1100000,2,35,1,166648,0,0
10194,R,1200000,1200000,2,26,1,21048,0,0
10195,A,1200000,1200000,2,25,1,96611,0,0
10196,A,1100000,300000,6,25,1,60924,0,0
10197,B,500000,500000,2,31,1,45261,0,0
10198,A,200000,200000,6,19,1,48219,0,0
10199,R,1200000,1200000,2,25,1,137982,0,0
10200,A,500000,500000,2,26,1,,0,0
10201,A,800000,300000,7,45,1,115368,0,0
10202,A,1100000,300000,6,24,1,246612,0,0
10203,R,1100000,1100000,3,32,1,12522,0,0
10204,R,800000,800000,3,32,1,7643,0,0
10205,R,900000,900000,2,26,1,136245,0,0
10206,B,500000,300000,11,25,1,,0,0
10207,R,800000,800000,4,24,1,62305,0,0
10208,B,800000,300000,4,53,1,,0,0
10209,B,1300000,300000,7,60,1,,0,0
10210,R,1700000,1700000,2,36,1,15985,0,0
10211,A,400000,300000,6,26,1,73048,0,0
10212,B,800000,800000,2,46,0,,0,0
10213,A,700000,700000,2,25,1,204838,4693,0
10214,R,200000,200000,7,36,1,6755,0,0
10215,A,1100000,1100000,2,32,1,46011,32449,0
10216,B,1200000,1000000,12,56,1,86084,0,0
10217,A,700000,700000,2,25,0,,0,0
10218,R,800000,800000,2,51,1,20842,0,0
10219,A,800000,800000,2,25,1,2356,38866,0
10220,B,600000,300000,2,27,1,19572,4490,0
10221,A,800000,300000,8,73,1,,1805,0
10222,A,700000,700000,2,26,1,16743,0,0
10223,A,700000,700000,7,44,1,,5957,0
10224,A,800000,800000,2,25,1,6188,0,0
